iso3,country,year,inflation,gdp_growth,unemployment,fed_funds_rate,interest_rate,exchange_rate,foreign_reserves,current_account_gdp,inflation_change,gdp_growth_change,crisis_probability,crisis_next_12m,top_influencing_feature
ZWE,Zimbabwe,2019,255.304990757856,-6.33244976028571,7.373,2.16,16.1816666666667,3.130749999,151240506.889991,2.75911970898556,244.6861248908985,-11.34237130326174,90.4,1,inflation
VEN,"Venezuela, RB",2016,254.948534781816,-17.1122994652406,5.319,0.39,20.775,9.25734444444167,10150000483.5116,-3.42635441425869,133.210449484313,-10.92500849534094,87.78,1,inflation
ZWE,Zimbabwe,2020,557.201817362051,-7.81695060188729,8.617,0.37,33.0083333333333,51.3290131226287,33405021.0134395,2.12127429305519,301.896826604195,-1.4845008416015792,85.57,1,inflation
LBN,Lebanon,2021,154.756096023393,-7.00123862514116,12.715,0.08,12.0,1507.5,35239219335.7146,-19.6978128626341,69.89176297618891,14.398661066290941,84.99,1,inflation
SDN,Sudan,2020,163.257782355458,-3.62980082410752,11.995,0.37,12.0,53.9960119047619,787924742.251979,-21.6064794369516,112.2637308551615,-1.4515497788066098,84.82,1,inflation
ARG,Argentina,2023,133.488935594175,-1.85578803046339,6.139,5.03,95.8941666666667,296.258041666667,23080560550.2946,-3.1951463789585,61.05817806235099,-7.876533405811941,82.62,1,inflation
LBN,Lebanon,2023,221.341644023365,-0.760584470257314,10.985,5.03,12.0,13875.625,27489698131.497,-28.103669636709,50.13615268672402,-0.13890549959420206,80.52,1,inflation
LBN,Lebanon,2022,171.205491336641,-0.621678970663112,11.105,1.69,12.0,1507.5,32512880021.5268,-34.606227109401,16.449395313247976,6.379559654478048,80.24,1,inflation
SDN,Sudan,2021,359.093040778999,-1.8685204827207,11.087,0.08,12.0,370.790583333333,787924742.251979,-7.65468962500371,195.835258423541,1.7612803413868199,79.82,1,inflation
SDN,Sudan,2022,138.80846024176,-0.957816591119183,7.53,1.69,12.0,546.75885,787924742.251979,-8.59889945377348,-220.284580537239,0.910703891601517,79.67,1,inflation
LBN,Lebanon,2020,84.8643330472041,-21.3998996914321,13.252,0.37,12.0,1507.5,42440403086.5713,-8.76184199911137,81.85894355330026,-14.48497496292184,78.87,1,inflation
ARG,Argentina,2024,219.883929014578,-1.34293072157739,7.15,5.14,61.7066666666666,914.694883333333,29559610350.7831,0.893118418089375,86.39499342040301,0.512857308886,78.49,1,inflation
ZAF,South Africa,2020,3.23238831615113,-6.1689177146757,29.217,0.37,7.70833333333333,16.4591053903333,55008491995.5568,2.00352275153333,-0.87046243846043,-6.428853291552031,73.27,1,gdp_growth
LBY,Libya,2022,4.51030149235695,-8.29981811198795,19.238,1.69,12.0,4.813175,86683417844.2693,22.2155432064068,1.6419712148468002,-36.59950045490265,73.26,1,gdp_growth
SUR,Suriname,2020,34.889784309078,-15.9751917148622,8.973,0.37,14.7961590368644,9.30954545454546,584929135.567322,8.92387981171876,-0.05429353169446016,-17.14278148720097,73.2,1,gdp_growth
COL,Colombia,2020,2.52663500084706,-7.18591413760859,15.983,0.37,9.85052425129014,3693.27583333333,58499477956.7248,-3.42772945914236,-0.9963843265674099,-10.37276953006392,72.81,1,gdp_growth
ESP,Spain,2020,-0.322753017299649,-10.9400706350371,15.532,0.37,12.0,0.875506396987998,81287702460.7527,0.819280213926571,-1.022272011758297,-12.90124914345421,72.15,1,gdp_growth
PER,Peru,2020,2.00241205759292,-10.9333065010382,7.179,0.37,12.9383333333333,3.4949411976912,74961659711.1288,0.657151815147808,-0.24970985598735007,-13.173938269788689,72.15,1,gdp_growth
CAN,Canada,2020,0.716999632307827,-5.03823342794087,9.657,0.37,12.0,1.34115267222386,90428136419.3486,-2.01049081035402,-1.232269391808103,-6.94666536681338,72.15,1,gdp_growth
IRN,"Iran, Islamic Rep.",2025,42.1712244965444,-2.82597163290347,8.301,4.21,12.0,3.130749999,787924742.251979,-2.61491577935683,9.7153530936274,-6.4890922123965,71.55,1,gdp_growth
SSD,South Sudan,2017,187.851630279442,3.917007817944405,12.983,1.0,10.1313764663331,113.6475,33820210.9558201,8.30684638743949,-192.147955344584,-0.12833054667881386,70.57,1,inflation
ITA,Italy,2020,-0.13770757391651,-8.86822122185345,9.192,0.37,2.32833333333333,0.875506396987998,210687330553.17,3.9369545603398,-0.748954517681814,-9.297383755633792,70.53,1,gdp_growth
AFG,Afghanistan,2021,5.13320340824963,-20.7388393676343,12.006,0.08,12.0,3.130749999,787924742.251979,-2.61491577935683,-0.4686845065726102,-18.387738695599637,70.48,1,gdp_growth
FRA,France,2020,0.476498852725065,-7.44064589948231,8.009,0.37,12.0,0.875506396987998,224236417867.711,-2.00313613657686,-0.6317560701578749,-9.46809236367468,70.3,1,gdp_growth
EMU,Euro area,2020,0.219064904841985,-6.04374915754508,7.78262585986041,0.37,12.0,0.875506396987998,1077845989724.43,-2.61491577935683,-1.2265948640405449,-7.6758386055123005,70.3,1,gdp_growth
SAU,Saudi Arabia,2020,3.37234961012303,-3.80478901996312,7.66,0.37,12.0,3.75,472850970844.846,-4.51692116727614,4.56533605545631,-5.45637827613707,70.26,1,gdp_growth
IRQ,Iraq,2020,0.574162679425856,-12.0367930960454,15.766,0.37,12.0,1192.0,54424472658.0154,-3.48598226553262,0.773128059449738,-17.5505836749835,70.07,1,gdp_growth
SSD,South Sudan,2016,379.999585624026,3.917007817944405,12.854,0.39,10.3660058174986,46.7291666666667,68159818.6400242,-5.76700049530002,327.2332552048117,-0.12833054667881386,69.62,1,inflation
MHL,Marshall Islands,2020,5.582586059593455,-2.77288732394366,6.571,0.37,12.0,1.0,787924742.251979,37.3371142778297,-0.05429353169446016,-13.22500205413326,69.58,1,gdp_growth
TUV,Tuvalu,2020,5.582586059593455,-3.03030303030303,6.571,0.37,12.0,1.45308511847016,787924742.251979,16.175940920155,-0.05429353169446016,-16.47680784662283,69.58,1,gdp_growth
AND,Andorra,2020,5.582586059593455,-11.1839399355384,6.571,0.37,12.0,3.130749999,787924742.251979,15.5264308537474,-0.05429353169446016,-13.199487574021479,69.58,1,gdp_growth
NRU,Naoero,2017,5.582586059593455,-6.34920634920609,6.571,1.0,12.0,1.30475807671592,787924742.251979,12.9027882964666,-0.05429353169446016,-10.481437754165182,69.58,1,gdp_growth
BMU,Bermuda,2020,5.582586059593455,-6.97162571479863,6.571,0.37,12.0,1.0,787924742.251979,12.3973356197448,-0.05429353169446016,-7.278732176039293,69.58,1,gdp_growth
EAR,Early-demographic dividend,2020,2.96354992076065,-4.28342682037605,7.36417086549936,0.37,12.0,3.130749999,787924742.251979,-2.61491577935683,0.2010297268995398,-6.556063033317161,69.54,1,gdp_growth
LAC,Latin America & Caribbean (excluding high income),2020,2.52663500084706,-6.79640022295334,10.1125058323335,0.37,12.0,3.130749999,787924742.251979,-2.61491577935683,0.02202540624305005,-6.979194250944603,69.54,1,gdp_growth
BOL,Bolivia,2020,0.940742153381849,-12.7194690092717,7.903,0.37,7.5922237218448,6.91,5247234668.79635,-0.0376136227262251,-0.8988028963084109,-14.22619003594033,69.51,1,gdp_growth
PAN,Panama,2020,-1.55027540803761,-17.8211174074602,14.663,0.37,7.00833333333333,1.0,9613847648.57363,0.215312493541315,-1.1951915870163639,-20.92407136377106,69.51,1,gdp_growth
LBY,Libya,2019,-2.16217883470591,-11.1960828853386,19.087,2.16,12.0,1.39826289736928,84663589516.8684,6.95550505080755,-15.332382688378111,-19.137450738249,69.47,1,gdp_growth
BWA,Botswana,2024,2.81835131676251,-2.77988981666252,23.81,5.14,6.26,13.5631333333333,3455661776.33964,-4.25763140157322,-2.24926417667579,-5.9879579389069,69.3,1,gdp_growth
NAM,Namibia,2020,2.20938236933469,-8.10140201443319,21.003,0.37,7.86862833803428,16.4632666666667,2171055563.07623,3.97932903342158,-1.5130117748922598,-7.262249851013834,69.11,1,gdp_growth
DZA,Algeria,2020,2.41513094083414,-4.99999999908597,14.08,0.37,8.0,126.7768,59434389109.5108,-11.0309095376359,0.4633627303052199,-5.899999998305118,69.09,1,gdp_growth
NPL,Nepal,2020,5.05635826238499,-2.3696206292072,13.037,0.37,12.0,118.345187275986,11467799301.6084,-0.251653542060189,-0.50980209005224,-9.02667606031188,69.06,1,gdp_growth
GNQ,Equatorial Guinea,2023,2.85949506037322,-7.4250553172124,8.218,5.03,12.0,606.569750165917,1538461553.77119,-2.61491577935683,-1.9272219867348097,-10.64856363379838,69.01,1,gdp_growth
LBY,Libya,2020,1.44703656998741,-29.4552967282824,19.651,0.37,12.0,1.38866668346465,79656428064.8913,-10.2022684905863,3.60921540469332,-18.2592138429438,68.96,1,gdp_growth
CHL,Chile,2020,3.04549084804326,-6.1396969411886,10.934,0.37,12.0,792.727206103169,39166118109.4101,-1.96248572878056,0.4879460910099902,-6.7839203438205224,68.94,1,gdp_growth
COG,"Congo, Rep.",2020,1.79537147083108,-6.26777227963225,22.286,0.37,12.0,575.586004510945,1140500574.79268,12.5614280869547,-0.4107015869841699,-7.3922461993975395,68.9,1,gdp_growth
UKR,Ukraine,2020,2.73249209419427,-3.75281793983162,9.475,0.37,14.2924,26.9575243833333,29137541200.0461,2.71233673009119,-5.15422536191706,-6.952321803372961,68.88,1,gdp_growth
HRV,Croatia,2020,0.154811374562106,-8.31046995309319,7.389,0.37,12.0,6.6140555,23253815166.0319,-0.794765051844059,-0.617008971936006,-11.41294280645573,68.86,1,gdp_growth
ZMB,Zambia,2020,15.7330604721369,-2.78505506545167,6.032,0.37,9.47916666666667,18.3440926453379,1203448374.22209,11.790957110182,6.58274402897394,-4.226361091489521,68.68,1,gdp_growth
CRI,Costa Rica,2020,0.724911478131376,-4.14159340574358,16.432,0.37,6.63808237583333,584.900854962304,7231533677.41305,-0.995397543119445,-1.3711348751466943,-6.84973253522687,68.67,1,gdp_growth
BIH,Bosnia and Herzegovina,2020,-1.0512960076349,-3.01509335460439,15.868,0.37,3.07187413211574,1.71697049519219,8707117939.31002,-2.83951836354719,-1.61407816169613,-5.90094577544417,68.64,1,gdp_growth
PSE,West Bank and Gaza,2024,53.6691458303782,-22.8573273913324,6.571,5.14,12.0,3.130749999,1328000000.0,-18.0999264452664,47.79804405358832,-21.88514958512837,68.63,1,gdp_growth
TLA,Latin America & the Caribbean (IDA & IBRD countries),2020,1.76751592356698,-6.78167389936947,10.355452107179,0.37,12.0,3.130749999,787924742.251979,-2.61491577935683,-0.32853042971109025,-7.076833845511847,68.58,1,gdp_growth
SST,Small states,2020,0.598986330824643,-6.9752973416568,9.20499420465331,0.37,12.0,3.130749999,787924742.251979,-2.61491577935683,-0.706463334199277,-10.08657173246023,68.58,1,gdp_growth
CSS,Caribbean small states,2020,0.121434644614894,-9.27326845637317,9.95181592662355,0.37,12.0,3.130749999,787924742.251979,-2.61491577935683,-0.8791082856574761,-10.13835747408731,68.58,1,gdp_growth
LCN,Latin America & Caribbean,2020,1.49389017299587,-6.85943781930433,10.214072797585,0.37,12.0,3.130749999,787924742.251979,-2.61491577935683,-0.6883657176665801,-7.176802783731046,68.58,1,gdp_growth
OSS,Other small states,2020,0.712593443137932,-5.76450168062843,9.99575648409841,0.37,12.0,3.130749999,787924742.251979,-2.61491577935683,-0.929466574551468,-10.00641339574739,68.58,1,gdp_growth
ECS,Europe & Central Asia,2020,1.19998396936019,-5.37584934879737,7.09507940679226,0.37,12.0,3.130749999,787924742.251979,-2.61491577935683,-0.5637518959282202,-7.20734722987833,68.58,1,gdp_growth
OED,OECD members,2020,0.73285164517586,-3.86432916323412,7.15007422562512,0.37,12.0,3.130749999,787924742.251979,-2.61491577935683,-1.00786103352595,-5.71734503228589,68.58,1,gdp_growth
RUS,Russian Federation,2020,3.38219796948068,-2.65365449695453,5.62,0.37,6.77583333333333,72.1049083333333,596769862769.564,2.36911533657246,-1.0898283488983505,-4.85173021077435,68.58,1,gdp_growth
EUU,European Union,2020,0.476498852725065,-5.57888122067428,7.05471356704802,0.37,12.0,3.130749999,787924742.251979,-2.61491577935683,-1.1540237548182852,-7.45413620956609,68.58,1,gdp_growth
ARB,Arab World,2020,1.44703656998741,-5.28641417078185,11.2951503646669,0.37,12.0,3.130749999,787924742.251979,-2.61491577935683,0.1110208885108499,-7.03590655382963,68.58,1,gdp_growth
LVA,Latvia,2020,0.219064904841985,-3.46922750780554,8.098,0.37,12.0,0.875506396987998,5289640347.50005,3.09270300452462,-2.592344295914255,-4.144600279689767,68.55,1,gdp_growth
MHL,Marshall Islands,2023,5.582586059593455,-5.39477377525279,6.571,5.03,12.0,1.0,787924742.251979,15.7373679290961,-0.05429353169446016,-4.694193592056169,68.24,1,gdp_growth
AFE,Africa Eastern and Southern,2020,5.19162942092851,-2.93076411386527,7.97430164130982,0.37,12.0,3.130749999,787924742.251979,-2.61491577935683,1.0887786663169496,-4.86635674003549,68.21,1,gdp_growth
LBN,Lebanon,2024,45.2430422716718,-7.07989192861814,6.571,5.14,12.0,89500.0,33301277509.6206,-2.61491577935683,-176.0986017516932,-6.319307458360826,68.18,1,gdp_growth
MAR,Morocco,2020,0.705968661338261,-7.17820744246774,11.189,0.37,12.0,9.49684732221969,35997639773.4544,-1.1275993199651,0.402582624747878,-10.06918220383851,67.97,1,gdp_growth
ARM,Armenia,2020,1.21143577838465,-7.19999999920631,18.175,0.37,11.6198425058429,489.008858590915,2615530571.20173,-3.99777390668493,-0.23201082932232997,-14.79999999774549,67.95,1,gdp_growth
MNA,"Middle East, North Africa, Afghanistan & Pakistan (excluding high income)",2020,2.41513094083414,-2.61983985761596,9.77596723068346,0.37,12.0,3.130749999,787924742.251979,-2.61491577935683,-0.23875006370194019,-4.01530101889559,67.92,1,gdp_growth
BRA,Brazil,2020,3.21176803803376,-3.2767587964736,13.697,0.37,29.0416666666667,5.15517878751281,355614251456.14,-1.64103541830151,-0.5212081741351802,-4.49753662008202,67.9,1,gdp_growth
ISL,Iceland,2020,2.84792401518657,-6.64587810456635,5.478,0.37,5.75871241217229,135.421711629205,6419314385.06349,1.89912365465565,-0.16604777637404,-7.78409037793523,67.85,1,gdp_growth
MEA,"Middle East, North Africa, Afghanistan & Pakistan",2020,1.44703656998741,-3.55690005451382,9.14819309323363,0.37,12.0,3.130749999,787924742.251979,-2.61491577935683,0.1110208885108499,-5.13786884123431,67.83,1,gdp_growth
JAM,Jamaica,2020,5.2267777929352,-8.30441923583135,6.501,0.37,12.0613787623239,142.402832756013,3938028780.65402,-1.04604876207358,1.3216777842764804,-10.11385070884492,67.81,1,gdp_growth
TMN,"Middle East, North Africa, Afghanistan & Pakistan (IDA & IBRD)",2020,3.73003191530476,-2.55101546183431,9.67954007701653,0.37,12.0,3.130749999,787924742.251979,-2.61491577935683,0.7246424214009299,-3.9467360163591,67.79,1,gdp_growth
EST,Estonia,2020,-0.44453109767983,-2.88380751483778,6.956,0.37,12.0,0.875506396987998,1996892748.8784,-2.7306242700292,-2.72179041011505,-6.61045694950662,67.7,1,gdp_growth
HKG,"Hong Kong SAR, China",2020,0.2509620210808,-6.54479640529367,5.808,0.37,5.0,7.75725,491775722027.416,6.9941218948511,-2.6322465166591598,-4.87236774561311,67.44,1,gdp_growth
SSF,Sub-Saharan Africa,2020,3.39862928518853,-3.29212615874913,6.65249326111529,0.37,12.0,3.130749999,787924742.251979,-2.61491577935683,0.5310412507195297,-5.84126548921099,67.41,1,gdp_growth
TSS,Sub-Saharan Africa (IDA & IBRD countries),2020,3.39862928518853,-3.29212615874916,6.65249326111529,0.37,12.0,3.130749999,787924742.251979,-2.61491577935683,0.5310412507195297,-5.84126548921106,67.41,1,gdp_growth
SSA,Sub-Saharan Africa (excluding high income),2020,3.48393567493204,-3.28342298905326,6.65249326111529,0.37,12.0,3.130749999,787924742.251979,-2.61491577935683,0.37620338250929963,-5.82959344109043,67.41,1,gdp_growth
PRT,Portugal,2020,-0.0124383299576209,-8.20463159324387,6.85,0.37,12.0,0.875506396987998,29459811842.7908,-0.629832722737583,-0.3506167400037449,-10.950315919729828,67.4,1,gdp_growth
LKA,Sri Lanka,2022,49.7211021114327,-7.34919311146656,4.528,1.69,12.0,322.632674256475,1896231717.15846,-1.95359411068218,42.70632139905075,-11.55666960646916,67.23,1,gdp_growth
FIN,Finland,2020,0.290554555653239,-2.49103605535707,7.759,0.37,12.0,0.875506396987998,13479975777.3892,0.529983303828097,-0.7335393739810709,-3.84077451277444,67.22,1,gdp_growth
IND,India,2020,6.6234367762853,-5.77772470687303,7.859,0.37,9.15,74.0995668836052,590227359928.896,1.22362111042791,2.8939310408940697,-9.649161647578271,67.21,1,gdp_growth
FSM,"Micronesia, Fed. Sts.",2022,5.40874375479067,-3.11412501063803,6.571,1.69,12.0,1.0,787924742.251979,-2.61491577935683,2.2174596888160103,-6.21382429354342,67.21,1,gdp_growth
AZE,Azerbaijan,2020,2.75980947008127,-4.19896065333343,7.24,0.37,17.1782012225111,1.7,7775084753.01305,-0.740874280795448,0.14923764208911994,-6.678769445189079,67.16,1,gdp_growth
CSS,Caribbean small states,2016,0.402621696824957,-3.08739815275796,8.52897625860849,0.39,12.0,3.130749999,787924742.251979,-2.61491577935683,1.255327193857996,-3.023363846243687,67.13,1,gdp_growth
PST,Post-demographic dividend,2020,0.632267331911716,-4.03866257492757,6.72548575920498,0.37,12.0,3.130749999,787924742.251979,-2.61491577935683,-0.9873645699287639,-5.86030416817458,67.12,1,gdp_growth
MKD,North Macedonia,2020,1.20007348888469,-4.68845000956652,16.575,0.37,5.193220791087,54.144325,4126254083.78,-2.91596537662612,0.43363391542488505,-8.598869547968249,67.09,1,gdp_growth
LBN,Lebanon,2019,3.00538949390383,-6.91492472851026,11.301,2.16,10.5133333333333,1507.5,52213484574.221,-21.828092491848,-3.0715995849922404,-5.03021897219375,67.07,1,gdp_growth
ECU,Ecuador,2020,-0.338872392562139,-9.24509619165865,6.116,0.37,12.0,1.0,7136589071.47075,2.12980050698282,-0.6048849080282941,-9.41050065625895,67.06,1,gdp_growth
LSO,Lesotho,2020,4.97809676252309,-8.15595785459911,18.385,0.37,8.97555555555556,16.4591053903333,730280379.220373,-5.89018411717255,-0.2089868294567303,-6.73796402374706,67.04,1,gdp_growth
DOM,Dominican Republic,2020,3.78103179915517,-7.92905234231061,6.126,0.37,10.9796416666667,56.5245333333334,10844812012.4981,-1.69224227999815,1.97042802872558,-12.82308245726901,67.01,1,gdp_growth
NAC,North America,2020,0.97529201430706,-2.31236247885967,8.2305997250471,0.37,12.0,3.130749999,787924742.251979,-2.61491577935683,-0.9054475353810099,-4.84272829251165,66.94,1,gdp_growth
SMR,San Marino,2020,-0.133368898372915,-6.64791226034481,6.571,0.37,3.73390833333333,0.877475207233012,781674169.94328,2.78236097304445,-0.606020865725767,-8.71360308955434,66.89,1,gdp_growth
GEO,Georgia,2020,5.2024648897534,-6.2904717853839,11.734,0.37,11.8008,3.10901666666667,3913274194.81288,-12.4222857463116,0.34956667278617015,-11.671191051283412,66.81,1,gdp_growth
MNE,Montenegro,2020,-0.255655699848551,-14.9926187023533,17.878,0.37,5.90666666666667,0.877475207233012,2134820419.92713,-26.129635457885,-0.617219404389318,-19.38653436056858,66.78,1,gdp_growth
HND,Honduras,2020,3.46841177951171,-8.96508223267296,10.982,0.37,17.0091666666667,24.5818805172846,8138457727.65673,2.85135257343249,-0.8974598186810301,-11.5247165785961,66.74,1,gdp_growth
SWZ,Eswatini,2020,5.582586059593455,-2.95183453409287,32.978,0.37,7.95833333333333,16.4702558654325,545564174.123745,6.55291656984156,-0.05429353169446016,-9.38370342100861,66.69,1,gdp_growth
BEL,Belgium,2020,0.740791812220344,-4.7929839083518,5.545,0.37,12.0,0.875506396987998,33296227564.694,0.903941469932537,-0.696027757744036,-7.235873953167401,66.6,1,gdp_growth
BRN,Brunei Darussalam,2016,-0.278693265753083,-2.47791771833224,8.537,0.39,5.5,1.38134687688286,3487053368.54429,12.893905740408,0.209654154990439,-2.0855339688302093,66.58,1,gdp_growth
BLZ,Belize,2020,0.121434644614894,-13.5228997055506,10.763,0.37,8.73416666666667,2.0,348090076.01987,-6.24826598310847,-0.06563474056652999,-17.77948680585132,66.54,1,gdp_growth
LCA,St. Lucia,2020,-1.75580833517594,-22.9005138634176,25.224,0.37,7.13469175,2.7,231361279.00078,-18.6599979555577,-2.2948958943676967,-21.8711459686259,66.5,1,gdp_growth
GRP,Lower middle income,2020,4.97809676252309,-4.21903396199713,7.01028456505462,0.37,12.0,3.130749999,787924742.251979,-2.61491577935683,-0.05429353169446016,-0.12833054667881386,66.4,1,gdp_growth
SXM,Sint Maarten (Dutch part),2017,2.19201010962985,-7.53521399882428,6.571,1.0,12.0,1.79,787924742.251979,3.48114676740387,2.080327453892271,-8.50297236189309,66.4,1,gdp_growth
LSO,Lesotho,2017,4.447699373763,-3.13817493733471,16.379,1.0,11.5808333333333,13.3238014244992,657668309.28208,-9.01074725417763,-2.14880553320243,-6.7470822542118505,66.35,1,gdp_growth
GRC,Greece,2020,-1.24798355581405,-9.19623149726978,15.899,0.37,12.0,0.875506396987998,11931180004.6485,-7.12181074881185,-1.5009910778522069,-11.473412150617861,66.14,1,gdp_growth
PRE,Pre-demographic dividend,2020,3.39862928518853,-4.15455315541389,5.89078404749377,0.37,12.0,3.130749999,787924742.251979,-2.61491577935683,0.8295414385409399,-7.315417159948829,66.13,1,gdp_growth
IRN,"Iran, Islamic Rep.",2019,39.9073455697784,-2.36143538770575,10.74,2.16,12.0,42000.0,787924742.251979,-2.61491577935683,21.893227232591,1.3865247694075902,66.05,1,gdp_growth
SYR,Syrian Arab Republic,2016,47.7051615298923,-6.40568496867387,13.798,0.39,12.0,460.275833333333,787924742.251979,-2.61491577935683,9.244018569919,-2.22599292305628,66.05,1,gdp_growth
WSM,Samoa,2020,-1.56891247740895,-3.10864485863991,7.467,0.37,8.705,2.66496084519696,277056415.241412,-8.715956952862,-2.551239047297067,-7.56050377552682,65.92,1,gdp_growth
COG,"Congo, Rep.",2016,3.19056179723773,-8.68524343913786,20.298,0.39,12.0,592.605615063022,714352000.79598,-32.8963883802867,0.02146382972943961,-9.100436500431623,65.92,1,gdp_growth
PSE,West Bank and Gaza,2020,-0.735332001092191,-11.3184661065134,25.895,0.37,5.51730657376974,3.130749999,697074683.28,-12.251111498554,-2.315515337486741,-12.68115357209402,65.92,1,gdp_growth
GNQ,Equatorial Guinea,2020,4.76669523944228,-4.79108083383294,8.625,0.37,12.0,575.586004510945,60833004.0225613,-2.61491577935683,3.2364199498003896,0.6907445451015102,65.91,1,gdp_growth
BHS,"Bahamas, The",2020,0.0385210980054558,-20.0893664891399,12.016,0.37,4.25,1.0,2382077961.01193,-22.0443509738873,-2.452714175675004,-19.250780617946695,65.87,1,gdp_growth
IDB,IDA blend,2020,2.1039488213608,-3.22553173097771,5.79415278844651,0.37,12.0,3.130749999,787924742.251979,-2.61491577935683,0.1039690548804002,-6.29421695768977,65.84,1,gdp_growth
SVK,Slovak Republic,2020,1.93694126694223,-2.58551241733207,6.719,0.37,12.0,0.875506396987998,9343714002.21729,-0.437071238574068,-0.7276200673121702,-4.861411517525999,65.73,1,gdp_growth
VCT,St. Vincent and the Grenadines,2020,-0.628131309354654,-4.26892434422649,20.635,0.37,7.99094591666667,2.7,205195146.794269,-15.8942170558576,-1.541201034679244,-4.937352825310724,65.72,1,gdp_growth
SDN,Sudan,2018,63.2925073455888,-2.6809305497999,12.347,1.83,12.0,24.3289109018116,787924742.251979,-14.4693934170139,30.9408812487451,-3.39018683456634,65.68,1,gdp_growth
KGZ,Kyrgyz Republic,2020,6.32542296338078,-7.14897757727955,5.945,0.37,17.0357659286485,77.3461127039303,2811615193.09799,4.52522127933728,5.191800386192741,-11.74960323435553,65.66,1,gdp_growth
CPV,Cabo Verde,2020,0.605795808395385,-20.8052758990735,14.65,0.37,8.19451484269313,96.7957427869885,735084797.415375,-15.6834304999368,-0.500870934565245,-27.75310223959209,65.61,1,gdp_growth
MUS,Mauritius,2020,2.5808007718283,-14.1974358137792,8.626,0.37,7.225,39.3469333333333,7291065336.38291,-8.66939843609858,2.175145581518747,-17.06138520062654,65.61,1,gdp_growth
SUR,Suriname,2021,59.1196626251977,-2.43538583612838,8.706,0.08,14.8885076393893,18.2386666666667,992256911.851907,-3.22419866560152,24.229878316119695,13.53980587873382,65.47,1,gdp_growth
WLD,World,2020,1.90509722047501,-2.88621185457086,6.58768935720693,0.37,12.0,3.130749999,787924742.251979,-2.61491577935683,-0.3009758373402398,-5.566520602123861,65.44,1,gdp_growth
BWA,Botswana,2020,1.8903591682421,-8.72888243996397,21.017,0.37,5.75,11.4562416666667,4940893802.78156,-9.8063111229932,-0.8825052603911101,-11.76065583451067,65.31,1,gdp_growth
CYP,Cyprus,2020,-0.638422797978861,-3.22063018637567,7.755,0.37,12.0,0.875506396987998,1237326347.35603,-9.70522206715598,-0.8887937947373541,-9.09622602024174,65.22,1,gdp_growth
SUR,Suriname,2016,55.4123879763196,-4.91166050905851,7.917,0.39,13.4833333333333,6.22863027848978,381050648.917497,-4.83755000193213,48.51848438463722,-1.4986178283823004,65.15,1,gdp_growth
UKR,Ukraine,2022,20.1836366617478,-28.7585842155085,6.571,1.69,18.6094166666667,32.3423016,28505931892.0519,4.52251476971106,10.820497484795572,-32.20420487496794,65.08,1,gdp_growth
MLT,Malta,2020,0.638544956776712,-3.45728232537419,4.856,0.37,12.0,0.875506396987998,930464309.381045,16.0980919347887,-1.003515060912688,-7.54233805659849,64.92,1,gdp_growth
SVN,Slovenia,2020,-0.05485681576061,-4.08500094942896,4.971,0.37,12.0,0.875506396987998,1311110695.57558,7.67395367082141,-1.68537942330396,-7.59025427324808,64.92,1,gdp_growth
ZWE,Zimbabwe,2022,104.705170628667,6.13926327570213,10.087,1.69,131.813333333333,374.954362604663,598621573.627058,0.748242887484687,6.159065536604601,-2.3287534923778805,64.55,1,inflation
ALB,Albania,2020,1.62088661717021,-3.31375636888916,11.639,0.37,6.12083333333333,108.65,4817386149.20461,-8.62504716716646,0.20979582762779003,-5.37633427065038,64.52,1,gdp_growth
GRD,Grenada,2020,-0.740732597045498,-13.7566222572107,6.571,0.37,6.83319808333333,2.7,293320432.166449,-16.1060034218251,-1.33888236178152,-14.433133996084457,64.5,1,gdp_growth
DMA,Dominica,2020,1.22026442242476,-15.7064024545862,6.571,0.37,6.89907858333333,2.7,165824163.308941,-35.2351867100795,-0.2843591161566499,-19.65450003396673,64.5,1,gdp_growth
ATG,Antigua and Barbuda,2020,0.625989707046719,-18.8687765208148,6.571,0.37,7.68383775,2.7,221808945.85044,-15.5663867272565,-0.8053662747831211,-22.040998458208502,64.5,1,gdp_growth
BGR,Bulgaria,2020,1.67244096855756,-3.13323543125917,5.037,0.37,4.33663333333333,1.71633333333333,37860001348.6185,1.46731874723096,-1.43128847941015,-6.92655507715113,64.35,1,gdp_growth
NIC,Nicaragua,2019,5.37628990844126,-2.89686986728901,5.457,2.16,12.4572600828874,33.121745265284,2397444668.92872,5.93825181295118,0.42905262804239985,0.46648679256828984,64.35,1,gdp_growth
NIC,Nicaragua,2018,4.94723728039886,-3.3633566598573,5.2,1.83,10.8957854531661,31.5532123338754,2261143360.12993,-1.79728223029998,1.0965656175515899,-7.99456423565939,64.28,1,gdp_growth
PLW,Palau,2021,2.6124818577648,-11.9146400192064,6.571,0.08,12.0,1.0,787924742.251979,-40.6780262660244,2.394300039582967,-5.90723278256496,64.1,1,gdp_growth
KNA,St. Kitts and Nevis,2020,-1.16724501769353,-15.3018891740649,6.571,0.37,7.650572,2.7,373502419.388162,-10.8380413895977,-0.8376829540295531,-18.24013575462846,63.91,1,gdp_growth
DMA,Dominica,2017,0.296252889279487,-7.5443637547282,6.571,1.0,8.075,2.7,212292574.606832,-10.2099529307271,0.154436663547175,-8.99160931962083,63.91,1,gdp_growth
PRI,Puerto Rico (US),2020,5.582586059593455,-4.1808743093346,8.89,0.37,12.0,1.0,787924742.251979,-2.61491577935683,-0.05429353169446016,-5.8563381043166896,63.89,1,gdp_growth
BRB,Barbados,2020,5.582586059593455,-17.4059314651747,10.586,0.37,8.05,2.0,1358013876.08841,-2.61491577935683,-0.05429353169446016,-17.647031254323377,63.89,1,gdp_growth
AUT,Austria,2020,1.38191063351854,-6.31825509209936,5.201,0.37,12.0,0.875506396987998,30439562425.1269,3.3513779974929,-0.14898500800790004,-8.07323128859224,63.88,1,gdp_growth
SLV,El Salvador,2020,-0.371590212324095,-7.893101359867,5.008,0.37,12.0,1.0,3082859548.1397,1.11030429654712,-0.4469143473265562,-10.33057295052484,63.88,1,gdp_growth
NGA,Nigeria,2020,13.2460234276598,-6.36889840468527,5.714,0.37,13.6420216718796,358.810797258297,38028751517.615,-2.67061135743947,1.8496010898482993,-8.57732768303738,63.88,1,gdp_growth
XKX,Kosovo,2020,0.198227922994854,-5.34027547826166,6.571,0.37,12.0,0.877475207233012,1095367616.61861,-6.99601125987905,-2.477764103404076,-10.09707604834,63.84,1,gdp_growth
SXM,Sint Maarten (Dutch part),2018,5.582586059593455,-6.85698299227944,6.571,1.83,12.0,1.79,787924742.251979,5.93015272305455,-0.05429353169446016,0.6782310065448396,63.81,1,gdp_growth
PLW,Palau,2020,0.218181818181833,-6.00740723664144,6.571,0.37,12.0,1.0,787924742.251979,-43.8807741373428,-0.049197860962607004,-6.308091580334049,63.79,1,gdp_growth
IRN,"Iran, Islamic Rep.",2018,18.0141183371874,-3.74796015711334,12.195,1.83,12.0,40864.329009777,787924742.251979,-2.61491577935683,9.969193960584622,-6.774814844053591,63.64,1,gdp_growth
ARG,Argentina,2018,34.2772237131003,-2.61739646282038,9.22,1.83,48.5166666666667,28.0949916666667,66221501691.4418,-5.16055257152295,-0.05429353169446016,-5.4358994405795595,63.62,1,gdp_growth
TSA,South Asia (IDA & IBRD),2020,5.6602199868936,-4.98750173652559,7.62561175204578,0.37,12.0,3.130749999,787924742.251979,-2.61491577935683,2.0312703280389304,-9.08204480186847,63.53,1,gdp_growth
SAS,South Asia,2020,5.6602199868936,-4.98750173652559,7.62561175204578,0.37,12.0,3.130749999,787924742.251979,-2.61491577935683,2.0312703280389304,-9.08204480186847,63.53,1,gdp_growth
VEN,"Venezuela, RB",2019,5.582586059593455,-27.6190476190476,5.89,2.16,12.0,3.130749999,787924742.251979,-2.61491577935683,-0.05429353169446016,-7.976190476190499,63.5,1,gdp_growth
COG,"Congo, Rep.",2017,0.450063823285546,-5.59477371915547,20.737,1.0,12.0,580.656749587858,379984138.830498,-2.61491577935683,-2.7404979739521838,3.09046971998239,63.45,1,gdp_growth
GNQ,Equatorial Guinea,2017,0.74435474661241,-5.66750850486686,7.843,1.0,12.0,580.656749587858,45502925.1067976,-2.61491577935683,-0.6675844081777401,3.148908727330709,63.45,1,gdp_growth
GNQ,Equatorial Guinea,2016,1.41193915479015,-8.81641723219757,7.798,0.39,12.0,592.605615063022,62307444.1358488,-2.61491577935683,-0.26469169836972983,0.2936239166178005,63.45,1,gdp_growth
NCL,New Caledonia,2024,5.582586059593455,-13.4999999989747,10.991,5.14,12.0,110.306338907421,787924742.251979,-2.61491577935683,-0.05429353169446016,-16.299999995011518,63.32,1,gdp_growth
GNQ,Equatorial Guinea,2025,5.582586059593455,-5.84678505700693,8.337,4.21,12.0,581.92848104034,787924742.251979,-2.61491577935683,-0.05429353169446016,-6.24301057795886,63.32,1,gdp_growth
CHI,Channel Islands,2020,5.582586059593455,-8.89677926591959,6.633,0.37,12.0,0.779999576697153,787924742.251979,-2.61491577935683,-0.05429353169446016,-10.470135227483011,63.19,1,gdp_growth
GUM,Guam,2020,5.582586059593455,-10.5188595714539,6.241,0.37,12.0,1.0,787924742.251979,-2.61491577935683,-0.05429353169446016,-13.04246160485986,63.15,1,gdp_growth
SOM,"Somalia, Fed. Rep.",2020,5.582586059593455,-2.76455696202532,19.414,0.37,12.0,3.130749999,787924742.251979,-2.61491577935683,-0.05429353169446016,-5.56489008715544,63.08,1,gdp_growth
SDN,Sudan,2023,5.582586059593455,-29.4332716274387,6.571,5.03,12.0,3.130749999,787924742.251979,-2.61491577935683,-0.05429353169446016,-28.475455036319516,63.05,1,gdp_growth
ROU,Romania,2020,2.63107311184743,-3.59802546034757,5.035,0.37,6.48640122828969,4.24399166666667,52190562712.0396,-5.14044816549564,-1.1967812141469496,-7.55831504532355,62.99,1,gdp_growth
PYF,French Polynesia,2020,5.582586059593455,-10.5738138632489,12.963,0.37,12.0,104.710608186968,787924742.251979,-2.61491577935683,-0.05429353169446016,-13.26328044468224,62.97,1,gdp_growth
SYC,Seychelles,2020,1.20266463987123,-11.7398608281732,6.571,0.37,11.607397279879,17.6165187554113,559681941.832234,-12.5301883307748,-0.60442936822859,-17.2541529019074,62.92,1,gdp_growth
AFW,Africa Western and Central,2020,2.49037783931949,-3.71879330346492,4.7993062016358,0.37,12.0,3.130749999,787924742.251979,-2.61491577935683,0.5072855544471699,-7.00193571819217,62.91,1,gdp_growth
URY,Uruguay,2020,9.75640636078194,-7.35732706897301,10.413,0.37,11.2312594501517,42.0132916666667,16250371651.3164,-0.64129448995452,1.8744176519857492,-8.285678096519351,62.79,1,gdp_growth
GNQ,Equatorial Guinea,2019,1.53027528964189,-5.48182537893445,7.917,2.16,12.0,585.911013180369,40816834.5967152,-2.61491577935683,0.47020118302018,0.7547186884113,62.71,1,gdp_growth
GNQ,Equatorial Guinea,2018,1.06007410662171,-6.23654406734575,7.818,1.83,12.0,555.446458398226,48929813.6121629,-2.61491577935683,0.3157193600093001,-0.5690355624788896,62.71,1,gdp_growth
IMN,Isle of Man,2020,5.582586059593455,-8.83681697473475,6.571,0.37,12.0,0.779999576697153,787924742.251979,-2.61491577935683,-0.05429353169446016,-9.091694822133013,62.7,1,gdp_growth
TCA,Turks and Caicos Islands,2020,5.582586059593455,-33.8170973434652,6.571,0.37,12.0,1.0,787924742.251979,-2.61491577935683,-0.05429353169446016,-38.79880283729512,62.7,1,gdp_growth
MCO,Monaco,2017,5.582586059593455,-3.20618323813213,6.571,1.0,12.0,0.885205508269372,787924742.251979,-2.61491577935683,-0.05429353169446016,-6.21462682565957,62.7,1,gdp_growth
MAF,St. Martin (French part),2020,5.582586059593455,-12.500002246731,6.571,0.37,12.0,0.875506396987998,787924742.251979,-2.61491577935683,-0.05429353169446016,-19.00000588373921,62.7,1,gdp_growth
MAF,St. Martin (French part),2017,5.582586059593455,-8.00000324038295,6.571,1.0,12.0,0.885205508269372,787924742.251979,-2.61491577935683,-0.05429353169446016,-13.00000324038295,62.7,1,gdp_growth
MNP,Northern Mariana Islands,2018,5.582586059593455,-19.4973343488195,6.571,1.83,12.0,1.0,787924742.251979,-2.61491577935683,-0.05429353169446016,-42.668066056136595,62.7,1,gdp_growth
MNP,Northern Mariana Islands,2020,5.582586059593455,-29.0598290598291,6.571,0.37,12.0,1.0,787924742.251979,-2.61491577935683,-0.05429353169446016,-17.6123361553826,62.7,1,gdp_growth
TUV,Tuvalu,2022,5.582586059593455,-10.9375,6.571,1.69,12.0,1.44166445896522,787924742.251979,-0.271496007405072,-0.05429353169446016,-10.9375,62.7,1,gdp_growth
MCO,Monaco,2020,5.582586059593455,-13.2391048292108,6.571,0.37,12.0,0.875506396987998,787924742.251979,-2.61491577935683,-0.05429353169446016,-20.35999434896476,62.7,1,gdp_growth
IMN,Isle of Man,2022,5.582586059593455,-4.16847722466753,6.571,1.69,12.0,0.811301715827773,787924742.251979,-2.61491577935683,-0.05429353169446016,-8.006313548013921,62.7,1,gdp_growth
MDV,Maldives,2020,-1.36977425569811,-32.9088287752921,5.42,0.37,11.6002303232237,15.3812695278705,984930745.339245,-35.7483018974442,-1.589803986763493,-39.83188866579309,62.68,1,gdp_growth
PLW,Palau,2017,1.4179881966692,-3.42143170174889,6.571,1.0,12.0,1.0,787924742.251979,-22.860253869911,2.46029353081994,-5.08793858410481,62.25,1,gdp_growth
LKA,Sri Lanka,2020,6.15394508391738,-4.62451503712715,5.364,0.37,12.0,185.592557772213,5663994385.32784,-1.40761495020573,2.62555150159927,-4.404031150302327,62.0,1,gdp_growth
ASM,American Samoa,2017,5.582586059593455,-6.98757763975155,6.571,1.0,12.0,1.0,787924742.251979,-2.61491577935683,-0.05429353169446016,-5.30818832677446,61.88,1,gdp_growth
COG,"Congo, Rep.",2018,1.15277896375523,-2.30431780125842,20.84,1.83,12.0,555.446458398226,423617388.256644,-2.61491577935683,0.7027151404696839,3.2904559178970505,61.76,1,gdp_growth
TUN,Tunisia,2020,5.63415115897625,-8.97512622934723,17.651,0.37,12.0,2.81235833333333,9810630874.82627,-6.01234016088557,-1.08592416966174,-10.52521927901465,61.68,1,gdp_growth
WSM,Samoa,2021,3.13320473174494,-5.04350589708287,6.664,0.08,8.51541666666667,2.55609234207843,294681800.100088,-13.3119414265584,4.70211720915389,-1.93486103844296,61.59,1,gdp_growth
ARG,Argentina,2020,42.0150947376509,-9.9004848136464,11.461,0.37,29.3875,70.5391666666667,39403734630.1228,0.696935361136031,-11.533209611583004,-7.899623810788551,61.58,1,gdp_growth
AGO,Angola,2020,22.271539247051,-5.27349128300007,16.696,0.37,19.6558949254322,578.25878028011,13781988139.5961,1.49015129809424,5.1905851036129995,-4.218257138056701,61.52,1,gdp_growth
GRP,High income,2020,0.598986330824643,-3.86618363020789,6.46030036409899,0.37,12.0,3.130749999,787924742.251979,-2.61491577935683,-0.05429353169446016,-0.12833054667881386,61.46,1,gdp_growth
VEN,"Venezuela, RB",2018,5.582586059593455,-19.6428571428571,5.468,1.83,12.0,3.130749999,787924742.251979,-2.61491577935683,-0.05429353169446016,-3.9439324116743,61.33,1,gdp_growth
MNG,Mongolia,2020,3.7237230614026,-4.55775197583431,6.413,0.37,16.9306267030976,2813.28983532639,4545276809.36506,-5.06732429872457,-3.57734647410469,-10.159996196476861,61.04,1,gdp_growth
CUW,Curacao,2019,2.62220783425059,-3.20613230348162,6.571,2.16,12.0,1.79,787924742.251979,-17.868762273522,0.038520267832450106,-1.1020209724713301,60.75,1,gdp_growth
AFG,Afghanistan,2020,5.60188791482224,-2.35110067203466,11.71,0.37,12.0,76.8135364354897,9748946326.71795,-15.7183027911684,3.2995153996538997,-6.26270408829018,60.64,1,gdp_growth
KAZ,Kazakhstan,2020,6.71815454861458,-2.49999999628,4.89,0.37,12.0,412.953333333333,35638096635.119,-6.46182057750936,1.3845935594478895,-6.999999997198831,59.83,1,gdp_growth
SSD,South Sudan,2024,91.4408220769046,3.917007817944405,6.571,5.14,14.683516249225,2163.10387269883,15961778.4894403,-2.61491577935683,89.05801772876706,-0.12833054667881386,59.75,1,inflation
FJI,Fiji,2020,-1.70014167847318,-17.1835352599354,5.054,0.37,6.18490255198124,2.16880492424242,1081812964.94674,-12.131158843021,-3.4940281536187303,-16.60158866958564,59.73,1,gdp_growth
CUW,Curacao,2020,5.582586059593455,-18.4384696124769,6.571,0.37,12.0,1.79,787924742.251979,-27.1790165284439,-0.05429353169446016,-15.23233730899528,59.71,1,gdp_growth
CYM,Cayman Islands,2020,5.582586059593455,-4.95480696516726,6.571,0.37,12.0,0.83333,216800000.0,-16.3463833760305,-0.05429353169446016,-8.87044230766142,59.71,1,gdp_growth
ABW,Aruba,2020,5.582586059593455,-23.9400592677491,6.571,0.37,6.8,1.79,1212578720.0,-12.8585246783433,-0.05429353169446016,-25.16920335670925,59.71,1,gdp_growth
AZE,Azerbaijan,2016,12.4433748584372,-3.06359842251706,5.0,0.39,16.3752267159245,1.59572157270424,6698545432.89916,-3.60050733417184,8.41568912100994,-4.11314483466791,59.71,1,gdp_growth
SXM,Sint Maarten (Dutch part),2020,5.582586059593455,-13.3167887221567,6.571,0.37,12.0,1.79,787924742.251979,-23.4917218241245,-0.05429353169446016,-24.281789657395898,59.71,1,gdp_growth
RWA,Rwanda,2020,9.85039902274207,-2.77710485515125,11.829,0.37,16.345,943.278048166667,1719664098.77361,-11.7050024980473,6.502522472365591,-12.063238729696678,59.59,1,gdp_growth
DNK,Denmark,2020,0.420711974110025,-1.78010601831291,5.644,0.37,12.0,6.54215220416667,72823350926.5649,7.31174171634936,-0.337419598401595,-3.49150695764027,59.02,1,gdp_growth
BTN,Bhutan,2020,5.62936522632508,-10.2183974208569,5.03,0.37,14.0,74.0995668836052,1426914817.73783,-15.5091108691023,2.9029348524367604,-15.973545933321962,58.95,1,gdp_growth
IRQ,Iraq,2024,2.6116961151764,-1.54525198319173,15.293,5.14,12.0,1300.0,100690954781.588,2.99186896502489,-1.7466573957195495,-2.062957508331803,58.8,1,gdp_growth
USA,United States,2020,1.23358439630629,-2.081375977796,8.055,0.37,3.54416666666667,1.0,628369715338.322,-2.77659039897534,-0.5786256789539199,-4.665201308318251,58.76,1,gdp_growth
BLR,Belarus,2016,11.8365807653497,-2.5264464460425,5.844,0.39,14.4,1.98956283333333,4907608003.26985,-3.37736852773594,-1.6979089996237011,1.3031241220834304,58.68,1,gdp_growth
IRL,Ireland,2023,6.29942487419125,-2.53637409313261,4.243,5.03,12.0,0.924839558470698,12904387778.1845,7.88616983666686,-1.5300324901498001,-10.04751297728565,58.5,1,gdp_growth
PAK,Pakistan,2023,30.7681280657005,-0.414935997088406,5.237,5.03,12.0,280.356111655149,13730353485.3454,-0.308630136387276,10.894268101035,-5.193042866124206,58.46,1,inflation
AFG,Afghanistan,2022,13.7121023720065,-6.24017199240269,14.1,1.69,12.0,3.130749999,787924742.251979,-2.61491577935683,8.57889896375687,14.498667375231609,58.39,1,gdp_growth
LCA,St. Lucia,2019,0.539087559191757,-1.0293678947917,15.613,2.16,7.72247983333333,2.7,260870367.109565,3.33404977672243,-1.396531372314263,-3.91614691650771,58.29,1,gdp_growth
SWE,Sweden,2020,0.497367318853572,-1.93379704032216,8.291,0.37,12.0,9.21030902842085,58260344659.2008,5.66402536162382,-1.2867836551847782,-4.5420271690174,58.24,1,gdp_growth
LUX,Luxembourg,2022,6.33600807777919,-1.09741256293819,4.588,1.69,12.0,0.949623753156941,2873502278.71075,5.46205930596558,3.80908798711753,-8.02714527095563,58.23,1,gdp_growth
KIR,Kiribati,2020,2.5532455441463,-1.28205128205127,6.571,0.37,12.0,1.45308511847016,787924742.251979,32.265989182257,4.36632549717577,-4.5933095601969605,58.22,1,gdp_growth
HTI,Haiti,2020,22.7963113642528,-3.30550546965893,15.573,0.37,14.6341666666667,93.5098072136213,2590258526.98275,0.355302483558182,4.092528797002203,-1.5824084712666102,58.11,1,gdp_growth
BHS,"Bahamas, The",2019,2.49123527368046,-0.838585871193203,9.336,2.16,4.25,1.0,1757782753.50028,-2.60210078588536,0.22537180689310032,-3.2365409794286832,57.89,1,gdp_growth
IRQ,Iraq,2017,0.184058898847553,-1.81975035118309,13.02,1.0,12.0,1184.0,49315419400.3988,7.95462137277485,-0.37246249830799505,-15.60712336989199,57.7,1,gdp_growth
PRI,Puerto Rico (US),2018,5.582586059593455,-4.36142703162535,9.2,1.83,12.0,1.0,787924742.251979,-2.61491577935683,-0.05429353169446016,-1.4762086476405405,57.69,1,gdp_growth
PRI,Puerto Rico (US),2017,5.582586059593455,-2.88521838398481,10.8,1.0,12.0,1.0,787924742.251979,-2.61491577935683,-0.05429353169446016,-1.6215240361736398,57.69,1,gdp_growth
VEN,"Venezuela, RB",2020,5.582586059593455,-29.8245614035088,7.53,0.37,12.0,3.130749999,787924742.251979,-2.61491577935683,-0.05429353169446016,-2.2055137844612,57.69,1,gdp_growth
HTI,Haiti,2025,28.6427976686095,-2.71291075761471,14.944,4.21,13.0083333333333,130.626409210526,3393059214.4675,-2.61491577935683,1.6937412594107997,1.4720402900149403,57.48,1,gdp_growth
JOR,Jordan,2020,0.333294350628378,-1.15257534158022,19.213,0.37,7.48083333333333,0.71,16961505361.5263,-5.22619044169868,-0.42821969663722304,-3.00890540750787,57.42,1,gdp_growth
BLR,Belarus,2022,15.209675274081,-4.65839591328999,3.574,1.69,12.7158333333333,2.6261,7923329893.42426,3.81254519379628,5.74939137785001,-7.09725801563946,57.13,1,gdp_growth
SDN,Sudan,2024,5.582586059593455,-13.9643378424022,6.571,5.14,12.0,3.130749999,787924742.251979,-2.61491577935683,-0.05429353169446016,15.4689337850365,56.81,1,gdp_growth
MNP,Northern Mariana Islands,2019,5.582586059593455,-11.4474929044465,6.571,2.16,12.0,1.0,787924742.251979,-2.61491577935683,-0.05429353169446016,8.049841444373,56.81,1,gdp_growth
IBD,IBRD only,2020,2.41513094083414,-1.28694758331594,6.95128407575739,0.37,12.0,3.130749999,787924742.251979,-2.61491577935683,-0.09592521843843027,-5.2749808491194194,56.77,1,gdp_growth
TEC,Europe & Central Asia (IDA & IBRD countries),2020,2.73249209419427,-1.44509752100556,7.20291679357834,0.37,12.0,3.130749999,787924742.251979,-2.61491577935683,0.05650006779533978,-4.27624520478684,56.77,1,gdp_growth
YEM,"Yemen, Rep.",2017,5.582586059593455,-5.07179568062152,18.611,1.0,12.0,282.195,920558927.722887,-2.61491577935683,-0.05429353169446016,4.303328116746,56.72,1,gdp_growth
NCL,New Caledonia,2020,5.582586059593455,-2.40000000692145,13.558,0.37,12.0,104.710608186968,787924742.251979,-2.61491577935683,-0.05429353169446016,-1.00000001185486,56.72,1,gdp_growth
BRA,Brazil,2016,8.73914352329393,-3.27591690782192,11.58,0.39,52.1,3.49131342157271,364984039092.456,-1.700113396765,-0.29075750086743035,0.2698464848723301,56.69,1,gdp_growth
AUT,Austria,2023,7.81413417002831,-0.786244288594673,5.264,5.03,12.0,0.924839558470698,31212416321.99,1.31277352992302,-0.7327357618562695,-6.117208082598383,56.6,1,gdp_growth
MAF,St. Martin (French part),2018,5.582586059593455,-7.99999506898229,6.571,1.83,12.0,0.846772667108111,787924742.251979,-2.61491577935683,-0.05429353169446016,8.171400660117456e-06,56.44,1,gdp_growth
FJI,Fiji,2021,1.53454853751592,-4.3459619989752,5.225,0.08,5.94242130030892,2.07063333333333,1517816546.24939,-7.20401590434096,3.2346902159891,12.8375732609602,56.24,1,gdp_growth
RUS,Russian Federation,2022,13.7436797398232,-1.43537063467896,3.867,1.69,11.4591666666667,68.4849416666667,581709956946.206,10.370132157734,7.04922082024708,-7.30186240765796,55.99,1,gdp_growth
EST,Estonia,2023,9.15922507983982,-2.74421914571231,6.378,5.03,12.0,0.924839558470698,2593268903.75936,-1.25901453576846,-10.23903832822178,-1.51804947983435,55.92,1,gdp_growth
LCA,St. Lucia,2025,2.02709512086274,-0.57407528214496,9.452,4.21,6.2511965,2.7,447150519.268178,-6.25573639228153,2.701335974281519,-5.342977460701119,55.66,1,gdp_growth
HTI,Haiti,2024,26.9490564091987,-4.18495104762965,14.609,5.14,13.3766666666667,131.810991666667,2714226653.6402,-0.598367468302653,-9.864459868886701,-2.3210668450812704,55.49,1,gdp_growth
BMU,Bermuda,2018,5.582586059593455,-0.432801300339307,6.571,1.83,12.0,1.0,787924742.251979,12.3021020474022,-0.05429353169446016,-4.044221137400457,55.48,1,gdp_growth
SDN,Sudan,2019,50.9940515002965,-2.17825104530091,11.697,2.16,12.0,45.7670454545455,787924742.251979,-14.7808388986177,-12.298455845292303,0.5026795044989898,55.41,1,gdp_growth
HTI,Haiti,2023,36.8135162780854,-1.86388420254838,14.459,5.03,14.2141666666667,141.035912702189,2583016532.68436,-3.48716065487916,2.829584331015404,-0.18190023356859997,55.24,1,gdp_growth
IBT,IDA & IBRD total,2020,2.8981937602627,-1.32331489746059,6.61408029513375,0.37,12.0,3.130749999,787924742.251979,-2.61491577935683,0.21751097072929992,-5.30807413961644,55.12,1,gdp_growth
LMY,Low & middle income,2020,3.02272119663759,-1.15067064256841,6.61993043653694,0.37,12.0,3.130749999,787924742.251979,-2.61491577935683,0.26020100277647984,-5.24198050987153,55.12,1,gdp_growth
MIC,Middle income,2020,2.65664643301128,-1.17178883495949,6.69849633442843,0.37,12.0,3.130749999,787924742.251979,-2.61491577935683,-0.06978394087703998,-5.265073819416131,55.12,1,gdp_growth
GAB,Gabon,2020,1.35276110675333,-1.8377610635094,21.279,0.37,12.0,575.586004510945,1386494674.6587,-2.61491577935683,-1.11180645475854,-5.75856985803771,54.94,1,gdp_growth
SRB,Serbia,2020,1.57553290083415,-0.950023991851594,9.011,0.37,12.0,103.163291666667,16586724160.6969,-3.89586001943546,-0.2736969442767099,-5.700231930841735,54.94,1,gdp_growth
FSM,"Micronesia, Fed. Sts.",2020,0.554594630853174,-2.05703124999999,6.571,0.37,14.47,1.0,451912609.039125,-2.61491577935683,-1.3692570770260561,-5.70075594635626,54.87,1,gdp_growth
TLS,Timor-Leste,2022,7.00530945399787,-20.5224802314812,1.537,1.69,11.0044920794713,1.0,873769544.845485,15.2239220178329,3.30738850733001,-25.89228142540788,54.83,1,gdp_growth
HTI,Haiti,2022,33.98393194707,-1.68198396897978,14.54,1.69,13.12,115.630715521746,2173397186.29319,-2.44594832666715,17.1424079271915,0.11625592033507992,54.79,1,gdp_growth
MHL,Marshall Islands,2022,5.582586059593455,-0.700580183196621,6.571,1.69,12.0,1.0,787924742.251979,6.82026268205188,-0.05429353169446016,-2.859973573871141,54.79,1,gdp_growth
BRN,Brunei Darussalam,2021,1.73341388450593,-1.59076260099606,4.905,0.08,5.5,1.34380696297339,4982141345.7678,11.1384955049927,-0.20690608156591006,-2.7243359505206604,54.49,1,gdp_growth
ZAF,South Africa,2019,4.10285075461156,0.25993557687633,28.468,2.16,10.125,14.4484270548333,55055893656.867,-2.6199906748304,-0.4070218940623196,-1.29684827034043,54.43,1,gdp_growth
SSD,South Sudan,2018,83.5015294922,3.917007817944405,12.853,1.83,16.1826855901098,141.385833333333,36396368.1998606,-9.0382483224269,-104.35010078724198,-0.12833054667881386,54.35,1,inflation
IDA,IDA total,2020,3.47617372722187,-1.76868159241481,5.52030439819486,0.37,12.0,3.130749999,787924742.251979,-2.61491577935683,0.7316984433471498,-5.71336272506126,53.89,1,gdp_growth
PER,Peru,2023,6.45561348369586,-0.350699814345759,4.899,5.03,12.0,3.74382620959376,71394387239.6392,0.480962420777884,-1.8780928172664506,-3.1688995785449787,53.67,1,gdp_growth
SSD,South Sudan,2019,87.2413641500032,3.917007817944405,12.656,2.16,15.6547053123274,157.999166666667,378281747.007865,-4.15741601037528,3.7398346578032005,-0.12833054667881386,53.6,1,inflation
MRT,Mauritania,2020,2.3856948845632,-0.36065738652286,11.051,0.37,12.0,37.1891666666667,1493184646.02741,-6.97500621735149,0.08560226338383004,-3.50166227916925,53.38,1,gdp_growth
EST,Estonia,2022,19.3982634080616,-1.22616966587796,5.571,1.69,12.0,0.949623753156941,2216592399.41163,-3.11354022792263,14.745096669586868,-9.48105011167827,53.28,1,gdp_growth
SMR,San Marino,2023,5.93190858629403,0.401932371532837,6.571,5.03,5.634625,0.924709622987356,836088074.053394,21.9928746171677,0.6064553731803803,-7.496514410770783,53.26,1,gdp_growth
LBN,Lebanon,2018,6.07698907889607,-1.88470575631651,10.755,1.83,9.095,1507.5,52380608542.3956,-24.3470417876755,1.7556368958641606,-2.787734220390323,53.16,1,gdp_growth
WSM,Samoa,2018,4.19745888663752,-0.609647103380141,8.649,1.83,8.95010076787388,2.58727995057261,162559147.904381,2.68908513860988,2.44756211179047,-2.015929503093151,53.13,1,gdp_growth
VEN,"Venezuela, RB",2017,5.582586059593455,-15.6989247311828,5.045,1.0,21.0591666666667,9.975,9794062064.62109,-2.61491577935683,-0.05429353169446016,1.4133747340578005,53.1,1,gdp_growth
YEM,"Yemen, Rep.",2016,5.582586059593455,-9.37512379736752,18.42,0.39,12.0,283.895833333333,877442199.453389,-7.72391058547812,-0.05429353169446016,18.61942245288658,52.96,1,gdp_growth
LAC,Latin America & Caribbean (excluding high income),2016,2.8217078474766,-0.977477793493975,7.76472151764398,0.39,12.0,3.130749999,787924742.251979,-2.61491577935683,-0.3361233323325501,-1.0474163291123233,52.95,1,gdp_growth
TLA,Latin America & the Caribbean (IDA & IBRD countries),2016,2.53781710390567,-0.748991632597836,7.82039688517988,0.39,12.0,3.130749999,787924742.251979,-2.61491577935683,-0.38700459328407,-0.9384880007125109,52.95,1,gdp_growth
IDX,IDA only,2020,3.94180326908065,-0.335170512912143,5.36883540058505,0.37,12.0,3.130749999,787924742.251979,-2.61491577935683,0.8491932353481397,-5.156471006593293,52.82,1,gdp_growth
LBR,Liberia,2019,26.9662760197878,-2.46729763532686,3.071,2.16,12.0,186.429744551072,297070852.933414,-19.6832166735006,3.4027611244135976,-3.62487275740041,52.78,1,gdp_growth
NRU,Naoero,2018,5.582586059593455,-0.847457627118729,6.571,1.83,12.0,1.33841214646451,787924742.251979,7.32618163474933,-0.05429353169446016,5.5017487220873615,52.76,1,gdp_growth
CHE,Switzerland,2020,-0.725874933313403,-2.2552579425106,4.817,0.37,2.63484670416667,0.938965,1083404341999.89,0.439023949410653,-1.088761113254077,-3.37057981448534,52.75,1,gdp_growth
BHS,"Bahamas, The",2016,-0.346376929989397,-1.15650811269629,12.7,0.39,4.75,1.0,1001933945.18353,-5.98258988449718,-2.207859958623107,-2.153919788183035,52.59,1,gdp_growth
SWZ,Eswatini,2018,4.81506167461513,0.0653956557843571,26.471,1.83,10.3125,13.2339264715833,440685903.013845,1.30781570062784,-1.4063136147160495,-3.455557804095473,52.5,1,gdp_growth
NAM,Namibia,2019,3.72239414422695,-0.839152163419357,19.929,2.16,9.87583333333333,14.4486904166667,2049134995.15919,-1.76497330612085,-0.5691969091517999,-1.8990916620268767,52.41,1,gdp_growth
AGO,Angola,2016,30.6944150806719,-0.233076954805284,16.572,0.39,15.7805039391116,163.656434116579,23672191989.4347,-5.07683550702313,21.338442925334057,-0.996254665720073,52.38,1,year
LUX,Luxembourg,2020,0.819957302127036,-0.510051634039826,6.766,0.37,12.0,0.875506396987998,1119076142.01965,4.87511550397285,-0.9233634544114441,-3.259372553246746,52.31,1,gdp_growth
IRQ,Iraq,2025,0.303454715219382,-2.15574219066178,15.485,4.21,12.0,3.130749999,787924742.251979,-2.61491577935683,-2.3082413999570184,-0.6104902074700502,52.2,1,gdp_growth
PRY,Paraguay,2019,2.75709727562775,-0.40185510068001,6.595,2.16,15.4842638363204,6240.72207844257,7717366750.62534,-0.162746811735736,-1.2185128817791901,-3.6061054414463998,52.08,1,gdp_growth
LTU,Lithuania,2020,1.19989444983569,0.0428158336981426,8.487,0.37,12.0,0.875506396987998,4846519049.92043,7.22470104088844,-1.13461493004458,-4.634536001606367,52.08,1,gdp_growth
LCN,Latin America & Caribbean,2016,1.65038994431573,-0.730974962811146,7.73682468877475,0.39,12.0,3.130749999,787924742.251979,-2.61491577935683,-0.21109308431798013,-0.9708289228918121,51.83,1,gdp_growth
BWA,Botswana,2025,2.6597506179431,-0.733898323852287,24.477,4.21,12.0,13.5023833333333,787924742.251979,-2.61491577935683,-0.15860069881940975,2.045991492810233,51.72,1,gdp_growth
NRU,Naoero,2022,5.582586059593455,0.0,6.571,1.69,12.0,1.44166445896522,787924742.251979,1.64140234629394,-0.05429353169446016,-7.75193798449692,51.46,1,year
SDN,Sudan,2017,32.3516260968437,0.70925628476644,13.0,1.0,12.0,6.68336,177933851.813136,-11.1697054533751,14.6013722656477,-2.75838589932644,51.37,1,year
LSO,Lesotho,2018,4.7518030162474,-1.48063315848241,16.614,1.83,11.3541666666667,13.2339264715833,728527649.979486,-5.62372777156264,0.3041036424843995,1.6575417788523001,51.26,1,gdp_growth
ITA,Italy,2019,0.611246943765304,0.429162533780342,9.884,2.16,2.6025,0.893276257067409,175397954131.108,3.23388196417885,-0.5262406922386059,-0.397484178563773,51.17,1,gdp_growth
BRB,Barbados,2018,3.1060057242059,-0.252085325827849,8.321,1.83,8.05,2.0,533906813.039013,-2.61491577935683,-1.5541789153540502,-0.906740928688222,51.17,1,gdp_growth
AGO,Angola,2017,29.8444799015679,-0.164688656961076,16.617,1.0,15.8061003813255,165.915950691498,17455327770.6619,-0.739075223812658,-0.8499351791039977,0.068388297844208,51.16,1,year
MMR,Myanmar,2020,5.582586059593455,-9.04834717984643,1.476,0.37,14.8333333333333,1381.61916666667,7670070785.09329,-2.61491577935683,-0.05429353169446016,-15.62745724750057,51.13,1,gdp_growth
HUN,Hungary,2020,3.32674385766738,-4.33872540024058,4.248,0.37,1.95768913324167,307.996666666667,41349416012.5512,-1.03428088875148,-0.011842496152700388,-9.41591035112991,51.11,1,gdp_growth
FRO,Faroe Islands,2020,5.582586059593455,-1.63732118017028,6.571,0.37,12.0,6.54215220416667,787924742.251979,-2.61491577935683,-0.05429353169446016,-6.17583146693217,50.96,1,gdp_growth
BMU,Bermuda,2016,5.582586059593455,-0.657206304259205,6.571,0.39,12.0,1.0,787924742.251979,12.2608303872275,-0.05429353169446016,-1.432736003828183,50.94,1,year
BLZ,Belize,2016,0.663427167917601,-0.0187414958130319,7.0,0.39,9.84091010965423,2.0,376735092.705477,-7.29844356817202,1.5250111773453492,-2.779001769415332,50.85,1,gdp_growth
ARG,Argentina,2019,53.5483043492339,-2.00086100285785,9.843,2.16,67.2541666666667,48.1478916666667,44880566052.3703,-0.779998447561848,19.271080636133604,0.6165354599625301,50.84,1,gdp_growth
PRY,Paraguay,2020,1.76751592356698,-0.819785390971916,7.548,0.37,13.5373144065709,6771.09742519652,9202411639.30502,2.38698954162833,-0.9895813520607699,-0.41793029029190604,50.74,1,gdp_growth
BLZ,Belize,2017,1.14765339305816,-1.83323729057784,6.596,1.0,9.4625,2.0,312140148.194318,-6.97409797709741,0.484226225140559,-1.8144957947648082,50.73,1,gdp_growth
CSS,Caribbean small states,2017,1.6992957045984,-0.750655745538538,8.24674002522057,1.0,12.0,3.130749999,787924742.251979,-2.61491577935683,1.296674007773443,2.336742407219422,50.63,1,gdp_growth
SWE,Sweden,2023,8.5486248974891,-0.204061304891439,7.611,5.03,12.0,10.6101612965536,60862760991.0537,6.22102368947912,0.17933390879720967,-1.459497509349599,50.62,1,gdp_growth
LSO,Lesotho,2019,5.18708359197982,-1.41799383085205,16.876,2.16,11.3335833333333,14.4484270548333,774095190.47731,-7.45753439541607,0.4352805757324205,0.06263932763035984,50.56,1,gdp_growth
BRN,Brunei Darussalam,2022,3.68225030604216,-1.62833154515108,5.191,1.69,5.5,1.37895639652216,5034739047.43322,19.5161890419121,1.94883642153623,-0.03756894415501999,50.56,1,gdp_growth
VIR,Virgin Islands (U.S.),2020,5.582586059593455,-1.61493817814787,14.366,0.37,12.0,1.0,787924742.251979,-2.61491577935683,-0.05429353169446016,-4.5232736754213,50.38,1,gdp_growth
VIR,Virgin Islands (U.S.),2022,5.582586059593455,-1.31123206333498,12.092,1.69,12.0,1.0,787924742.251979,-2.61491577935683,-0.05429353169446016,-4.97883914207312,50.38,1,gdp_growth
ZWE,Zimbabwe,2021,98.5461050920624,8.46801676808001,9.54,0.08,45.4766666666667,88.5524472597436,838780244.641997,0.843384712102206,-458.65571226998856,16.2849673699673,50.38,1,inflation
LDC,Least developed countries: UN classification,2020,4.33296874711709,-0.181011978205504,5.60086950090988,0.37,12.0,3.130749999,787924742.251979,-2.61491577935683,1.0104099345478401,-5.005611113883874,50.3,1,gdp_growth
LVA,Latvia,2023,8.9380462331663,-0.941606068823631,6.465,5.03,12.0,0.924839558470698,4956647380.01986,-3.88711545837935,-8.372236786715199,-2.850140259121641,50.26,1,gdp_growth
CUW,Curacao,2018,2.58368756641814,-2.10411133101029,6.571,1.83,12.0,1.79,787924742.251979,-26.6788619613119,0.9980995494146898,-0.8279032301607898,50.02,1,gdp_growth
LBY,Libya,2016,25.853874212446,-1.4909411172622,19.559,0.39,12.0,1.39036867889833,70191441968.8814,-9.42697758493981,15.451580853630901,-0.648284865143357,50.01,1,gdp_growth
NIC,Nicaragua,2020,3.68181341625572,-2.23654176262323,6.18,0.37,11.1753990283182,34.3421221197024,3211903361.95717,3.77325208673091,-1.6944764921855398,0.6603281046657803,49.98,0,gdp_growth
KEN,Kenya,2020,5.40516207933392,-0.272766327438816,5.613,0.37,11.9957846171539,106.450780158517,8297263558.90541,-3.2691100706529,0.1655241216859995,-5.3869251851168265,49.85,0,gdp_growth
NGA,Nigeria,2024,33.2416590552749,4.07106650147703,3.045,5.14,12.0,1478.96519740023,40405994024.7986,7.5441345734549,8.5821088521609,0.7551628203626497,49.66,0,inflation
BRB,Barbados,2019,1.67662473276988,0.241099789148677,8.41,2.16,8.05,2.0,772118649.502051,-2.61491577935683,-1.4293809914360198,0.49318511497652595,49.65,0,gdp_growth
PNG,Papua New Guinea,2020,4.87167398565555,-3.16743204434815,2.903,0.37,7.70083333333333,3.45997438644787,2686185780.88876,14.3372352654886,0.9430010762595806,-7.64794661377397,49.65,0,gdp_growth
ASM,American Samoa,2016,5.582586059593455,-1.67938931297709,6.571,0.39,12.0,1.0,787924742.251979,-2.61491577935683,-0.05429353169446016,-4.82899561218968,49.63,0,gdp_growth
ASM,American Samoa,2021,5.582586059593455,-0.782472613458523,6.571,0.08,12.0,1.0,787924742.251979,-2.61491577935683,-0.05429353169446016,-5.194237319340884,49.63,0,gdp_growth
KNA,St. Kitts and Nevis,2017,0.694916711613604,0.220941147299996,6.571,1.0,9.0925,2.7,365098328.465168,-10.2532816485858,1.381953834907643,-3.711762045432824,49.55,0,gdp_growth
PAK,Pakistan,2020,9.74011619320125,-1.27408744338709,5.994,0.37,10.7577494267999,161.838479684718,18521734363.9531,-0.216650637871501,-0.8379143740012509,-3.77172437282074,49.46,0,gdp_growth
BRN,Brunei Darussalam,2018,1.02505179290212,0.0523710418528935,8.7,1.83,5.5,1.34891856542537,3407126454.77295,6.92823103770899,2.28555743919172,-1.2763555687253365,49.43,0,gdp_growth
NLD,Netherlands,2020,1.27246037789161,-3.86799714191608,3.82,0.37,12.0,0.875506396987998,53971404675.3332,5.72296366531146,-1.3612387246043,-6.16815874728198,49.43,0,gdp_growth
NRU,Naoero,2023,5.582586059593455,-0.719424460431725,6.571,5.03,12.0,1.50519106560508,787924742.251979,1.19020279327914,-0.05429353169446016,-0.719424460431725,49.34,0,gdp_growth
HTI,Haiti,2019,18.7037825672506,-1.72309699839232,14.095,2.16,14.1216666666667,88.8149661769193,2355488437.86306,-1.12265260280797,6.222371450207099,-3.39090795323888,49.07,0,gdp_growth
MEX,Mexico,2020,3.39683415570006,-8.35403459379062,4.44,0.37,6.34166666666667,21.4856083333333,199069188921.046,2.39710320563074,-0.23912726557039976,-7.961344080500089,49.06,0,gdp_growth
KWT,Kuwait,2020,2.101729548274,-4.81731593381585,3.489,0.37,4.13990833333333,0.306233121756716,52918606999.3546,19.8384588490022,1.0098815217154402,-7.081132999773761,49.02,0,gdp_growth
EST,Estonia,2024,3.5194118998392,-0.0900428648493801,7.6,5.14,12.0,0.923889546117607,2074505152.71104,-1.25778430854441,-5.639813180000619,2.65417628086293,48.98,0,gdp_growth
LAC,Latin America & Caribbean (excluding high income),2019,2.50460959460401,0.182794027991264,8.0031866353429,2.16,12.0,3.130749999,787924742.251979,-2.61491577935683,-0.8978922001163703,-0.969503522428086,48.98,0,gdp_growth
KHM,Cambodia,2020,2.9402951426397,-3.55572193406549,0.172,0.37,12.0,4092.78321900878,21328475092.6612,-1.00006150750614,0.9977201343086299,-11.49267206995073,48.95,0,gdp_growth
CUW,Curacao,2017,1.58558801700345,-1.2762081008495,6.571,1.0,12.0,1.79,787924742.251979,-22.4080601133126,1.6327960018974792,-0.20849961429673014,48.9,0,gdp_growth
CUW,Curacao,2016,-0.0472079848940293,-1.06770848655277,6.571,0.39,12.0,1.79,787924742.251979,-19.3487660234797,0.4293340649073757,-1.525860030712816,48.9,0,gdp_growth
BMU,Bermuda,2019,5.582586059593455,0.307106461240664,6.571,2.16,12.0,1.0,787924742.251979,11.2979726598327,-0.05429353169446016,0.739907761579971,48.8,0,year
FJI,Fiji,2019,1.79388647514555,-0.581946590349759,4.661,2.16,6.02745671637929,2.16039311531464,1043304264.01736,-11.7772709740163,-2.2875899012998797,-4.394297529861759,48.8,0,gdp_growth
PSE,West Bank and Gaza,2023,5.87110177678988,-0.97217780620403,6.571,5.03,12.0,3.130749999,1323200000.0,-15.5371822753305,2.12987785826911,-5.05493807967508,48.78,0,gdp_growth
LTE,Late-demographic dividend,2020,1.93694126694223,0.235409361022192,5.93153762506637,0.37,12.0,3.130749999,787924742.251979,-2.61491577935683,-0.23299307162155025,-4.511824207549398,48.77,0,gdp_growth
VUT,Vanuatu,2020,5.32935073101715,-5.72530282073851,4.046,0.37,9.76083333333333,115.38,613636752.088083,-5.68678771450503,2.5668305371560396,-9.00207539454165,48.65,0,gdp_growth
ECA,Europe & Central Asia (excluding high income),2020,2.74615078213777,0.29079640989535,9.26814225066227,0.37,12.0,3.130749999,787924742.251979,-2.61491577935683,0.1028688549422303,-2.32843035241684,48.61,0,gdp_growth
MYS,Malaysia,2020,-1.1387021539305,-5.45684658426701,4.54,0.37,3.94420769234615,4.20348194851884,107643865229.363,4.18956779359845,-1.801594019694826,-9.870034005562871,48.57,0,gdp_growth
SWE,Sweden,2022,8.36929098869189,1.25543620445816,7.417,1.69,12.0,10.114251277564,64288785008.4922,4.02280803536862,6.20609362422046,-3.9704280984191396,48.51,0,year
TUV,Tuvalu,2021,5.582586059593455,0.0,6.571,0.08,12.0,1.33122425957081,787924742.251979,28.2644481240152,-0.05429353169446016,3.03030303030303,48.42,0,year
FIN,Finland,2025,0.337874659400574,0.173444509584499,9.461,4.21,12.0,0.88496895841236,22457097709.867,1.33573789571074,-1.227814402915586,-0.201122058953928,48.38,0,gdp_growth
JPN,Japan,2020,-0.024995834027731,-4.28327942675573,2.809,0.37,12.0,106.774582262437,1390808939303.36,2.8911777788158,-0.493771993411681,-3.974782505612471,48.29,0,gdp_growth
HUN,Hungary,2023,17.1249659678737,-0.817107370513455,4.096,5.03,15.3020823180167,353.088333333333,45718623573.4135,-0.0079800202445819,2.5168220186304,-4.969487948305745,48.2,0,gdp_growth
ARE,United Arab Emirates,2020,-2.07940317940944,-8.69343363776639,4.294,0.37,12.0,3.6725,106701571777.291,-2.61491577935683,-0.14832203158770985,-9.964724843129229,48.18,0,gdp_growth
FIN,Finland,2024,1.56568906231616,0.374566568538427,8.4,5.14,12.0,0.923889546117607,17992892153.4528,-0.432631418354181,-4.68495415923147,1.664301413072397,47.86,0,gdp_growth
LCN,Latin America & Caribbean,2019,2.18225589066245,0.317364964426716,8.00061467672947,2.16,12.0,3.130749999,787924742.251979,-2.61491577935683,-0.19726144294243975,-0.905552891141864,47.86,0,gdp_growth
TLA,Latin America & the Caribbean (IDA & IBRD countries),2019,2.09604635327807,0.295159946142377,8.10633851896146,2.16,12.0,3.130749999,787924742.251979,-2.61491577935683,-0.22809850040113977,-1.012565867322903,47.86,0,gdp_growth
GNQ,Equatorial Guinea,2024,2.92140227309103,0.39622552095193,8.293,5.14,12.0,606.345297609063,1076807833.41514,-2.61491577935683,0.061907212717809745,7.82128083816433,47.82,0,gdp_growth
RUS,Russian Federation,2016,7.04243725413707,0.193671130698817,5.591,0.39,12.5983333333333,67.0559333333333,377052204307.945,1.91643731021353,-8.49195873943303,2.1663903571286167,47.78,0,gdp_growth
LUX,Luxembourg,2024,2.05113269954859,0.358614003982225,6.4,5.14,12.0,0.923889546117607,2789187309.62034,7.19327054062351,-1.69027092028277,0.25917694457831386,47.78,0,gdp_growth
MDG,Madagascar,2020,4.20179312190557,-7.13767162064489,3.292,0.37,48.8666666666667,3787.75405817574,1980766598.34546,-4.77842292738284,-1.40872129301808,-11.54890374974078,47.63,0,gdp_growth
PHL,Philippines,2020,2.3931623931624,-9.51829474045297,2.522,0.37,12.0,49.6240960026328,109990274218.874,3.20065009232565,0.0010970489383601567,-15.636820402666,47.51,0,gdp_growth
ASM,American Samoa,2019,5.582586059593455,-0.487804878048777,6.571,2.16,12.0,1.0,787924742.251979,-2.61491577935683,-0.05429353169446016,-3.158923408933577,47.48,0,gdp_growth
GRP,Upper middle income,2020,1.8903591682421,-0.502919871037122,6.47637385311808,0.37,12.0,3.130749999,787924742.251979,-2.61491577935683,-0.05429353169446016,-0.12833054667881386,47.43,0,gdp_growth
NZL,New Zealand,2024,2.92279782301957,-0.868722371893952,4.724,5.14,12.0,1.65230833333333,22065156553.5373,-4.62952800849341,-2.8103650073299997,-2.682616906014142,47.23,0,gdp_growth
ARG,Argentina,2016,5.582586059593455,-2.08032784377811,8.088,0.39,31.2325,14.7581750873396,38414518491.6132,-2.70922168361454,-0.05429353169446016,-4.81148767206755,47.15,0,gdp_growth
EMU,Euro area,2023,5.94643667725823,0.460070365687699,6.52267389015226,5.03,12.0,0.924839558470698,1267634549019.0,-2.61491577935683,-2.600433254626349,-3.2046146096398314,47.13,0,year
PLW,Palau,2018,2.10970464135017,-0.417625859260369,6.571,1.83,12.0,1.0,787924742.251979,-18.6421638139119,0.69171644468097,3.0038058424885214,47.07,0,gdp_growth
VUT,Vanuatu,2021,2.34328358208953,-1.16332488626091,4.776,0.08,9.33333333333333,109.448333333333,664751367.261715,-6.89789620099998,-2.98606714892762,4.5619779344776,47.03,0,gdp_growth
LKA,Sri Lanka,2023,16.5411742279832,-2.0289296690344,4.528,5.03,12.0,327.506533333333,4405117005.00662,1.71159541534782,-33.1799278834495,5.32026344243216,46.95,0,gdp_growth
NGA,Nigeria,2016,15.6968126387972,-1.61686894903467,4.499,0.39,16.8680157641191,253.492,28020197619.3379,1.25472098152786,6.6873776587201395,-4.26956224445246,46.94,0,gdp_growth
MDA,Moldova,2022,28.7372976766236,-4.64785101037361,0.909,1.69,11.7966666666667,18.8971896198157,4474190590.35256,-17.0894479797469,23.630886386595243,-18.57785079935221,46.92,0,gdp_growth
AUS,Australia,2020,0.846900734607273,-0.133531904304775,6.394,0.37,12.0,1.45308511847016,42544629264.9892,1.64272242623869,-0.763870194519727,-2.327548940531945,46.87,0,gdp_growth
AUT,Austria,2024,2.93791574279376,-0.659089573171372,5.2,5.14,12.0,0.923889546117607,35405523062.0747,1.53088550116276,-4.87621842723455,0.12715471542330103,46.68,0,gdp_growth
ARM,Armenia,2016,-1.403607559009,0.199999999825991,17.617,0.39,17.3567061146333,480.488150777966,2204113991.25512,-0.956577968660234,-5.13529875162593,-2.9999999991402593,46.68,0,gdp_growth
FIN,Finland,2023,6.25064322154763,-1.28973484453397,7.149,5.03,12.0,0.924839558470698,16928692296.6914,-0.926076349882943,-0.8728645114664895,-2.052776757297496,46.6,0,gdp_growth
GBR,United Kingdom,2020,0.989486703772491,-10.047896637362,4.472,0.37,12.0,0.779999576697153,180054101389.553,-2.92883387550299,-0.7486178970926389,-11.30419563497024,46.56,0,gdp_growth
LUX,Luxembourg,2023,3.74140361983136,0.0994370594039111,5.184,5.03,12.0,0.924839558470698,2977386520.9864,6.8519368442551,-2.59460445794783,1.196849622342101,46.51,0,gdp_growth
TTO,Trinidad and Tobago,2016,3.07066742464024,-7.53636305379372,3.207,0.39,9.0,6.66896666666667,9464961137.25085,-3.28637045850336,-1.5905485563424002,-7.130079765063228,46.5,0,gdp_growth
KNA,St. Kitts and Nevis,2021,1.195688870384,0.367606879216311,6.571,0.08,7.14461925,2.7,337532614.294912,-3.35211367910692,2.36293388807753,15.669496053281211,46.4,0,gdp_growth
DEU,Germany,2020,0.144877925813982,-4.13191443239947,3.881,0.37,12.0,0.875506396987998,268408603348.679,6.34782686016016,-1.3007818430685478,-5.109649129438254,46.32,0,gdp_growth
MOZ,Mozambique,2025,4.3684695014615,-0.523485382072337,6.628,4.21,17.5333333333333,3.130749999,787924742.251979,-2.61491577935683,0.28990115334127964,-2.672410373425887,46.31,0,gdp_growth
GRC,Greece,2016,-0.825653978390973,-0.0317947678412054,23.514,0.39,12.0,0.903421436257263,6851247713.21209,-2.30350655253684,0.910234069261867,0.19650712433164558,46.29,0,gdp_growth
DNK,Denmark,2022,7.6965669988926,0.443832614908331,4.434,1.69,12.0,7.0761518625,96072552269.3927,11.1530363234679,5.84352155899571,-6.056421842654619,46.27,0,year
AZE,Azerbaijan,2023,8.78543049849081,1.35447749115767,5.64,5.03,13.9648868370787,1.7,13748751031.513,11.5001296207861,-5.066828515935891,-3.36020284131882,46.22,0,year
LVA,Latvia,2024,1.26579885828729,-0.0370556648288982,6.9,5.14,12.0,0.923889546117607,5140826261.28181,-1.56330652007996,-7.67224737487901,0.9045504039947327,46.19,0,gdp_growth
PLW,Palau,2019,0.26737967914444,0.300684343692609,6.571,2.16,12.0,1.0,787924742.251979,-30.4351064358016,-1.84232496220573,0.718310202952978,46.14,0,gdp_growth
MMR,Myanmar,2021,5.582586059593455,-12.0163724829177,4.34,0.08,12.0,3.130749999,9103432838.71698,-2.61491577935683,-0.05429353169446016,-2.9680253030712684,46.13,0,gdp_growth
ISL,Iceland,2024,5.85683849970072,-1.2828764442695,3.6,5.14,12.4573766403134,137.958025978154,6402950468.75603,-3.24001683583074,-2.8794644996722596,-6.3151361818937,46.12,0,gdp_growth
SGP,Singapore,2020,-0.172111865925382,-3.61084281729929,4.1,0.37,5.25,1.37974166666667,369834181899.806,17.6975168735289,-0.7399418543308289,-4.76962229030037,46.07,0,gdp_growth
PRI,Puerto Rico (US),2016,5.582586059593455,-1.26369434781117,11.8,0.39,12.0,1.0,787924742.251979,-2.61491577935683,-0.05429353169446016,-0.21440431542442995,45.82,0,gdp_growth
VIR,Virgin Islands (U.S.),2017,5.582586059593455,-0.735294117647058,11.445,1.0,12.0,1.0,787924742.251979,-2.61491577935683,-0.05429353169446016,-2.336147906334358,45.82,0,gdp_growth
HKG,"Hong Kong SAR, China",2022,1.88136707196853,-3.68528359281325,4.318,1.69,5.10416666666667,7.83141666666666,424029810371.016,10.1833824243169,0.3126087275093101,-10.13971397615259,45.78,0,gdp_growth
AGO,Angola,2019,17.080954143438,-1.05523414494337,16.497,2.16,19.295367205655,364.825804980887,16334853784.0603,6.32732303026131,-2.547983826714102,-0.5485366013272139,45.68,0,gdp_growth
IRQ,Iraq,2023,4.35835351089595,0.517705525140073,15.239,5.03,12.0,1312.5,112232897713.46,10.5528397110428,-0.6364124529143504,-7.441342524762047,45.68,0,year
AGO,Angola,2018,19.6289379701521,-0.506697543616156,16.602,1.83,20.6770040277157,252.855747731297,15410405365.47,8.1791278570017,-10.2155419314158,-0.34200888665508,45.58,0,gdp_growth
GUM,Guam,2018,5.582586059593455,-0.828231904933389,5.45,1.83,12.0,1.0,787924742.251979,-2.61491577935683,-0.05429353169446016,-1.718331814106875,45.56,0,gdp_growth
PRI,Puerto Rico (US),2025,5.582586059593455,0.317670046196895,5.991,4.21,12.0,1.0,787924742.251979,-2.61491577935683,-0.05429353169446016,-2.859405501652065,45.46,0,year
IMN,Isle of Man,2023,5.582586059593455,-2.03524496955581,6.571,5.03,12.0,0.804538906734353,787924742.251979,-2.61491577935683,-0.05429353169446016,2.13323225511172,45.45,0,gdp_growth
SMR,San Marino,2017,1.01413313194508,0.258259899709444,6.571,1.0,4.06655,0.88520550826938,359153967.380821,-0.391282479269208,0.3700577915985279,-2.0861522183951458,45.39,0,gdp_growth
TCD,Chad,2016,-0.792440525236102,-4.12250332637034,1.091,0.39,12.0,592.605615063022,8184292.08845216,-2.61491577935683,-5.169567175892642,-7.42666312416839,45.24,0,gdp_growth
HPC,Heavily indebted poor countries (HIPC),2020,3.47617372722187,0.003077720499121,5.02089641432522,0.37,12.0,3.130749999,787924742.251979,-2.61491577935683,0.6410281703468099,-4.200578430953499,45.18,0,gdp_growth
MOZ,Mozambique,2020,3.48393567493204,-1.21952250011192,5.019,0.37,17.075,69.465,4075392951.36618,-24.9913481328696,0.68123259565093,-3.53733644832667,44.8,0,gdp_growth
GRL,Greenland,2017,5.582586059593455,0.0527281828800312,6.571,1.0,12.0,6.60289346561404,787924742.251979,-2.61491577935683,-0.05429353169446016,-4.629225926842989,44.69,0,year
PRY,Paraguay,2022,9.76556667164402,-0.0280771723899278,6.755,1.69,12.0,6982.75237776692,9518826116.61083,-6.45181312894917,4.9775835704080205,-4.022692279705278,44.68,0,gdp_growth
CUB,Cuba,2020,5.582586059593455,-10.9494359030206,2.233,0.37,12.0,3.130749999,787924742.251979,-2.61491577935683,-0.05429353169446016,-10.786348679413976,44.66,0,gdp_growth
NAM,Namibia,2017,6.14579981111164,-1.02724808856709,21.748,1.0,10.0267531057121,13.3129,2432221196.06343,-4.42059051747783,-0.5827825348217397,-1.0610425387734195,44.63,0,gdp_growth
AND,Andorra,2017,5.582586059593455,0.346071889630295,6.571,1.0,12.0,3.130749999,787924742.251979,-2.61491577935683,-0.05429353169446016,-3.363606180159565,44.61,0,year
NCL,New Caledonia,2019,5.582586059593455,-1.39999999506659,10.88,2.16,12.0,106.588933804405,787924742.251979,-2.61491577935683,-0.05429353169446016,-1.799999995066596,44.6,0,gdp_growth
HTI,Haiti,2021,16.8415240198785,-1.79823988931486,15.296,0.08,13.3475,89.2266365116304,2457439221.85644,0.422336531055296,-5.954787344374303,1.5072655803440702,44.5,0,gdp_growth
SYR,Syrian Arab Republic,2017,18.0752696281771,-0.723346297115341,13.603,1.0,12.0,492.610833333333,787924742.251979,-2.61491577935683,-29.6298919017152,5.682338671558529,44.5,0,gdp_growth
SWZ,Eswatini,2022,5.582586059593455,0.386070835562705,36.472,1.69,8.5,16.3622830559282,452351748.185594,-2.96992116038183,-0.05429353169446016,-3.8501483005914854,44.45,0,year
MAC,"Macao SAR, China",2019,2.75193081051975,-2.4609094006739,1.73,2.16,5.35664740505193,8.07047033333333,22214954000.0,32.7637118471264,-0.25253212114977996,-8.820079706350759,44.44,0,gdp_growth
NAM,Namibia,2016,6.72858234593338,0.0337944502063294,23.352,0.39,9.84443259260222,14.7087666666667,1833673822.03675,-16.4970881327639,3.33456696182779,-4.2303800874304205,44.35,0,gdp_growth
CZE,Czechia,2020,3.1612952849781,-5.30487955463876,2.55,0.37,3.34430704292427,23.21025,166125554207.071,1.78520080795831,0.3134193257976903,-8.87065613592137,44.33,0,gdp_growth
KNA,St. Kitts and Nevis,2024,5.582586059593455,0.312226855858171,6.571,5.14,6.450589,2.7,294747744.694362,-12.189028494118,-0.05429353169446016,-2.7090484054346593,44.29,0,year
LBY,Libya,2024,2.12615766885021,1.89995052025442,19.085,5.14,12.0,4.83220833333333,92893708178.1604,-2.61491577935683,-0.24701764550159,-8.30009926499728,44.27,0,inflation
NCL,New Caledonia,2021,5.582586059593455,-2.0999999972552,11.574,0.08,12.0,100.880222566186,787924742.251979,-2.61491577935683,-0.05429353169446016,0.30000000966624984,44.23,0,gdp_growth
NRU,Naoero,2020,5.582586059593455,1.57480314960559,6.571,0.37,12.0,1.45308511847016,787924742.251979,2.59265187144067,-0.05429353169446016,-6.972205397402809,44.21,0,year
CAN,Canada,2023,3.87900159788426,1.95308552199025,5.415,5.03,12.0,1.3499086407939,117550899244.64,-0.693744929649431,-2.92379955553187,-2.74233432846878,44.17,0,year
TUR,Turkiye,2019,15.1768215720022,1.30162365464503,13.73,2.16,12.0,5.67381930843574,105619672447.934,1.9351600379275,-1.1556423268906997,-2.16652940627716,44.07,0,year
EUU,European Union,2023,6.29942487419125,0.4380089249495,6.02643653344515,5.03,12.0,3.130749999,787924742.251979,-2.61491577935683,-2.5342739933032705,-3.12654618135512,43.96,0,year
NOR,Norway,2023,5.51784987104659,0.352695581319765,3.574,5.03,5.30833333333334,10.5633333333333,80459096008.3425,17.1705757999469,-0.2462733074761294,-3.727702125272645,43.95,0,year
DEU,Germany,2023,5.94643667725823,-0.869647578573321,3.071,5.03,12.0,0.924839558470698,322699586274.527,5.50327392607703,-0.9261377082527398,-2.6789057028794208,43.83,0,gdp_growth
CEB,Central Europe and the Baltics,2020,1.67244096855756,-3.30110758026468,4.3496421220328,0.37,12.0,3.130749999,787924742.251979,-2.61491577935683,-0.99212036569684,-7.33343372187181,43.78,0,gdp_growth
PSS,Pacific island small states,2020,0.386388224517504,-10.2465615365926,3.30655660526839,0.37,12.0,3.130749999,787924742.251979,-2.61491577935683,-1.020811169652736,-11.4098002552385,43.78,0,gdp_growth
TUR,Turkiye,2022,72.3088359891207,5.44122511322401,10.465,1.69,12.0,16.5488604173067,128735003395.893,-4.99763806227356,52.712343297788294,-6.3698693373829895,43.74,0,inflation
PLW,Palau,2022,12.3526638378124,-0.462879543823192,6.571,1.69,12.0,1.0,787924742.251979,-47.317903399214,9.7401819800476,11.451760475383209,43.72,0,gdp_growth
KWT,Kuwait,2017,2.17183298510006,-4.71222270495362,2.23,1.0,4.69493333333333,0.303349758333333,36889754716.8625,6.42748123295125,-1.02656478148368,-7.6382985475175,43.69,0,gdp_growth
LBR,Liberia,2020,16.9557241496255,-2.98249127649473,4.102,0.37,12.0,191.517957643463,340965880.534905,-10.3043027389936,-10.010551870162299,-0.5151936411678699,43.48,0,gdp_growth
AZE,Azerbaijan,2025,5.62208788068338,1.44985591122698,5.457,4.21,15.3356973696651,1.7,13555767940.9545,4.57619393620153,3.40991599148437,-2.7082120930536404,43.38,0,year
STP,Sao Tome and Principe,2023,21.2589138473,0.372252775001456,9.032,5.03,17.8140694444444,22.6584247888496,46247347.8884686,3.02606172743453,3.2532787350159005,0.203554282784892,43.34,0,year
MAC,"Macao SAR, China",2022,1.04502802369954,-18.956941494497,2.446,1.69,5.34309825057094,8.06520608333333,25970915000.0,11.9781877490401,1.0185736589939896,-41.4191434968332,43.33,0,gdp_growth
ITA,Italy,2023,5.62219442195901,0.922796543670316,7.627,5.03,4.89248125,0.924839558470698,247396414253.983,0.251900586596722,-2.579095489658169,-3.8983801554653343,43.28,0,year
TTO,Trinidad and Tobago,2017,1.88038440183532,-4.87274946918724,3.389,1.0,9.0,6.779525,8369757249.16876,5.91333517535429,-1.1902830228049202,2.6636135846064803,43.09,0,gdp_growth
AZE,Azerbaijan,2017,12.9359184187335,0.153614661745507,5.0,1.0,16.5425,1.72115480222734,7026285830.44112,4.12208960991814,0.49254356029629953,3.217213084262567,42.91,0,year
FSM,"Micronesia, Fed. Sts.",2018,1.49840023593737,0.406504065040664,6.571,1.83,15.7,1.0,203528219.216567,-2.61491577935683,0.91614650068248,-1.6681847316398262,42.73,0,gdp_growth
BLZ,Belize,2023,4.38984017487675,0.500127941638667,8.278,5.03,8.4375,2.0,473729034.128496,-0.647046395801411,-1.8870530195986897,-8.750385353671273,42.44,0,gdp_growth
TTO,Trinidad and Tobago,2020,0.598986330824643,-8.78879817831519,4.206,0.37,6.555,6.75105268711505,6953756951.24419,-6.49357154648654,-0.40155659944772704,-9.256532707171075,42.34,0,gdp_growth
ZAF,South Africa,2024,4.36115246518962,0.534843531905139,32.279,5.14,11.625,18.3286575505,65434957159.2265,-0.64279979707505,-1.7140913806069804,-0.271261019052901,42.28,0,year
THA,Thailand,2020,-0.846087518861799,-6.09306312966953,1.099,0.37,3.2925,31.2936732130832,258104429788.605,4.1441730948501,-1.551612320772116,-8.20762092595231,42.11,0,gdp_growth
NLD,Netherlands,2023,3.83839354342808,-0.598061017580278,3.535,5.03,12.0,0.924839558470698,69829689143.2849,9.41409249872006,-6.16281433191922,-5.605295551531018,41.99,0,gdp_growth
GRP,Low income,2020,5.60188791482224,0.270078071528431,5.80412040229029,0.37,12.0,3.130749999,787924742.251979,-2.61491577935683,-0.05429353169446016,-0.12833054667881386,41.69,0,year
MWI,Malawi,2024,32.1796504225025,1.6734340852915,5.051,5.14,37.0641666666667,3.130749999,787924742.251979,-18.7878927787052,3.389907597772698,-0.27231873146833996,41.65,0,year
NPL,Nepal,2016,8.7903433200464,0.433113719381524,10.714,0.39,12.0,107.383815174654,8734510298.83136,-0.684346638551882,0.9214343641374905,-3.5429395522481864,41.65,0,gdp_growth
CHL,Chile,2019,2.55754475703327,0.644223402631923,7.493,2.16,12.0,702.897422561529,40655524238.3282,-5.21201190646601,0.12265494350269979,-3.3458060752678467,41.64,0,gdp_growth
MAC,"Macao SAR, China",2020,0.811410511491512,-54.4020925789353,2.542,0.37,5.26109735335453,7.98906191666666,25144935000.0,13.0367103387984,-1.9405202990282382,-51.941183178261404,41.61,0,gdp_growth
NRU,Naoero,2024,5.582586059593455,1.44927536231899,6.571,5.14,12.0,1.51535803855596,787924742.251979,5.79750700742541,-0.05429353169446016,2.168699822750715,41.61,0,year
NPL,Nepal,2023,7.11587261530826,1.98254843461849,10.437,5.03,12.0,132.115460088756,12456122668.8948,2.45040193651298,-0.5543331784945398,-3.6487661222266103,41.58,0,year
PRI,Puerto Rico (US),2021,5.582586059593455,0.385222719529239,7.9,0.08,12.0,1.0,787924742.251979,-2.61491577935683,-0.05429353169446016,4.5660970288638385,41.55,0,year
IDN,Indonesia,2020,1.91983527270793,-2.06551182934165,4.255,0.37,9.54416666666667,14582.2034678177,135915917616.263,-0.418606247736126,-1.1107493367086798,-7.084799509804469,41.53,0,gdp_growth
GUM,Guam,2016,5.582586059593455,0.18198362147406,5.4,0.39,12.0,1.0,787924742.251979,-2.61491577935683,-0.05429353169446016,-0.643704451920428,41.3,0,year
TUV,Tuvalu,2018,5.582586059593455,1.38668386152332,6.571,1.83,12.0,1.33841214646451,787924742.251979,60.9075410272212,-0.05429353169446016,-1.8813452788081002,41.25,0,year
MDA,Moldova,2020,3.76597122245358,-8.27597831976949,1.206,0.37,8.18,17.3218352091831,3783579237.84116,-7.6900486921726,-1.07181229183371,-11.82829240511709,41.22,0,gdp_growth
IMN,Isle of Man,2019,5.582586059593455,0.254877847398262,6.571,2.16,12.0,0.783445110011929,787924742.251979,-2.61491577935683,-0.05429353169446016,-1.9585196918268382,41.19,0,year
KWT,Kuwait,2023,3.64216403030709,-1.64087799968877,2.08,5.03,4.92779166666667,0.30718535125088,52619359334.9437,31.0620887768465,-0.3384855895960399,-8.39954511935494,41.19,0,gdp_growth
COL,Colombia,2023,11.7359044948689,0.841819555752039,9.591,5.03,21.0306368304862,4325.955,59040690523.7904,-2.26762349420469,1.5586731402522993,-6.486457738527751,41.18,0,year
LAO,Lao PDR,2023,31.2301341732646,3.74568140158232,1.186,5.03,12.0,17688.8735909054,1769745792.21118,2.55329592767602,8.273911660059,1.0382548751507703,41.13,0,inflation
TUR,Turkiye,2023,53.8594087593315,5.04512369812289,9.388,5.03,12.0,23.7385661219918,140868480001.696,-3.63367003503212,-18.449427229789194,-0.3961014151011195,41.08,0,inflation
NZL,New Zealand,2025,2.8397963180572,0.462871830681081,5.076,4.21,12.0,1.72010833333333,28152498623.6497,-3.61936128781643,-0.08300150496237002,1.331594202575033,41.05,0,gdp_growth
ESP,Spain,2019,0.699518994458648,1.96117850841711,14.104,2.16,12.0,0.893276257067409,74731427284.14,2.11978917805627,-0.975462374179342,-0.43423273637167004,41.0,0,year
ZAF,South Africa,2023,6.0752438457966,0.80610455095804,32.098,5.03,11.5,18.4502441785,62491675820.3129,-1.10356312207881,-0.9646288796682194,-1.2520320659638902,40.89,0,year
DZA,Algeria,2018,4.26999020467084,1.40000000088281,12.112,1.83,8.0,116.593791666667,87382910154.0942,-8.68941296193564,-1.3211257049457998,-0.09999999807306015,40.87,0,year
LKA,Sri Lanka,2019,3.52839358231811,-0.220483886824823,4.67,2.16,11.2441666666667,178.744925045848,7648305273.42442,-2.07126631647205,1.39335584518611,-2.530568141874153,40.85,0,gdp_growth
SYR,Syrian Arab Republic,2022,5.582586059593455,-0.20247264200475,13.245,1.69,12.0,2505.74691085873,787924742.251979,-2.61491577935683,-0.05429353169446016,-1.99216464176145,40.75,0,year
SLB,Solomon Islands,2020,2.96354992076065,-3.38125925839405,0.868,0.37,10.6825707369086,8.21341290967261,660995997.34991,-1.63132884568903,1.32869448063818,-5.1305117032535605,40.71,0,gdp_growth
ZAF,South Africa,2025,3.20550474112603,1.11462608103956,32.391,4.21,10.6875,17.8887489855833,76023398333.6109,-0.422766754018983,-1.15564772406359,0.5797825491344211,40.7,0,year
TEC,Europe & Central Asia (IDA & IBRD countries),2022,13.8522590144267,1.97113681599863,5.62584537984402,1.69,12.0,3.130749999,787924742.251979,-2.61491577935683,8.74584772439834,-5.62611997917812,40.68,0,year
TUR,Turkiye,2024,58.5064507300342,3.3276230893799,8.8,5.14,12.0,32.8058614432703,155548682878.169,-0.766008235540632,4.647041970702702,-1.7175006087429905,40.65,0,year
TUN,Tunisia,2023,9.32899597507865,0.184015548469745,15.106,5.03,12.0,3.10616666666667,9239745488.47506,-2.30371483601794,1.0225347306024197,-2.5682720615740653,40.65,0,gdp_growth
IRQ,Iraq,2021,6.04186489058043,1.5021807095434,16.173,0.08,12.0,1450.0,64231022302.7097,11.7148037882244,5.467702211154574,13.5389738055888,40.48,0,year
ARB,Arab World,2023,4.00025877060152,1.6487292798157,9.31338863204988,5.03,12.0,3.130749999,787924742.251979,-2.61491577935683,-1.17196211587454,-5.34794706301014,40.41,0,year
FRA,France,2023,4.8783572650844,1.43921494437743,7.335,5.03,12.0,0.924839558470698,240791742784.254,-1.04301703799496,-0.3440102186128495,-1.2775476974817,40.24,0,year
GRL,Greenland,2020,5.582586059593455,0.250789762104304,6.571,0.37,12.0,6.54215220416667,787924742.251979,-2.61491577935683,-0.05429353169446016,-2.5813878058825264,40.23,0,year
TUR,Turkiye,2025,34.8811629820306,3.60462514082589,8.52,4.21,12.0,39.4548130977983,185567690700.458,-2.61491577935683,-23.6252877480036,0.2770020514459901,40.18,0,inflation
ITA,Italy,2018,1.13748763600391,0.826646712344115,10.538,1.83,2.68,0.846772667108111,152361936421.553,2.57144669559437,-0.08904553045421015,-0.7770532405968951,40.17,0,inflation
ROU,Romania,2024,5.72140574354439,0.916003764382594,5.4,5.14,8.76207529347297,4.598375,73391248091.2734,-8.16757110224326,-4.675781732955209,-1.3417304011686162,40.1,0,year
ROU,Romania,2025,7.18903362292063,0.677829835052762,5.992,4.21,8.52155041563583,4.47053333333333,90648371894.6505,-7.90302624508594,1.4676278793762396,-0.23817392932983206,40.08,0,year
SWE,Sweden,2024,2.83581658224034,1.01779633304398,8.4,5.14,12.0,10.5676364344775,62569356006.7168,6.85769099152574,-5.71280831524876,1.2218576379354191,40.06,0,year
NCL,New Caledonia,2018,5.582586059593455,0.400000000000006,11.702,1.83,12.0,101.046821879543,787924742.251979,-2.61491577935683,-0.05429353169446016,-0.12833054667881386,40.0,0,year
DZA,Algeria,2019,1.95176821052892,0.899999999219148,12.302,2.16,8.0,119.353558333333,71795950714.9485,-8.76373598794008,-2.31822199414192,-0.500000001663662,39.99,0,year
TLS,Timor-Leste,2017,0.557215537430361,-3.18241522489195,4.254,1.0,13.2866666666667,1.0,544434360.995242,-21.3947164358606,1.895754299281991,-6.19234585042546,39.94,0,gdp_growth
COL,Colombia,2024,6.60908593728228,1.49330728771066,9.619,5.14,16.3744226380092,4074.43416666667,61897968642.424,-1.66760721722233,-5.12681855758662,0.6514877319586209,39.91,0,year
JAM,Jamaica,2024,5.41194447981659,-0.535039063867487,3.151,5.14,11.9964329707509,156.439540115298,5632916052.14541,3.08347028977771,-1.0621928668040397,-3.281383402934627,39.89,0,gdp_growth
LTU,Lithuania,2023,9.11731962390475,0.739537398185803,6.841,5.03,12.0,0.924839558470698,6168236355.74637,1.09311288313578,-10.58772652793465,-1.7257827333643072,39.84,0,year
TLS,Timor-Leste,2023,8.42035103310377,-18.1359049134472,1.525,5.03,10.7247153336773,1.0,825304004.273166,-9.25901088177511,1.4150415791059006,2.3865753180340015,39.74,0,gdp_growth
POL,Poland,2023,11.5289127961105,0.249610834017872,2.743,5.03,12.0,4.20366666666667,193783277723.378,1.53683077845046,-2.9005379614653,-5.005846139842488,39.65,0,unemployment
URY,Uruguay,2023,5.86910359896119,0.761749241321681,8.355,5.03,11.8954328669923,38.8239166666667,16256769466.6151,-2.95412894360151,-3.23527623179318,-3.8444807678856394,39.56,0,year
SUR,Suriname,2023,51.5873159600861,2.41659215006946,7.699,5.03,14.1728026115993,36.7758691666667,1346122670.63627,-3.68503407124078,-0.8587113161548956,0.010369794057280224,39.56,0,inflation
LBN,Lebanon,2017,4.32135218303191,0.903028464073813,10.258,1.0,8.29333333333333,1507.5,55411532096.3304,-22.8822040339123,5.104711807393418,-0.651520944495617,39.56,0,year
SVK,Slovak Republic,2022,12.7741463637611,0.544591632137454,6.143,1.69,12.0,0.949623753156941,10280260081.4338,-9.60893340616345,9.6245400645485,-5.111267174418046,39.48,0,year
ECU,Ecuador,2016,1.72826463324533,-0.687954245877947,4.597,0.39,12.0,1.0,4215553160.05677,0.911358774426504,-2.2383815993082496,-0.8076463551655589,39.42,0,gdp_growth
QAT,Qatar,2020,-2.5403150300476,-3.5576039896784,0.14,0.37,4.08648019909165,3.64,40972506521.4797,-2.06750647346493,-1.873673905186453,-4.245844944271072,39.4,0,gdp_growth
BDI,Burundi,2025,34.1339985744832,4.24010529884178,0.922,4.21,12.3743112233376,2943.1375,787924742.251979,-13.7148163176015,13.921506071698502,0.12783153489265953,39.38,0,inflation
LVA,Latvia,2022,17.3102830198815,1.90853419029801,6.815,1.69,12.0,0.949623753156941,4460033442.8517,-5.47922926578539,14.03445364556985,-5.03400754032791,39.18,0,year
EGY,"Egypt, Arab Rep.",2023,33.8847763115546,3.76028052279247,6.753,5.03,17.7583333333333,30.6264136980311,33070180836.1374,-3.17338763053558,19.989115334036804,-2.8275650859122003,39.15,0,year
URY,Uruguay,2018,7.60653360377047,0.164777608846705,8.336,1.83,12.201184744586,30.7252583333333,15556520867.2273,-0.459786698499486,1.38843977815187,-1.575598882573185,39.11,0,gdp_growth
BEL,Belgium,2025,2.46705543774613,0.983117967125935,5.906,4.21,12.0,0.88496895841236,56392530499.2024,-1.93191084971895,-0.6764359272542801,-0.11463587116109497,39.1,0,year
PRT,Portugal,2025,2.33601620316701,1.86448007464475,6.164,4.21,12.0,0.88496895841236,68839157118.0358,-2.61491577935683,-0.08011567475174974,-0.3501122483663399,39.1,0,year
VEN,"Venezuela, RB",2025,5.582586059593455,1.57068062827224,5.307,4.21,12.0,3.130749999,787924742.251979,-2.61491577935683,-0.05429353169446016,-3.9541812501808105,39.06,0,year
AUT,Austria,2025,3.52719439956928,0.615747280959056,5.582,4.21,12.0,0.88496895841236,53437030354.0066,1.79486379964928,0.5892786567755199,1.2748368541304278,39.05,0,inflation
BRN,Brunei Darussalam,2020,1.94031996607184,1.1335733495246,7.409,0.37,5.5,1.37970342971399,3997356505.31302,4.27887462216476,2.330842035237369,-2.73527101224615,38.94,0,inflation
ITA,Italy,2024,0.982373023061417,0.783039135276795,6.5,5.14,5.25244583333333,0.923889546117607,290547420426.359,1.09768567168063,-4.639821398897594,-0.13975740839352102,38.93,0,inflation
SUR,Suriname,2017,21.9969430173304,1.56603782534897,7.905,1.0,14.425,7.487661125,424603963.080103,1.92551128292716,-33.4154449589892,6.4776983344074806,38.9,0,year
LSO,Lesotho,2025,4.27011140706666,1.98256080770996,16.315,4.21,12.0,17.8887489855833,787924742.251979,-0.153144614537761,-1.8353348353836596,-3.2424729956510507,38.87,0,gdp_growth
MAR,Morocco,2022,6.65704202759067,1.81269242194809,9.413,1.69,12.0,10.1606602430359,32314245660.4383,-3.6574911910038,5.25508318797061,-6.342046476288719,38.87,0,year
FRA,France,2025,0.943770212469976,0.840949955479587,7.542,4.21,12.0,0.88496895841236,428208373515.726,-0.274343403515968,-1.055279210444654,-0.3495180272792431,38.77,0,inflation
GBR,United Kingdom,2023,6.79396706793963,0.271650048355255,4.025,5.03,12.0,0.804538906734353,177915356242.234,-3.57676183842871,-1.1280817635393898,-4.878053836874675,38.68,0,year
GRD,Grenada,2019,0.598149764736022,0.676511738873756,6.571,2.16,7.57102791666667,2.7,236325345.085472,-10.3282132272823,-0.20595254854101097,-3.684928654774214,38.66,0,year
MWI,Malawi,2025,28.3702565330281,1.88518707821663,5.072,4.21,12.0,3.130749999,787924742.251979,-2.61491577935683,-3.8093938894743964,0.21175299292513006,38.64,0,year
SWE,Sweden,2025,0.679869285243995,1.54316373266217,8.694,4.21,12.0,9.82070570950185,74195224037.4302,6.05502404848928,-2.1559472969963447,0.52536739961819,38.56,0,year
PSS,Pacific island small states,2021,2.47788271992717,-2.62004384629151,3.35468526106548,0.08,12.0,3.130749999,787924742.251979,-2.61491577935683,2.091494495409666,7.626517690301089,38.54,0,gdp_growth
SUR,Suriname,2022,52.446027276241,2.40622235601218,7.973,1.69,14.7484928489449,24.7091747565789,1194597643.59574,1.35091422828331,-6.673635348956701,4.84160819214056,38.45,0,inflation
WSM,Samoa,2017,1.74989677484705,1.40628239971301,9.4,1.0,8.76166666666667,2.55437711641037,123656063.041719,-1.07027554451417,0.44517808181526,-6.57758047875829,38.45,0,inflation
NGA,Nigeria,2018,12.0951065173432,1.92275734199798,5.069,1.83,16.9038969646886,306.083688245234,43719362674.791,1.72693303668361,-4.407159696620898,1.116870722906399,38.41,0,year
SLE,Sierra Leone,2020,13.4468711101052,-1.2533490322766,3.509,0.37,17.9383333333333,9.82992676332375,707703898.12545,-5.83728154393524,-1.358127980496901,-6.75605840605813,38.41,0,gdp_growth
PSE,West Bank and Gaza,2017,0.212570934228881,1.41936756294787,25.677,1.0,5.79209839789852,3.130749999,446349334.35,-13.2065607876551,0.431677539136197,-7.44525125701148,38.4,0,year
BRB,Barbados,2017,4.66018463955995,0.654655602860373,8.62,1.0,8.05,2.0,265841633.120925,-5.06886376225887,3.378256508941,-0.7616688653550369,38.39,0,year
SLE,Sierra Leone,2023,47.6428733253179,5.7100218981806,3.092,5.03,19.6391666666667,21.3048751103818,495698793.817761,-7.86330353335447,20.4345849438526,0.39646728398910014,38.39,0,inflation
IRN,"Iran, Islamic Rep.",2024,32.455871402917,3.66312057949303,8.146,5.14,12.0,3.130749999,787924742.251979,-2.61491577935683,-12.123314354362705,-1.6692305813050496,38.36,0,inflation
FRA,France,2024,1.99904942291463,1.19046798275883,7.4,5.14,12.0,0.923889546117607,282857363313.825,0.0851279883251641,-2.87930784216977,-0.2487469616186,38.34,0,inflation
EMU,Euro area,2019,1.44565976888253,1.63208944796722,7.44468187207381,2.16,12.0,0.893276257067409,914226843967.921,-2.61491577935683,-0.2578381785622601,-0.15020360188328996,38.34,0,inflation
LBN,Lebanon,2016,-0.783359624361508,1.55454940856943,9.794,0.39,8.35083333333333,1507.5,53905512885.564,-20.4780237123596,2.9657856236347824,1.092228615971849,38.33,0,year
CAN,Canada,2016,1.42875954701085,1.03855091989323,7.038,0.39,2.7,1.3256151637482,82718110857.6299,-3.09310839278901,0.30351818606808,0.3885799049822699,38.23,0,year
BHR,Bahrain,2020,-2.31770629331379,-5.9113629524152,1.765,0.37,12.0,0.376,2523073657.45375,-9.05383693445987,-3.3235263403351603,-7.964240696601749,38.15,0,gdp_growth
BRN,Brunei Darussalam,2025,-0.302994414446762,0.66956214816436,5.277,4.21,5.5,1.307595108858,5488659508.70276,18.0115861720402,0.08567975058969901,-3.3829549449029104,38.09,0,year
LBR,Liberia,2016,8.83424868336488,-1.5549586174878,3.081,0.39,13.59,94.4272435897436,586024559.973529,-8.12261279894881,1.0855518071516599,-1.5363936479287061,38.05,0,gdp_growth
CAN,Canada,2019,1.94926902411593,1.90843193887251,5.69,2.16,12.0,1.32679336266012,85297110783.6888,-1.95169853023597,-0.31895664836510007,-0.83453147514995,38.04,0,year
KOR,"Korea, Rep.",2020,0.537288023411737,-0.700242317542106,3.931,0.37,2.80166666666667,1180.26583333333,443462937570.176,4.38648608581777,0.154287719803601,-3.0140444234968564,37.97,0,gdp_growth
CHL,Chile,2023,7.58168251407962,0.677024831595858,9.013,5.03,12.0,840.066526651499,46377347796.8251,-3.10428872521174,-4.062184196976381,-1.3868938109461222,37.95,0,year
SVK,Slovak Republic,2016,-0.520010196278358,1.94781841524558,9.679,0.39,12.0,0.903421436257263,2879889589.86374,-1.41742583384371,-0.194790418850593,-3.22906068197575,37.91,0,year
IRN,"Iran, Islamic Rep.",2023,44.5791857572797,5.33235116079808,8.129,5.03,12.0,42000.0,787924742.251979,-2.61491577935683,1.0907215830618,0.9795402855846396,37.88,0,inflation
LVA,Latvia,2019,2.81140920075624,0.675372771884227,6.312,2.16,12.0,0.893276257067409,4479621403.97313,-0.173662933662394,0.27695495889026,-3.6343400910608032,37.84,0,inflation
DNK,Denmark,2023,3.30517811237606,0.604587766175584,5.094,5.03,12.0,6.88970258583334,109370841823.918,11.0099443611464,-4.39138888651654,0.16075515126725298,37.84,0,inflation
NZL,New Zealand,2020,1.71456170007245,-0.240916114758988,4.595,0.37,12.0,1.54205833333333,13733288688.8516,-1.08263837857087,0.09492979823197012,-2.564633199175218,37.77,0,gdp_growth
BOL,Bolivia,2024,5.09976568317427,-1.12335595517212,3.274,5.14,8.80431027070166,6.91,1977025889.30984,-2.37784777133425,2.5228776782823497,-3.63972185672103,37.76,0,gdp_growth
BRB,Barbados,2023,3.18718905472632,1.81419817804516,6.54,5.03,12.0,2.0,1605919490.51553,-2.61491577935683,-0.05429353169446016,-14.13112244450214,37.74,0,inflation
ITA,Italy,2016,-0.09401665691575,1.23622108511661,11.688,0.39,3.49616666666667,0.903421436257263,135133283786.776,2.46140246001819,-0.1328070565737233,0.35055344987580295,37.73,0,year
ZAF,South Africa,2018,4.50987264867388,1.55678384721676,26.906,1.83,10.0833333333333,13.2339264715833,51642041966.6735,-3.00051939426576,-0.6763139065676107,0.39883689539941014,37.7,0,year
AGO,Angola,2021,25.7542948841891,1.09058369944815,15.799,0.08,19.4031546297083,631.441955506727,14468113825.809,10.7294719893933,3.4827556371381014,6.36407498244822,37.62,0,year
BEL,Belgium,2023,4.04901077613941,1.56125539542029,5.547,5.03,12.0,0.924839558470698,41674984631.4112,0.182447803689908,-5.54850095258559,-2.4633531329385803,37.59,0,year
MWI,Malawi,2022,20.953969729969,0.921115069005936,5.02,1.69,25.3516666666667,949.039016666667,787924742.251979,-18.342633331864,11.623825621616879,-3.6371770511548944,37.53,0,year
TUR,Turkiye,2020,12.2789574462574,1.80306247087255,13.148,0.37,12.0,7.00860541558522,93584577917.0715,-4.22284721473811,-2.8978641257448015,0.5014388162275201,37.53,0,year
STP,Sao Tome and Principe,2022,18.0056351122841,0.168698492216564,8.964,1.69,17.9042287248361,23.2904039548641,64476467.0374442,-4.73214359308342,9.86786472849678,-1.730600421161756,37.38,0,year
MAR,Morocco,2016,1.63531114327064,0.52118550608968,9.3,0.39,12.0,9.8074760315025,25096263443.799,-3.74613174513,0.07740402980804006,-3.8233974702627003,37.35,0,inflation
LUX,Luxembourg,2017,1.73079959118896,1.31711942298405,5.523,1.0,12.0,0.885205508269372,878080634.297167,6.18033427082302,1.439966257855735,-3.6610710482423303,37.29,0,inflation
VCT,St. Vincent and the Grenadines,2019,0.91306972532459,0.668428481084234,19.248,2.16,8.35136941666667,2.7,193357067.381966,-2.38815343936867,-1.4110751283546201,-2.507182961314866,37.26,0,year
AND,Andorra,2023,5.582586059593455,2.58355480961319,6.571,5.03,12.0,0.924709622987356,787924742.251979,14.2213228054275,-0.05429353169446016,-6.98105744686865,37.25,0,year
ZWE,Zimbabwe,2024,5.582586059593455,1.67649454921512,9.435,5.14,68.8858333333334,3266.3319125,484972804.72655,1.2070735013076,-0.05429353169446016,-3.6743742417681804,37.25,0,year
BDI,Burundi,2020,7.32110643415521,0.306443811651718,1.03,0.37,12.195,1915.04617583333,90319165.5391625,-10.8615271645188,8.00787860495257,-4.1528982119361215,37.14,0,year
SUR,Suriname,2019,5.582586059593455,1.16758977233877,7.755,2.16,14.9642193921404,7.458,647934729.692427,-11.1616172949162,-0.05429353169446016,-3.7806813123500893,37.13,0,year
DJI,Djibouti,2020,1.77900535643955,1.2021151728969,27.701,0.37,12.0,177.721,686339280.94212,11.6521171854969,-1.53862667655648,-4.342965638652879,37.09,0,inflation
DZA,Algeria,2017,5.59111590961664,1.49999999895587,12.0,1.0,8.0,110.973016666667,104852543743.412,-11.6217683736912,-0.8065788930709301,-2.4000000012203397,36.99,0,year
EMU,Euro area,2025,2.46705543774613,1.41107242318353,6.28355946264135,4.21,12.0,0.88496895841236,2106154642318.54,-2.61491577935683,0.21055729435852966,0.47236515931645706,36.97,0,inflation
FRA,France,2016,0.183334861123765,0.860031075424033,10.057,0.39,12.0,0.903421436257263,145866068770.183,-0.538632351885894,0.1458204806112468,-0.20672367241058698,36.95,0,year
ARG,Argentina,2022,72.430757531824,6.02074537534855,6.805,1.69,52.3991666666667,130.61655,44795335171.5152,-0.62525456692328,24.0213789063041,-4.421066612902051,36.95,0,inflation
BOL,Bolivia,2025,19.517120804733,-1.58237567348246,2.967,4.21,10.1870210797778,6.91,579906699.89203,-1.87992802763714,14.417355121558732,-0.45901971831034016,36.92,0,year
ECU,Ecuador,2024,1.54732515615369,-1.94409022506859,3.453,5.14,12.0,1.0,6907743954.50087,5.68853936869322,-0.6683624862168898,-3.77693083584739,36.92,0,gdp_growth
BLZ,Belize,2018,0.269982622646335,0.822068592512508,9.346,1.83,9.115,2.0,294468435.057294,-6.59667558600349,-0.8776707704118251,2.6553058830903478,36.91,0,year
BRA,Brazil,2019,3.73297621216894,1.22077782360842,11.936,2.16,37.475,3.9444710972507,356886386911.979,-3.41429103072781,0.06812592840165,-0.5628889380255802,36.87,0,year
EMU,Euro area,2018,1.70349794744479,1.78229304985051,8.089323082041,1.83,12.0,0.846772667108111,822526232328.578,-2.61491577935683,0.3220392333726301,-0.8408636625465697,36.86,0,inflation
FRA,France,2018,1.85081508315493,1.64590872395887,9.018,1.83,12.0,0.846772667108111,166483400196.79,-0.735670615255372,0.81853233250812,-0.4377061360151202,36.86,0,inflation
CHL,Chile,2016,3.78619355893118,1.753038749071,6.926,0.39,5.58839657725206,676.957736044657,40493293729.5297,-2.62065852365988,-0.5625799732392598,-0.39890375074083995,36.8,0,year
CAF,Central African Republic,2022,5.58316735183247,0.453901876447787,6.287,1.69,12.0,623.759700911182,374404781.268039,-2.61491577935683,1.32380317640379,-0.529018119816442,36.79,0,year
OMN,Oman,2020,-0.40640291946585,-3.37972052697999,2.94,0.37,5.46649920548604,0.3845,15007356725.394,-16.5486765828435,-0.897218282286521,-2.25108250969941,36.79,0,gdp_growth
IRL,Ireland,2016,0.0201247735963237,1.22271661130947,8.374,0.39,12.0,0.903421436257263,3589332627.17956,-1.19161269456651,0.3510845569681117,-23.401269025091132,36.78,0,year
MLI,Mali,2020,0.438088940320669,-1.16910834857605,3.528,0.37,12.0,575.586004510945,787924742.251979,-1.83434524248166,2.096355888784319,-6.1691074655731,36.77,0,gdp_growth
CAN,Canada,2025,2.07232411149103,1.74268536175708,6.907,4.21,12.0,1.39810565893901,125626898210.334,-0.948637766653122,-0.3092597213207,-0.30358069225993,36.77,0,inflation
AFE,Africa Eastern and Southern,2019,4.10285075461156,1.93559262617022,7.45910636823544,2.16,12.0,3.130749999,787924742.251979,-2.61491577935683,-0.58695571315174,-0.7706147934055998,36.74,0,year
SWE,Sweden,2018,1.95353530127028,1.7702553546772,6.365,1.83,12.0,8.69251833333333,60566144400.5195,2.08249358421543,0.15903625461429005,-0.11256649498925997,36.66,0,inflation
GMB,"Gambia, The",2020,5.93127636562441,0.591487287873974,5.84,0.37,28.0,51.5016603661723,387046403.563775,-4.77621848558059,-1.1843998906875095,-5.630565872074616,36.66,0,year
BRN,Brunei Darussalam,2017,-1.2605056462896,1.32872661057823,9.316,1.0,5.5,1.38089116405281,3488124299.73021,16.3622185514031,-0.9818123805365171,3.80664432891047,36.65,0,year
ETH,Ethiopia,2023,30.2188278135278,6.59424599054353,3.375,5.03,12.0,54.6009480676569,2028214254.61106,-3.52359702026291,-3.671051896562002,1.2724861056889898,36.64,0,inflation
HKG,"Hong Kong SAR, China",2019,2.88320853773996,-1.67242865968056,2.917,2.16,5.10416666666667,7.83591666666667,441349592235.762,5.85365354996684,0.47707421727462007,-4.5193378862856495,36.62,0,gdp_growth
SAU,Saudi Arabia,2016,2.05347076823965,1.70404739202878,5.6,0.39,12.0,3.75,547266635919.121,-3.91268584311643,0.8307775827163699,-2.95107577449821,36.61,0,inflation
ITA,Italy,2025,1.5316682765282,0.539583636778445,6.391,4.21,4.07304808333333,0.88496895841236,434014519754.791,1.14685456424844,0.5492952534667829,-0.24345549849835002,36.6,0,inflation
ITA,Italy,2017,1.22653316645812,1.60369995294101,11.211,1.0,3.00083333333333,0.885205508269372,151120440050.073,2.47968309636806,1.32054982337387,0.3674788678244001,36.6,0,inflation
EMU,Euro area,2016,0.148684907627373,1.80681433573471,9.98608545604403,0.39,12.0,0.903421436257263,741790800990.739,-2.61491577935683,0.253318168635852,-0.34213043459123016,36.53,0,year
IRN,"Iran, Islamic Rep.",2022,43.4884641742179,4.35281087521344,9.085,1.69,12.0,42000.0,787924742.251979,-2.61491577935683,0.09944790606650145,0.22191402486873013,36.51,0,inflation
IRN,"Iran, Islamic Rep.",2021,43.3890162681514,4.13089685034471,9.282,0.08,12.0,42000.0,787924742.251979,-2.61491577935683,12.7948772294219,-0.31091180324200973,36.47,0,inflation
SAU,Saudi Arabia,2019,-1.19298644533328,1.65158925617395,5.636,2.16,12.0,3.75,514962537825.302,3.64484004485364,-3.6589295352817097,-1.5753616339851502,36.41,0,year
FSM,"Micronesia, Fed. Sts.",2016,-1.03746806405349,1.26050420168067,6.571,0.39,15.7,1.0,156984836.357184,-2.61491577935683,-0.7393522266727899,-3.1254607106000303,36.34,0,year
JOR,Jordan,2019,0.761514047265601,1.85633006592765,16.801,2.16,8.665,0.71,15400591352.5233,-1.58889950651918,-3.7007970374892087,0.0024959097583800993,36.31,0,year
JOR,Jordan,2018,4.46231108475481,1.85383415616927,18.257,1.83,8.66166666666667,0.71,14580237971.8722,-6.24582575623598,1.1384166089938401,-0.65386982453425,36.29,0,year
PLW,Palau,2016,-1.04230533415074,1.66650688235592,6.571,0.39,12.0,1.0,787924742.251979,-16.1041189577719,-1.9913459778478209,-6.90349879992827,36.29,0,year
NGA,Nigeria,2017,16.5022662139641,0.805886619091581,4.83,1.0,17.5533333333333,305.790109160005,40499220796.3652,3.60982550121524,0.805453575166899,2.422755568126251,36.28,0,year
LBY,Libya,2018,13.1702038536722,7.9413678529104,18.865,1.83,12.0,1.36496666666667,85335649782.1665,14.7041123833162,-12.633414625161501,-24.5504343333584,36.27,0,year
COL,Colombia,2017,4.31431325695011,1.35936086788746,9.086,1.0,13.6858303184817,2951.48691120161,47131104746.7563,-3.18224191114871,-3.19914698932664,-0.7280216337404799,36.24,0,year
ZAF,South Africa,2017,5.18618655524149,1.15794695181735,27.035,1.0,10.375,13.3238014244992,50722891363.2361,-2.37436753188649,-1.4167218687072296,0.49339464395923394,36.24,0,year
DNK,Denmark,2018,0.813609467455631,1.8600074900921,5.131,1.83,12.0,6.31461878666667,70942078373.7473,6.32147869586373,-0.3335227021203889,-1.19646974913508,36.24,0,inflation
EST,Estonia,2025,4.82920753628342,0.584308464789387,8.313,4.21,12.0,0.88496895841236,2438823527.1556,-0.148810923389456,1.3097956364442198,0.6743513296387671,36.22,0,year
NOR,Norway,2020,1.28658490707996,-1.36055723261586,4.424,0.37,2.6975,9.41583333333334,75258813465.0281,1.10176093732255,-0.8811451259741498,-2.83026505215729,36.19,0,gdp_growth
GHA,Ghana,2023,38.1069656296501,3.14009100080186,2.829,5.03,12.0,11.0204083333333,3623904994.58702,-0.911884130701339,6.851070524748497,-0.66475878097856,36.17,0,inflation
BRA,Brazil,2018,3.66485028376729,1.783666761634,12.329,1.83,39.0833333333333,3.65382536145755,374709673447.828,-2.80752008594698,0.21847693344060026,0.46079770759001004,36.17,0,year
ABW,Aruba,2016,-0.93119598707956,1.23433537363427,6.571,0.39,6.9,1.79,922550890.0,4.7317741972835,-1.405959584422201,-2.37714369227615,36.15,0,year
MWI,Malawi,2020,8.62551469650552,0.793596429787286,5.72,0.37,24.2162962962963,749.527493882201,594498493.623211,-13.9233232374397,-0.7453213595511787,-4.923228762156084,36.11,0,year
BEL,Belgium,2024,3.14349136500041,1.09775383828703,5.7,5.14,12.0,0.923889546117607,42330768016.1494,-0.379006590173966,-0.9055194111389997,-0.4635015571332599,36.09,0,inflation
UKR,Ukraine,2025,12.7303341026903,1.82152376756284,6.571,4.21,19.7001583333333,41.6890720433333,57268434039.4417,-2.61491577935683,6.22834945599776,-1.4265943167013901,36.09,0,year
DNK,Denmark,2019,0.75813157251162,1.71140093932736,5.018,2.16,12.0,6.669446615,66835547933.6664,7.51157692205497,-0.05547789494401101,-0.14860655076474005,36.02,0,year
SSD,South Sudan,2020,29.6758435538572,3.917007817944405,14.246,0.37,16.0896174795028,165.907316666667,183614816.68196,-35.0491711578272,-57.56552059614601,-0.12833054667881386,35.94,0,inflation
EMU,Euro area,2024,2.2564981433876,0.938707263867073,6.34778064605911,5.14,12.0,0.923889546117607,1449054959888.77,-2.61491577935683,-3.68993853387063,0.47863689817937405,35.93,0,inflation
PSE,West Bank and Gaza,2018,-0.195107773730735,1.22707737782703,26.256,1.83,5.87296103777134,3.130749999,537846124.64,-13.1500305467431,-0.407678707959616,-0.19229018512083984,35.92,0,year
FIN,Finland,2022,7.12350773301412,0.763041912763526,6.719,1.69,12.0,0.949623753156941,16036363939.0545,-2.50692650482939,4.92893340961414,-1.913304502225444,35.85,0,year
PRI,Puerto Rico (US),2023,5.582586059593455,0.731492105366186,5.725,5.03,12.0,1.0,787924742.251979,-2.61491577935683,-0.05429353169446016,-2.2256035496296835,35.74,0,year
ABW,Aruba,2022,5.582586059593455,10.6079607621246,6.571,1.69,6.1,1.79,1543940590.0,6.93052521983244,-0.05429353169446016,-4.225731214101399,35.72,0,year
URY,Uruguay,2019,7.88198870879619,0.928351027546341,8.836,2.16,11.5571850608681,35.255375,14504021740.9161,1.29076830125487,0.27545510502572057,0.763573418699636,35.71,0,year
MNA,"Middle East, North Africa, Afghanistan & Pakistan (excluding high income)",2025,2.69360940778798,1.99549507789871,8.69378066221379,4.21,12.0,3.130749999,787924742.251979,-2.61491577935683,-1.3525051453463601,-0.2658751247610802,35.7,0,year
MNA,"Middle East, North Africa, Afghanistan & Pakistan (excluding high income)",2019,2.65388100453608,1.39546116127963,9.06488013658605,2.16,12.0,3.130749999,787924742.251979,-2.61491577935683,-1.71226964017674,-0.7028495024390302,35.7,0,year
TMN,"Middle East, North Africa, Afghanistan & Pakistan (IDA & IBRD)",2019,3.00538949390383,1.39572055452479,8.96317446023269,2.16,12.0,3.130749999,787924742.251979,-2.61491577935683,-1.45692159085098,-0.7095454617405101,35.7,0,year
TCD,Chad,2020,4.46414437232861,-0.393646582380399,1.695,0.37,12.0,575.586004510945,390675163.109219,-2.61491577935683,5.4360835477480105,-5.776468611128539,35.7,0,gdp_growth
ECS,Europe & Central Asia,2023,7.12042212089904,1.04695405528739,5.55238526456095,5.03,12.0,3.130749999,787924742.251979,-2.61491577935683,-3.9931900669770606,-2.3811482949921503,35.68,0,year
COD,"Congo, Dem. Rep.",2019,5.582586059593455,0.555384294580819,4.605,2.16,26.7358333333333,1647.76012727639,1194373484.64689,-3.61447223411753,-0.05429353169446016,-5.516304411885331,35.64,0,year
VEN,"Venezuela, RB",2021,5.582586059593455,0.625000000000014,7.027,0.08,12.0,3.130749999,787924742.251979,-2.61491577935683,-0.05429353169446016,30.449561403508813,35.63,0,year
LAC,Latin America & Caribbean (excluding high income),2018,3.40250179472038,1.15229755041935,7.9491088470884,1.83,12.0,3.130749999,787924742.251979,-2.61491577935683,0.039536646164300304,-0.43516503188532996,35.36,0,year
TLA,Latin America & the Caribbean (IDA & IBRD countries),2018,2.32414485367921,1.30772581346528,8.03589728630349,1.83,12.0,3.130749999,787924742.251979,-2.61491577935683,-0.49861320179249,-0.3136352440174399,35.36,0,year
LCN,Latin America & Caribbean,2018,2.37951733360489,1.22291785556858,7.93331984460849,1.83,12.0,3.130749999,787924742.251979,-2.61491577935683,0.18750722397503994,-0.33060986342426,35.36,0,year
UZB,Uzbekistan,2020,12.8677297362606,1.62162281640448,5.293,0.37,22.3410510306587,10054.2613341653,34903111839.0572,-4.31770821939444,-1.658006219808101,-5.17168816844074,35.33,0,year
STP,Sao Tome and Principe,2025,11.0474362281814,1.02847453097097,9.132,4.21,12.0,3.130749999,787924742.251979,-2.61491577935683,-3.3044911289194,-0.45041397855600995,35.3,0,year
TUN,Tunisia,2024,7.20661657168794,1.61444564976986,15.341,5.14,12.0,3.10745,9343597097.75793,-1.50801033952852,-2.1223794033907097,1.430430101300115,35.3,0,year
AFE,Africa Eastern and Southern,2023,7.39918558080627,1.94138157772015,7.67654773372157,5.03,12.0,3.130749999,787924742.251979,-2.61491577935683,-3.48429199179553,-1.72664756269498,35.3,0,year
URY,Uruguay,2025,4.65032720433324,1.78471117082752,7.516,4.21,10.0619986594372,41.1909791666667,18987045163.6795,-0.438287342587356,-0.19881646179832035,-1.54104788874629,35.26,0,year
NGA,Nigeria,2021,16.9528457221608,1.109252540249,5.404,0.08,11.4831327947137,401.152029220779,41727503547.2316,-0.534215770600622,3.7068222945009985,7.47815094493427,35.22,0,year
ABW,Aruba,2019,4.25746204335427,1.22914408896015,6.571,2.16,5.7,1.79,982300000.0,2.53309209414144,0.6314206298246696,-1.9833270302406099,35.22,0,year
CZE,Czechia,2023,10.6612601372427,0.0475803308973752,2.579,5.03,4.68277500627328,22.1980833333333,148378918433.596,-0.125406557037842,-4.4389050095944,-2.7995903274840246,35.13,0,unemployment
GRP,Low income,2023,8.5006507858837,1.21474688217289,5.07474818178355,5.03,12.0,3.130749999,787924742.251979,-2.61491577935683,-0.05429353169446016,-0.12833054667881386,35.09,0,year
CSS,Caribbean small states,2019,1.00054293027237,0.865089017714141,8.21142514691839,2.16,12.0,3.130749999,787924742.251979,-2.61491577935683,-0.20661500339770988,-0.445072349097029,35.09,0,inflation
PRI,Puerto Rico (US),2019,5.582586059593455,1.67546379498209,8.3,2.16,12.0,1.0,787924742.251979,-2.61491577935683,-0.05429353169446016,6.03689082660744,35.05,0,year
CUB,Cuba,2023,5.582586059593455,-1.92937123169681,1.73,5.03,12.0,3.130749999,787924742.251979,-2.61491577935683,-0.05429353169446016,-3.70402350893997,35.04,0,gdp_growth
POL,Poland,2020,3.37446972618589,-2.03556882399977,3.155,0.37,12.0,3.89974166666667,154219192491.435,2.39835922164097,1.14699091680298,-6.616026996561759,35.03,0,gdp_growth
ISR,Israel,2020,-0.575254620897756,-1.80206927953466,4.169,0.37,3.30802353223165,3.44240585198793,173292120893.254,3.74007474912289,-1.39290056119055,-5.38105690877071,35.01,0,gdp_growth
SWE,Sweden,2017,1.79449904665599,1.88282184966646,6.718,1.0,12.0,8.54886083333333,62191481193.5854,2.1897617916186,0.810229802077998,-0.2483572976450501,34.96,0,inflation
LUX,Luxembourg,2025,2.25723817871726,0.63787818818335,6.343,4.21,12.0,0.88496895841236,3055208156.8508,5.22750381893688,0.20610547916867006,0.279264184201125,34.96,0,inflation
GRL,Greenland,2018,5.582586059593455,0.62306542854094,6.571,1.83,12.0,6.31461878666667,787924742.251979,-2.61491577935683,-0.05429353169446016,0.5703372456609088,34.95,0,year
NAM,Namibia,2018,4.29159105337875,1.05993949860752,19.877,1.83,10.1421759973261,13.2339416666667,2149813974.088,-3.55152146428618,-1.8542087577328905,2.08718758717461,34.92,0,year
CHL,Chile,2017,2.18271846868519,1.35769537343957,7.257,1.0,4.55285507889072,648.833792598261,38981539753.7984,-2.75779980852367,-1.6034750902459898,-0.39534337563142996,34.89,0,inflation
GUM,Guam,2017,5.582586059593455,0.890099909173486,5.418,1.0,12.0,1.0,787924742.251979,-2.61491577935683,-0.05429353169446016,0.708116287699426,34.88,0,year
LUX,Luxembourg,2018,1.5281952430737,1.61129891211624,5.589,1.83,12.0,0.846772667108111,938890223.596831,8.31991324789161,-0.20260434811525996,0.29417948913219005,34.84,0,inflation
LAC,Latin America & Caribbean (excluding high income),2024,3.83540271728533,1.99001515816749,5.7278348014991,5.14,12.0,3.130749999,787924742.251979,-2.61491577935683,-1.2513721142957897,-0.13679479005478012,34.82,0,year
PRT,Portugal,2016,0.607397074641719,2.00414129666575,11.058,0.39,12.0,0.903421436257263,24989773864.5767,1.42555528145605,0.11945845073699901,0.4143432596389398,34.81,0,year
CHI,Channel Islands,2019,5.582586059593455,1.57335596156342,6.185,2.16,12.0,0.783445110011929,787924742.251979,-2.61491577935683,-0.05429353169446016,0.4511123957116201,34.81,0,year
BIH,Bosnia and Herzegovina,2023,6.1059011284828,1.99439414850893,10.668,5.03,4.11153155413122,1.80920280030082,9204916833.8925,-2.13517331506525,-7.9149429541942995,-2.2324191853943196,34.8,0,year
TUN,Tunisia,2019,6.72007532863799,1.55009304966742,17.153,2.16,12.0,2.93443333333333,7919981404.82365,-8.04912453318917,-0.5875164316785302,-1.0568766038962,34.78,0,year
BFA,Burkina Faso,2022,14.2902354303358,1.62673258211919,3.828,1.69,12.0,623.759700911182,787924742.251979,-7.53912115376433,10.63696781208071,-5.31579234360429,34.76,0,year
ZAF,South Africa,2016,6.60290842394872,0.664552307858116,26.536,0.39,10.4583333333333,14.7096108855267,47180127300.8565,-2.63361451678797,2.08421747502366,-0.6573099289241741,34.76,0,year
GAB,Gabon,2018,4.74906652083221,0.83791658082157,20.459,1.83,12.0,555.446458398226,1321051088.57443,-2.61491577935683,2.09714068939319,0.36527454991042396,34.75,0,year
BRA,Brazil,2017,3.44637335032669,1.32286905404399,12.792,1.0,46.9166666666667,3.19138944630048,373955518686.487,-1.22429925769002,-5.29277017296724,4.59878596186591,34.74,0,year
TUN,Tunisia,2016,3.62939937384381,1.117231963992,15.557,0.39,12.0,2.14803333333333,6137077790.03259,-8.52887305480808,-0.8079718993711897,0.1493977583560191,34.72,0,year
VIR,Virgin Islands (U.S.),2016,5.582586059593455,1.6008537886873,11.734,0.39,12.0,1.0,787924742.251979,-2.61491577935683,-0.05429353169446016,2.025933491131508,34.71,0,year
CHI,Channel Islands,2016,5.582586059593455,1.21302407657195,7.469,0.39,12.0,0.740634463697084,787924742.251979,-2.61491577935683,-0.05429353169446016,0.838656992742566,34.71,0,year
VIR,Virgin Islands (U.S.),2018,5.582586059593455,1.87830687830687,11.703,1.83,12.0,1.0,787924742.251979,-2.61491577935683,-0.05429353169446016,2.613600995953928,34.71,0,year
TCA,Turks and Caicos Islands,2018,5.582586059593455,6.75264845178367,6.571,1.83,12.0,1.0,787924742.251979,13.1404891042622,-0.05429353169446016,-67.83533960263513,34.69,0,year
AFG,Afghanistan,2024,-6.60118564073726,1.87319280045979,13.687,5.14,12.0,3.130749999,787924742.251979,-2.61491577935683,-1.95647693275951,-0.3937509360320899,34.68,0,year
TMN,"Middle East, North Africa, Afghanistan & Pakistan (IDA & IBRD)",2025,1.84166666666702,1.9829526200861,8.69378066221379,4.21,12.0,3.130749999,787924742.251979,-2.61491577935683,-1.4872386674883498,-0.45652395934843004,34.68,0,inflation
ARB,Arab World,2019,1.33601568147656,1.74949238304778,10.2137182910936,2.16,12.0,3.130749999,787924742.251979,-2.61491577935683,-0.9727312855628198,-0.92089102908068,34.68,0,inflation
MEA,"Middle East, North Africa, Afghanistan & Pakistan",2019,1.33601568147656,1.58096878672049,8.33082967841649,2.16,12.0,3.130749999,787924742.251979,-2.61491577935683,-0.60977736446781,-0.82183683267951,34.68,0,inflation
SAU,Saudi Arabia,2017,-0.834845735027162,1.18210705878283,5.89,1.0,12.0,3.75,509457096430.156,1.2254608961689,-2.888316503266812,-0.52194033324595,34.64,0,year
GRL,Greenland,2023,5.582586059593455,0.865961986998158,6.571,5.03,12.0,6.88970258583334,787924742.251979,-2.61491577935683,-0.05429353169446016,-1.1385938216578824,34.63,0,year
FRO,Faroe Islands,2024,5.582586059593455,0.843716851362103,6.571,5.14,12.0,6.89448141666666,787924742.251979,-2.61491577935683,-0.05429353169446016,-2.315021871930557,34.63,0,year
NGA,Nigeria,2025,23.0101235833333,4.01336180700973,3.064,4.21,12.0,1518.38094813368,46024916767.4055,4.82784315736378,-10.231535471941601,-0.057704694467299866,34.6,0,year
OED,OECD members,2023,5.67767862615429,1.78937161232169,4.82631374195204,5.03,12.0,3.130749999,787924742.251979,-2.61491577935683,-2.560353780817569,-1.3691764798758899,34.59,0,year
JPN,Japan,2024,2.73853681635241,-0.240084236041696,2.5,5.14,12.0,151.366291302752,1230666979042.45,4.62202410018024,-0.5295968429792199,-0.9608695407915069,34.58,0,gdp_growth
ARE,United Arab Emirates,2017,1.96682557818842,-1.06137114472548,2.462,1.0,12.0,3.6725,95377648625.516,-2.61491577935683,0.34933748914644003,-6.71927261669134,34.53,0,gdp_growth
LBY,Libya,2017,25.8036184788337,32.4918021862688,19.053,1.0,12.0,1.3938200108235,79417877682.1686,6.59107791644499,-0.050255733612299736,33.982743303531,34.5,0,year
CHI,Channel Islands,2018,5.582586059593455,1.1222435658518,6.344,1.83,12.0,0.749531540259847,787924742.251979,-2.61491577935683,-0.05429353169446016,-0.68423774798405,34.47,0,year
GTM,Guatemala,2020,3.21444062197345,-1.78555117570465,2.965,0.37,12.5258333333333,7.72165,18463562201.5352,5.04131108756311,-0.4855433581126003,-5.80344948432052,34.46,0,gdp_growth
KNA,St. Kitts and Nevis,2018,-1.03712214131572,2.00352549800972,6.571,1.83,8.85792016666666,2.7,363216830.554272,-5.84580153302049,-1.7320388529293238,1.7825843507097239,34.44,0,year
STP,Sao Tome and Principe,2024,14.3519273571008,1.47888850952698,9.057,5.14,17.8374768518519,22.6430098947812,58787511.7763146,5.03043269730864,-6.9069864901992,1.106635734525524,34.42,0,year
AGO,Angola,2023,13.6441017767715,1.32016587081031,14.051,5.03,16.9208615225951,685.020237761449,13942114198.8828,3.94653061969793,-7.7111883553107,-2.23732619594636,34.41,0,year
FSM,"Micronesia, Fed. Sts.",2025,5.582586059593455,1.0626071425539,6.571,4.21,12.0,1.0,787924742.251979,-2.61491577935683,-0.05429353169446016,-1.23872209321053,34.37,0,year
LSO,Lesotho,2023,6.34221743124953,1.69433177608774,16.348,5.03,11.0833333333333,18.4502441785,854088923.807729,-7.11569496022506,-1.9295864681807497,-0.6934484257750999,34.37,0,year
FSM,"Micronesia, Fed. Sts.",2023,5.582586059593455,1.13097800090873,6.571,5.03,12.0,1.0,787924742.251979,-2.61491577935683,-0.05429353169446016,4.24510301154676,34.37,0,year
BMU,Bermuda,2024,5.582586059593455,1.88822861970388,6.571,5.14,12.0,1.0,787924742.251979,-2.61491577935683,-0.05429353169446016,-2.44624418383444,34.37,0,year
TUV,Tuvalu,2025,5.582586059593455,1.63934426229508,6.571,4.21,12.0,1.5519978866485,787924742.251979,-2.61491577935683,-0.05429353169446016,-1.75048624617949,34.37,0,year
EUU,European Union,2016,0.183334861123765,1.91997902907598,9.1056944627421,0.39,12.0,3.130749999,787924742.251979,-2.61491577935683,0.24497954118793222,-0.45197210890222994,34.34,0,year
BEL,Belgium,2017,2.12597086002616,1.47446761556785,7.09,1.0,12.0,0.885205508269372,26151437584.4711,0.702363722625536,0.15211821349453025,0.28096488549030996,34.34,0,inflation
CSS,Caribbean small states,2018,1.20715793367008,1.31016136681117,8.59708625490841,1.83,12.0,3.130749999,787924742.251979,-2.61491577935683,-0.4921377709283201,2.060817112349708,34.34,0,inflation
ECS,Europe & Central Asia,2016,0.388838296895799,1.90825385031148,8.07810956714781,0.39,12.0,3.130749999,787924742.251979,-2.61491577935683,0.020791454570439016,-0.17006996975207977,34.34,0,year
ARB,Arab World,2017,2.06932928164424,1.33126991214532,11.1152019032057,1.0,12.0,3.130749999,787924742.251979,-2.61491577935683,-0.15867062965003997,-2.24118642763264,34.34,0,inflation
SST,Small states,2016,0.644075340346552,1.764520691762,8.66740053405155,0.39,12.0,3.130749999,787924742.251979,-2.61491577935683,0.09127931406869905,-0.4861702913535899,34.34,0,year
TEC,Europe & Central Asia (IDA & IBRD countries),2016,1.19887282892596,1.89511334774663,7.43861188713932,0.39,12.0,3.130749999,787924742.251979,-2.61491577935683,-2.66876187085799,0.43488967643214993,34.34,0,inflation
SLB,Solomon Islands,2022,5.51812928576938,-2.58448361755723,1.475,1.69,12.0,8.1555286976263,661603757.979699,-14.8999907899023,5.633567180182219,-2.3565083247652057,34.32,0,gdp_growth
IRN,"Iran, Islamic Rep.",2020,30.5941390387295,4.44180865358672,9.687,0.37,12.0,42000.0,787924742.251979,-2.61491577935683,-9.313206531048898,6.803244041292469,34.29,0,inflation
MWI,Malawi,2023,28.7897428247298,1.94575281675984,5.009,5.03,33.5477083333333,1161.09436666667,787924742.251979,-15.740915952882,7.8357730947608,1.024637747753904,34.29,0,year
MMR,Myanmar,2024,5.582586059593455,-0.97204641363362,2.887,5.14,12.0,3.130749999,787924742.251979,-2.61491577935683,-0.05429353169446016,-1.930493038759735,34.28,0,year
LAC,Latin America & Caribbean (excluding high income),2017,3.36296514855608,1.58746258230468,8.06804526490034,1.0,12.0,3.130749999,787924742.251979,-2.61491577935683,0.5412573010794799,2.564940375798655,34.27,0,year
TLA,Latin America & the Caribbean (IDA & IBRD countries),2017,2.8227580554717,1.62136105748272,8.12865999426483,1.0,12.0,3.130749999,787924742.251979,-2.61491577935683,0.28494095156603017,2.370352690080556,34.27,0,year
GRP,Low income,2016,6.03575858154679,1.79417060199694,5.04961130545723,0.39,12.0,3.130749999,787924742.251979,-2.61491577935683,-0.05429353169446016,-0.12833054667881386,34.25,0,year
NAM,Namibia,2025,3.51074539609587,1.73018153842335,19.291,4.21,12.0,17.8887333333333,3104525016.06736,-2.61491577935683,-0.7282938326744901,-2.04833569425256,34.24,0,year
COG,"Congo, Rep.",2023,4.30174563591016,1.90686426346754,19.919,5.03,12.0,606.569750165917,715391052.357981,-2.61491577935683,1.2583022889253797,0.4315081309962099,34.24,0,year
VCT,St. Vincent and the Grenadines,2017,2.15333648840511,1.54810173239956,19.024,1.0,8.7525,2.7,182046079.244525,-11.8946710104422,2.302978136038394,-2.60157927229854,34.23,0,year
PSE,West Bank and Gaza,2019,1.58018333639455,1.36268746558062,25.34,2.16,5.93196071275098,3.130749999,658352116.3,-10.3854804313719,1.775291110125285,0.13561008775358996,34.23,0,year
BRB,Barbados,2016,1.28192813061895,1.41632446821541,8.247,0.39,8.05,2.0,431758241.990471,-7.96597920809368,2.3947180557285304,2.188944546626405,34.23,0,year
SUR,Suriname,2024,16.2296159130279,1.72095749127065,7.621,5.14,14.7954845130132,33.1805516666667,1632317813.39707,-12.9141824158348,-35.3577000470582,-0.69563465879881,34.2,0,year
YEM,"Yemen, Rep.",2018,5.582586059593455,0.752447592962554,17.593,1.83,12.0,214.89,2983208349.3994,-2.61491577935683,-0.05429353169446016,5.824243273584074,34.17,0,year
CMR,Cameroon,2020,2.43760882182236,0.259932915907115,3.881,0.37,12.0,575.586004510945,3961753887.41141,-3.70931267651989,-0.01519331880496022,-3.2151270660426947,34.13,0,gdp_growth
COG,"Congo, Rep.",2021,1.7156427545126,1.01507036990908,21.998,0.08,12.0,554.530675033104,828560334.612028,11.5738751772006,-0.07972871631847989,7.28284264954133,34.12,0,inflation
CHI,Channel Islands,2017,5.582586059593455,1.80648131383585,6.881,1.0,12.0,0.776976682344123,787924742.251979,-2.61491577935683,-0.05429353169446016,0.5934572372639,34.03,0,year
AND,Andorra,2018,5.582586059593455,1.58876549046354,6.571,1.83,12.0,3.130749999,787924742.251979,-2.61491577935683,-0.05429353169446016,1.242693600833245,34.03,0,year
GRL,Greenland,2021,5.582586059593455,1.63409410992996,6.571,0.08,12.0,6.2871130825,787924742.251979,-2.61491577935683,-0.05429353169446016,1.383304347825656,34.03,0,year
ASM,American Samoa,2022,5.582586059593455,1.73501577287065,6.571,1.69,12.0,1.0,787924742.251979,-2.61491577935683,-0.05429353169446016,2.517488386329173,34.03,0,year
PYF,French Polynesia,2024,5.582586059593455,1.12638897730247,11.613,5.14,12.0,110.306338907421,787924742.251979,-2.61491577935683,-0.05429353169446016,-1.6464517942516599,34.0,0,year
CHE,Switzerland,2025,0.154376978290185,1.30007790958307,4.873,4.21,12.0,0.831355833333334,1075680064272.89,6.98382706222827,-0.907963441475765,-0.09025572917484004,33.96,0,year
NOR,Norway,2025,3.05562484410077,1.08528185031417,4.637,4.21,5.8775,10.3958333333333,85494772693.8953,13.9673665378253,-0.08967650021003992,-0.33843949493320014,33.92,0,inflation
DEU,Germany,2024,2.2564981433876,-0.495851897260366,3.4,5.14,12.0,0.923889546117607,377935141356.243,5.89380863529108,-3.68993853387063,0.373795681312955,33.92,0,gdp_growth
KWT,Kuwait,2024,2.89855072463762,-1.47401818168846,2.151,5.14,5.17131666666667,0.306690648597046,50727942998.1333,29.025293802042,-0.74361330566947,0.1668598180003098,33.91,0,gdp_growth
SUR,Suriname,2025,9.2054681878919,1.79169153226913,7.834,4.21,14.4955517679943,37.2601791666667,1615758213.36348,-54.916461664781,-7.024147725136,0.07073404099848002,33.8,0,year
ETH,Ethiopia,2022,33.8898797100898,5.32175988485454,3.386,1.69,12.0,51.7562150334169,1191712941.06266,-4.19066632561125,7.0503575543176,-0.3197708083872204,33.8,0,inflation
PLW,Palau,2023,12.8199748216534,1.22284844405733,6.571,5.03,12.0,1.0,787924742.251979,-48.6132173034921,0.46731098384099923,1.685727987880522,33.76,0,year
GAB,Gabon,2017,2.65192583143902,0.472642030911146,20.307,1.0,12.0,580.656749587858,965054219.212038,-2.61491577935683,0.5452187035984801,-1.618800177384474,33.73,0,year
TUV,Tuvalu,2016,5.582586059593455,4.77650497336539,6.571,0.39,12.0,1.34521397601947,787924742.251979,29.8763555684924,-0.05429353169446016,-4.602458873259649,33.71,0,year
TCA,Turks and Caicos Islands,2016,5.582586059593455,7.25118627570265,6.571,0.39,12.0,1.0,787924742.251979,20.5545024828499,-0.05429353169446016,-4.06364311729025,33.71,0,year
ARG,Argentina,2021,48.4093786255199,10.4418119882506,8.736,0.08,35.5583333333333,94.9907416666667,39653498610.7828,1.36154422203441,6.394283887869001,20.342296801897,33.68,0,year
TSS,Sub-Saharan Africa (IDA & IBRD countries),2016,5.30264297710325,1.31700355850862,5.86589334716284,0.39,12.0,3.130749999,787924742.251979,-2.61491577935683,1.8302554482667306,-1.61644245289953,33.64,0,year
SSA,Sub-Saharan Africa (excluding high income),2016,5.43051966119156,1.30783035327565,5.86589334716284,0.39,12.0,3.130749999,787924742.251979,-2.61491577935683,2.0365042770859696,-1.6208153305995803,33.64,0,year
SSF,Sub-Saharan Africa,2016,5.30264297710325,1.31700355850863,5.86589334716284,0.39,12.0,3.130749999,787924742.251979,-2.61491577935683,1.8302554482667306,-1.61644245289952,33.64,0,year
URY,Uruguay,2017,6.2180938256186,1.74037649141989,7.89,1.0,13.8334581432191,28.6764,15959345500.7884,0.011326168182089,-3.4213196507322,0.05057826170213997,33.63,0,year
PNG,Papua New Guinea,2021,4.48359014042398,-0.510612607034361,3.03,0.08,7.6425,3.50877192982456,3240131311.16525,12.5753307362749,-0.38808384523157,2.656819437313789,33.56,0,gdp_growth
TTO,Trinidad and Tobago,2025,0.994489987904821,-0.787768572727643,3.329,4.21,12.0,6.74884660621027,787924742.251979,4.81226059467447,0.467605362127982,-3.2969767125233327,33.55,0,gdp_growth
MEX,Mexico,2019,3.63596142127046,-0.392690513290532,3.477,2.16,8.42916666666667,19.2636333333333,183056094117.556,-0.296844402020911,-1.2633887322950499,-2.364772624301222,33.55,0,gdp_growth
SVK,Slovak Republic,2025,4.00042823495829,0.807418690144758,5.359,4.21,12.0,0.88496895841236,18161989981.1754,-3.62646052924375,1.2428191407154996,-1.131255765349702,33.55,0,year
GBR,United Kingdom,2025,3.88306881626,1.38844207858726,4.746,4.21,12.0,0.759473957338608,214355349052.166,-2.42693271936225,0.6114958699008,0.3081649099994499,33.55,0,year
LBR,Liberia,2018,23.5635148953742,1.15757512207355,3.058,1.83,12.0,144.055575801282,332150947.81251,-19.6944373252366,11.1438825046604,-1.2975807980488399,33.54,0,year
SYR,Syrian Arab Republic,2019,13.4175653228571,1.22072818348491,13.369,2.16,12.0,436.5,787924742.251979,-2.61491577935683,12.476581478950331,-0.1725050571147,33.54,0,year
HTI,Haiti,2016,11.5029073942666,1.81246807847532,13.902,0.39,13.2325,63.3358183698924,2081778585.31217,-1.6908478904356,4.7710666976766305,0.41246806987805007,33.54,0,year
SMR,San Marino,2018,1.16333522293158,1.49390399796074,6.571,1.83,4.163075,0.846772667108096,338919975.008338,-1.88727451807391,0.14920209098650017,1.235644098251296,33.53,0,inflation
JAM,Jamaica,2025,4.00459048079239,0.0816454877745656,3.286,4.21,12.1411696530584,159.096428305753,6303188596.9515,-2.61491577935683,-1.4073539990241999,0.6166845516420526,33.51,0,gdp_growth
MMR,Myanmar,2025,5.582586059593455,-2.01184475795665,3.047,4.21,12.0,3.130749999,787924742.251979,-2.61491577935683,-0.05429353169446016,-1.0397983443230299,33.5,0,year
FRO,Faroe Islands,2016,5.582586059593455,1.38644795938293,6.571,0.39,12.0,6.73171825724638,787924742.251979,-2.61491577935683,-0.05429353169446016,0.4284460248966959,33.48,0,year
ZWE,Zimbabwe,2016,-1.54366960054161,0.75579405855224,5.896,0.39,7.11333333333333,3.130749999,407193244.098736,-3.39239266445641,0.8872988232924299,-1.02405950536952,33.46,0,year
CAF,Central African Republic,2021,4.25936417542868,0.982919996264229,6.701,0.08,12.0,554.530675033104,483872115.778418,-2.61491577935683,2.54920758019715,0.08291999940716699,33.44,0,year
MKD,North Macedonia,2017,1.35161889677442,1.08177273813243,22.857,1.0,6.60665710643843,54.6654583333333,2801853318.34827,-0.586294696197347,1.590909684458921,-1.7664324555006299,33.42,0,year
EUU,European Union,2024,2.43531202435314,1.08657885620458,5.92300803762815,5.14,12.0,3.130749999,787924742.251979,-2.61491577935683,-3.86411284983811,0.6485699312550799,33.37,0,inflation
EUU,European Union,2025,2.46705543774613,1.53795434836212,5.92604538207809,4.21,12.0,3.130749999,787924742.251979,-2.61491577935683,0.031743413392989694,0.45137549215754014,33.37,0,inflation
ECS,Europe & Central Asia,2024,2.75760909424279,1.61092975636407,5.37221817940181,5.14,12.0,3.130749999,787924742.251979,-2.61491577935683,-4.36281302665625,0.5639757010766802,33.37,0,inflation
KAZ,Kazakhstan,2016,14.3610942386248,1.09999999910173,4.96,0.39,12.0,342.16,29603056785.2248,-5.07331546745494,7.682808382472439,-0.10000000143114995,33.33,0,year
SYC,Seychelles,2021,9.76909936973542,0.552281631207279,6.571,0.08,9.15718223504157,16.9205225709613,702584737.676732,-10.7699576448461,8.56643472986419,12.292142459380479,33.32,0,year
GNQ,Equatorial Guinea,2021,-0.0971007664640198,0.860269956382069,8.821,0.08,12.0,554.530675033104,44271185.5880532,-2.61491577935683,-4.863796005906299,5.651350790215009,33.31,0,year
SYR,Syrian Arab Republic,2021,5.582586059593455,1.7896919997567,14.887,0.08,12.0,1256.0,787924742.251979,-2.61491577935683,-0.05429353169446016,0.834777413080987,33.27,0,year
SYR,Syrian Arab Republic,2020,5.582586059593455,0.954914586675713,15.179,0.37,12.0,877.945250896057,787924742.251979,-2.61491577935683,-0.05429353169446016,-0.2658135968091969,33.27,0,year
PYF,French Polynesia,2018,5.582586059593455,1.80687498305207,11.599,1.83,12.0,101.046821879543,787924742.251979,-2.61491577935683,-0.05429353169446016,-2.4857586479828,33.27,0,year
GRC,Greece,2017,1.12125452031419,1.47312472702352,21.413,1.0,12.0,0.885205508269372,7803722132.38225,-2.38344142611836,1.946908498705163,1.5049194948647253,33.26,0,inflation
FIN,Finland,2018,1.08382098409296,1.19297759742292,7.361,1.83,12.0,0.846772667108111,10309164187.4718,-1.63811271947478,0.329805937008522,-2.11039243848747,33.26,0,inflation
BEL,Belgium,2016,1.97385264653163,1.19350273007754,7.83,0.39,12.0,0.903421436257263,23480922147.456,0.558076934849913,1.412423493741472,-0.28066160724173006,33.26,0,inflation
LCN,Latin America & Caribbean,2017,2.19201010962985,1.55352771899284,8.02820612705932,1.0,12.0,3.130749999,787924742.251979,-2.61491577935683,0.5416201653141199,2.284502681803986,33.26,0,inflation
CAF,Central African Republic,2023,2.97913852618937,0.69996840076054,6.181,5.03,12.0,606.569750165917,479592712.605639,-2.61491577935683,-2.6040288256431,0.246066524312753,33.24,0,inflation
ECS,Europe & Central Asia,2019,1.76373586528841,1.83149788108096,6.62369460842729,2.16,12.0,3.130749999,787924742.251979,-2.61491577935683,-0.24948385721500999,-0.3511187654935699,33.18,0,inflation
EUU,European Union,2019,1.63052260754335,1.87525498889181,6.67705052747452,2.16,12.0,3.130749999,787924742.251979,-2.61491577935683,-0.10808601233844994,-0.17116469044964,33.18,0,inflation
FIN,Finland,2019,1.02409392963431,1.34973845741737,6.695,2.16,12.0,0.893276257067409,11426621292.5879,-0.154995291001249,-0.05972705445865012,0.1567608599944501,33.18,0,inflation
TON,Tonga,2021,5.64051140636743,-0.934919892094683,2.111,0.08,7.75674121847486,2.26495960050055,361811847.800967,-9.54536182301015,5.9902491030948495,-2.741107045084003,33.16,0,gdp_growth
GHA,Ghana,2022,31.2558951049016,3.80484978178042,2.87,1.69,12.0,8.2724,5205457212.278,-2.33126484632356,21.2848064298572,-1.2716166535550002,33.14,0,inflation
MRT,Mauritania,2021,3.56516484650185,0.7427154981402,11.131,0.08,12.0,36.0633333333333,2038562789.40175,-8.7610679911394,1.1794699619386502,1.10337288466306,33.11,0,year
MNG,Mongolia,2021,7.35894657888155,1.63676957736662,7.871,0.08,16.0067624800933,2849.2886145414,4380126028.64883,-13.7928750935516,3.6352235174789502,6.19452155320093,33.06,0,year
BRN,Brunei Darussalam,2023,0.35706431153689,1.12764418162719,5.296,5.03,5.5,1.34307960114934,4482741926.02546,12.8759901714781,-3.32518599450527,2.75597572677827,33.05,0,year
COG,"Congo, Rep.",2019,2.20607305781525,1.12447391976529,20.494,2.16,12.0,585.911013180369,988316008.036769,11.6793050600101,1.05329409406002,3.4287917210237095,33.04,0,inflation
MRT,Mauritania,2016,1.47171045650004,1.26090922448303,10.287,0.39,17.0,35.2370833333334,848467104.487379,-11.0299074414632,-1.7830164246762699,-4.11543001246633,32.99,0,inflation
GAB,Gabon,2021,1.0869074651941,1.46795731508091,21.223,0.08,12.0,554.530675033104,1304391855.46928,-2.61491577935683,-0.2658536415592301,3.30571837859031,32.91,0,year
SYR,Syrian Arab Republic,2018,0.940983843906769,1.39323324059961,13.505,1.83,12.0,436.5,787924742.251979,-2.61491577935683,-17.134285784270332,2.116579537714951,32.91,0,inflation
AFG,Afghanistan,2018,0.626149149168847,1.18922812944517,11.192,1.83,12.0,72.083247177304,8206682106.31946,-21.5852741164653,-4.349802356369483,-1.45777507329993,32.86,0,year
SXM,Sint Maarten (Dutch part),2016,0.111682655737579,0.96775836306881,6.571,0.39,12.0,1.79,787924742.251979,-1.86269692206363,-0.21834450940348699,0.861945213071805,32.85,0,year
COG,"Congo, Rep.",2022,3.04344334698478,1.47535613247133,20.131,1.69,12.0,623.759700911182,835649476.998537,-2.61491577935683,1.3278005924721799,0.46028576256225007,32.83,0,year
ZMB,Zambia,2019,9.15031644316296,1.44130602603785,5.538,2.16,10.2916666666667,12.89,1448624290.19899,0.603690808802686,1.6557445158777604,-2.5931878706338,32.81,0,year
GMB,"Gambia, The",2016,7.22879272057922,1.94335965478776,6.244,0.39,12.0,43.3725276731819,87635582.4178872,-5.1279664746384,0.4203377747831194,-2.1147141492118395,32.81,0,year
DMA,Dominica,2016,0.141816225732312,1.44724556489263,6.571,0.39,8.2775,2.7,221907763.515911,-8.45275386663789,0.985643210370642,4.82062818966158,32.74,0,year
ZMB,Zambia,2021,22.0207676245777,6.23492204726448,5.197,0.08,12.0,20.0184865859688,2753875454.2912,11.9003513535048,6.287707152440801,9.01997711271615,32.65,0,year
SVK,Slovak Republic,2024,2.75760909424279,1.93867445549446,5.3,5.14,12.0,0.923889546117607,14451891658.1508,-4.61427189349136,-7.77433857027831,-0.17396187665512985,32.62,0,inflation
TLS,Timor-Leste,2024,2.06284153005468,-9.10069289810397,1.523,5.14,10.6074346146692,1.0,780435177.882018,-32.4155608501652,-6.357509503049091,9.035212015343228,32.6,0,gdp_growth
WSM,Samoa,2023,7.92164684826777,15.233606465518,4.92,5.03,8.31979190761793,2.73843913026323,447089817.094158,3.84428249094403,-3.0402353804166307,12.966553357711309,32.47,0,year
HTI,Haiti,2018,12.4814111170435,1.66781095484656,13.934,1.83,13.1025,68.0317539812812,2273981843.67693,-2.89019632961826,1.8013223927850994,-0.8424603906002901,32.45,0,year
URY,Uruguay,2016,9.6394134763508,1.68979822971775,7.841,0.39,16.1703130380291,30.1626,13471669447.4569,0.825062149663386,0.9731436055575191,1.319056972036405,32.45,0,year
CHE,Switzerland,2016,-0.434618664285815,1.91159094214852,4.918,0.39,2.64666666666667,0.985394394244835,678909680869.541,7.11825025698579,0.709290007995965,0.45708757723753,32.41,0,year
TON,Tonga,2022,10.9713652903022,-2.12854876486114,2.002,1.69,7.85920663005895,2.32792982731644,375564012.935228,-8.45659467313937,5.33085388393477,-1.1936288727664572,32.39,0,gdp_growth
OED,OECD members,2019,1.74071267870181,1.85301586905177,5.38695191058807,2.16,12.0,3.130749999,787924742.251979,-2.61491577935683,-0.1917549860262202,-0.5362943038843799,32.38,0,inflation
COD,"Congo, Dem. Rep.",2016,2.88585107289988,0.393832798154563,4.528,0.39,19.0458333333333,1010.30275716866,708160749.155332,-3.89676371833081,2.14165207811841,-5.965904763493727,32.38,0,gdp_growth
GIN,Guinea,2023,7.80497591927973,5.54172668627702,5.141,5.03,12.0,3.130749999,1887171051.40105,8.48425837744304,-2.6880650791626692,1.5693188442698096,32.33,0,year
TTO,Trinidad and Tobago,2021,2.05922746915458,-0.716740625909793,4.446,0.08,7.4375,6.75853004916294,6879594621.96588,10.8546107118222,1.460241138329937,8.072057552405397,32.33,0,gdp_growth
CHE,Switzerland,2017,0.533787839825876,1.42034612231261,4.797,1.0,2.62743867833333,0.984691666666667,811030675725.885,5.23116441578826,0.9684065041116909,-0.49124481983591006,32.33,0,inflation
NOR,Norway,2016,3.55000000000007,1.29158732771135,4.68,0.39,3.07,8.4,60445172369.6599,3.85247124141966,1.3788633461047999,-0.7527011273030297,32.31,0,inflation
TTO,Trinidad and Tobago,2018,1.01856930188822,-0.945449700943314,3.497,1.83,9.09375,6.77075089824606,7575050348.59938,6.80751807437132,-0.8618150999470999,3.927299768243926,32.28,0,gdp_growth
JAM,Jamaica,2023,6.47413734662063,2.74634433906714,3.022,5.03,11.6516666666667,154.158779031722,4868643492.7225,2.65622781756862,-3.8754314925065696,-3.69295889749472,32.24,0,year
ECS,Europe & Central Asia,2025,3.74577316751945,1.703297097267,5.35931988514529,4.21,12.0,3.130749999,787924742.251979,-2.61491577935683,0.9881640732766601,0.09236734090292997,32.23,0,year
DEU,Germany,2022,6.87257438551097,1.8092581243061,3.137,1.69,12.0,0.949623753156941,293913690186.797,4.11376375249819,3.80590771884424,-2.10074181773498,32.19,0,year
TUV,Tuvalu,2023,5.582586059593455,3.50877192982458,6.571,5.03,12.0,1.50519106560509,787924742.251979,40.0273112804596,-0.05429353169446016,14.44627192982458,32.15,0,year
RUS,Russian Federation,2025,8.71986939402666,1.00117656925738,2.133,4.21,12.0,3.130749999,787924742.251979,1.68127939033566,0.2850052890594288,-3.92050309277335,32.15,0,unemployment
MHL,Marshall Islands,2024,5.582586059593455,3.30188679245282,6.571,5.14,12.0,1.0,787924742.251979,21.8711060344774,-0.05429353169446016,8.69666056770561,32.15,0,year
OED,OECD members,2016,0.443258157565783,1.85463774155879,6.43777999780825,0.39,12.0,3.130749999,787924742.251979,-2.61491577935683,0.10455246215561503,-0.6761712615606499,32.05,0,year
GRP,High income,2016,0.394769306686392,1.83965907046031,6.11023166310052,0.39,12.0,3.130749999,787924742.251979,-2.61491577935683,-0.05429353169446016,-0.12833054667881386,32.05,0,year
PST,Post-demographic dividend,2016,0.607397074641719,1.80639608099386,6.41054588620563,0.39,12.0,3.130749999,787924742.251979,-2.61491577935683,0.239350232316359,-0.45098252157921026,32.05,0,year
BEL,Belgium,2018,2.05316499865178,1.87796847383565,5.941,1.83,12.0,0.846772667108111,26856799008.9529,-0.874098516086553,-0.07280586137438005,0.4035008582677999,32.05,0,inflation
MHL,Marshall Islands,2019,5.582586059593455,10.4521147301896,6.571,2.16,12.0,1.0,787924742.251979,36.9827881728596,-0.05429353169446016,4.9649352430101095,31.97,0,year
PNG,Papua New Guinea,2018,4.37448921453162,-0.279252284959952,2.65,1.83,9.075,3.2934630812508,2213546838.5573,13.6302697156748,-1.0475564657067205,-3.813863102464542,31.93,0,unemployment
ROU,Romania,2023,10.3971874764996,2.25773416555121,5.589,5.03,9.32096121452692,4.57429166666667,72999646521.5027,-7.03377443891132,-3.398301266752501,-1.9299788854898798,31.88,0,year
COM,Comoros,2020,0.786641929499151,-0.195556841918759,4.468,0.37,8.09375,430.720912236792,294339897.88933,-1.79978941327918,-2.795493515192959,-1.956337077564439,31.86,0,gdp_growth
LTU,Lithuania,2022,19.7050461518394,2.46532013155011,5.955,1.69,12.0,0.949623753156941,5365254190.36888,-6.11893043425315,15.021501942804871,-3.92949759775195,31.85,0,year
NGA,Nigeria,2023,24.659550203114,3.31590368111438,3.074,5.03,14.010553734975,645.194067883201,33452495121.7329,1.31788745938512,5.812362418786602,-1.0029258104569796,31.83,0,year
TUR,Turkiye,2018,16.3324638988929,3.46815306092219,10.956,1.83,12.0,4.82837014720942,92997230040.5605,-1.85233343060557,5.188152814816501,-4.35770423910375,31.8,0,year
GHA,Ghana,2020,9.88728956269944,0.513941670628171,3.178,0.37,12.0,5.59570833333333,7884091538.70727,-3.04816313374944,2.7436495293908703,-5.993833123287029,31.76,0,year
RUS,Russian Federation,2017,3.68333072334495,1.82670527549192,5.238,1.0,10.56,58.3428011851719,432730507964.11,2.04412673615753,-3.35910653079212,1.633034144793103,31.71,0,inflation
AND,Andorra,2021,5.582586059593455,8.28677879049404,6.571,0.08,12.0,0.845376564367945,787924742.251979,15.0218009386111,-0.05429353169446016,19.470718726032437,31.64,0,year
AND,Andorra,2022,5.582586059593455,9.56461225648184,6.571,1.69,12.0,0.950915533962108,787924742.251979,11.643445125878,-0.05429353169446016,1.2778334659878006,31.64,0,year
AND,Andorra,2024,5.582586059593455,3.8491605039052,6.571,5.14,12.0,0.924367447270267,787924742.251979,16.045169836446,-0.05429353169446016,1.26560569429201,31.62,0,year
BMU,Bermuda,2023,5.582586059593455,4.33447280353832,6.571,5.03,12.0,1.0,787924742.251979,15.3480505045808,-0.05429353169446016,-1.92248240887045,31.62,0,year
CEB,Central Europe and the Baltics,2023,9.44284140088564,0.720328299990356,4.01230416616797,5.03,12.0,3.130749999,787924742.251979,-2.61491577935683,-5.1653025483576585,-3.319563214080174,31.55,0,year
CAF,Central African Republic,2020,1.71015659523153,0.899999996857062,6.519,0.37,12.0,575.586004510945,432524260.923722,-2.61491577935683,-0.9752169574363398,-2.200000003142928,31.44,0,inflation
DZA,Algeria,2023,9.32217375928322,4.10000000005964,11.645,5.03,8.0,135.842933333333,81216738411.6242,2.62033732399996,0.05665824376769102,0.49999999911048976,31.41,0,year
JPN,Japan,2019,0.46877615938395,-0.308496921143259,2.351,2.16,12.0,109.009665900863,1322443255598.64,3.36672218972423,-0.520318438637898,-1.142640767108844,31.38,0,gdp_growth
TCD,Chad,2017,-1.5370996298084,-1.61746922820204,1.132,1.0,12.0,580.656749587858,8575237.41520016,-2.61491577935683,-0.7446591045722981,2.5050340981682995,31.38,0,gdp_growth
CAF,Central African Republic,2024,1.47733600718744,1.49999999847535,6.253,5.14,12.0,606.345297609063,489286576.286085,-2.61491577935683,-1.5018025190019302,0.80003159771481,31.37,0,inflation
PRE,Pre-demographic dividend,2017,4.5783374121255,1.65401035196942,5.2669199218143,1.0,12.0,3.130749999,787924742.251979,-2.61491577935683,0.19444545698635007,-0.83389848437187,31.37,0,year
TCA,Turks and Caicos Islands,2022,5.582586059593455,14.0871234168153,6.571,1.69,12.0,1.0,787924742.251979,-2.61491577935683,-0.05429353169446016,-15.542254755426098,31.32,0,year
MNP,Northern Mariana Islands,2017,5.582586059593455,23.1707317073171,6.571,1.0,12.0,1.0,787924742.251979,-2.61491577935683,-0.05429353169446016,-6.041389504804101,31.32,0,year
NIC,Nicaragua,2023,8.38765854872536,4.42779393186883,4.698,5.03,9.48156215456585,36.4411942796586,5446998877.80189,8.2298831014672,-2.07976589787374,0.8775191605111803,31.32,0,year
COD,"Congo, Dem. Rep.",2020,5.582586059593455,0.775427992354622,5.355,0.37,25.9584937147496,1851.12216183261,747655324.338114,-2.25334502004381,-0.05429353169446016,0.22004369777380306,31.24,0,year
CUB,Cuba,2024,5.582586059593455,-1.06173273220524,1.755,5.14,12.0,3.130749999,787924742.251979,-2.61491577935683,-0.05429353169446016,0.86763849949157,31.01,0,year
ABW,Aruba,2023,5.582586059593455,9.51636022347185,6.571,5.03,5.8,1.79,1468151730.0,5.19136770255524,-0.05429353169446016,-1.0916005386527505,30.94,0,year
RUS,Russian Federation,2023,5.86571931748967,4.06661395813023,3.076,5.03,11.6225,85.1620083333333,597217063819.197,2.41395767974471,-7.877960422333531,5.5019845928091895,30.92,0,year
EGY,"Egypt, Arab Rep.",2017,29.5066083940039,4.18122099961562,11.767,1.0,18.175,17.7825335150636,36400242555.8255,-3.19681566782461,15.6930021791749,-0.16542245640351982,30.9,0,year
ABW,Aruba,2021,5.582586059593455,14.833691976226,6.571,0.08,6.4,1.79,1512960280.0,2.74311870112242,-0.05429353169446016,38.7737512439751,30.85,0,year
TCA,Turks and Caicos Islands,2017,5.582586059593455,74.5879880544188,6.571,1.0,12.0,1.0,787924742.251979,2.9229683096609,-0.05429353169446016,67.33680177871615,30.85,0,year
STP,Sao Tome and Principe,2021,8.13777038378732,1.89929891337832,9.563,0.08,18.4864861111111,20.7104015163031,75017386.4624661,-18.1632158527971,-1.681557531614141,-0.7255605820598001,30.79,0,year
IRL,Ireland,2022,7.82945736434105,7.51113888415304,4.465,1.69,12.0,0.949623753156941,13039213740.6945,8.83145214804832,5.489116229870611,-8.747049231666658,30.75,0,year
USA,United States,2016,1.26158320570536,1.81945147909089,4.869,0.39,3.51166666666667,1.0,405942428719.749,-2.10699725119707,1.142956070152909,-1.1260989731824802,30.71,0,inflation
MCO,Monaco,2022,5.582586059593455,11.2662955198601,6.571,1.69,12.0,0.949623753156941,787924742.251979,-2.61491577935683,-0.05429353169446016,-10.965920065260702,30.66,0,year
AZE,Azerbaijan,2022,13.8522590144267,4.71468033247649,5.65,1.69,14.5897924973182,1.7,11338378376.1944,29.7916946512237,7.20195988733891,-0.9017599390290494,30.6,0,year
AND,Andorra,2019,5.582586059593455,2.01554763848308,6.571,2.16,12.0,3.130749999,787924742.251979,18.0104704752282,-0.05429353169446016,0.42678214801953995,30.59,0,year
EMU,Euro area,2022,8.54686993188458,3.66468497532753,6.72976967374639,1.69,12.0,0.949623753156941,1185667028071.55,-2.61491577935683,6.019949841222919,-2.7788124982705797,30.58,0,year
GIN,Guinea,2022,10.4930409984424,3.97240784200721,5.174,1.69,12.0,3.130749999,2109566460.25546,16.8265386883899,-2.104247258251,-1.6099249694832896,30.45,0,year
TTO,Trinidad and Tobago,2022,5.82838638517959,0.86126082651883,4.383,1.69,7.48958333333333,6.75412896099475,6832392604.5144,10.1709014983169,3.7691589160250096,1.578001452428623,30.36,0,year
OED,OECD members,2025,2.8397963180572,1.77005853071937,4.92729125540891,4.21,12.0,3.130749999,787924742.251979,-2.61491577935683,0.08741782762681005,-0.012125915433910173,30.32,0,inflation
OED,OECD members,2024,2.75237849043039,1.78218444615328,4.90917859417164,5.14,12.0,3.130749999,787924742.251979,-2.61491577935683,-2.9253001357239006,-0.007187166168409975,30.32,0,inflation
JAM,Jamaica,2019,3.90510000865872,1.80943147301357,4.987,2.16,12.9984552678412,133.31211833796,3631089258.40452,-1.77745675976269,0.16846118713709002,-0.7064131131115601,30.32,0,year
MHL,Marshall Islands,2017,5.582586059593455,3.55815188528943,6.571,1.0,12.0,1.0,787924742.251979,6.04608391648484,-0.05429353169446016,1.05406914168573,30.28,0,year
MHL,Marshall Islands,2021,5.582586059593455,2.15939339067452,6.571,0.08,12.0,1.0,787924742.251979,29.1920087798827,-0.05429353169446016,4.93228071461818,30.28,0,year
BMU,Bermuda,2017,5.582586059593455,3.61141983706115,6.571,1.0,12.0,1.0,787924742.251979,13.1637987135115,-0.05429353169446016,4.268626141320355,30.28,0,year
MNG,Mongolia,2016,0.733272227314397,1.48978448679577,7.235,0.39,19.7415351110051,2140.29086406116,1304052963.0909,-6.25748206242188,-5.002410592068873,-0.8900513205214502,30.25,0,year
HRV,Croatia,2023,7.94128177586822,3.76204092717136,6.121,5.03,12.0,0.924839558470698,3175829868.24805,0.742770464300461,-2.8392989000003803,-3.53275022172397,30.17,0,year
SGP,Singapore,2022,6.13095418919732,4.01027884472296,3.591,1.69,12.0,1.37866666666667,296628740109.38,18.9227008880076,3.81485103154586,-6.130805674996241,30.04,0,year
GIN,Guinea,2021,12.5972882566934,5.5823328114905,5.815,0.08,12.0,3.130749999,2183067127.24737,27.1761588078073,1.9956679179767,0.8777418503547496,29.96,0,year
PST,Post-demographic dividend,2025,2.37284807226549,1.6533096131564,4.69905638249338,4.21,12.0,3.130749999,787924742.251979,-2.61491577935683,-0.06806765494148026,-0.12613565706657992,29.96,0,inflation
LBR,Liberia,2024,8.21497439118964,4.02185464964835,2.914,5.14,12.0,191.306666666667,367711666.748042,2.50632277204121,-1.8794791753655602,-0.6619022379647603,29.92,0,year
COL,Colombia,2022,10.1772313546166,7.32827729427979,10.541,1.69,15.8075088706303,4256.19416666667,56703971712.5605,-6.04054199360168,6.68217378062212,-3.4729208962080094,29.91,0,year
DEU,Germany,2025,2.17178770949721,0.239578342117881,3.711,4.21,12.0,0.88496895841236,572201958133.157,4.50585617378113,-0.08471043389039012,0.735430239378247,29.89,0,gdp_growth
MCO,Monaco,2023,5.582586059593455,5.44395088840088,6.571,5.03,12.0,0.924839558470698,787924742.251979,-2.61491577935683,-0.05429353169446016,-5.822344631459219,29.87,0,year
TCA,Turks and Caicos Islands,2024,5.582586059593455,5.63682517443362,6.571,5.14,12.0,1.0,787924742.251979,-2.61491577935683,-0.05429353169446016,-8.094322939489178,29.87,0,year
SXM,Sint Maarten (Dutch part),2023,5.582586059593455,3.79999769985537,6.571,5.03,12.0,1.79,787924742.251979,-6.91912615417334,-0.05429353169446016,-10.10000356156103,29.87,0,year
TUR,Turkiye,2021,19.5964926913324,11.811094450607,11.969,0.08,12.0,8.85040754928315,111184882382.134,-0.74064931592423,7.3175352450750015,10.008031979734449,29.82,0,year
BLR,Belarus,2020,5.54814357456519,-0.672742918585868,4.049,0.37,9.0325,2.439575,7468343228.01747,-0.290687853658269,-0.050012375833290434,-2.119198400628918,29.8,0,year
BGR,Bulgaria,2023,9.44284140088564,1.68151075832925,4.319,5.03,4.42983333333333,1.80896666666667,46333887862.1794,-1.15394184437216,-5.882417525551059,-2.40235322286016,29.79,0,year
BMU,Bermuda,2022,5.582586059593455,6.25695521240877,6.571,1.69,12.0,1.0,787924742.251979,14.6088444703612,-0.05429353169446016,1.49197621572522,29.76,0,year
MHL,Marshall Islands,2018,5.582586059593455,5.48717948717949,6.571,1.83,12.0,1.0,787924742.251979,24.1051166048242,-0.05429353169446016,1.92902760189006,29.76,0,year
BMU,Bermuda,2021,5.582586059593455,4.76497899668355,6.571,0.08,12.0,1.0,787924742.251979,13.1996284714516,-0.05429353169446016,11.73660471148218,29.76,0,year
NRU,Naoero,2019,5.582586059593455,8.5470085470084,6.571,2.16,12.0,1.43850654421382,787924742.251979,4.46641317401241,-0.05429353169446016,9.394466174127128,29.74,0,year
NLD,Netherlands,2022,10.0012078753473,5.00723453395074,3.526,1.69,12.0,0.949623753156941,63352655591.2206,6.82147679536227,7.325487787293449,-1.2696014035014196,29.71,0,year
RUS,Russian Federation,2021,6.69445891957612,5.866491772979,4.749,0.08,7.18108333333333,73.65435,632241824796.464,6.83107025995823,3.3122609500954403,8.52014626993353,29.61,0,year
QAT,Qatar,2017,0.394878914083005,-1.49760470227838,0.14,1.0,4.69653289329285,3.64,15007730964.8132,3.98856887721847,-2.2817127868988947,-4.56179658657994,29.49,0,gdp_growth
GIN,Guinea,2017,8.91435947913097,10.3000053427355,4.86,1.0,12.0,9088.31949623166,980319295.402435,5.03018582642409,0.7416783563796514,-0.5206218538545002,29.42,0,year
GRP,High income,2019,1.61520141548374,1.90035790608474,4.76095962548232,2.16,12.0,3.130749999,787924742.251979,-2.61491577935683,-0.05429353169446016,-0.12833054667881386,29.38,0,inflation
PST,Post-demographic dividend,2019,1.61963190184048,1.82164159324701,4.93863793927205,2.16,12.0,3.130749999,787924742.251979,-2.61491577935683,-0.11897671804132015,-0.4659464851167001,29.38,0,inflation
ITA,Italy,2022,8.20128991161718,4.82117669913565,8.069,1.69,2.264455,0.949623753156941,224580577612.139,-1.83039811478156,6.327506653992369,-4.1098854088648995,29.37,0,year
VEN,"Venezuela, RB",2023,5.582586059593455,4.02298850574712,5.407,5.03,12.0,3.130749999,787924742.251979,-2.61491577935683,-0.05429353169446016,-4.051545655743569,29.37,0,year
PER,Peru,2022,8.33370630096231,2.81819976419922,4.291,1.69,12.5972583333333,3.83518137473542,72328123071.4846,-4.08676202376085,4.062042485594331,-10.59844584845208,29.26,0,year
ZAF,South Africa,2022,7.03987272546482,2.05813661692193,33.268,1.69,8.79166666666667,16.3558534845,60553113006.2544,-0.296182598127432,2.4211272765934595,-2.8005120336795497,29.21,0,year
MUS,Mauritius,2023,7.05298238454736,4.69918189687444,5.571,5.03,9.5,45.267225,7247890260.49611,-4.95170152620904,-3.720768839742539,-3.6432619056302604,29.2,0,year
ROU,Romania,2022,13.7954887432521,4.18771305104109,5.614,1.69,7.75709430926468,4.688475,55810109299.0554,-9.25302809964964,8.74315998228628,-1.3996376743476002,29.13,0,year
ETH,Ethiopia,2024,21.0377460577711,7.61277447616879,3.357,5.14,12.0,82.6013363504764,3784387425.19121,-2.53176480495898,-9.1810817557567,1.0185284856252599,29.09,0,year
MMR,Myanmar,2023,5.582586059593455,0.958446625126115,2.977,5.03,12.0,3.130749999,9337819633.15963,-2.61491577935683,-0.05429353169446016,-3.079046810882385,29.03,0,year
AZE,Azerbaijan,2018,2.26854690373999,1.50040167167313,4.9,1.83,17.4483333333333,1.70001666666667,6696420864.42018,12.6823769245212,-10.66737151499351,1.3467870099276231,28.95,0,inflation
CHL,Chile,2022,11.643866711056,2.06391864254198,8.249,1.69,12.0,873.314189543014,39102338845.0328,-8.87430060140152,7.119298328464561,-9.27348459844932,28.87,0,year
AFW,Africa Western and Central,2016,1.48741550755546,0.176171718599761,4.16910166908106,0.39,12.0,3.130749999,787924742.251979,-2.61491577935683,-0.64340187303245,-2.756739319022029,28.84,0,gdp_growth
EAS,East Asia & Pacific,2020,0.846900734607273,-0.0906651751610497,4.29658340250273,0.37,12.0,3.130749999,787924742.251979,-2.61491577935683,-0.867470223026737,-4.131571143243869,28.84,0,gdp_growth
LAO,Lao PDR,2024,23.1305695942588,4.13019264438475,1.174,5.14,12.0,20167.3313803145,2213001000.16953,3.21986797869176,-8.099564579005797,0.38451124280243,28.82,0,year
BLZ,Belize,2022,6.27689319447544,9.25051329530994,8.682,1.69,8.52349151589078,2.0,482145605.528777,-8.27531709191242,3.0412566021047294,-8.73941111905076,28.76,0,year
BHS,"Bahamas, The",2022,5.60540633583044,10.8779009410268,9.25,1.69,4.25,1.0,2609421074.79741,-8.8696154754098,2.7004937065456605,-6.7082380627141,28.76,0,year
CAN,Canada,2022,6.80280115341613,4.69541985045903,5.279,1.69,12.0,1.30155477474355,106952377364.743,-0.442142105058685,3.40760796814085,-1.2551081993885607,28.68,0,year
GIN,Guinea,2020,10.6016203387167,4.70459096113575,6.007,0.37,12.0,9565.08218343833,1499116032.51595,19.0560604764664,1.131609946186579,-0.9123235077630101,28.63,0,year
ISL,Iceland,2023,8.73630299937298,5.0322597376242,3.518,5.03,11.5309721139305,137.942952429967,5808710368.479,-1.20461319981755,0.4275478837838591,-3.82503924094431,28.6,0,year
ESP,Spain,2023,3.53236133492433,2.46085796805582,12.179,5.03,12.0,0.924839558470698,103088315527.743,2.73246084042227,-4.858215006262039,-3.90945915324019,28.57,0,inflation
HUN,Hungary,2025,4.41198445905562,0.509542309726868,4.521,4.21,8.01151582250833,353.14,59094575606.7599,1.6548423815673,0.7082807553519297,-0.19952828933917,28.51,0,year
LTE,Late-demographic dividend,2022,9.10437983075437,3.28975241103197,5.19342173354142,1.69,12.0,3.130749999,787924742.251979,-2.61491577935683,5.60932225675989,-4.304214140818059,28.49,0,year
XKX,Kosovo,2022,11.5805104542012,4.27849895827543,6.571,1.69,12.0,0.950915533962108,1247751320.33903,-9.41107172718694,8.22681906212123,-6.46715712368287,28.48,0,year
DZA,Algeria,2022,9.26551551551553,3.60000000094915,12.382,1.69,8.0,141.994975,71852290093.8578,8.62297009518782,2.0394524413607593,-0.1999999980579199,28.45,0,year
TJK,Tajikistan,2024,5.582586059593455,8.39999980983981,7.041,5.14,12.0,10.7994916666667,3630709354.49572,6.42365269759176,-0.05429353169446016,0.10000059332046085,28.45,0,year
ABW,Aruba,2024,5.582586059593455,6.81077669324554,6.571,5.14,12.0,1.79,1902250220.0,-2.61491577935683,-0.05429353169446016,-2.70558353022631,28.4,0,year
CUW,Curacao,2023,5.582586059593455,4.20199929761131,6.571,5.03,12.0,1.79,787924742.251979,-19.9513590637625,-0.05429353169446016,-2.7040012569996605,28.4,0,year
AZE,Azerbaijan,2021,6.65029912708779,5.61644027150554,6.04,0.08,16.4259638117336,1.7,8290112834.95499,14.9620003998682,3.8904896570065195,9.815400924838968,28.38,0,year
OMN,Oman,2019,0.490815362820671,-1.12863801728058,2.045,2.16,5.41334351278467,0.3845,16661756725.189,-4.91818869978251,-0.39849700814973305,-2.41574193271346,28.37,0,gdp_growth
BDI,Burundi,2023,26.9414835762453,3.25476897326196,0.911,5.03,11.23,2574.05174879329,90349885.1781753,-18.3607341751646,8.140604909750799,0.9370677497537399,28.28,0,year
BGD,Bangladesh,2020,5.69107474746211,3.44801755122445,5.539,0.37,8.295,84.8713916666667,43171735335.8001,0.318940441964321,0.09907834815582017,-4.43389759995277,28.28,0,year
MDA,Moldova,2024,4.67773516007048,0.270670455512573,1.427,5.14,8.90641056126628,17.791907688172,5483515866.86942,-16.5470767102724,-8.73927527805952,-0.917350223861717,28.25,0,unemployment
KAZ,Kazakhstan,2022,15.0278644440851,3.19999999970734,4.86,1.69,12.0,460.165,35076053023.0673,2.85432700775768,6.98639310380109,-1.0999999975872203,28.23,0,year
EGY,"Egypt, Arab Rep.",2024,28.2705899322083,2.3991692678251,6.817,5.14,24.2916666666667,45.29926,44921341018.4659,-5.68596234093524,-5.614186379346304,-1.36111125496737,28.23,0,year
TUV,Tuvalu,2017,5.582586059593455,3.26802914033142,6.571,1.0,12.0,1.30475807671592,787924742.251979,2.07231989129787,-0.05429353169446016,-1.50847583303397,28.12,0,year
NAC,North America,2016,1.34517137635811,1.7574135378599,5.10340701910414,0.39,12.0,3.130749999,787924742.251979,-2.61491577935683,0.7232371281104969,-1.0036908498493198,28.09,0,inflation
NIC,Nicaragua,2022,10.4674244465991,3.55027477135765,4.969,1.69,9.2285436378574,35.874421141967,4404430742.32312,-2.93963886099355,5.539010477109421,-6.904114010293851,28.06,0,year
RUS,Russian Federation,2024,8.43486410496723,4.92167966203073,2.43,5.14,17.0925,92.5524,608360767884.902,2.85909027069263,2.569144787477561,0.8550657039005003,28.05,0,year
TJK,Tajikistan,2025,5.582586059593455,8.40000053390075,6.931,4.21,12.0,10.0177083333333,4309985679.29893,17.0983293460641,-0.05429353169446016,7.240609392056285e-07,28.04,0,year
IBD,IBRD only,2022,9.10437983075437,3.76945565506477,5.56994264084484,1.69,12.0,3.130749999,787924742.251979,-2.61491577935683,4.83271601538639,-3.8550209791400096,28.0,0,year
IBT,IDA & IBRD total,2022,9.08963911525032,3.8271063174832,5.38688118322023,1.69,12.0,3.130749999,787924742.251979,-2.61491577935683,4.830274939821639,-3.52447487514991,28.0,0,year
KAZ,Kazakhstan,2024,8.69082156104494,4.99999999996936,4.833,5.14,12.0,468.9625,45807523139.2563,-2.32054721716038,-5.8367382215502595,-0.09999999976704999,27.93,0,year
OED,OECD members,2022,8.23803240697186,3.15854809219758,4.99493064713263,1.69,12.0,3.130749999,787924742.251979,-2.61491577935683,5.422742650091919,-2.93616724428301,27.93,0,year
WLD,World,2022,8.08169507021982,3.44001097265647,5.23462796913747,1.69,12.0,3.130749999,787924742.251979,-2.61491577935683,4.606291867321069,-3.04507790331105,27.93,0,year
ECS,Europe & Central Asia,2022,11.1136121878761,3.42810235027954,5.8460641099346,1.69,12.0,3.130749999,787924742.251979,-2.61491577935683,7.92343447760516,-3.3965048532605002,27.93,0,year
EUU,European Union,2022,8.83369886749452,3.56455510630462,6.16137258045926,1.69,12.0,3.130749999,787924742.251979,-2.61491577935683,6.279191871074111,-2.81318206440335,27.93,0,year
SOM,"Somalia, Fed. Rep.",2018,5.582586059593455,2.05431507261069,18.7,1.83,12.0,3.130749999,787924742.251979,-2.61491577935683,-0.05429353169446016,-12.68148053190881,27.88,0,year
KAZ,Kazakhstan,2025,11.3879454675914,6.5,4.771,4.21,12.0,521.035,66068640110.4733,-4.06579066364776,2.6971239065464605,1.5000000000306404,27.82,0,year
AGO,Angola,2024,28.2404948915772,4.95267860425956,14.02,5.14,19.3991553172159,869.846189590008,14242892504.625,6.12127885547185,14.5963931148057,3.6325127334492504,27.75,0,year
ECA,Europe & Central Asia (excluding high income),2022,13.8875841659221,3.11188050867233,7.71538545377934,1.69,12.0,3.130749999,787924742.251979,-2.61491577935683,6.97001645516135,-6.167990120469939,27.73,0,year
TJK,Tajikistan,2022,5.582586059593455,8.00000033846364,7.051,1.69,12.0,11.031075,3847356746.4018,15.2573634253921,-0.05429353169446016,-1.3999992119115898,27.73,0,year
IMN,Isle of Man,2017,5.582586059593455,2.83775807093689,6.571,1.0,12.0,0.776976682344123,787924742.251979,-2.61491577935683,-0.05429353169446016,-4.11454477805718,27.69,0,year
HUN,Hungary,2022,14.6081439492433,4.15238057779229,3.583,1.69,10.6554314535917,372.595833333333,41218685384.2451,-8.78389100676721,9.49717860541475,-3.07053523031908,27.67,0,year
NRU,Naoero,2016,5.582586059593455,4.13223140495909,6.571,0.39,12.0,1.34521397601947,787924742.251979,2.13176978498194,-0.05429353169446016,0.7134279861562804,27.63,0,year
NRU,Naoero,2021,5.582586059593455,7.75193798449692,6.571,0.08,12.0,1.33122425957081,787924742.251979,4.4192969761878,-0.05429353169446016,6.17713483489133,27.63,0,year
OMN,Oman,2017,1.58909413567799,0.304057565922449,2.523,1.0,5.15266271716578,0.3845,16088803822.7708,-13.6143943671898,0.47988607760772006,-4.742366379794461,27.61,0,unemployment
CHI,Channel Islands,2022,5.582586059593455,5.34196140375869,5.923,1.69,12.0,0.811301715827773,787924742.251979,-2.61491577935683,-0.05429353169446016,-4.594839966092071,27.6,0,year
ZMB,Zambia,2022,10.9932039209136,5.21122360356247,5.993,1.69,12.0,16.9375943252989,2967565317.1942,3.74784661580663,-11.0275637036641,-1.0236984437020107,27.49,0,year
ESP,Spain,2022,8.39057634118637,6.37031712129601,13.033,1.69,12.0,0.949623753156941,92905070059.7299,0.379418337465124,5.29744122142235,-0.31282708343400056,27.49,0,year
MIC,Middle income,2022,8.32008377271927,4.01198144032888,5.42949094564465,1.69,12.0,3.130749999,787924742.251979,-2.61491577935683,4.17710176095681,-3.4388803412218207,27.44,0,year
TJK,Tajikistan,2023,5.582586059593455,8.29999921651935,7.037,5.03,12.0,10.844525,3303825209.68631,4.76980054377008,-0.05429353169446016,0.29999887805571035,27.44,0,year
LMY,Low & middle income,2022,8.81109209279587,4.00803776152725,5.41429545248604,1.69,12.0,3.130749999,787924742.251979,-2.61491577935683,4.551727917367189,-3.36230182580372,27.44,0,year
HUN,Hungary,2024,3.70370370370369,0.709070599066038,4.5,5.14,9.12671515640833,365.690833333333,46422357553.8952,1.84213300452467,-13.421262264170009,1.5261779695794928,27.43,0,inflation
BLR,Belarus,2025,6.59877945951182,1.29999999999998,3.38,4.21,10.9451669828601,3.069175,14519884903.0865,-1.94415875062152,0.8134603552317703,-3.0499963814058093,27.38,0,year
TJK,Tajikistan,2020,5.582586059593455,4.40000111553493,7.576,0.37,12.0,10.3219416666667,2238305810.05378,4.3491809262765,-0.05429353169446016,-2.99999904757063,27.28,0,year
MNE,Montenegro,2022,13.0403036347004,7.73954689516201,14.851,1.69,5.63833333333333,0.950915533962108,2040827973.50695,-13.065408249364,10.62950165066875,-5.3067138474738895,27.25,0,year
PAK,Pakistan,2019,10.5780305672025,2.49763692943365,4.83,2.16,12.233054804153,150.036253839864,16586046186.2171,-2.66677325730292,5.49997330851333,-3.6540656815615398,27.2,0,year
IND,India,2023,5.64914318907925,7.210224629335,4.172,5.03,12.0,82.5992764460784,627792750126.715,-0.912777939495827,-1.0498909517193304,-0.3991403483582001,27.15,0,year
UZB,Uzbekistan,2017,13.8757425441635,4.70027401956061,5.83,1.0,15.3767768819838,5113.87894595717,28070940955.3947,2.04476697126481,5.7448558489275,-2.0108062067193897,27.13,0,year
TLS,Timor-Leste,2018,2.63647201015892,-0.466502170658785,3.765,1.83,13.456301443692,1.0,673903564.681158,-12.2846134533332,2.079256472728559,2.715913054233165,27.12,0,gdp_growth
TUR,Turkiye,2016,7.7751341532833,3.32366508200445,10.899,0.39,12.0,3.02013474808043,104810530764.478,-2.54530792537505,0.10428050482444995,-2.4819087842823904,27.1,0,year
FJI,Fiji,2022,6.07882431529725,17.7451269773594,5.403,1.69,5.43188908929798,2.2014069869585,1556777405.71406,-15.5083711760819,4.54427577778133,22.091088976334603,27.03,0,year
ISL,Iceland,2019,3.01397179156061,1.13821227336888,3.507,2.16,6.95,122.606773601907,6782387111.82889,7.36415870134103,0.3310541088866903,-3.5225580889548906,27.02,0,inflation
TCA,Turks and Caicos Islands,2023,5.582586059593455,13.7311481139228,6.571,5.03,12.0,1.0,787924742.251979,-2.61491577935683,-0.05429353169446016,-0.35597530289250123,27.02,0,year
SVN,Slovenia,2023,7.44687717385846,2.3758326648385,3.652,5.03,12.0,0.924839558470698,2370205836.30558,4.46558757096219,-1.386821693636061,-0.2926728905863598,26.99,0,year
DOM,Dominican Republic,2022,8.81109209279587,5.23795652902595,5.504,1.69,11.85005,55.1409916666667,14522975012.3239,-5.77106930088549,0.56808861297778,-8.774472377194751,26.98,0,year
TUV,Tuvalu,2019,5.582586059593455,13.4465048163198,6.571,2.16,12.0,1.43850654421382,787924742.251979,-22.4210470726777,-0.05429353169446016,12.05982095479648,26.98,0,year
GUY,Guyana,2022,6.93346066500816,63.3346343654855,11.907,1.69,8.41666666666667,208.5,917877051.389658,28.8207770246115,2.42726207574923,43.2746368086437,26.97,0,year
SSA,Sub-Saharan Africa (excluding high income),2023,7.05298238454736,2.71209038880693,5.76152900751665,5.03,12.0,3.130749999,787924742.251979,-2.61491577935683,-2.4722839016810694,-1.3162843148011096,26.95,0,year
GRP,Low income,2024,7.91416611716344,3.40605658075204,4.89022892217814,5.14,12.0,3.130749999,787924742.251979,-2.61491577935683,-0.05429353169446016,-0.12833054667881386,26.95,0,year
SVK,Slovak Republic,2023,10.5319476645211,2.11263633214959,5.843,5.03,12.0,0.924839558470698,11288517853.7365,-3.01849841620299,-2.2421986992399994,1.5680447000121358,26.95,0,year
UZB,Uzbekistan,2024,9.62825465956682,6.67618796188361,4.439,5.14,23.1339383845928,12652.2868209739,41236890133.3347,-4.71597432187069,-0.3283360530133592,0.3601579198643501,26.88,0,year
TCD,Chad,2021,-0.77284437035914,0.293442648033434,1.53,0.08,12.0,554.530675033104,211590754.917343,-2.61491577935683,-5.23698874268775,0.687089230413833,26.86,0,gdp_growth
SWZ,Eswatini,2023,5.582586059593455,3.53257662836211,34.61,5.03,10.8333333333333,18.4535924917449,479261051.167947,2.1357603698575,-0.05429353169446016,3.146505792799405,26.78,0,year
SWZ,Eswatini,2024,5.582586059593455,3.03162462475916,34.643,5.14,10.875,18.3176868310856,536572585.913259,1.6121572847945,-0.05429353169446016,-0.5009520036029502,26.78,0,year
BEL,Belgium,2022,9.597511728725,4.02460852835887,5.57,1.69,12.0,0.949623753156941,42101229345.195,-1.82031814963394,7.157263217284159,-2.22984833630706,26.76,0,year
MNP,Northern Mariana Islands,2022,5.582586059593455,16.6427546628408,6.571,1.69,12.0,1.0,787924742.251979,-2.61491577935683,-0.05429353169446016,11.672875144768511,26.68,0,year
MCO,Monaco,2021,5.582586059593455,22.2322155851208,6.571,0.08,12.0,0.84549413889045,787924742.251979,-2.61491577935683,-0.05429353169446016,35.4713204143316,26.68,0,year
TCA,Turks and Caicos Islands,2021,5.582586059593455,29.6293781722414,6.571,0.08,12.0,1.0,787924742.251979,-2.61491577935683,-0.05429353169446016,63.446475515706595,26.68,0,year
MNP,Northern Mariana Islands,2016,5.582586059593455,29.2121212121212,6.571,0.39,12.0,1.0,787924742.251979,-2.61491577935683,-0.05429353169446016,25.828662565504672,26.68,0,year
SXM,Sint Maarten (Dutch part),2022,5.582586059593455,13.9000012614164,6.571,1.69,12.0,1.79,787924742.251979,-3.57811267634191,-0.05429353169446016,9.322404482082948,26.68,0,year
NGA,Nigeria,2019,11.3964223378115,2.20842927835211,5.206,2.16,15.3765869808333,306.920951495222,39382191478.7729,-2.04801100744941,-0.6986841795316998,0.28567193635413,26.62,0,year
LSO,Lesotho,2024,6.10544624245032,5.22503380336101,16.34,5.14,11.2083333333333,18.3286575505,1007862057.19677,3.73488863491482,-0.2367711887992101,3.5307020272732705,26.62,0,year
PRE,Pre-demographic dividend,2023,7.10220928557059,2.44455093685518,4.65198898265421,5.03,12.0,3.130749999,787924742.251979,-2.61491577935683,-1.6734655443146398,-2.1906732843304,26.61,0,year
LDC,Least developed countries: UN classification,2023,7.12697482131851,3.05090811063616,4.70150733081641,5.03,12.0,3.130749999,787924742.251979,-2.61491577935683,-2.331037991721721,-1.664201781285,26.61,0,year
USA,United States,2022,8.00279982052121,2.52421385073222,3.65,1.69,12.0,1.0,706644215998.894,-3.81177015326345,3.3049409568837893,-3.62780862794304,26.58,0,year
PST,Post-demographic dividend,2024,2.44091572720697,1.77944527022298,4.61212708203082,5.14,12.0,3.130749999,787924742.251979,-2.61491577935683,-2.6262229264351595,-0.016509132168539997,26.54,0,inflation
SSF,Sub-Saharan Africa,2023,6.69759990789845,2.71446691675897,5.76152900751665,5.03,12.0,3.130749999,787924742.251979,-2.61491577935683,-2.7604129051417807,-1.3192437528098901,26.52,0,year
WLD,World,2023,5.79944107391962,2.85938493335973,4.84991713588619,5.03,12.0,3.130749999,787924742.251979,-2.61491577935683,-2.2822539963001995,-0.5806260392967402,26.52,0,year
HRV,Croatia,2022,10.7805806758686,7.29479114889533,6.811,1.69,12.0,7.1597415,29726299387.3297,-3.68089506718043,8.226073679448191,-5.3364829823787705,26.52,0,year
TSS,Sub-Saharan Africa (IDA & IBRD countries),2023,6.69759990789845,2.71446691675898,5.76152900751665,5.03,12.0,3.130749999,787924742.251979,-2.61491577935683,-2.7604129051417807,-1.3192437528098995,26.52,0,year
SMR,San Marino,2022,5.32545321311365,7.89844678230362,6.571,1.69,3.80209166666666,0.950915533962108,716066334.08873,13.5955416462481,3.70993909759944,-5.999338977105279,26.49,0,inflation
TEC,Europe & Central Asia (IDA & IBRD countries),2023,9.36187249769015,3.8319198777364,5.0769631792025,5.03,12.0,3.130749999,787924742.251979,-2.61491577935683,-4.4903865167365495,1.86078306173777,26.47,0,year
SRB,Serbia,2022,11.9815117344703,2.70347705543654,8.439,1.69,12.0,111.662183333333,20679650165.5243,-6.67116914473896,7.896408881119281,-5.2455794492862395,26.46,0,year
MAC,"Macao SAR, China",2016,2.36895749705898,-0.701510212552961,1.939,0.39,5.25,7.99506425,19491696000.0,26.1339016036355,-2.1916058832227496,21.05249766277164,26.45,0,gdp_growth
COM,Comoros,2023,8.37373955490996,3.1866131800554,3.833,5.03,12.0,454.991236691823,324560634.116795,-1.67952222045728,-4.158291902189939,0.73280143455281,26.44,0,year
DZA,Algeria,2024,4.04611455313434,3.69999999907979,11.655,5.14,8.0,134.053241666667,83007108429.3211,-1.0224994485325,-5.27605920614888,-0.4000000009798499,26.41,0,year
OSS,Other small states,2022,7.46811935414937,4.39868942923867,9.01147513544492,1.69,12.0,3.130749999,787924742.251979,-2.61491577935683,5.03967402625617,-3.59245495312539,26.4,0,year
TLA,Latin America & the Caribbean (IDA & IBRD countries),2022,8.27477490232654,4.12386672781881,7.01556949606688,1.69,12.0,3.130749999,787924742.251979,-2.61491577935683,4.013723628098409,-3.1520941499088497,26.39,0,year
LAC,Latin America & Caribbean (excluding high income),2022,8.81109209279587,3.97595959337909,6.83824311969363,1.69,12.0,3.130749999,787924742.251979,-2.61491577935683,4.53942827742789,-2.8785537297447505,26.39,0,year
LCN,Latin America & Caribbean,2022,8.08552554700602,4.09058657203177,6.93153207639263,1.69,12.0,3.130749999,787924742.251979,-2.61491577935683,4.2074711228947095,-2.9854948236869605,26.39,0,year
TJK,Tajikistan,2021,5.582586059593455,9.39999955037523,7.687,0.08,12.0,11.30885,2498779540.05517,8.22937866606437,-0.05429353169446016,4.9999984348402995,26.28,0,year
PAK,Pakistan,2022,19.8738599646655,4.7781068690358,5.291,1.69,12.0,204.867187469982,9926587077.28489,-3.25858181478804,10.37744419181345,-1.73577888949122,26.27,0,year
TUR,Turkiye,2017,11.1443110840764,7.82585730002594,10.919,1.0,12.0,3.64813263536867,107657025384.516,-4.06783613710293,3.369176930793099,4.50219221802149,26.27,0,year
NZL,New Zealand,2023,5.73316283034957,1.81389453412019,3.734,5.03,12.0,1.62843333333333,15487380827.5418,-6.14986296247429,-1.43906192981484,-1.53132394380663,26.27,0,year
BDI,Burundi,2024,20.2124925027847,4.11227376394912,0.915,5.14,11.8569489604984,2885.24549799567,787924742.251979,-15.6376698795971,-6.728991073460602,0.8575047906871602,26.26,0,year
PRI,Puerto Rico (US),2024,5.582586059593455,3.17707554784896,5.639,5.14,12.0,1.0,787924742.251979,-2.61491577935683,-0.05429353169446016,2.445583442482774,26.2,0,year
KAZ,Kazakhstan,2023,14.5275597825952,5.09999999973641,4.835,5.03,12.0,456.165,35964591353.82,-3.16389675969422,-0.5003046614899009,1.9000000000290695,26.16,0,year
GHA,Ghana,2024,22.8483281157842,5.84746854280382,2.82,5.14,12.0,14.1819416666667,4472457558.56406,1.91923157284388,-15.2586375138659,2.70737754200196,26.15,0,year
GIN,Guinea,2018,9.82761701259191,6.35849192736715,4.835,1.83,12.0,9011.13417725194,1242328572.91057,-1.60638873400794,0.9132575334609392,-3.941513415368349,26.14,0,year
QAT,Qatar,2025,5.582586059593455,2.90166036660493,0.13,4.21,4.75395,3.64,55847316824.2018,14.8111802018003,-0.05429353169446016,-0.20797246582251994,26.14,0,year
FRA,France,2022,5.22236748369725,2.71676264185913,7.303,1.69,12.0,0.949623753156941,242415618842.022,-1.43234855251881,3.58003607331331,-4.16557519174326,26.14,0,year
AUS,Australia,2023,5.59701792296707,3.58382100798981,3.668,5.03,12.0,1.50519106560509,61703347652.0138,-0.433071259302467,-0.9970786642113403,-0.6692245843975098,26.1,0,year
IBD,IBRD only,2023,5.87451911590197,4.63911789010562,5.11483631019168,5.03,12.0,3.130749999,787924742.251979,-2.61491577935683,-3.2298607148524,0.8696622350408498,26.05,0,year
LTE,Late-demographic dividend,2023,5.86910359896119,4.43253867675644,4.795456897897,5.03,12.0,3.130749999,787924742.251979,-2.61491577935683,-3.23527623179318,1.1427862657244705,26.05,0,year
IBT,IDA & IBRD total,2023,6.09114152504141,4.52590057203417,4.95229978677743,5.03,12.0,3.130749999,787924742.251979,-2.61491577935683,-2.9984975902089097,0.6987942545509704,26.05,0,year
MIC,Middle income,2023,6.083192685419,4.70121337251241,4.96756774789441,5.03,12.0,3.130749999,787924742.251979,-2.61491577935683,-2.23689108730027,0.6892319321835307,26.05,0,year
LMY,Low & middle income,2023,6.15623852560203,4.65212132351984,4.97693562706687,5.03,12.0,3.130749999,787924742.251979,-2.61491577935683,-2.6548535671938387,0.6440835619925904,26.05,0,year
EAR,Early-demographic dividend,2023,5.88585897042164,4.12336017326531,5.11313521249178,5.03,12.0,3.130749999,787924742.251979,-2.61491577935683,-1.3127571856770306,-1.9009316213596508,26.05,0,year
PAK,Pakistan,2024,12.6325318530452,3.08176295579301,5.492,5.14,12.0,278.580716167563,18407745860.6666,0.124893414067427,-18.135596212655297,3.496698952881416,26.04,0,year
CHE,Switzerland,2023,2.13540088016387,0.825560934124624,4.043,5.03,2.86414745583333,0.89849,863891876435.069,5.86347462172406,-0.6996271062806398,-2.7087419342996357,26.02,0,inflation
GHA,Ghana,2025,14.2046755548989,5.95441714756899,2.979,4.21,12.0,12.556825,787924742.251979,8.22096928515243,-8.643652560885299,0.10694860476517043,26.0,0,year
HND,Honduras,2022,9.08963911525032,4.14356194013767,8.774,1.69,14.6070354831009,24.4858737291131,8410394831.45325,-6.86234245630112,4.608759481115859,-8.42172243699023,25.99,0,year
BWA,Botswana,2022,11.665567478802,5.48601706446772,23.615,1.69,6.1323,12.3688083333333,4278950590.03447,-0.595044523765841,4.42458982291758,-6.430255373133079,25.99,0,year
KIR,Kiribati,2023,9.28307374517721,3.13390313390313,6.571,5.03,12.0,1.50519106560508,787924742.251979,-1.75438499584723,3.9371193360881707,-1.9559172253783,25.92,0,year
SEN,Senegal,2022,9.69681899081073,3.85043193752725,2.837,1.69,12.0,623.759700911182,787924742.251979,-19.9485520410487,7.51649620992926,-2.69356916166785,25.91,0,year
LBY,Libya,2025,1.84166666666702,13.3717080516958,18.758,4.21,12.0,5.30256666666666,104656885592.809,-2.61491577935683,-0.2844910021831899,11.47175753144138,25.91,0,inflation
IRN,"Iran, Islamic Rep.",2017,8.04492437660278,3.02685468694025,12.232,1.0,12.0,33226.2981524127,787924742.251979,-2.61491577935683,0.7994988870729891,-5.788231955577949,25.88,0,year
BIH,Bosnia and Herzegovina,2022,14.0208440826771,4.22681333390325,12.657,1.69,3.36081655916726,1.85932587706093,8761700726.02154,-4.39073525599639,12.03920507680088,-3.1648292308252097,25.86,0,year
GRC,Greece,2022,9.64525981280632,5.52198580589408,12.426,1.69,12.0,0.949623753156941,12061425398.4158,-10.8779875356728,8.421434802607779,-3.13251205412723,25.86,0,year
PRT,Portugal,2023,4.31128191898681,3.09998745904281,6.498,5.03,12.0,0.924839558470698,35242560647.801,0.55352409256356,-3.52140932334642,-3.8858539167599697,25.86,0,inflation
FSM,"Micronesia, Fed. Sts.",2024,5.582586059593455,2.30132923576443,6.571,5.14,12.0,1.0,787924742.251979,-2.61491577935683,-0.05429353169446016,1.1703512348557001,25.83,0,year
GBR,United Kingdom,2022,7.92204883147902,5.14970388522993,3.768,1.69,12.0,0.811301715827773,176409966646.608,-2.06737101121871,5.40367773533689,-3.39340796009557,25.83,0,year
SXM,Sint Maarten (Dutch part),2024,5.582586059593455,3.00000089532888,6.571,5.14,12.0,1.79,787924742.251979,-2.61491577935683,-0.05429353169446016,-0.79999680452649,25.83,0,year
TUV,Tuvalu,2024,5.582586059593455,3.38983050847457,6.571,5.14,12.0,1.51535803855596,787924742.251979,-2.61491577935683,-0.05429353169446016,-0.11894142135000996,25.83,0,year
CUB,Cuba,2019,5.582586059593455,-0.163087223606624,1.705,2.16,12.0,3.130749999,787924742.251979,-2.61491577935683,-0.05429353169446016,-2.411035752738794,25.81,0,year
MEX,Mexico,2017,6.04145724018986,1.87172854648381,3.419,1.0,7.3325,18.9265166666667,175469669183.544,-1.79746290782777,3.2197493927132603,0.09923532107100996,25.76,0,year
VEN,"Venezuela, RB",2022,5.582586059593455,8.07453416149069,5.646,1.69,12.0,3.130749999,787924742.251979,-2.61491577935683,-0.05429353169446016,7.449534161490675,25.76,0,year
ATG,Antigua and Barbuda,2022,7.53107834634288,8.49776342254205,6.571,1.69,7.31490375,2.7,396505745.512243,-15.08269675582,5.46808196088954,0.3249003106758295,25.76,0,year
CHI,Channel Islands,2023,5.582586059593455,3.71500590367266,5.928,5.03,12.0,0.804538906734353,787924742.251979,-2.61491577935683,-0.05429353169446016,-1.62695550008603,25.73,0,year
GUM,Guam,2024,5.582586059593455,3.917007817944405,5.252,5.14,12.0,1.0,787924742.251979,-2.61491577935683,-0.05429353169446016,-0.12833054667881386,25.73,0,year
GUM,Guam,2023,5.582586059593455,3.917007817944405,5.262,5.03,12.0,1.0,787924742.251979,-2.61491577935683,-0.05429353169446016,-0.12833054667881386,25.73,0,year
VEN,"Venezuela, RB",2024,5.582586059593455,5.52486187845305,5.321,5.14,12.0,3.130749999,787924742.251979,-2.61491577935683,-0.05429353169446016,1.50187337270593,25.73,0,year
CHI,Channel Islands,2024,5.582586059593455,3.917007817944405,6.031,5.14,12.0,0.782414580986262,787924742.251979,-2.61491577935683,-0.05429353169446016,-0.12833054667881386,25.73,0,year
NER,Niger,2024,9.07151997725013,8.32327058280728,0.376,5.14,12.0,606.345297609063,787924742.251979,-6.08945443545425,5.37054681299179,5.6881007787947,25.72,0,year
MCO,Monaco,2024,5.582586059593455,8.51053758860212,6.571,5.14,12.0,0.923889546117607,787924742.251979,-2.61491577935683,-0.05429353169446016,3.0665867002012392,25.71,0,year
FRO,Faroe Islands,2023,5.582586059593455,3.15873872329266,6.571,5.03,12.0,6.88970258583334,787924742.251979,-2.61491577935683,-0.05429353169446016,-0.70226109339889,25.7,0,year
BRB,Barbados,2022,5.582586059593455,15.9453206225473,7.261,1.69,8.05,2.0,1519660179.91512,-2.61491577935683,-0.05429353169446016,7.9254436128994,25.67,0,year
SXM,Sint Maarten (Dutch part),2019,5.582586059593455,10.9650009352392,6.571,2.16,12.0,1.79,787924742.251979,-11.7225151374585,-0.05429353169446016,17.82198392751864,25.67,0,year
ATG,Antigua and Barbuda,2023,5.06713865364213,3.86550160079324,6.571,5.03,6.71453383333333,2.7,364367020.196401,-12.9053183160658,-2.46393969270075,-4.63226182174881,25.64,0,inflation
CSS,Caribbean small states,2022,5.82838638517959,14.7413556305504,8.29867755889038,1.69,12.0,3.130749999,787924742.251979,-2.61491577935683,3.5994730781761497,7.50495096010492,25.63,0,year
HND,Honduras,2023,6.66325180347463,3.57584760454412,6.07,5.03,14.3986403668225,24.6016468236818,7543352779.92798,-4.21839287405186,-2.42638731177569,-0.5677143355935499,25.62,0,year
KEN,Kenya,2022,7.65986268272224,4.85998104287999,5.565,1.69,12.3358409030593,117.865989201682,7969488013.00049,-4.19995258299621,1.5519266461304797,-2.7305084304546803,25.6,0,year
LBR,Liberia,2023,10.0944535665552,4.68375688761311,2.905,5.03,12.0,174.955982783514,441429534.738618,-11.5068290648574,2.5014687009520706,-0.12434828529343989,25.59,0,year
KEN,Kenya,2023,7.67139634029402,5.71999241214208,5.409,5.03,13.588501716128,139.846383759617,7341776189.84466,-2.54552534327702,0.011533657571780154,0.8600113692620903,25.58,0,year
ZMB,Zambia,2023,10.884531691282,5.36794285493059,5.861,5.03,12.0,20.212017866195,3173177777.1366,-3.03751016927581,-0.10867222963160117,0.15671925136811993,25.58,0,year
MNG,Mongolia,2023,10.347583131434,7.4221127615025,5.178,5.03,12.0,3465.73653626198,4915514836.40429,0.596631968292986,-4.803389688646501,2.3894031248498004,25.58,0,year
BGR,Bulgaria,2022,15.3252589264367,4.08386398118941,4.148,1.69,3.74595833333333,1.86014166666667,40989114449.5133,-1.36184875982261,12.027514573441639,-3.7443091258472405,25.55,0,year
ESP,Spain,2024,2.747147886618,3.45525405630191,11.4,5.14,12.0,0.923889546117607,107774143968.875,3.18327391138733,-0.78521344830633,0.99439608824609,25.53,0,inflation
LCA,St. Lucia,2022,9.65268564265764,19.3456795355342,15.934,1.69,6.5128745,2.7,389083414.445693,-3.32617930296789,7.2419825209137105,8.1989802114486,25.53,0,year
KGZ,Kyrgyz Republic,2023,10.7532770416742,9.0132928339342,3.498,5.03,19.1058652071561,87.8561255862776,3236844683.24645,-44.9281659368624,-3.1696322757433997,0.04578763352028936,25.51,0,year
MNA,"Middle East, North Africa, Afghanistan & Pakistan (excluding high income)",2023,6.09114152504141,2.89591827095839,8.59209919735259,5.03,12.0,3.130749999,787924742.251979,-2.61491577935683,-2.21531971943482,-1.42472025887791,25.49,0,year
NOR,Norway,2022,5.76412317852272,4.08039770659241,3.231,1.69,3.24333333333333,9.61416666666667,72077375478.9292,27.8649748049066,2.28024262585603,-0.0627491810995604,25.44,0,year
NGA,Nigeria,2022,18.8471877843274,4.31882949157136,3.827,1.69,12.3345442352326,425.979158066857,36809762970.197,0.15744623858689,1.8943420621666007,3.2095769513223598,25.44,0,year
PYF,French Polynesia,2016,5.582586059593455,2.30219823670438,11.727,0.39,12.0,107.806815805024,787924742.251979,7.49427461409959,-0.05429353169446016,0.4988574221771198,25.41,0,year
RWA,Rwanda,2023,19.789546746467,8.55964292914153,12.352,5.03,16.0575,1160.09869425,1834052909.65197,-11.1249965993558,2.1003371876517,-1.2653310173754502,25.4,0,year
SLE,Sierra Leone,2024,28.6337500014115,4.29322334404611,3.103,5.14,20.579813034188,3.130749999,433270129.080483,-14.1190349801252,-19.0091233239064,-1.4167985541344903,25.39,0,year
TMN,"Middle East, North Africa, Afghanistan & Pakistan (IDA & IBRD)",2023,7.70665764216232,2.92442456913298,8.59209919735259,5.03,12.0,3.130749999,787924742.251979,-2.61491577935683,-1.0793307378335601,-1.3979710630859197,25.39,0,year
CHI,Channel Islands,2021,5.582586059593455,9.93680136985076,6.643,0.08,12.0,0.727064944688323,787924742.251979,-2.61491577935683,-0.05429353169446016,18.833580635770353,25.38,0,year
AGO,Angola,2022,21.3552901320822,3.55749206675667,14.124,1.69,20.1172113762759,460.567511631462,13654715740.4529,9.17298316440326,-4.399004752106901,2.4669083673085197,25.37,0,year
CUB,Cuba,2016,5.582586059593455,0.512843095700745,2.0,0.39,12.0,3.130749999,787924742.251979,-2.61491577935683,-0.05429353169446016,-3.9254904931387546,25.37,0,year
GRP,Not classified,2023,5.582586059593455,3.917007817944405,6.571,5.03,12.0,3.130749999,787924742.251979,-2.61491577935683,-0.05429353169446016,-0.12833054667881386,25.36,0,year
MNP,Northern Mariana Islands,2024,5.582586059593455,3.917007817944405,6.571,5.14,12.0,1.0,787924742.251979,-2.61491577935683,-0.05429353169446016,-0.12833054667881386,25.36,0,year
CYM,Cayman Islands,2024,5.582586059593455,3.75641197192778,6.571,5.14,12.0,0.83333,252096650.4,-8.83509062625772,-0.05429353169446016,-2.0479576400586597,25.36,0,year
LIE,Liechtenstein,2023,5.582586059593455,3.917007817944405,6.571,5.03,12.0,0.89849,787924742.251979,-2.61491577935683,-0.05429353169446016,-0.12833054667881386,25.36,0,year
MAF,St. Martin (French part),2023,5.582586059593455,3.917007817944405,6.571,5.03,12.0,0.924839558470698,787924742.251979,-2.61491577935683,-0.05429353169446016,-0.12833054667881386,25.36,0,year
MAF,St. Martin (French part),2024,5.582586059593455,3.917007817944405,6.571,5.14,12.0,0.923889546117607,787924742.251979,-2.61491577935683,-0.05429353169446016,-0.12833054667881386,25.36,0,year
LIE,Liechtenstein,2024,5.582586059593455,3.917007817944405,6.571,5.14,12.0,0.880440833333333,787924742.251979,-2.61491577935683,-0.05429353169446016,-0.12833054667881386,25.36,0,year
ASM,American Samoa,2024,5.582586059593455,3.917007817944405,6.571,5.14,12.0,1.0,787924742.251979,-2.61491577935683,-0.05429353169446016,-0.12833054667881386,25.36,0,year
VGB,British Virgin Islands,2024,5.582586059593455,3.917007817944405,6.571,5.14,12.0,3.130749999,787924742.251979,-2.61491577935683,-0.05429353169446016,-0.12833054667881386,25.36,0,year
GRP,Not classified,2024,5.582586059593455,3.917007817944405,6.571,5.14,12.0,3.130749999,787924742.251979,-2.61491577935683,-0.05429353169446016,-0.12833054667881386,25.36,0,year
GIB,Gibraltar,2024,5.582586059593455,3.917007817944405,6.571,5.14,12.0,0.782414580986262,787924742.251979,-2.61491577935683,-0.05429353169446016,-0.12833054667881386,25.36,0,year
GIB,Gibraltar,2023,5.582586059593455,3.917007817944405,6.571,5.03,12.0,0.804538906734353,787924742.251979,-2.61491577935683,-0.05429353169446016,-0.12833054667881386,25.36,0,year
CYM,Cayman Islands,2023,5.582586059593455,5.80436961198644,6.571,5.03,12.0,0.83333,234000000.0,-9.72476292521069,-0.05429353169446016,0.14357594260508932,25.36,0,year
CUW,Curacao,2024,5.582586059593455,5.02690015475606,6.571,5.14,12.0,1.79,787924742.251979,-2.61491577935683,-0.05429353169446016,0.8249008571447503,25.36,0,year
ASM,American Samoa,2023,5.582586059593455,3.917007817944405,6.571,5.03,12.0,1.0,787924742.251979,-2.61491577935683,-0.05429353169446016,-0.12833054667881386,25.36,0,year
IMN,Isle of Man,2024,5.582586059593455,3.917007817944405,6.571,5.14,12.0,0.782414580986262,787924742.251979,-2.61491577935683,-0.05429353169446016,-0.12833054667881386,25.36,0,year
MNP,Northern Mariana Islands,2023,5.582586059593455,3.917007817944405,6.571,5.03,12.0,1.0,787924742.251979,-2.61491577935683,-0.05429353169446016,-0.12833054667881386,25.36,0,year
VGB,British Virgin Islands,2023,5.582586059593455,3.917007817944405,6.571,5.03,12.0,3.130749999,787924742.251979,-2.61491577935683,-0.05429353169446016,-0.12833054667881386,25.36,0,year
MEA,"Middle East, North Africa, Afghanistan & Pakistan",2023,4.22522603168918,2.29073324961962,7.79272191834479,5.03,12.0,3.130749999,787924742.251979,-2.61491577935683,-0.9469948547868796,-4.158811417169691,25.34,0,year
SLE,Sierra Leone,2017,18.2215094003386,3.20786087715987,3.656,1.0,15.6583333333333,7.38443222248692,549121050.851389,-11.8197447773241,7.335448458948301,-3.2295756504827,25.33,0,year
LCA,St. Lucia,2023,3.81914546156358,3.90774802925928,12.094,5.03,6.40448225,2.7,424323643.897079,-2.12025739600085,-5.833540181094061,-15.437931506274918,25.33,0,inflation
SAU,Saudi Arabia,2023,2.32708518362706,0.542592439393161,4.008,5.03,12.0,3.75,457948635287.488,2.12936729495784,-0.1469885356266598,-11.457995035899739,25.33,0,inflation
SWZ,Eswatini,2016,7.8472745908568,2.94916821059911,22.718,0.39,10.25,14.7096108855267,564314115.627588,7.9902465271262,2.8960296538076093,1.2449101504262199,25.27,0,year
ALB,Albania,2022,6.72520271530059,4.8268006234359,10.785,1.69,6.50666666666667,113.041666666667,5266463583.50313,-6.18049276219024,4.68373108390514,-4.14277556730505,25.27,0,year
GIN,Guinea,2016,8.17268112275132,10.82062719659,4.997,0.39,12.0,8967.92707958333,840496671.437212,-31.9328390727135,-3.6074013802320817,6.99471662709565,25.26,0,year
GIN,Guinea,2024,8.12313914948596,5.35004659049265,5.132,5.14,12.0,3.130749999,1345598715.8962,-1.56673613616474,0.3181632302062294,-0.19168009578436962,25.26,0,year
GRP,Upper middle income,2022,8.81109209279587,3.53652312476997,5.75041485644261,1.69,12.0,3.130749999,787924742.251979,-2.61491577935683,-0.05429353169446016,-0.12833054667881386,25.26,0,year
GRP,Low income,2017,8.44429373841891,3.16424373054566,5.14359043444685,1.0,12.0,3.130749999,787924742.251979,-2.61491577935683,-0.05429353169446016,-0.12833054667881386,25.26,0,year
SWZ,Eswatini,2017,6.22137528933118,3.52095345987983,24.543,1.0,10.75,13.3238014244992,563119751.253452,6.1129365155531,-1.62589930152562,0.5717852492807203,25.24,0,year
CMR,Cameroon,2023,7.38281384280984,3.34756290750219,3.607,5.03,12.0,606.569750165917,4882047276.67739,-4.13580101370033,1.1351367093712303,-0.38922109813900985,25.23,0,year
GRL,Greenland,2024,5.582586059593455,3.917007817944405,6.571,5.14,12.0,6.89448141666666,787924742.251979,-2.61491577935683,-0.05429353169446016,-0.12833054667881386,25.23,0,year
GUY,Guyana,2023,2.82159393090811,33.795011115873,11.917,5.03,8.375,208.5,895275181.194153,13.902228797549,-4.111866734100049,-29.539623249612497,25.21,0,inflation
OSS,Other small states,2023,5.51293808804143,3.20030722043091,8.44487902544127,5.03,12.0,3.130749999,787924742.251979,-2.61491577935683,-1.9551812661079397,-1.1983822088077596,25.21,0,year
UKR,Ukraine,2024,6.50198464669254,3.24811808426423,6.571,5.14,19.58905,40.152082715,43780549772.8406,-7.96032840013333,-6.3470376361633605,-2.2866154653691098,25.2,0,year
NOR,Norway,2024,3.14530134431081,1.42372134524737,4.0,5.14,6.14916666666667,10.7458333333333,81241559661.5009,15.0417961615846,-2.3725485267357804,1.071025763927605,25.19,0,inflation
MAR,Morocco,2023,6.09114152504141,3.65564411017931,8.896,5.03,12.0,10.1314260970897,36327701787.7523,-1.04767760599469,-0.56590050254926,1.8429516882312198,25.18,0,year
BIH,Bosnia and Herzegovina,2024,5.582586059593455,3.22679979810856,10.69,5.14,4.4501687610148,1.80756356165183,9418858050.22744,-3.45602923849097,-0.05429353169446016,1.2324056495996298,25.18,0,year
UKR,Ukraine,2023,12.8490222828559,5.53473354963334,6.571,5.03,22.1117666666667,36.5738081166667,40510106307.8863,-5.15446515946609,-7.334614378891901,34.293317765141836,25.16,0,year
MDG,Madagascar,2024,7.61335784313723,4.32283728087992,3.051,5.14,60.0,4525.42472099152,2784591092.62259,-4.25750009236745,-2.26096890731165,0.0919714739164803,25.16,0,year
MNG,Mongolia,2024,6.1977990165842,5.12204539122661,5.158,5.14,12.0,3389.98152022101,5507944030.50837,-10.4453984769033,-4.1497841148498,-2.3000673702758903,25.16,0,year
UZB,Uzbekistan,2023,9.95659071258018,6.31603004201926,4.434,5.03,22.150086026479,11734.8334198669,34557511091.0994,-7.25129879099619,-1.4900529873034198,0.23010668464552975,25.16,0,year
EGY,"Egypt, Arab Rep.",2025,14.0735136645934,4.39201068570188,6.781,4.21,12.0,49.2277558333333,48875494539.269,-3.81547628555514,-14.1970762676149,1.9928414178767802,25.13,0,year
GUY,Guyana,2021,4.50619858925893,20.0599975568418,14.576,0.08,8.875,208.5,790784502.119024,-16.9076142307927,3.783764543757143,-23.419654160007198,25.08,0,year
LBY,Libya,2023,2.3731753143518,10.2000497852517,18.713,5.03,12.0,4.81288333333334,92427294786.8624,4.23506448409627,-2.13712617800515,18.49986789723965,25.07,0,inflation
IND,India,2022,6.69903414079858,7.6093649776932,4.822,1.69,8.56714285714286,78.6044905829916,567298153917.14,-2.43238270956779,1.56762666903494,-2.080227514224209,25.05,0,year
DZA,Algeria,2021,7.22606307415477,3.79999999900707,13.656,0.08,8.0,135.064058333333,56211005199.3665,-2.42326388144806,4.81093213332063,8.79999999809304,25.04,0,year
LAO,Lao PDR,2022,22.9562225132056,2.70742652643155,1.209,1.69,12.0,14035.2266926511,1576038534.74606,-2.96567805589965,19.20060214661683,0.17907552157052997,25.04,0,year
BDI,Burundi,2022,18.8008786664945,2.31770122350822,0.909,1.69,11.7725,2034.30663430472,158530300.559317,-15.3007531318327,10.396340215731092,-0.9193735702210302,25.04,0,year
BGD,Bangladesh,2023,9.8835030377921,5.77511237007889,3.352,5.03,7.57,106.309484297483,21859709190.8892,-1.64602823544154,2.1865486660231195,-1.3247164056726897,25.02,0,year
MDA,Moldova,2023,13.41701043813,1.18802067937429,1.57,5.03,12.3323346360739,18.1639377592166,5453111013.53607,-11.0612264538806,-15.320287238493602,5.8358716897479,25.02,0,year
BGD,Bangladesh,2024,10.4657482763412,4.22325911250161,3.635,5.14,9.8525,115.603653796648,21394795733.0405,-0.669466607987832,0.5822452385491008,-1.5518532575772799,25.02,0,year
VUT,Vanuatu,2023,11.1825017088175,5.82973013269719,5.011,5.03,8.93583333333333,119.1125,643768389.576285,-2.61491577935683,4.503195889946289,0.23777283518916015,24.95,0,year
ZMB,Zambia,2024,14.9856262747939,3.82004825518591,5.898,5.14,12.0,26.1664181859876,4089834507.97439,-4.41103708042779,4.1010945835119,-1.5478945997446796,24.95,0,year
TON,Tonga,2019,1.17954334821801,-0.285210784299821,2.165,2.16,8.06577613962305,2.28948563032632,218448401.776129,-7.77583753617423,-3.8525535716308204,-0.8130388674800739,24.94,0,unemployment
ATG,Antigua and Barbuda,2024,6.19886698842116,2.54044193946544,6.571,5.14,6.525259,2.7,358440631.721895,-7.45715824054234,1.1317283347790301,-1.3250596613278,24.94,0,year
MNE,Montenegro,2023,8.58476910455403,6.47836283518564,13.146,5.03,6.345,0.924709622987356,1573580964.08645,-11.1407770047138,-4.45553453014637,-1.2611840599763697,24.93,0,year
ECA,Europe & Central Asia (excluding high income),2023,9.07365149809048,5.05062997543834,7.17961712726961,5.03,12.0,3.130749999,787924742.251979,-2.61491577935683,-4.813932667831619,1.93874946676601,24.93,0,year
WSM,Samoa,2022,10.9618822286844,2.26705310780669,5.048,1.69,8.29105904309602,2.68899764734059,321163283.656377,-8.32318339446955,7.828677496939461,7.31055900488956,24.92,0,year
MUS,Mauritius,2022,10.7737512242899,8.3424438025047,6.322,1.69,7.50416666666666,44.182775,7792807407.92421,-11.1067938800962,6.745222342716139,5.004352961931911,24.92,0,year
DMA,Dominica,2023,5.08677483158112,3.65221012208734,6.571,5.03,5.935577,2.7,183530007.089389,-40.3731052052086,2.2018725632875897,-6.74459753952476,24.91,0,inflation
CSS,Caribbean small states,2023,4.10449281822017,8.80514656985758,7.51281290895946,5.03,12.0,3.130749999,787924742.251979,-2.61491577935683,-1.7238935669594193,-5.9362090606928195,24.88,0,inflation
SLV,El Salvador,2022,7.19861615609867,2.9546041089332,2.999,1.69,12.0,1.0,2694849266.61349,-6.7264326245409,3.7316903029678503,-8.9501575926625,24.88,0,year
SVN,Slovenia,2022,8.83369886749452,2.66850555542486,4.011,1.69,12.0,0.949623753156941,2267946375.45725,-1.03068913156479,6.916633806601831,-5.74835902182835,24.88,0,year
ERI,Eritrea,2024,5.582586059593455,3.917007817944405,5.947,5.14,12.0,15.075,787924742.251979,-2.61491577935683,-0.05429353169446016,-0.12833054667881386,24.86,0,year
ERI,Eritrea,2023,5.582586059593455,3.917007817944405,5.909,5.03,12.0,15.075,787924742.251979,-2.61491577935683,-0.05429353169446016,-0.12833054667881386,24.86,0,year
ECU,Ecuador,2019,0.266012515466155,0.1654044646003,3.812,2.16,12.0,1.0,2939049266.08469,-0.539776584287139,0.490115761471707,-0.8788901421957699,24.86,0,gdp_growth
GRP,Low income,2021,5.81225118787715,2.03102251641869,5.83298884904326,0.08,12.0,3.130749999,787924742.251979,-2.61491577935683,-0.05429353169446016,-0.12833054667881386,24.85,0,year
BLR,Belarus,2017,6.03183725177795,2.53218349471909,5.648,1.0,9.65871241633364,1.93234166666667,7315236708.5196,-1.74032515049902,-5.80474351357175,5.058629940761589,24.85,0,year
MOZ,Mozambique,2016,17.4180418197597,4.69699024225795,3.65,0.39,21.1760032765458,63.0562327310371,2046671563.87338,-33.6916062672095,13.867282146192242,-2.69610345637975,24.85,0,year
GUM,Guam,2019,5.582586059593455,2.52360203340596,5.405,2.16,12.0,1.0,787924742.251979,-2.61491577935683,-0.05429353169446016,3.3518339383393494,24.83,0,year
GRP,Lower middle income,2022,7.96757361617945,6.27876038879147,4.99827575124402,1.69,12.0,3.130749999,787924742.251979,-2.61491577935683,-0.05429353169446016,-0.12833054667881386,24.81,0,year
GRP,Low income,2022,10.2794018093421,3.73264703552607,5.26019458558182,1.69,12.0,3.130749999,787924742.251979,-2.61491577935683,-0.05429353169446016,-0.12833054667881386,24.81,0,year
SOM,"Somalia, Fed. Rep.",2016,5.582586059593455,7.03487260042162,18.611,0.39,12.0,23061.7843138651,787924742.251979,-2.61491577935683,-0.05429353169446016,-3.42731552309308,24.78,0,year
CYP,Cyprus,2022,8.39548297993334,8.73854684881674,6.806,1.69,12.0,0.949623753156941,1670555054.09173,-6.97566849406385,5.949394308178599,-2.6590122313344597,24.77,0,year
NLD,Netherlands,2024,3.34754304219953,1.07383137319854,3.7,5.14,12.0,0.923889546117607,79129609286.1887,9.13742493692445,-0.4908505012285498,1.671892390778818,24.73,0,inflation
SYR,Syrian Arab Republic,2024,5.582586059593455,3.917007817944405,13.359,5.14,12.0,3.130749999,787924742.251979,-2.61491577935683,-0.05429353169446016,-0.12833054667881386,24.72,0,year
BGD,Bangladesh,2025,8.7687628116114,3.48990671836833,3.778,4.21,8.62333333333333,121.920836605034,28562651500.7357,-0.0524732355435052,-1.696985464729801,-0.7333523941332802,24.72,0,year
YEM,"Yemen, Rep.",2024,5.582586059593455,3.917007817944405,16.97,5.14,12.0,3.130749999,787924742.251979,-2.61491577935683,-0.05429353169446016,-0.12833054667881386,24.72,0,year
PSE,West Bank and Gaza,2025,9.80840118100493,4.34444072337577,6.571,4.21,12.0,3.130749999,1825200000.0,-15.8215746940007,-43.86074464937327,27.20176811470817,24.72,0,year
SYR,Syrian Arab Republic,2023,5.582586059593455,3.917007817944405,13.27,5.03,12.0,3.130749999,787924742.251979,-2.61491577935683,-0.05429353169446016,-0.12833054667881386,24.72,0,year
SOM,"Somalia, Fed. Rep.",2024,5.582586059593455,4.11139335779471,18.949,5.14,12.0,3.130749999,787924742.251979,-2.61491577935683,-0.05429353169446016,-0.0638492179183201,24.72,0,year
VIR,Virgin Islands (U.S.),2023,5.582586059593455,3.917007817944405,11.358,5.03,12.0,1.0,787924742.251979,-2.61491577935683,-0.05429353169446016,-0.12833054667881386,24.72,0,year
MNE,Montenegro,2024,3.33675009282281,3.16409886329913,13.206,5.14,6.59666666666667,0.924367447270267,1741494536.63686,-16.9729571014369,-5.248019011731221,-3.3142639718865103,24.72,0,inflation
SOM,"Somalia, Fed. Rep.",2023,5.582586059593455,4.17524257571303,18.96,5.03,12.0,3.130749999,787924742.251979,-2.61491577935683,-0.05429353169446016,1.45703055517544,24.72,0,year
VIR,Virgin Islands (U.S.),2024,5.582586059593455,3.917007817944405,11.423,5.14,12.0,1.0,787924742.251979,-2.61491577935683,-0.05429353169446016,-0.12833054667881386,24.72,0,year
COD,"Congo, Dem. Rep.",2023,5.582586059593455,8.5334898318451,4.469,5.03,12.0,2340.03570436145,5104181646.5526,-5.55915292797555,-0.05429353169446016,-0.77767960880408,24.66,0,year
ISL,Iceland,2022,8.30875511558912,8.85729897856851,3.789,1.69,7.59730075370325,135.27990200138,5887412717.94843,-1.87532680194109,3.8645154136916604,3.67672707136946,24.66,0,year
CRI,Costa Rica,2022,8.27477490232654,5.46119455235068,11.325,1.69,7.36085073166667,647.135817631363,8554013584.20953,-2.60681841454892,6.54829735123413,-2.7569849873401395,24.65,0,year
DNK,Denmark,2024,1.37220049768926,3.47783593140312,5.358,5.14,12.0,6.89448141666666,108405100882.539,12.1952284849278,-1.9329776146868003,2.8732481652275363,24.65,0,inflation
EGY,"Egypt, Arab Rep.",2019,9.15279959324804,5.55209307084222,7.851,2.16,16.1166666666667,16.7705818428763,44568837112.0669,-3.20758543154938,-5.248666187494159,0.2209844519706703,24.62,0,year
IRQ,Iraq,2022,4.9947659638103,7.95904804990212,15.41,1.69,12.0,1450.0,97009236971.5221,20.1861883343541,-1.04709892677013,6.45686734035872,24.6,0,year
KOR,"Korea, Rep.",2024,2.32174328643542,2.00361101838986,2.784,5.14,4.72666666666667,1363.375,418218648901.669,5.33081628105267,-1.27571296385468,0.4205963443535701,24.59,0,inflation
DZA,Algeria,2016,6.39769480268757,3.90000000017621,10.202,0.39,8.0,109.443066666667,120788088861.403,-14.4962877563746,1.6132477957486806,0.6999999992859802,24.58,0,year
PRI,Puerto Rico (US),2022,5.582586059593455,2.95709565499587,6.0,1.69,12.0,1.0,787924742.251979,-2.61491577935683,-0.05429353169446016,2.5718729354666308,24.55,0,year
GUM,Guam,2021,5.582586059593455,2.0581832574708,6.0,0.08,12.0,1.0,787924742.251979,-2.61491577935683,-0.05429353169446016,12.5770428289247,24.55,0,year
MKD,North Macedonia,2023,9.36187249769015,2.554965253403,13.174,5.03,5.44084059566623,56.9471916666667,5014981540.03403,0.317585046468375,-4.84284482189315,-0.2039188999266699,24.52,0,year
SSA,Sub-Saharan Africa (excluding high income),2022,9.52526628622843,4.02837470360804,6.08211610820711,1.69,12.0,3.130749999,787924742.251979,-2.61491577935683,5.2659021107997495,0.44358505173289986,24.47,0,year
PRT,Portugal,2022,7.83269124233323,6.98584137580278,6.138,1.69,12.0,0.949623753156941,32231572058.7869,-2.08477766426278,6.567034051642791,1.4270846550990397,24.47,0,year
IDX,IDA only,2022,9.57337118555953,4.31005230149408,4.84575036237372,1.69,12.0,3.130749999,787924742.251979,-2.61491577935683,5.2032492807779605,0.6673601646398599,24.47,0,year
SXM,Sint Maarten (Dutch part),2025,5.582586059593455,3.40000000000001,6.571,4.21,12.0,1.79,787924742.251979,-2.61491577935683,-0.05429353169446016,0.3999991046711302,24.47,0,year
NRU,Naoero,2025,5.582586059593455,2.14285714285656,6.571,4.21,12.0,1.5519978866485,787924742.251979,-2.61491577935683,-0.05429353169446016,0.6935817805375701,24.47,0,year
SDN,Sudan,2025,5.582586059593455,3.06427942935869,6.571,4.21,12.0,3.130749999,787924742.251979,-2.61491577935683,-0.05429353169446016,17.02861727176089,24.47,0,year
KNA,St. Kitts and Nevis,2025,5.582586059593455,2.68858456990016,6.571,4.21,6.5235195,2.7,282052160.571684,-13.714815443015,-0.05429353169446016,2.376357714041989,24.47,0,year
SSF,Sub-Saharan Africa,2022,9.45801281304023,4.03371066956886,6.08211610820712,1.69,12.0,3.130749999,787924742.251979,-2.61491577935683,5.018958000890211,0.4517693766659798,24.47,0,year
PRE,Pre-demographic dividend,2022,8.77567482988523,4.63522422118558,4.97495099823102,1.69,12.0,3.130749999,787924742.251979,-2.61491577935683,4.552885209553289,2.34446011326787,24.47,0,year
AUT,Austria,2022,8.54686993188458,5.33096379400371,4.992,1.69,12.0,0.949623753156941,33077693776.3888,-0.826550284589038,5.78020326521788,0.4078720768246793,24.47,0,year
LDC,Least developed countries: UN classification,2022,9.45801281304023,4.71510989192116,5.05335918611166,1.69,12.0,3.130749999,787924742.251979,-2.61491577935683,5.301521558219161,1.9593169780543302,24.47,0,year
EAR,Early-demographic dividend,2022,7.19861615609867,6.02429179462496,5.64296814018676,1.69,12.0,3.130749999,787924742.251979,-2.61491577935683,3.07184871169172,-1.4826038224628295,24.47,0,year
TSS,Sub-Saharan Africa (IDA & IBRD countries),2022,9.45801281304023,4.03371066956888,6.08211610820711,1.69,12.0,3.130749999,787924742.251979,-2.61491577935683,5.018958000890211,0.45176937666599937,24.47,0,year
IDA,IDA total,2022,8.6807215073403,4.56135207487173,4.80930057278539,1.69,12.0,3.130749999,787924742.251979,-2.61491577935683,4.50801568516371,0.5681320422660496,24.47,0,year
MHL,Marshall Islands,2025,5.582586059593455,2.28310502283105,6.571,4.21,12.0,1.0,787924742.251979,-2.61491577935683,-0.05429353169446016,-1.01878176962177,24.47,0,year
SOM,"Somalia, Fed. Rep.",2017,5.582586059593455,14.7357956045195,18.455,1.0,12.0,23097.9873219373,787924742.251979,-2.61491577935683,-0.05429353169446016,7.700923004097881,24.46,0,year
MWI,Malawi,2016,21.7111132136499,2.49999999914311,5.011,0.39,44.1120833333334,718.005,610774217.598916,-12.7134008077219,-0.1562343406054012,-0.30000000089044,24.44,0,year
BRB,Barbados,2021,5.582586059593455,8.0198770096479,11.015,0.08,8.05,2.0,1672884485.22112,-2.61491577935683,-0.05429353169446016,25.4258084748226,24.4,0,year
CAN,Canada,2024,2.38158383281173,2.04626605401701,6.351,5.14,12.0,1.36935976604092,119778473396.958,-0.487852623579789,-1.4974177650725302,0.09318053202676002,24.4,0,inflation
CHI,Channel Islands,2025,5.582586059593455,3.917007817944405,6.169,4.21,12.0,0.759473957338607,787924742.251979,-2.61491577935683,-0.05429353169446016,-0.12833054667881386,24.38,0,year
GUM,Guam,2025,5.582586059593455,3.917007817944405,5.569,4.21,12.0,1.0,787924742.251979,-2.61491577935683,-0.05429353169446016,-0.12833054667881386,24.38,0,year
GHA,Ghana,2016,17.4546347070868,3.37346574966936,5.256,0.39,12.0,3.90981666666667,5866729596.16504,-5.04424020618629,0.3046652062989992,1.2527064114960198,24.37,0,year
ECA,Europe & Central Asia (excluding high income),2021,6.91756771076075,9.27987062914227,8.95407922243149,0.08,12.0,3.130749999,787924742.251979,-2.61491577935683,4.17141692862298,8.98907421924692,24.37,0,year
COL,Colombia,2025,5.14222911946201,2.64201548985928,8.29,4.21,14.3114389316572,4053.13583333333,65806277188.961,-2.37924247045499,-1.46685681782027,1.1487082021486201,24.34,0,year
DOM,Dominican Republic,2021,8.24300347981809,14.0124289062207,7.702,0.08,9.60830833333333,57.2211166666667,13124643488.9252,-2.83108026347322,4.461971680662919,21.94148124853131,24.33,0,year
CPV,Cabo Verde,2022,7.93092925430087,15.843675684642,12.239,1.69,7.83172030290501,104.863065846367,729566303.824111,-3.48336678220335,6.0687762793544,8.81014557769686,24.33,0,year
PYF,French Polynesia,2023,5.582586059593455,2.77284077155413,11.613,5.03,12.0,110.34717131744,787924742.251979,-2.61491577935683,-0.05429353169446016,-0.1645063000780702,24.32,0,year
SWZ,Eswatini,2021,5.582586059593455,4.23621913615419,34.153,0.08,7.25,14.7834351395784,572281510.898637,2.60694672482633,-0.05429353169446016,7.1880536702470605,24.32,0,year
NCL,New Caledonia,2023,5.582586059593455,2.79999999603682,10.922,5.03,12.0,110.34717131744,787924742.251979,-2.61491577935683,-0.05429353169446016,-0.7000000068541503,24.32,0,year
GEO,Georgia,2021,9.56691433824769,10.6442336580969,11.785,0.08,12.5104916666667,3.22155833333333,4270945063.01792,-10.2864489440196,4.36444944849429,16.9347054434808,24.27,0,year
GTM,Guatemala,2022,6.88512823344287,4.15492196609047,3.051,1.69,11.9233333333333,7.74824375,20414938168.4224,1.16732918749078,2.62407695921474,-3.8867820224678606,24.23,0,year
GRD,Grenada,2023,2.69612269814564,4.52657497450693,6.571,5.03,6.9300195,2.7,404129916.314621,-20.295039117819,0.11558343906644009,-2.7836630953126598,24.21,0,inflation
CYM,Cayman Islands,2017,5.582586059593455,3.18404592334522,6.571,1.0,12.0,0.83333,787924742.251979,-16.8690569421759,-0.05429353169446016,-0.055928415611469884,24.19,0,year
MCO,Monaco,2016,5.582586059593455,3.00844358752744,6.571,0.39,12.0,0.903421436257263,787924742.251979,-2.61491577935683,-0.05429353169446016,-1.90192817783492,24.19,0,year
MHL,Marshall Islands,2016,5.582586059593455,2.5040827436037,6.571,0.39,12.0,1.0,787924742.251979,-8.03419828647661,-0.05429353169446016,0.6183367646796898,24.19,0,year
FRO,Faroe Islands,2018,5.582586059593455,2.76370952267429,6.571,1.83,12.0,6.31461878666667,787924742.251979,-2.61491577935683,-0.05429353169446016,-0.7483041522101401,24.19,0,year
IMN,Isle of Man,2018,5.582586059593455,2.2133975392251,6.571,1.83,12.0,0.749531540259847,787924742.251979,-2.61491577935683,-0.05429353169446016,-0.62436053171179,24.19,0,year
ASM,American Samoa,2018,5.582586059593455,2.6711185308848,6.571,1.83,12.0,1.0,787924742.251979,-2.61491577935683,-0.05429353169446016,9.65869617063635,24.19,0,year
NAM,Namibia,2023,5.87993463284275,4.32498048866805,19.154,5.03,10.9267372727146,18.4463083333333,2956284637.81427,-15.0289746105499,-0.20134650828137968,-1.0737442916973503,24.17,0,year
DOM,Dominican Republic,2023,4.78561281021135,2.19229848237939,5.555,5.03,14.4345416666667,56.1576,15546714438.2444,-3.66805408423949,-4.025479282584519,-3.04565804664656,24.11,0,year
GUM,Guam,2022,5.582586059593455,5.09986426216793,5.383,1.69,12.0,1.0,787924742.251979,-2.61491577935683,-0.05429353169446016,3.0416810046971303,24.1,0,year
JPN,Japan,2025,3.17253034260248,1.19311288444599,2.451,4.21,12.0,149.657926890952,1371402218767.58,4.86496093471918,0.4339935262500698,1.4331971204876859,24.1,0,inflation
JPN,Japan,2023,3.26813365933163,0.720785304749811,2.6,5.03,12.0,140.49110006234,1294636035263.82,3.61127531871255,0.7704308776090798,-0.6108622017875991,24.09,0,inflation
BLR,Belarus,2021,9.46028389623099,2.43886210234947,3.9,0.08,10.1175,2.538675,8424740406.10704,3.33503209952537,3.9121403216658006,3.111605020935338,24.09,0,year
NAC,North America,2022,7.40280048696867,2.68881207167273,3.83310095020415,1.69,12.0,3.130749999,787924742.251979,-2.61491577935683,3.35627446251232,-3.447597165339,24.08,0,year
IDB,IDA blend,2022,6.64110132423665,4.82256296455954,4.7445653467311,1.69,12.0,3.130749999,787924742.251979,-2.61491577935683,3.1743225547173597,0.46246841586066,24.07,0,year
SGP,Singapore,2023,4.83372362825798,1.45026775889565,3.444,5.03,12.0,1.34276666666667,359834756845.917,16.3916456531586,-1.2972305609393402,-2.5600110858273095,24.06,0,inflation
GRP,Not classified,2019,5.582586059593455,3.917007817944405,6.571,2.16,12.0,3.130749999,787924742.251979,-2.61491577935683,-0.05429353169446016,-0.12833054667881386,24.02,0,year
SSD,South Sudan,2025,5.582586059593455,3.917007817944405,6.571,4.21,14.2916350675822,3.130749999,787924742.251979,-2.61491577935683,-0.05429353169446016,-0.12833054667881386,24.02,0,year
MNP,Northern Mariana Islands,2025,5.582586059593455,3.917007817944405,6.571,4.21,12.0,1.0,787924742.251979,-2.61491577935683,-0.05429353169446016,-0.12833054667881386,24.02,0,year
VGB,British Virgin Islands,2019,5.582586059593455,3.917007817944405,6.571,2.16,12.0,3.130749999,787924742.251979,-2.61491577935683,-0.05429353169446016,-0.12833054667881386,24.02,0,year
IMN,Isle of Man,2025,5.582586059593455,3.917007817944405,6.571,4.21,12.0,0.759473957338608,787924742.251979,-2.61491577935683,-0.05429353169446016,-0.12833054667881386,24.02,0,year
CUW,Curacao,2025,5.582586059593455,3.917007817944405,6.571,4.21,12.0,1.79,787924742.251979,-2.61491577935683,-0.05429353169446016,-0.12833054667881386,24.02,0,year
MCO,Monaco,2025,5.582586059593455,3.917007817944405,6.571,4.21,12.0,0.88496895841236,787924742.251979,-2.61491577935683,-0.05429353169446016,-0.12833054667881386,24.02,0,year
MAF,St. Martin (French part),2025,5.582586059593455,3.917007817944405,6.571,4.21,12.0,0.88496895841236,787924742.251979,-2.61491577935683,-0.05429353169446016,-0.12833054667881386,24.02,0,year
TCA,Turks and Caicos Islands,2019,5.582586059593455,4.98170549382992,6.571,2.16,12.0,1.0,787924742.251979,-2.61491577935683,-0.05429353169446016,-1.77094295795375,24.02,0,year
MAF,St. Martin (French part),2019,5.582586059593455,6.50000363700821,6.571,2.16,12.0,0.893276257067409,787924742.251979,-2.61491577935683,-0.05429353169446016,14.4999987059905,24.02,0,year
GIB,Gibraltar,2025,5.582586059593455,3.917007817944405,6.571,4.21,12.0,0.759473957338608,787924742.251979,-2.61491577935683,-0.05429353169446016,-0.12833054667881386,24.02,0,year
ABW,Aruba,2025,5.582586059593455,3.917007817944405,6.571,4.21,12.0,1.79,2231431960.0,-2.61491577935683,-0.05429353169446016,-0.12833054667881386,24.02,0,year
BMU,Bermuda,2025,5.582586059593455,3.917007817944405,6.571,4.21,12.0,1.0,787924742.251979,-2.61491577935683,-0.05429353169446016,-0.12833054667881386,24.02,0,year
TCA,Turks and Caicos Islands,2025,5.582586059593455,3.917007817944405,6.571,4.21,12.0,1.0,787924742.251979,-2.61491577935683,-0.05429353169446016,-0.12833054667881386,24.02,0,year
GRP,Not classified,2025,5.582586059593455,3.917007817944405,6.571,4.21,12.0,3.130749999,787924742.251979,-2.61491577935683,-0.05429353169446016,-0.12833054667881386,24.02,0,year
AND,Andorra,2025,5.582586059593455,3.86803450687808,6.571,4.21,12.0,0.887144250370588,787924742.251979,-2.61491577935683,-0.05429353169446016,0.01887400297288,24.02,0,year
LIE,Liechtenstein,2019,5.582586059593455,3.917007817944405,6.571,2.16,12.0,0.993709166666667,787924742.251979,-2.61491577935683,-0.05429353169446016,-0.12833054667881386,24.02,0,year
GIB,Gibraltar,2019,5.582586059593455,3.917007817944405,6.571,2.16,12.0,0.783445110011929,787924742.251979,-2.61491577935683,-0.05429353169446016,-0.12833054667881386,24.02,0,year
VGB,British Virgin Islands,2025,5.582586059593455,3.917007817944405,6.571,4.21,12.0,3.130749999,787924742.251979,-2.61491577935683,-0.05429353169446016,-0.12833054667881386,24.02,0,year
CYM,Cayman Islands,2019,5.582586059593455,3.91563534249416,6.571,2.16,12.0,0.83333,183500000.0,-10.8861308298588,-0.05429353169446016,-0.3516321100022495,24.02,0,year
CYM,Cayman Islands,2025,5.582586059593455,3.917007817944405,6.571,4.21,12.0,0.83333,787924742.251979,-2.61491577935683,-0.05429353169446016,-0.12833054667881386,24.02,0,year
ASM,American Samoa,2025,5.582586059593455,3.917007817944405,6.571,4.21,12.0,1.0,787924742.251979,-2.61491577935683,-0.05429353169446016,-0.12833054667881386,24.02,0,year
KIR,Kiribati,2025,5.582586059593455,4.22163588390501,6.571,4.21,12.0,1.5519978866485,787924742.251979,-17.5670301008263,-0.05429353169446016,-0.47449671278008054,24.02,0,year
LIE,Liechtenstein,2025,5.582586059593455,3.917007817944405,6.571,4.21,12.0,0.831355833333333,787924742.251979,-2.61491577935683,-0.05429353169446016,-0.12833054667881386,24.02,0,year
MCO,Monaco,2019,5.582586059593455,7.12088951975396,6.571,2.16,12.0,0.893276257067409,787924742.251979,-2.61491577935683,-0.05429353169446016,1.4229883078247,24.02,0,year
GRL,Greenland,2019,5.582586059593455,2.83217756798683,6.571,2.16,12.0,6.669446615,787924742.251979,-2.61491577935683,-0.05429353169446016,2.20911213944589,24.01,0,year
MDG,Madagascar,2023,9.87432675044888,4.23086580696344,3.044,5.03,53.5833333333333,4429.57921419022,2631980575.49645,-2.8303389682458,1.7137364305304406,0.09333045740036994,23.98,0,year
SAU,Saudi Arabia,2022,2.47407371925372,12.0005874752929,5.589,1.69,12.0,3.75,478231707665.7,11.7294510759777,-0.5892161701617602,5.48099049203871,23.98,0,inflation
BHS,"Bahamas, The",2023,3.05291578969743,3.04824180553773,8.645,5.03,4.25,1.0,2511681591.43478,-7.00069253380102,-2.55249054613301,-7.82965913548907,23.97,0,inflation
SAS,South Asia,2022,7.18461996730069,7.10115392414392,4.86631704704624,1.69,12.0,3.130749999,787924742.251979,-2.61491577935683,1.8460890775515102,-2.1454456734210696,23.92,0,year
TSA,South Asia (IDA & IBRD),2022,7.18461996730069,7.10115392414392,4.86631704704624,1.69,12.0,3.130749999,787924742.251979,-2.61491577935683,1.8460890775515102,-2.1454456734210696,23.92,0,year
GIN,Guinea,2019,9.47001039253012,5.61691446889876,5.018,2.16,12.0,9183.87586390984,1379136556.90392,-2.34042432173531,-0.3576066200617891,-0.7415774584683898,23.9,0,year
ESP,Spain,2018,1.67498136863799,2.39541124478878,15.255,1.83,12.0,0.846772667108111,70633189427.7056,1.86142647160726,-0.28109496500154996,-0.5006308338612899,23.9,0,inflation
ZMB,Zambia,2025,13.9099095827735,3.75772836763902,5.918,4.21,12.0,25.2756892021939,787924742.251979,-2.61491577935683,-1.0757166920204,-0.06231988754689022,23.9,0,year
YEM,"Yemen, Rep.",2023,5.582586059593455,3.917007817944405,16.944,5.03,12.0,1355.11637864823,787924742.251979,-2.61491577935683,-0.05429353169446016,-0.12833054667881386,23.87,0,year
AFE,Africa Eastern and Southern,2017,6.22137528933118,2.67886266771569,7.21491501896869,1.0,12.0,3.130749999,787924742.251979,-2.61491577935683,-0.2255019332246606,0.38636208642819003,23.87,0,year
BIH,Bosnia and Herzegovina,2025,5.582586059593455,2.12861913138053,11.037,4.21,4.22223812164853,1.73592901689708,787924742.251979,-3.13742162046518,-0.05429353169446016,-1.0981806667280298,23.85,0,year
SOM,"Somalia, Fed. Rep.",2025,5.582586059593455,2.99114404482197,18.948,4.21,12.0,3.130749999,787924742.251979,-2.61491577935683,-0.05429353169446016,-1.12024931297274,23.85,0,year
FJI,Fiji,2024,3.89084237884105,3.53085896076352,5.361,5.14,4.56427488660838,2.2683,1599606710.18293,-7.78080984551748,0.9154015727956604,-5.911599606619609,23.85,0,inflation
VIR,Virgin Islands (U.S.),2019,5.582586059593455,2.90833549727343,11.774,2.16,12.0,1.0,787924742.251979,-2.61491577935683,-0.05429353169446016,1.0300286189665602,23.85,0,year
SOM,"Somalia, Fed. Rep.",2019,5.582586059593455,2.80033312513012,18.828,2.16,12.0,3.130749999,787924742.251979,-2.61491577935683,-0.05429353169446016,0.74601805251943,23.85,0,year
CHL,Chile,2024,4.29763891572524,2.80512637106611,8.718,5.14,12.0,943.572167421488,44403009394.3695,-1.16817210444884,-3.28404359835438,2.1281015394702516,23.84,0,year
AUS,Australia,2024,3.16656665428797,1.37340773365975,3.942,5.14,12.0,1.51535803855596,60404058269.2777,-2.3075014713626,-2.4304512686791,-2.21041327433006,23.8,0,inflation
ARM,Armenia,2022,8.64091108973855,12.5999999997766,13.451,1.69,11.7194139566373,435.6661796523,4111690218.3518,0.737867280509603,1.4560747953048399,6.79999999912015,23.78,0,year
ISL,Iceland,2025,4.09085056006515,1.27946207863934,3.625,4.21,11.008035068816,128.441487054951,7732180037.18594,-3.47939799960139,-1.7659879396355693,2.5623385229088402,23.76,0,year
BWA,Botswana,2021,7.24097765588442,11.9162724376008,23.106,0.08,5.25,11.0872583333333,4801608912.27109,-1.76490531071366,5.35061848764232,20.64515487756477,23.76,0,year
CUW,Curacao,2021,5.582586059593455,4.18371018614259,6.571,0.08,12.0,1.79,787924742.251979,-18.5705651650219,-0.05429353169446016,22.62217979861949,23.75,0,year
MCO,Monaco,2018,5.582586059593455,5.69790121192926,6.571,1.83,12.0,0.846772667108111,787924742.251979,-2.61491577935683,-0.05429353169446016,8.90408445006139,23.75,0,year
MAF,St. Martin (French part),2022,5.582586059593455,3.917007817944405,6.571,1.69,12.0,0.949623753156941,787924742.251979,-2.61491577935683,-0.05429353169446016,-0.12833054667881386,23.75,0,year
MAF,St. Martin (French part),2016,5.582586059593455,5.0,6.571,0.39,12.0,0.903421436257263,787924742.251979,-2.61491577935683,-0.05429353169446016,4.0,23.75,0,year
MAF,St. Martin (French part),2021,5.582586059593455,4.89999967133534,6.571,0.08,12.0,0.84549413889045,787924742.251979,-2.61491577935683,-0.05429353169446016,17.40000191806634,23.75,0,year
GIB,Gibraltar,2021,5.582586059593455,3.917007817944405,6.571,0.08,12.0,0.727064944688322,787924742.251979,-2.61491577935683,-0.05429353169446016,-0.12833054667881386,23.75,0,year
GIB,Gibraltar,2022,5.582586059593455,3.917007817944405,6.571,1.69,12.0,0.811301715827773,787924742.251979,-2.61491577935683,-0.05429353169446016,-0.12833054667881386,23.75,0,year
GIB,Gibraltar,2020,5.582586059593455,3.917007817944405,6.571,0.37,12.0,0.779999576697153,787924742.251979,-2.61491577935683,-0.05429353169446016,-0.12833054667881386,23.75,0,year
AND,Andorra,2016,5.582586059593455,3.70967806978986,6.571,0.39,12.0,3.130749999,787924742.251979,-2.61491577935683,-0.05429353169446016,2.2755376745627,23.75,0,year
GIB,Gibraltar,2017,5.582586059593455,3.917007817944405,6.571,1.0,12.0,0.776976682344123,787924742.251979,-2.61491577935683,-0.05429353169446016,-0.12833054667881386,23.75,0,year
GIB,Gibraltar,2018,5.582586059593455,3.917007817944405,6.571,1.83,12.0,0.749531540259847,787924742.251979,-2.61491577935683,-0.05429353169446016,-0.12833054667881386,23.75,0,year
LIE,Liechtenstein,2016,5.582586059593455,3.917007817944405,6.571,0.39,12.0,0.985394394244835,787924742.251979,-2.61491577935683,-0.05429353169446016,-0.12833054667881386,23.75,0,year
GIB,Gibraltar,2016,5.582586059593455,3.917007817944405,6.571,0.39,12.0,0.740634463697084,787924742.251979,-2.61491577935683,-0.05429353169446016,-0.12833054667881386,23.75,0,year
LIE,Liechtenstein,2021,5.582586059593455,3.917007817944405,6.571,0.08,12.0,0.913845833333333,787924742.251979,-2.61491577935683,-0.05429353169446016,-0.12833054667881386,23.75,0,year
LIE,Liechtenstein,2020,5.582586059593455,3.917007817944405,6.571,0.37,12.0,0.938965,787924742.251979,-2.61491577935683,-0.05429353169446016,-0.12833054667881386,23.75,0,year
LIE,Liechtenstein,2018,5.582586059593455,3.917007817944405,6.571,1.83,12.0,0.977891666666667,787924742.251979,-2.61491577935683,-0.05429353169446016,-0.12833054667881386,23.75,0,year
LIE,Liechtenstein,2017,5.582586059593455,3.917007817944405,6.571,1.0,12.0,0.984691666666667,787924742.251979,-2.61491577935683,-0.05429353169446016,-0.12833054667881386,23.75,0,year
LIE,Liechtenstein,2022,5.582586059593455,3.917007817944405,6.571,1.69,12.0,0.9548325,787924742.251979,-2.61491577935683,-0.05429353169446016,-0.12833054667881386,23.75,0,year
CYM,Cayman Islands,2018,5.582586059593455,4.26726745249641,6.571,1.83,12.0,0.83333,162073506.0,-16.7723987613564,-0.05429353169446016,1.0832215291511895,23.75,0,year
CYM,Cayman Islands,2022,5.582586059593455,5.66079366938135,6.571,1.69,12.0,0.83333,225400000.0,-11.2644465040103,-0.05429353169446016,0.7913771158447407,23.75,0,year
CYM,Cayman Islands,2021,5.582586059593455,4.86941655353661,6.571,0.08,12.0,0.83333,228300000.0,-13.1039375869469,-0.05429353169446016,9.824223518703871,23.75,0,year
CUW,Curacao,2022,5.582586059593455,6.90600055461097,6.571,1.69,12.0,1.79,787924742.251979,-26.7518167207027,-0.05429353169446016,2.7222903684683804,23.75,0,year
VGB,British Virgin Islands,2022,5.582586059593455,3.917007817944405,6.571,1.69,12.0,3.130749999,787924742.251979,-2.61491577935683,-0.05429353169446016,-0.12833054667881386,23.75,0,year
KIR,Kiribati,2022,5.34595440908904,5.08982035928143,6.571,1.69,12.0,1.44166445896522,787924742.251979,-11.9916642674789,3.29233764134997,-3.3517380822770297,23.75,0,year
SXM,Sint Maarten (Dutch part),2021,5.582586059593455,4.57759677933345,6.571,0.08,12.0,1.79,787924742.251979,-23.0189555338875,-0.05429353169446016,17.89438550149015,23.75,0,year
VGB,British Virgin Islands,2017,5.582586059593455,3.917007817944405,6.571,1.0,12.0,3.130749999,787924742.251979,-2.61491577935683,-0.05429353169446016,-0.12833054667881386,23.75,0,year
FRO,Faroe Islands,2021,5.582586059593455,5.06636291600633,6.571,0.08,12.0,6.2871130825,787924742.251979,-2.61491577935683,-0.05429353169446016,6.703684096176611,23.75,0,year
VGB,British Virgin Islands,2016,5.582586059593455,3.917007817944405,6.571,0.39,12.0,3.130749999,787924742.251979,-2.61491577935683,-0.05429353169446016,-0.12833054667881386,23.75,0,year
ASM,American Samoa,2020,5.582586059593455,4.41176470588236,6.571,0.37,12.0,1.0,787924742.251979,-2.61491577935683,-0.05429353169446016,4.899569583931138,23.75,0,year
VGB,British Virgin Islands,2021,5.582586059593455,3.917007817944405,6.571,0.08,12.0,3.130749999,787924742.251979,-2.61491577935683,-0.05429353169446016,-0.12833054667881386,23.75,0,year
MNP,Northern Mariana Islands,2021,5.582586059593455,4.96987951807229,6.571,0.08,12.0,1.0,787924742.251979,-2.61491577935683,-0.05429353169446016,34.02970857790139,23.75,0,year
VGB,British Virgin Islands,2020,5.582586059593455,3.917007817944405,6.571,0.37,12.0,3.130749999,787924742.251979,-2.61491577935683,-0.05429353169446016,-0.12833054667881386,23.75,0,year
VGB,British Virgin Islands,2018,5.582586059593455,3.917007817944405,6.571,1.83,12.0,3.130749999,787924742.251979,-2.61491577935683,-0.05429353169446016,-0.12833054667881386,23.75,0,year
GRP,Not classified,2020,5.582586059593455,3.917007817944405,6.571,0.37,12.0,3.130749999,787924742.251979,-2.61491577935683,-0.05429353169446016,-0.12833054667881386,23.75,0,year
GRP,Not classified,2017,5.582586059593455,3.917007817944405,6.571,1.0,12.0,3.130749999,787924742.251979,-2.61491577935683,-0.05429353169446016,-0.12833054667881386,23.75,0,year
GRP,Not classified,2021,5.582586059593455,3.917007817944405,6.571,0.08,12.0,3.130749999,787924742.251979,-2.61491577935683,-0.05429353169446016,-0.12833054667881386,23.75,0,year
GRP,Not classified,2018,5.582586059593455,3.917007817944405,6.571,1.83,12.0,3.130749999,787924742.251979,-2.61491577935683,-0.05429353169446016,-0.12833054667881386,23.75,0,year
IMN,Isle of Man,2021,5.582586059593455,3.83783632334639,6.571,0.08,12.0,0.727064944688322,787924742.251979,-2.61491577935683,-0.05429353169446016,12.67465329808114,23.75,0,year
IMN,Isle of Man,2016,5.582586059593455,6.95230284899407,6.571,0.39,12.0,0.740634463697084,787924742.251979,-2.61491577935683,-0.05429353169446016,7.338169731192157,23.75,0,year
GRP,Not classified,2016,5.582586059593455,3.917007817944405,6.571,0.39,12.0,3.130749999,787924742.251979,-2.61491577935683,-0.05429353169446016,-0.12833054667881386,23.75,0,year
GRP,Not classified,2022,5.582586059593455,3.917007817944405,6.571,1.69,12.0,3.130749999,787924742.251979,-2.61491577935683,-0.05429353169446016,-0.12833054667881386,23.75,0,year
FRO,Faroe Islands,2017,5.582586059593455,3.51201367488443,6.571,1.0,12.0,6.60289346561404,787924742.251979,-2.61491577935683,-0.05429353169446016,2.1255657155015,23.74,0,year
LBY,Libya,2021,2.86833027751015,28.2996823429147,19.779,0.08,12.0,4.514425,82262074686.351,16.1147728474926,1.4212937075227399,57.7549790711971,23.73,0,inflation
GEO,Georgia,2022,11.8981654203198,10.9585321385624,11.621,1.69,13.655325,2.9162,4886343005.58234,-2.58183727549166,2.331251082072111,0.31429848046550113,23.72,0,year
KOR,"Korea, Rep.",2025,2.12309421458659,1.00701840291242,2.683,4.21,4.1925,1422.44083333333,436572785443.925,6.57207036660681,-0.19864907184883007,-0.99659261547744,23.71,0,inflation
NER,Niger,2021,3.8378680284051,1.11520063869706,0.806,0.08,12.0,554.530675033104,787924742.251979,-14.0537660366173,0.9396742681424,-3.3396173997670697,23.65,0,unemployment
QAT,Qatar,2023,3.02764899198902,1.18715991623776,0.13,5.03,6.44900833333333,3.64,51538727785.639,17.1136863378173,-1.9676265454185904,-2.99784979359086,23.64,0,unemployment
ETH,Ethiopia,2025,13.2296432836809,9.7715182202934,3.323,4.21,12.0,3.130749999,787924742.251979,-2.61491577935683,-7.808102774090198,2.1587437441246102,23.64,0,year
PAK,Pakistan,2021,9.49641577285205,6.51388575852702,6.338,0.08,8.66597421472524,162.906253747418,22811522857.5295,-3.52439577565177,-0.24370042034919948,7.7879732019141095,23.63,0,year
KAZ,Kazakhstan,2017,7.44266321306792,4.10000000257358,4.9,1.0,12.0,326.001022727273,30746770568.3835,-2.05429721551443,-6.918431025556879,3.0000000034718504,23.63,0,year
UZB,Uzbekistan,2016,8.130886695236,6.71108022628,5.16,0.39,13.5239667915277,2965.25349937684,26284410686.6739,0.217874038430629,-0.6209952721390799,-1.2336963668363898,23.63,0,year
UZB,Uzbekistan,2025,8.79638847052461,7.69962477932913,4.622,4.21,12.0,12579.3943476702,787924742.251979,-3.93381123699979,-0.831866189042211,1.0234368174455204,23.59,0,year
GNB,Guinea-Bissau,2023,7.10220928557059,4.63052364601562,2.632,5.03,12.0,606.569750165917,787924742.251979,-7.71246538828742,-2.2885500542814405,-0.8272372541793898,23.58,0,year
GRL,Greenland,2025,5.582586059593455,3.917007817944405,6.571,4.21,12.0,6.62182508333333,787924742.251979,-2.61491577935683,-0.05429353169446016,-0.12833054667881386,23.57,0,year
PST,Post-demographic dividend,2022,7.87737003690613,2.86042677787768,4.52602226819937,1.69,12.0,3.130749999,787924742.251979,-2.61491577935683,5.36901782216837,-2.9601472815036605,23.57,0,year
VIR,Virgin Islands (U.S.),2021,5.582586059593455,3.66760707873814,13.508,0.08,12.0,1.0,787924742.251979,-2.61491577935683,-0.05429353169446016,5.28254525688601,23.57,0,year
FRO,Faroe Islands,2019,5.582586059593455,4.53851028676189,6.571,2.16,12.0,6.669446615,787924742.251979,-2.61491577935683,-0.05429353169446016,1.7748007640876002,23.57,0,year
FRO,Faroe Islands,2025,5.582586059593455,3.917007817944405,6.571,4.21,12.0,6.62182508333333,787924742.251979,-2.61491577935683,-0.05429353169446016,-0.12833054667881386,23.57,0,year
SOM,"Somalia, Fed. Rep.",2022,5.582586059593455,2.71821202053759,19.112,1.69,12.0,3.130749999,787924742.251979,-2.61491577935683,-0.05429353169446016,-0.72898647977483,23.57,0,year
SOM,"Somalia, Fed. Rep.",2021,5.582586059593455,3.44719850031242,19.662,0.08,12.0,3.130749999,787924742.251979,-2.61491577935683,-0.05429353169446016,6.21175546233774,23.57,0,year
UZB,Uzbekistan,2021,10.8492397508122,8.20448512353877,5.364,0.08,21.4230858508675,10609.464390809,35375443899.6491,-6.03366775527398,-2.018489985448399,6.58286230713429,23.55,0,year
BLR,Belarus,2019,5.59815595039848,1.44645548204305,4.165,2.16,9.02333333333333,2.09178333333333,9393817368.90426,-1.9341665879178,0.7258537448916202,-1.7027421007099102,23.55,0,year
IDX,IDA only,2023,7.12142371831339,3.3073554888398,4.47548995238531,5.03,12.0,3.130749999,787924742.251979,-2.61491577935683,-2.45194746724614,-1.0026968126542801,23.54,0,year
HPC,Heavily indebted poor countries (HIPC),2023,7.12697482131851,3.48241783540763,4.19910039388827,5.03,12.0,3.130749999,787924742.251979,-2.61491577935683,-2.5321727165321795,-1.4171989281270498,23.54,0,year
LBN,Lebanon,2025,14.597595869611,3.917007817944405,6.571,4.21,12.0,89500.0,787924742.251979,-2.61491577935683,-30.6454464020608,-0.12833054667881386,23.54,0,year
VCT,St. Vincent and the Grenadines,2022,5.66009779226552,3.1108330034352,19.277,1.69,7.3919885,2.7,320193327.161331,-20.0993766685013,4.087368467259941,1.01743175878061,23.54,0,year
IDA,IDA total,2023,7.10220928557059,3.09487183510299,4.4365457830767,5.03,12.0,3.130749999,787924742.251979,-2.61491577935683,-1.57851222176971,-1.4664802397687398,23.54,0,year
SLB,Solomon Islands,2021,-0.115437894412839,-0.227975292792024,0.879,0.08,5.17570858864648,8.03010299104933,694515407.823578,-5.01770966156317,-3.078987815173489,3.153283965602026,23.53,0,unemployment
KNA,St. Kitts and Nevis,2023,3.55711230848243,3.02127526129283,6.571,5.03,6.6677805,2.7,286074596.982653,-13.4429756934455,0.8889369773699398,-7.45921889338787,23.51,0,inflation
ZWE,Zimbabwe,2018,10.6188658669575,5.00992154297603,6.788,1.83,7.13166666666667,3.130749999,86951094.0294849,-4.0409221974903,9.724903550907472,0.27551036539120943,23.49,0,year
DZA,Algeria,2025,1.41835151429016,3.815543719231,11.633,4.21,8.0,131.605925,72495669205.7541,-2.61491577935683,-2.62776303884418,0.11554372015120995,23.49,0,year
PHL,Philippines,2023,5.97802515541409,5.51894967856043,2.2,5.03,12.0,55.630363223193,103742233308.668,-2.834121138482,0.15686704327454049,-2.0620324492951996,23.49,0,year
CIV,Cote d'Ivoire,2020,2.41252617189053,0.699728593494228,2.588,0.37,12.0,575.586004510945,787924742.251979,-3.13243536755176,1.621670659836869,-6.021643082355552,23.48,0,inflation
AFE,Africa Eastern and Southern,2022,10.8834775726018,3.66802914041513,7.86947018999245,1.69,12.0,3.130749999,787924742.251979,-2.61491577935683,4.05875047978113,-0.7846138156548896,23.44,0,year
TUN,Tunisia,2022,8.30646124447623,2.75228761004381,15.3,1.69,12.0,3.1036,8094326708.95378,-8.83429553808937,2.6001110361692303,-1.9837488720172098,23.44,0,year
TJK,Tajikistan,2017,5.582586059593455,7.10000041864309,7.035,1.0,29.6467008842335,8.54974166666667,1291955730.80213,2.10935261893798,-0.05429353169446016,0.20000041864309992,23.43,0,year
TUN,Tunisia,2021,5.706350208307,4.73603648206102,16.632,0.08,12.0,2.79446666666667,8845557076.37304,-5.88456562547468,0.07219904933074961,13.71116271140825,23.43,0,year
CPV,Cabo Verde,2023,3.72437517668748,4.7947613911073,11.882,5.03,7.5285150596832,101.804812544702,837880565.130438,-2.76950698565635,-4.20655407761339,-11.0489142935347,23.42,0,inflation
YEM,"Yemen, Rep.",2025,5.582586059593455,3.917007817944405,17.322,4.21,12.0,3.130749999,787924742.251979,-2.61491577935683,-0.05429353169446016,-0.12833054667881386,23.41,0,year
SYR,Syrian Arab Republic,2025,5.582586059593455,3.917007817944405,13.569,4.21,12.0,3.130749999,787924742.251979,-2.61491577935683,-0.05429353169446016,-0.12833054667881386,23.41,0,year
PAN,Panama,2024,0.69322555100446,2.74784148771307,8.451,5.14,12.0,1.0,6855505288.43603,0.65661826831948,-0.7931880017659199,-4.41849867619358,23.41,0,year
AFG,Afghanistan,2025,5.582586059593455,3.917007817944405,13.351,4.21,12.0,3.130749999,787924742.251979,-2.61491577935683,-0.05429353169446016,-0.12833054667881386,23.41,0,year
VIR,Virgin Islands (U.S.),2025,5.582586059593455,3.917007817944405,11.443,4.21,12.0,1.0,787924742.251979,-2.61491577935683,-0.05429353169446016,-0.12833054667881386,23.41,0,year
GRC,Greece,2023,3.46480128513405,2.13591131996631,11.023,5.03,12.0,0.924839558470698,13608620628.7708,-6.77841375377557,-6.180458527672269,-3.3860744859277703,23.41,0,inflation
BHS,"Bahamas, The",2025,5.582586059593455,3.917007817944405,9.207,4.21,4.25,1.0,787924742.251979,-2.61491577935683,-0.05429353169446016,-0.12833054667881386,23.41,0,year
LBR,Liberia,2021,7.81559385858648,4.98671283481617,3.844,0.08,12.0,166.153700752442,700828780.06308,-2.83280554425972,-9.14013029103902,7.9692041113109,23.38,0,year
LBR,Liberia,2022,7.59298486560313,4.80810517290655,2.956,1.69,12.0,152.933756840022,599660417.529907,-8.71094478928875,-0.2226089929833499,-0.17860766190961996,23.38,0,year
ARG,Argentina,2017,5.582586059593455,2.81850297775918,8.347,1.0,26.5808333333333,16.5627069251411,55314409205.2189,-4.83995921807391,-0.05429353169446016,4.89883082153729,23.37,0,year
SYC,Seychelles,2023,-1.03530088431952,5.17980996672414,6.571,5.03,9.52952358287585,14.0181106992979,682793969.314271,-7.12307582064592,-3.6613372128324198,-4.700673696830319,23.37,0,year
BRA,Brazil,2022,9.28010608956873,3.01669435393015,9.231,1.69,39.4,5.16397029102111,324673449781.4,-2.14967698505073,0.9784463337119984,-1.7459100251559305,23.35,0,year
GRP,Lower middle income,2023,7.52710509155193,5.29082296744885,4.44638060849243,5.03,12.0,3.130749999,787924742.251979,-2.61491577935683,-0.05429353169446016,-0.12833054667881386,23.35,0,year
BGD,Bangladesh,2021,5.54565430773473,6.93867912442445,5.457,0.08,7.32416666666667,85.08376325,46165532457.1555,-3.78969259910935,-0.1454204397273804,3.4906615731999997,23.34,0,year
ATG,Antigua and Barbuda,2019,1.43135598182984,3.1722219373937,6.571,2.16,8.61132908333333,2.7,279133212.713698,-6.50528434529466,0.22419804815976008,-3.5397829342035596,23.34,0,inflation
GNB,Guinea-Bissau,2022,9.39075933985203,5.45776090019501,2.666,1.69,12.0,623.759700911182,787924742.251979,-7.89982582823182,7.14827054407545,0.44045129980430975,23.34,0,year
COL,Colombia,2016,7.51346024627675,2.08738250162794,8.922,0.39,14.6454318106769,3055.255,46173772892.6654,-4.4519506775159,2.5236290877814502,-0.86851887364729,23.33,0,year
GRL,Greenland,2016,5.582586059593455,4.68195410972302,6.571,0.39,12.0,6.73171825724638,787924742.251979,-2.61491577935683,-0.05429353169446016,7.21127213366777,23.3,0,year
MNG,Mongolia,2022,15.1509728200805,5.0327096366527,5.954,1.69,12.0,3140.67788364809,3398458522.32196,-13.4342448059604,7.7920262411989505,3.39594005928608,23.3,0,year
KAZ,Kazakhstan,2021,8.04147134028401,4.29999999729456,5.568,0.08,12.0,425.9075,34377998805.6455,-1.35935671668035,1.3233167916694306,6.799999993574561,23.3,0,year
ZMB,Zambia,2016,17.8697300795268,3.75510031678988,5.244,0.39,15.5,10.3075,2352719004.10271,-4.55168827542136,7.759137188564999,0.8347252046102702,23.3,0,year
WSM,Samoa,2024,2.17245530514377,4.7483863916535,4.855,5.14,8.43059676778872,2.75395370512433,507740280.935857,5.57726960445615,-5.749191543124,-10.4852200738645,23.29,0,inflation
KOR,"Korea, Rep.",2023,3.5974562502901,1.58301467403629,2.675,5.03,5.18916666666667,1305.6625,420930029064.025,1.76334472698699,-1.4920574003383198,-1.1445498930536198,23.28,0,inflation
LBR,Liberia,2017,12.4196323907138,2.45515592012239,3.067,1.0,13.2501851851852,112.706666666667,585997776.606726,-16.6798323783013,3.585383707348921,4.01011453761019,23.25,0,year
COM,Comoros,2022,12.5320314570999,2.45381174550259,3.879,1.69,8.03375,467.184261187176,283746116.067475,-0.410149391838584,12.53644939392337,0.4113593622941498,23.25,0,year
PNG,Papua New Guinea,2016,6.6737288135593,5.48957315278187,2.478,0.39,8.37466666666667,3.13302930185604,1656817794.83772,13.6287612457148,0.6777710322882298,-1.0887831702608803,23.23,0,year
KAZ,Kazakhstan,2018,6.16366247577762,4.09999999309841,4.85,1.83,12.0,344.705833333333,30976612438.5176,-0.984581633983154,-1.2790007372902998,-9.475169981953968e-09,23.23,0,year
BTN,Bhutan,2022,5.6391667139637,5.21386783786224,5.947,1.69,14.0,78.6044905829916,825755411.679767,-27.8005472490936,-1.7076476913715997,0.7925004484120892,23.23,0,year
ERI,Eritrea,2019,5.582586059593455,3.917007817944405,5.812,2.16,12.0,15.075,191694416.403147,-2.61491577935683,-0.05429353169446016,-0.12833054667881386,23.21,0,year
ERI,Eritrea,2025,5.582586059593455,3.917007817944405,5.978,4.21,12.0,15.075,787924742.251979,-2.61491577935683,-0.05429353169446016,-0.12833054667881386,23.21,0,year
RWA,Rwanda,2025,5.913000168826,9.37579834182446,11.363,4.21,12.0,1428.47827558333,1962663787.86036,-2.61491577935683,4.142707766839649,2.14862730837912,23.2,0,year
AUS,Australia,2025,2.87403791660173,1.35039785076631,4.09,4.21,12.0,1.5519978866485,72632706749.9792,-2.68119524894682,-0.29252873768624,-0.023009882893440192,23.18,0,inflation
PER,Peru,2021,4.27166381536798,13.4166456126513,5.097,0.08,10.9795083333333,3.88055413137587,78589897922.7032,-2.29896613499338,2.2692517577750597,24.349952113689497,23.18,0,year
NLD,Netherlands,2025,3.2595766451366,1.78463214703797,3.874,4.21,12.0,0.88496895841236,118056683477.992,-2.61491577935683,-0.08796639706292986,0.71080077383943,23.18,0,inflation
TTO,Trinidad and Tobago,2023,4.62930242419968,1.46645947294053,3.361,5.03,7.52083333333333,6.75026237934502,6255633381.74802,11.548724774634,-1.1990839609799098,0.6051986464217001,23.17,0,year
KIR,Kiribati,2017,0.355520888546828,3.71200171622053,6.571,1.0,12.0,1.30475807671592,787924742.251979,31.6106147102959,-1.561790013786952,-3.3760329415661605,23.15,0,year
GUY,Guyana,2025,3.32982339132475,19.3360097091818,11.962,4.21,8.23263888888889,208.5,1356212379.05664,-2.61491577935683,0.42602837707697017,-24.4832629300148,23.14,0,inflation
TCD,Chad,2023,10.8363568399843,3.99861309461539,1.059,5.03,12.0,606.569750165917,1049788251.30153,-2.61491577935683,5.04832996154814,-0.13108588206817018,23.13,0,year
PRT,Portugal,2024,2.41613187791876,2.21459232301109,6.5,5.14,12.0,0.923889546117607,42434283510.5071,2.07520783148021,-1.8951500410680504,-0.88539513603172,23.11,0,inflation
SST,Small states,2022,6.27689319447544,7.42838535135735,8.21647080688741,1.69,12.0,3.130749999,787924742.251979,-2.61491577935683,3.8661900727315097,0.13417485238962001,23.1,0,year
GEO,Georgia,2017,6.03531725272117,5.15990261658827,13.939,1.0,11.4853833333333,2.50954166666667,3038762324.25157,-7.95124743463903,3.9003901133299603,1.7096874366195598,23.1,0,year
PAN,Panama,2022,2.85965128834711,11.0386022908773,8.086,1.69,6.9075,1.0,6876072133.54101,-0.361802808993905,1.2289479153281302,-5.4283969113879,23.08,0,inflation
UGA,Uganda,2022,7.1957888597581,4.58802192181773,2.885,1.69,12.0,3689.81738566862,4080407824.1636,-8.91897823001289,4.99121681218396,1.05144158110875,23.06,0,year
JAM,Jamaica,2022,10.3495688391272,6.43930323656186,4.083,1.69,11.405,153.426816475659,4520481084.67503,-0.725013690307513,4.48678641111657,0.7346234534709097,23.06,0,year
LKA,Sri Lanka,2017,7.70413767850602,6.46068127080994,4.046,1.0,11.57,152.446413948767,7959047614.93675,-2.4467643490753,3.7452492125753194,1.40705638087905,23.06,0,year
LAO,Lao PDR,2020,5.10407262959919,0.503031829018681,2.349,0.37,12.0,9045.78783382479,1894600080.96868,-1.60378619154945,1.78151381702994,-4.954703263466119,23.04,0,unemployment
KGZ,Kyrgyz Republic,2025,8.21496013406325,11.0960203357132,3.526,4.21,12.0,3.130749999,787924742.251979,-2.61491577935683,3.217353121990021,-0.44369160494269977,23.04,0,year
GRL,Greenland,2022,5.582586059593455,2.00455580865604,6.571,1.69,12.0,7.0761518625,787924742.251979,-2.61491577935683,-0.05429353169446016,0.37046169872608026,23.03,0,year
TMN,"Middle East, North Africa, Afghanistan & Pakistan (IDA & IBRD)",2022,8.78598837999588,4.3223956322189,8.83598059809406,1.69,12.0,3.130749999,787924742.251979,-2.61491577935683,3.32578857327717,0.009571742216679446,23.01,0,year
MNA,"Middle East, North Africa, Afghanistan & Pakistan (excluding high income)",2022,8.30646124447623,4.3206385298363,8.9382675467404,1.69,12.0,3.130749999,787924742.251979,-2.61491577935683,3.0924118393458,-0.011481043318729789,23.01,0,year
AFE,Africa Eastern and Southern,2016,6.44687722255584,2.2925005812875,7.07442880999326,0.39,12.0,3.130749999,787924742.251979,-2.61491577935683,1.34831557891897,-0.6414028773527201,23.0,0,year
JPN,Japan,2016,-0.127258844489754,0.704986495111257,3.132,0.39,1.04475,108.792900046834,1216518779919.68,3.85588282294837,-0.922538475069593,-1.094990862723493,22.99,0,year
GEO,Georgia,2023,2.48776056578715,7.83220126555726,11.549,5.03,16.0082436245448,2.62795833333333,5002255638.46392,-5.52924307584786,-9.41040485453265,-3.1263308730051405,22.98,0,inflation
MOZ,Mozambique,2023,7.12697482131851,5.50384456650241,6.661,5.03,23.7,63.8858333333333,3637000551.83482,-10.5470064944259,-3.1524269880235893,1.1345365471220106,22.96,0,year
GMB,"Gambia, The",2024,11.5610532897511,5.55126065805138,6.48,5.14,22.0,67.661238258942,628849157.476695,-4.14959872463031,-5.413159673481598,-0.3655351074600306,22.96,0,year
BRA,Brazil,2023,4.59356282283204,3.24165532906981,7.947,5.03,43.6,4.99437976287199,355021395541.562,-1.23139445763703,-4.686543266736689,0.22496097513965996,22.96,0,year
EGY,"Egypt, Arab Rep.",2022,13.8956609775178,6.58784560870467,6.546,1.69,10.5833333333333,19.1604397412204,32143926008.4607,-2.2100904275198,8.68161157238737,3.2971995967722205,22.95,0,year
ERI,Eritrea,2022,5.582586059593455,3.917007817944405,6.033,1.69,12.0,15.075,787924742.251979,-2.61491577935683,-0.05429353169446016,-0.12833054667881386,22.94,0,year
ERI,Eritrea,2016,5.582586059593455,3.917007817944405,5.772,0.39,12.0,15.35,145371150.939987,-2.61491577935683,-0.05429353169446016,-0.12833054667881386,22.94,0,year
ERI,Eritrea,2017,5.582586059593455,3.917007817944405,5.804,1.0,12.0,15.075,143412422.685212,-2.61491577935683,-0.05429353169446016,-0.12833054667881386,22.94,0,year
ERI,Eritrea,2020,5.582586059593455,3.917007817944405,6.375,0.37,12.0,15.075,787924742.251979,-2.61491577935683,-0.05429353169446016,-0.12833054667881386,22.94,0,year
SRB,Serbia,2023,12.3719043552519,3.74793303561771,8.268,5.03,12.0,108.402691666667,27569406103.6015,-2.39364392003309,0.39039262078159886,1.0444559801811697,22.94,0,year
CSS,Caribbean small states,2025,1.21577537737425,7.97505570265018,7.55485245853424,4.21,12.0,3.130749999,787924742.251979,-2.61491577935683,-1.5204321413588802,-5.35310955570992,22.94,0,inflation
ERI,Eritrea,2018,5.582586059593455,3.917007817944405,5.756,1.83,12.0,15.075,163033689.39269,-2.61491577935683,-0.05429353169446016,-0.12833054667881386,22.94,0,year
PAN,Panama,2023,1.48641355277038,7.16634016390665,6.544,5.03,12.0,1.0,6756683681.74504,-3.19379683721353,-1.3732377355767302,-3.87226212697065,22.93,0,inflation
IND,India,2016,4.94821634062134,8.25630550176662,7.611,0.39,9.6725,67.1953128073894,361694321972.036,-0.52788060603752,0.04124289934885006,0.2600517160867506,22.92,0,year
VUT,Vanuatu,2022,6.67930581887121,5.59195729750803,5.077,1.69,8.80583333333334,115.353916666667,638537154.34393,-11.0631077358069,4.33602223678168,6.75528218376894,22.91,0,year
TUN,Tunisia,2018,7.30759176031652,2.60696965356362,15.459,1.83,12.0,2.64686666666667,5661370258.89029,-10.7946228980082,1.9987433646580808,0.3543552773577501,22.91,0,year
SDN,Sudan,2016,17.750253831196,3.46764218409288,13.656,0.39,12.0,6.21171364583333,168284353.053784,-9.88346111101847,0.840683226098303,1.5574652935653701,22.91,0,year
IND,India,2021,5.13140747176364,9.68959249191741,6.38,0.08,8.69833333333333,73.9180128154351,638484779930.836,-1.05524166809383,-1.49202930452166,15.46731719879044,22.9,0,year
SEN,Senegal,2020,2.54314685681662,1.34207377285524,3.432,0.37,12.0,575.586004510945,787924742.251979,-10.8532305243561,0.78303534488723,-3.2715543247668597,22.89,0,inflation
VCT,St. Vincent and the Grenadines,2023,4.56457719814894,5.32636472098717,18.348,5.03,7.162626,2.7,280564003.843077,-17.7791847090196,-1.0955205941165804,2.21553171755197,22.86,0,year
BWA,Botswana,2023,5.0676154934383,3.20806812224438,23.381,5.03,6.73859953703704,13.5963833333333,4755831848.94263,1.48789678399818,-6.5979519853637,-2.2779489422233405,22.83,0,year
CHE,Switzerland,2024,1.06234041976595,1.39033363875791,4.343,5.14,2.97616142777778,0.880440833333333,909365744096.394,8.88762829753527,-1.07306046039792,0.564772704633286,22.83,0,inflation
AGO,Angola,2025,20.1620197572331,3.13353542450008,14.108,4.21,19.3721026206229,911.99303781631,13536065181.9187,0.438853402848038,-8.0784751343441,-1.8191431797594801,22.81,0,year
ZAF,South Africa,2021,4.61874544887136,4.85864865060148,34.007,0.08,7.04166666666667,14.7786782139167,57597149617.2517,3.7724136934501,1.3863571327202302,11.027566365277181,22.8,0,year
AUS,Australia,2018,1.91140002818579,2.87417039499501,5.345,1.83,5.26083333333333,1.33841214646451,53909533420.3007,-2.58947975974169,-0.03724306247074005,0.5808600930658301,22.78,0,year
MNG,Mongolia,2025,8.60536487369695,6.84391415938607,5.233,4.21,12.0,3545.14356555046,7004095384.43435,-2.61491577935683,2.4075658571127496,1.7218687681594602,22.77,0,year
BTN,Bhutan,2021,7.3468144053353,4.42136738945015,4.803,0.08,14.0,73.9180128154351,1049605755.17506,-11.5313120542653,1.7174491790102193,14.639764810307051,22.77,0,year
ZMB,Zambia,2018,7.4945719272852,4.03449389667165,5.032,1.83,9.79166666666667,10.4583333333333,1569229906.13102,-1.30116677554112,0.9172603852287606,0.5086311251723901,22.77,0,year
ETH,Ethiopia,2021,26.8395221557722,5.64153069324176,3.935,0.08,12.0,43.73377831884,1644005887.02273,-4.13241831248994,6.483175299866101,-0.4180001992440099,22.74,0,year
KIR,Kiribati,2016,1.91731090233378,7.08803465778669,6.571,0.39,12.0,1.34521397601947,787924742.251979,9.30878870504903,1.3452951586995239,-4.177286285342709,22.74,0,inflation
CYP,Cyprus,2023,3.54134188751646,3.62045368236082,5.835,5.03,12.0,0.924839558470698,1789237786.1808,-9.70177901040075,-4.85414109241688,-5.118093166455921,22.72,0,inflation
PER,Peru,2024,2.00770739412712,3.5152749274832,5.199,5.14,12.0,3.7525,79246042707.9259,2.38859228781391,-4.44790608956874,3.8659747418289587,22.71,0,inflation
MLT,Malta,2022,6.15375621933037,2.59276776884379,3.471,1.69,12.0,0.949623753156941,1199148720.77094,-2.8280685577445,4.655864039983131,-10.758214123706011,22.71,0,year
PYF,French Polynesia,2019,5.582586059593455,2.68946658143334,11.591,2.16,12.0,106.588933804405,787924742.251979,-2.61491577935683,-0.05429353169446016,0.88259159838127,22.7,0,year
DNK,Denmark,2016,0.250000000000031,3.07304549209093,5.989,0.39,12.0,6.73171825724638,64215805619.9462,7.15352413797132,-0.20203415369154404,0.9686309276379199,22.69,0,year
IRL,Ireland,2021,2.34034113447044,16.2581881158197,6.357,0.08,12.0,0.84549413889045,13246996093.19,12.2773633997729,2.666524785750473,9.10449305846635,22.66,0,inflation
IND,India,2019,3.72950573539123,3.87143694070524,6.51,2.16,9.46625,70.4203405359551,463469902152.507,-1.04961203910072,-0.20932073152519992,-2.58241440424771,22.65,0,year
HTI,Haiti,2017,10.6800887242584,2.51027134544685,13.932,1.0,12.7491666666667,64.7696802849928,2316457386.78663,-2.15252938271163,-0.8228186700081999,0.6978032669715302,22.63,0,year
PSE,West Bank and Gaza,2022,3.74122391852077,4.08276027347105,24.42,1.69,12.0,3.130749999,896900000.0,-10.6265229873781,2.50374289020708,-2.92922200244898,22.62,0,inflation
TCD,Chad,2024,8.89950732263754,4.95210484607125,1.053,5.14,12.0,606.345297609063,1547604928.86707,-2.61491577935683,-1.9368495173467597,0.9534917514558598,22.61,0,year
ERI,Eritrea,2021,5.582586059593455,3.917007817944405,6.489,0.08,12.0,15.075,787924742.251979,-2.61491577935683,-0.05429353169446016,-0.12833054667881386,22.6,0,year
FRO,Faroe Islands,2022,5.582586059593455,3.86099981669155,6.571,1.69,12.0,7.0761518625,787924742.251979,-2.61491577935683,-0.05429353169446016,-1.2053630993147801,22.6,0,year
TSA,South Asia (IDA & IBRD),2021,5.33853088974918,9.24659959756499,6.33048938390488,0.08,12.0,3.130749999,787924742.251979,-2.61491577935683,-0.3216890971444206,14.234101334090578,22.59,0,year
SAS,South Asia,2021,5.33853088974918,9.24659959756499,6.33048938390488,0.08,12.0,3.130749999,787924742.251979,-2.61491577935683,-0.3216890971444206,14.234101334090578,22.59,0,year
ECA,Europe & Central Asia (excluding high income),2025,5.62208788068338,4.20093767131738,6.84424613953164,4.21,12.0,3.130749999,787924742.251979,-2.61491577935683,0.9515581317836803,0.14398532657336016,22.58,0,year
AFE,Africa Eastern and Southern,2021,6.82472709282067,4.45264295607002,8.40741154700022,0.08,12.0,3.130749999,787924742.251979,-2.61491577935683,1.63309767189216,7.38340706993529,22.58,0,year
MOZ,Mozambique,2017,15.1132073899384,2.63820737310658,3.935,1.0,27.8561208892752,63.584322913399,3361224769.14469,-17.9387522356553,-2.3048344298213,-2.0587828691513703,22.58,0,year
MDG,Madagascar,2025,8.05052431791227,3.002568866856,3.041,4.21,60.0,4529.75125196405,787924742.251979,-2.61491577935683,0.4371664747750401,-1.32026841402392,22.57,0,year
FJI,Fiji,2023,2.97544080604539,9.44245856738313,5.316,5.03,4.97070088792201,2.250125,1548302837.62548,-6.61225780515817,-3.10338350925186,-8.302668409976272,22.56,0,inflation
ESP,Spain,2025,2.699932857627,2.82495400578509,10.376,4.21,12.0,0.88496895841236,128593472896.352,2.93829577885389,-0.04721502899099983,-0.6303000505168197,22.56,0,inflation
COD,"Congo, Dem. Rep.",2022,5.582586059593455,9.31116944064918,4.54,1.69,12.0,2006.70821944055,4378100481.59101,-4.47028471935159,-0.05429353169446016,2.881559384175631,22.54,0,year
IRQ,Iraq,2018,0.367441488936828,2.63385099105624,13.458,1.83,12.0,1182.75,64719421423.3098,15.1162785714327,0.183382590089275,4.45360134223933,22.54,0,year
KEN,Kenya,2017,8.00564967709945,3.83795817364721,3.542,1.0,13.6675725164372,103.410004519014,7325420063.33911,-6.99683322084959,1.7084001389532002,-0.37555889450023017,22.53,0,year
GHA,Ghana,2017,12.3719215507048,8.12889488100956,3.369,1.0,12.0,4.35053333333333,7015187159.64987,-3.31643027470143,-5.082713156382001,4.7554291313401995,22.53,0,year
ETH,Ethiopia,2018,13.8330356586661,6.81614778557282,2.811,1.83,12.0,27.4293865941667,3987464165.90059,-5.53324917435327,3.1459206302422995,-2.7480418719673203,22.52,0,year
AFE,Africa Eastern and Southern,2024,4.77085731915833,2.78793146807502,7.57169749274654,5.14,12.0,3.130749999,787924742.251979,-2.61491577935683,-2.6283282616479395,0.84654989035487,22.52,0,year
MNA,"Middle East, North Africa, Afghanistan & Pakistan (excluding high income)",2024,4.04611455313434,2.26137020265979,8.70657329890235,5.14,12.0,3.130749999,787924742.251979,-2.61491577935683,-2.0450269719070695,-0.6345480682985998,22.52,0,year
COL,Colombia,2021,3.49505757399448,10.8011981904878,13.898,0.08,9.3378484091001,3744.24416666667,58018679406.6873,-5.6351694946032,0.9684225731474201,17.987112328096387,22.5,0,year
BGD,Bangladesh,2022,7.69695437176898,7.09982877575158,4.593,1.69,7.12109342742786,91.7454544396961,33747202271.7021,-3.81010813041237,2.15130006403425,0.16114965132713,22.47,0,year
TON,Tonga,2017,7.51706283551116,3.20231976224244,2.137,1.0,7.87198632346278,2.2059726971784,198522418.422513,-7.60028838125784,4.93890768306035,-3.3963790319371396,22.47,0,year
AUS,Australia,2022,6.59409658717841,4.25304559238732,3.728,1.69,12.0,1.44166445896522,56701901829.646,0.254202501603949,3.7301837400852302,2.24609714903698,22.46,0,year
RWA,Rwanda,2016,7.17434301982009,5.65874584202778,11.788,0.39,17.2916666666667,787.25152175,1013798070.46449,-15.4804167816287,4.64584017789588,-3.21162168669965,22.44,0,year
NCL,New Caledonia,2022,5.582586059593455,3.50000000289097,10.71,1.69,12.0,113.474367224106,787924742.251979,-2.61491577935683,-0.05429353169446016,5.600000000146171,22.43,0,year
MMR,Myanmar,2018,6.87232865662935,6.26886221471075,0.767,1.83,16.0,1429.80797520107,5646407387.45813,-3.77415133315681,2.29979210345415,0.13275397110770015,22.43,0,year
PYF,French Polynesia,2021,5.582586059593455,3.36590242421546,12.558,0.08,12.0,100.880222566186,787924742.251979,-2.61491577935683,-0.05429353169446016,13.939716287464359,22.43,0,year
PYF,French Polynesia,2022,5.582586059593455,2.9373470716322,11.793,1.69,12.0,113.474367224106,787924742.251979,-2.61491577935683,-0.05429353169446016,-0.4285553525832597,22.43,0,year
SMR,San Marino,2021,1.61551411551421,13.8977857594089,6.571,0.08,3.5323,0.845376564367945,954382643.359993,5.39603252626239,1.748883013887125,20.545698019753708,22.43,0,inflation
LSO,Lesotho,2016,6.59650490696543,3.60890731687714,16.138,0.39,11.5758333333333,14.7096108855267,925195318.767947,-10.5017567713342,3.37805977040612,0.4848405364316801,22.4,0,year
LKA,Sri Lanka,2021,7.01478071238195,4.2074764950026,4.981,0.08,12.0,198.764316844656,3136991506.34787,-3.70866603299245,0.86083562846457,8.831991532129749,22.39,0,year
KEN,Kenya,2021,6.10793603659176,7.59048947333467,5.693,0.08,12.0799983467507,109.637746592367,9490896580.9297,-4.59900811539261,0.7027739572578406,7.863255800773486,22.39,0,year
JAM,Jamaica,2021,5.86278242801063,5.70467978309095,5.188,0.08,11.4933333333333,150.790105943026,4837564537.17809,0.934998829682957,0.6360046350754294,14.0090990189223,22.39,0,year
TGO,Togo,2022,7.96757361617945,6.29443692019429,1.965,1.69,12.0,623.759700911182,787924742.251979,-2.61491577935683,3.78135855094425,1.15880762954923,22.38,0,year
GMB,"Gambia, The",2023,16.9742129632327,5.91679576551141,6.479,5.03,20.75,61.0963330077956,577028229.488264,-5.03989672361149,5.461093125182199,0.4237975354102703,22.38,0,year
MMR,Myanmar,2019,8.82506696804558,6.57911006765414,0.407,2.16,16.0,1518.25511666667,5824261144.05248,0.0902156578672671,1.952738311416229,0.3102478529433901,22.38,0,year
BRA,Brazil,2021,8.30165975585673,4.76260437908608,13.158,0.08,30.0166666666667,5.39440078962503,362210079181.317,-2.35822097223117,5.089891717822971,8.03936317555968,22.35,0,year
ETH,Ethiopia,2020,20.3563468559061,6.05953089248577,3.998,0.37,12.0,34.9271654040404,3046114358.80765,-2.75526110013781,4.5467146839717,-2.3045548386276904,22.33,0,year
JPN,Japan,2022,2.49770278172255,1.33164750653741,2.614,1.69,12.0,131.498140443764,1227573263129.26,2.0281112293848,2.7310555611208143,-2.23254780820734,22.33,0,inflation
SAU,Saudi Arabia,2018,2.46594308994843,3.2269508901591,6.029,1.83,12.0,3.75,509468527336.473,7.89890750977747,3.3007888249755917,2.0448438313762702,22.32,0,inflation
MKD,North Macedonia,2022,14.2047173195833,2.75888415332967,14.476,1.69,4.63306721882146,58.5743916666667,4120124979.25763,-6.23699171036603,10.97396819825402,-1.7517953370525499,22.31,0,year
UKR,Ukraine,2021,9.36313917695223,3.44562065945944,9.834,0.08,13.2921083333333,27.2861893833333,30966674653.8888,-2.7316980047145,6.630647082757959,7.19843859929106,22.31,0,year
BRA,Brazil,2024,4.36746407652337,3.41931516501906,6.801,5.14,40.225,5.3889349057096,329732443813.378,-2.9880142706208,-0.22609874630867033,0.17765983594925006,22.31,0,year
AUS,Australia,2016,1.27699365720306,2.75564065529868,5.711,0.39,5.42083333333333,1.34521397601947,52480791522.7773,-3.60213104879027,-0.23137437418156992,0.5912928488201596,22.28,0,year
CAN,Canada,2017,1.59688412852977,3.03383491841392,6.426,1.0,2.7,1.29793584646039,86677706696.7064,-2.80342092867237,0.16812458151891985,1.9952839985206903,22.28,0,year
PYF,French Polynesia,2025,5.582586059593455,3.917007817944405,11.662,4.21,12.0,105.864431541948,787924742.251979,-2.61491577935683,-0.05429353169446016,-0.12833054667881386,22.27,0,year
SWZ,Eswatini,2025,5.582586059593455,4.1939175580556,34.202,4.21,12.0,17.8889209208377,787924742.251979,-2.61491577935683,-0.05429353169446016,1.16229293329644,22.27,0,year
NCL,New Caledonia,2025,5.582586059593455,3.917007817944405,11.174,4.21,12.0,105.864431541948,787924742.251979,-2.61491577935683,-0.05429353169446016,-0.12833054667881386,22.27,0,year
YEM,"Yemen, Rep.",2019,5.582586059593455,3.917007817944405,17.213,2.16,12.0,486.730922939068,1653643445.98599,-2.61491577935683,-0.05429353169446016,-0.12833054667881386,22.27,0,year
CHL,Chile,2025,4.21293601694293,2.45925474781374,8.974,4.21,12.0,951.329454191033,49449773295.6302,-1.21688011748722,-0.08470289878230997,-0.34587162325237,22.24,0,year
PSS,Pacific island small states,2023,7.92164684826777,7.23510889764707,3.52057525691559,5.03,12.0,3.130749999,787924742.251979,-2.61491577935683,1.5425817811835394,-1.1000088281031495,22.24,0,year
ARG,Argentina,2025,5.582586059593455,4.36733330217022,7.145,4.21,46.0191666666667,1240.85125,40998763986.6338,-1.10988825977293,-0.05429353169446016,5.71026402374761,22.23,0,year
MOZ,Mozambique,2024,4.07856834812022,2.14892499135355,6.668,5.14,21.725,63.905,3842807100.82527,-10.9577328385216,-3.0484064731982894,-3.3549195751488603,22.22,0,year
GBR,United Kingdom,2024,3.2715729463592,1.08027716858781,4.361,5.14,12.0,0.782414580986262,174597843325.182,-2.95960422411904,-3.5223941215804304,0.808627120232555,22.2,0,inflation
USA,United States,2025,5.582586059593455,2.16138195623856,4.198,4.21,12.0,1.0,1385447111476.7,-3.62698693844919,-0.05429353169446016,-0.6318051973998502,22.2,0,year
SSD,South Sudan,2021,10.5167158294358,3.917007817944405,13.95,0.08,16.0884827108197,306.354619937276,341932479.973586,-0.13161314202058,-19.1591277244214,-0.12833054667881386,22.2,0,year
FRA,France,2019,1.10825492288294,2.02744646419237,8.415,2.16,12.0,0.893276257067409,189006435295.488,0.587362764575748,-0.74256016027199,0.3815377402335003,22.2,0,inflation
URY,Uruguay,2021,7.74791402314762,5.84427325018082,9.328,0.08,7.45064820808614,43.554575,16962770286.5533,-2.43351228613427,-2.00849233763432,13.20160031915383,22.2,0,year
ISR,Israel,2024,3.07480889805025,0.953618469238535,3.595,5.14,12.0,3.69971964970892,214543676669.814,2.85372348964758,-1.1504171336389302,-1.1091065780776448,22.2,0,inflation
MEX,Mexico,2018,4.89935015356551,1.97208211101069,3.275,1.83,8.04,19.2443416666667,176390278595.584,-2.06414074440499,-1.1421070866243506,0.10035356452688005,22.2,0,year
SSA,Sub-Saharan Africa (excluding high income),2024,4.36115246518962,3.61639391196729,5.6711358365663,5.14,12.0,3.130749999,787924742.251979,-2.61491577935683,-2.6918299193577404,0.90430352316036,22.18,0,year
LAC,Latin America & Caribbean (excluding high income),2023,5.08677483158112,2.12680994822227,6.06496995571875,5.03,12.0,3.130749999,787924742.251979,-2.61491577935683,-3.7243172612147495,-1.8491496451568197,22.18,0,year
LCN,Latin America & Caribbean,2023,4.63202285403356,2.20678468368602,6.19254754786298,5.03,12.0,3.130749999,787924742.251979,-2.61491577935683,-3.4535026929724593,-1.8838018883457495,22.18,0,year
SSF,Sub-Saharan Africa,2024,4.30009584697999,3.6161279249573,5.6711358365663,5.14,12.0,3.130749999,787924742.251979,-2.61491577935683,-2.39750406091846,0.9016610081983303,22.18,0,year
TSS,Sub-Saharan Africa (IDA & IBRD countries),2024,4.30009584697999,3.61612792495724,5.6711358365663,5.14,12.0,3.130749999,787924742.251979,-2.61491577935683,-2.39750406091846,0.9016610081982597,22.18,0,year
TLA,Latin America & the Caribbean (IDA & IBRD countries),2023,4.70881783212245,2.28058560829545,6.26268991297245,5.03,12.0,3.130749999,787924742.251979,-2.61491577935683,-3.5659570702040897,-1.8432811195233603,22.18,0,year
ARM,Armenia,2023,1.98041877615554,8.29999999959539,12.405,5.03,12.3852390680976,392.476302158971,3607482711.24985,-2.77026594121126,-6.66049231358301,-4.30000000018121,22.17,0,inflation
KGZ,Kyrgyz Republic,2022,13.9229093174176,8.96750520041391,4.767,1.69,18.6649646194159,84.1162225704045,2798508309.69425,-42.3794795657648,2.0178694989029005,3.4604975736946804,22.17,0,year
EGY,"Egypt, Arab Rep.",2018,14.4014657807422,5.33110861887155,9.855,1.83,18.3166666666667,17.7672904218107,41839242990.7097,-2.93164483711978,-15.105142613261702,1.1498876192559297,22.16,0,year
MLI,Mali,2022,9.62147608489064,3.70319027585386,2.387,1.69,12.0,623.759700911182,787924742.251979,-6.54582121437752,5.69587325384787,0.6022490312187898,22.16,0,year
BDI,Burundi,2021,8.40453845076341,3.23707479372925,1.118,0.08,12.8583333333333,1975.95088138768,266164087.470182,-11.3663437249219,1.0834320166081994,2.930630982077532,22.16,0,year
BDI,Burundi,2017,16.0525353030392,3.83185757061784,1.25,1.0,14.7966666666667,1729.055,97402580.4255521,-13.1912710345622,10.49484568902955,0.63168286652791,22.16,0,year
SST,Small states,2023,5.06713865364213,5.02859646200615,7.66141080204045,5.03,12.0,3.130749999,787924742.251979,-2.61491577935683,-1.20975454083331,-2.3997888893512,22.1,0,year
SWE,Sweden,2019,1.78415097403835,2.60823012869524,6.833,2.16,12.0,9.45834916666667,55509629819.8897,5.21540072405936,-0.16938432723192998,0.8379747740180401,22.09,0,inflation
COD,"Congo, Dem. Rep.",2025,5.582586059593455,5.75924471639999,4.434,4.21,12.0,2693.24060103248,787924742.251979,-4.33288123454985,-0.05429353169446016,-0.34328472788631004,22.09,0,year
SEN,Senegal,2023,5.93947798773215,4.25743083300657,2.784,5.03,12.0,606.569750165917,787924742.251979,-19.7803402658787,-3.7573410030785794,0.4069988954793198,22.09,0,year
NPL,Nepal,2024,4.6850965426577,3.67787459697703,10.5,5.14,12.0,133.726644315443,15846781298.75,3.87803253239857,-2.43077607265056,1.69532616235854,22.08,0,year
BLZ,Belize,2021,3.23563659237071,17.9899244143607,10.302,0.08,8.43833333333333,2.0,420102782.499484,-6.50036889086314,3.114201947755816,31.5128241199113,22.08,0,inflation
PAN,Panama,2021,1.63070337301898,16.4669992022652,10.177,0.08,6.93666666666667,1.0,8832242051.03447,-1.21399867998869,3.1809787810565897,34.2881166097254,22.08,0,inflation
MNE,Montenegro,2021,2.41080198403165,13.0462607426359,16.543,0.08,5.76083333333334,0.845376564367945,1981678244.50269,-9.29434721682597,2.666457683880201,28.0388794449892,22.08,0,inflation
LBR,Liberia,2025,8.31564329402952,5.01656107992214,2.884,4.21,12.0,3.130749999,338800671.9524,-2.61491577935683,0.10066890283987995,0.9947064302737907,22.08,0,year
XKX,Kosovo,2023,4.94432438791283,4.06762701436438,6.571,5.03,12.0,0.924709622987356,1245423955.07842,-7.18596643738428,-6.63618606628837,-0.2108719439110498,22.05,0,year
ALB,Albania,2023,4.75834555150038,4.01541716935742,10.669,5.03,6.35166666666666,100.645,6455445543.45668,-1.66286217786128,-1.96685716380021,-0.8113834540784799,22.05,0,year
COL,Colombia,2019,3.52301932741447,3.18685539245533,10.28,2.16,11.7690653821827,3281.62219381788,52652707434.7902,-4.5842751726606,0.2824499981087798,0.62253110967829,22.04,0,year
SUR,Suriname,2018,5.582586059593455,4.94827108468886,7.817,1.83,14.2991149744656,7.4625111984127,580780344.590911,-2.97065426623086,-0.05429353169446016,3.3822332593398894,22.01,0,year
PYF,French Polynesia,2017,5.582586059593455,4.29263363103487,11.595,1.0,12.0,105.633078151149,787924742.251979,-2.61491577935683,-0.05429353169446016,1.9904353943304902,22.01,0,year
YEM,"Yemen, Rep.",2021,5.582586059593455,3.917007817944405,18.312,0.08,12.0,1028.107754329,1687999721.249,-2.61491577935683,-0.05429353169446016,-0.12833054667881386,22.01,0,year
YEM,"Yemen, Rep.",2022,5.582586059593455,3.917007817944405,17.224,1.69,12.0,1115.00238710662,1250826378.53556,-2.61491577935683,-0.05429353169446016,-0.12833054667881386,22.01,0,year
NCL,New Caledonia,2017,5.582586059593455,3.917007817944405,11.676,1.0,12.0,105.633078151149,787924742.251979,-2.61491577935683,-0.05429353169446016,-0.12833054667881386,22.01,0,year
YEM,"Yemen, Rep.",2020,5.582586059593455,3.917007817944405,17.963,0.37,12.0,743.005964356532,969612981.567713,-2.61491577935683,-0.05429353169446016,-0.12833054667881386,22.01,0,year
KIR,Kiribati,2021,2.05361676773907,8.44155844155846,6.571,0.08,12.0,1.33122425957081,787924742.251979,7.09435848086612,-0.49962877640723,9.72360972360973,22.0,0,inflation
CAN,Canada,2018,2.26822567248103,2.74296341402246,5.837,1.83,12.0,1.29581792813534,83925602808.0082,-2.38506947723022,0.6713415439512602,-0.29087150439146026,21.99,0,inflation
NOR,Norway,2018,2.76483134528797,1.1103912365576,3.801,1.83,2.92583333333333,8.1325,63145471060.2408,7.69077594619518,0.8897307497625198,-1.5592535061770598,21.97,0,inflation
TEA,East Asia & Pacific (IDA & IBRD countries),2022,5.82115811213955,3.5491103392587,4.24711639501186,1.69,12.0,3.130749999,787924742.251979,-2.61491577935683,3.20867625437475,-4.17082856647953,21.96,0,year
EAP,East Asia & Pacific (excluding high income),2022,5.66964369895446,3.54917734794495,4.23491194246921,1.69,12.0,3.130749999,787924742.251979,-2.61491577935683,2.97072510366248,-4.17105305677034,21.96,0,year
IND,India,2018,3.93882646691643,6.45385134495295,7.652,1.83,9.45416666666667,68.3894670935422,399167159226.682,-2.42697545810527,0.6106530923033802,-0.34153207407126995,21.95,0,year
JOR,Jordan,2023,2.08486986327134,3.12900102017251,16.62,5.03,8.97833333333333,0.71,19068901690.6261,-3.25589967062863,-2.1442858256998303,0.38213947516941005,21.95,0,year
ESP,Spain,2016,-0.202598000426358,2.91515598595787,19.635,0.39,12.0,0.903421436257263,63039926528.9472,3.15808866042231,0.297767709476885,-1.14571073878079,21.95,0,year
JOR,Jordan,2024,1.55659611283953,2.55605891810194,16.693,5.14,8.48,0.71,21939099361.5116,-5.33366328480029,-0.52827375043181,-0.5729421020705701,21.95,0,year
ESP,Spain,2017,1.95607633363954,2.89604207865007,17.224,1.0,12.0,0.885205508269372,69400198866.0331,2.82857699785743,2.158674334065898,-0.019113907307799938,21.95,0,inflation
BLZ,Belize,2024,3.28955985952768,3.50466435023895,8.698,5.14,8.41743522598784,2.0,498087320.739572,-1.61559738392131,-1.1002803153490701,3.004536408600283,21.95,0,inflation
IRQ,Iraq,2019,-0.198965380023882,5.5137905789381,14.096,2.16,12.0,1182.0,68017647833.6447,6.74664580876131,-0.56640686896071,2.8799395878818603,21.94,0,year
MMR,Myanmar,2016,6.92882525816076,5.86247291518572,1.058,0.39,16.0,1234.86951666667,4886384703.75254,-3.03174958632843,-2.5253466370994193,-1.1303673750754903,21.92,0,year
GRD,Grenada,2024,1.08615365134737,2.3996478454327,6.571,5.14,6.8868315,2.7,423263143.568031,-21.8875634999164,-1.60996904679827,-2.12692712907423,21.9,0,inflation
DMA,Dominica,2024,2.73620751873313,2.052738472526,6.571,5.14,5.83305675,2.7,155971242.017246,-37.8042228948698,-2.3505673128479896,-1.5994716495613401,21.9,0,inflation
GUY,Guyana,2024,2.90379501424778,43.8192726391966,11.874,5.14,8.375,208.5,1009772163.61402,-2.61491577935683,0.0822010833396698,10.024261523323595,21.9,0,year
MRT,Mauritania,2022,9.52526628622843,6.7960049994761,10.52,1.69,12.0,36.935,787924742.251979,-14.8925055069228,5.9601014397265795,6.0532895013359,21.89,0,year
ARM,Armenia,2021,7.18483629443371,5.80000000065645,15.469,0.08,11.7619087610202,503.769674961652,3229848044.69344,-3.3962941866585,5.97340051604906,12.999999999862759,21.89,0,year
NPL,Nepal,2022,7.6702057938028,5.6313145568451,10.661,1.69,12.0,125.199457792609,9319150273.48101,-5.76692963076819,3.5434383493958492,0.7931649427301002,21.89,0,year
EGY,"Egypt, Arab Rep.",2016,13.813606214829,4.34664345601914,12.45,0.39,13.6,10.0254007885465,23642691705.9678,-6.16465951871263,3.443115871312001,-0.02537562179773012,21.89,0,year
LSO,Lesotho,2021,6.04774591950676,2.26670961833291,18.214,0.08,8.20875,14.7786782139167,798207194.327049,-8.12794759731639,1.0696491569836706,10.42266747293202,21.88,0,year
BGD,Bangladesh,2019,5.59199639930629,7.88191515117722,4.504,2.16,9.55583333333333,84.4535225,32696936140.2925,-0.839485005371136,0.04837500444152987,0.5625025210358601,21.87,0,year
TSA,South Asia (IDA & IBRD),2023,6.38250790219375,6.7848640413625,4.16220090187648,5.03,12.0,3.130749999,787924742.251979,-2.61491577935683,-0.8021120651069396,-0.3162898827814198,21.86,0,year
SAS,South Asia,2023,6.38250790219375,6.7848640413625,4.16220090187648,5.03,12.0,3.130749999,787924742.251979,-2.61491577935683,-0.8021120651069396,-0.3162898827814198,21.86,0,year
DNK,Denmark,2017,1.14713216957602,3.05647723922718,5.833,1.0,12.0,6.60289346561404,75244445865.8039,7.43235705188883,0.897132169575989,-0.016568252863749855,21.86,0,inflation
EAP,East Asia & Pacific (excluding high income),2023,5.88585897042164,5.26014161362973,3.97712381690091,5.03,12.0,3.130749999,787924742.251979,-2.61491577935683,0.21621527146717945,1.71096426568478,21.86,0,year
TEA,East Asia & Pacific (IDA & IBRD countries),2023,5.93194206291787,5.2600647393007,3.98514803684521,5.03,12.0,3.130749999,787924742.251979,-2.61491577935683,0.1107839507783206,1.7109544000419996,21.86,0,year
SGP,Singapore,2019,0.567829988405447,1.15877947300108,3.1,2.16,5.25,1.36415833333333,285477830549.322,15.4536632743623,0.12904577327582395,-2.02782901173966,21.84,0,inflation
GRD,Grenada,2016,1.65038994431573,3.7396039558691,6.571,0.39,8.635,2.7,207689282.825893,-8.84957467526885,2.165837975751059,-2.7056191910623397,21.81,0,inflation
TSA,South Asia (IDA & IBRD),2016,4.45355240327602,7.96912333644603,7.25080318686175,0.39,12.0,3.130749999,787924742.251979,-2.61491577935683,-0.2740062927712499,0.27938398454370006,21.8,0,year
SAS,South Asia,2016,4.45355240327602,7.96912333644603,7.25080318686175,0.39,12.0,3.130749999,787924742.251979,-2.61491577935683,-0.2740062927712499,0.27938398454370006,21.8,0,year
LSO,Lesotho,2022,8.27180389943028,2.38778020186284,16.623,1.69,8.984375,16.3558534845,771278260.396463,-11.417455276866,2.2240579799235194,0.12107058352993016,21.79,0,year
SLE,Sierra Leone,2022,27.2082883814653,5.3135546141915,3.137,1.69,19.3133333333333,14.0476497942157,624496474.631726,-6.3486336227146,15.334329497441901,-0.5832980905178999,21.77,0,year
CUB,Cuba,2017,5.582586059593455,1.80979178380274,1.7,1.0,12.0,3.130749999,787924742.251979,-2.61491577935683,-0.05429353169446016,1.296948688101995,21.76,0,year
CUB,Cuba,2022,5.582586059593455,1.77465227724316,1.829,1.69,12.0,3.130749999,787924742.251979,-2.61491577935683,-0.05429353169446016,0.5201649207399401,21.76,0,year
GRP,Upper middle income,2023,5.0341072621757,4.57426687515756,5.36297560426889,5.03,12.0,3.130749999,787924742.251979,-2.61491577935683,-0.05429353169446016,-0.12833054667881386,21.76,0,year
CUB,Cuba,2021,5.582586059593455,1.25448735650322,2.11,0.08,12.0,3.130749999,787924742.251979,-2.61491577935683,-0.05429353169446016,12.203923259523819,21.76,0,year
POL,Poland,2016,-0.664767331433962,3.03117767594847,6.141,0.39,12.0,3.94278333333334,114328539232.702,-1.06875798055693,0.2093585426918999,-1.40058932669631,21.75,0,year
MWI,Malawi,2019,9.3708360560567,5.71682519194337,4.964,2.16,25.6743055555555,745.540667877372,846839844.266183,-11.9532181402648,-3.0493420528643007,1.36326047575126,21.74,0,year
UZB,Uzbekistan,2019,14.5257359560687,6.79331098484522,4.936,2.16,23.6060674782463,8836.7875,29291325502.0694,-4.80432180452473,-2.9984436953367997,1.06962717726904,21.74,0,year
URY,Uruguay,2024,4.84914366613156,3.32575905957381,8.209,5.14,9.90709477725299,40.2127875,17377698943.2229,-0.756844684468695,-1.0199599328296296,2.564009818252129,21.73,0,year
ITA,Italy,2021,1.87378325762481,8.93106210800055,9.497,0.08,2.02591666666667,0.84549413889045,227478327159.257,2.03966459401319,2.01149083154132,17.799283329854,21.71,0,inflation
ZWE,Zimbabwe,2023,5.582586059593455,5.3508687909833,9.348,5.03,170.293833333333,3509.17222037558,115529709.859095,0.373211096901899,-0.05429353169446016,-0.7883944847188298,21.71,0,year
ESP,Spain,2021,3.09313511976402,6.68314420473001,14.914,0.08,12.0,0.84549413889045,92201269194.64,0.765004613238447,3.4158881370636687,17.623214839767112,21.7,0,inflation
CAN,Canada,2021,3.39519318527528,5.95052804984759,7.527,0.08,12.0,1.2538769021268,106615119570.101,-0.0219632369341121,2.678193552967453,10.988761477788461,21.7,0,inflation
BWA,Botswana,2017,3.30828076768219,4.11437856445083,19.671,1.0,6.875,10.3474166666667,7490512373.36878,5.58580913830414,0.49332285406275034,-3.0900461946918396,21.7,0,inflation
TMN,"Middle East, North Africa, Afghanistan & Pakistan (IDA & IBRD)",2021,5.46019980671871,4.31282389000222,9.58930430798614,0.08,12.0,3.130749999,787924742.251979,-2.61491577935683,1.73016789141395,6.86383935183653,21.69,0,year
PLW,Palau,2025,-0.418410041841039,6.28637654202731,6.571,4.21,12.0,1.0,787924742.251979,-2.61491577935683,-2.6501377710580787,-5.719595476459291,21.67,0,inflation
EGY,"Egypt, Arab Rep.",2021,5.21404940513043,3.29064601193245,7.441,0.08,9.425,15.6445272777113,39824388217.3615,-4.38240299812001,0.16911651535504024,-0.2595188268987001,21.66,0,year
AUS,Australia,2019,1.610770929127,2.19401703622717,5.143,2.16,5.101,1.43850654421382,57994685703.478,-0.0757460083721145,-0.3006290990587899,-0.6801533587678401,21.64,0,inflation
ECU,Ecuador,2023,2.21568764237058,1.8328406107788,3.51,5.03,12.0,1.0,4441563798.69096,2.06198915921791,-1.2504820797601903,-4.03558293784431,21.64,0,inflation
OMN,Oman,2023,0.950782997762827,1.41401383200161,3.176,5.03,12.0,0.3845,17454630668.5072,2.29211299044439,-1.555359508379673,-6.5716934515411705,21.64,0,inflation
GTM,Guatemala,2023,6.20657592272126,3.52430434049013,2.344,5.03,11.9616666666667,7.83197416666667,21311089849.3863,3.07969665980261,-0.67855231072161,-0.6306176256003395,21.63,0,year
PHL,Philippines,2022,5.82115811213955,7.58098212785563,2.598,1.69,12.0,54.477785837205,96040188240.9305,-4.51605763317134,1.8939778911362297,1.8662489960044697,21.63,0,year
CHN,China,2022,1.97357555739051,3.13385438394069,4.98,1.69,4.35,6.73715811237119,3306839412813.78,2.20640460953834,0.9925604218456281,-5.43652976587712,21.59,0,inflation
TKM,Turkmenistan,2024,5.582586059593455,6.28235647996578,4.02,5.14,12.0,3.130749999,787924742.251979,-2.61491577935683,-0.05429353169446016,-0.036442022720650336,21.58,0,year
TKM,Turkmenistan,2023,5.582586059593455,6.31879850268643,4.007,5.03,12.0,3.130749999,787924742.251979,-2.61491577935683,-0.05429353169446016,0.08388485196971995,21.58,0,year
PRK,"Korea, Dem. People's Rep.",2023,5.582586059593455,3.917007817944405,3.463,5.03,12.0,3.130749999,787924742.251979,-2.61491577935683,-0.05429353169446016,-0.12833054667881386,21.58,0,year
PRK,"Korea, Dem. People's Rep.",2024,5.582586059593455,3.917007817944405,3.539,5.14,12.0,3.130749999,787924742.251979,-2.61491577935683,-0.05429353169446016,-0.12833054667881386,21.58,0,year
MAR,Morocco,2024,0.985256592004507,3.79336515978963,9.103,5.14,12.0,9.94235921679198,37133907722.7893,-1.23072108998601,-5.1058849330369025,0.13772104961032028,21.58,0,inflation
COD,"Congo, Dem. Rep.",2024,5.582586059593455,6.1025294442863,4.421,5.14,12.0,3.130749999,787924742.251979,-3.59163215084982,-0.05429353169446016,-2.430960387558801,21.58,0,year
MDG,Madagascar,2022,8.16059031991844,4.13753534956307,3.186,1.69,48.8333333333333,4096.11618374535,2159914363.96649,-5.49417886108313,2.348339132041289,-0.5131480821800203,21.56,0,year
UZB,Uzbekistan,2022,11.4466436998836,6.08592335737373,4.456,1.69,21.7461154561416,11050.145422363,35773956817.6684,-3.01865917303125,0.5974039490713992,-2.1185617661650404,21.56,0,year
LCA,St. Lucia,2021,2.41070312174393,11.1466993240856,20.514,0.08,6.75742416666667,2.7,433117473.472593,-10.3860164489311,4.16651145691987,34.0472131875032,21.55,0,inflation
LCA,St. Lucia,2024,-0.674240853418779,4.76890217855616,10.199,5.14,6.28812308333333,2.7,406063791.484465,-1.53670013790358,-4.493386314982359,0.8611541492968797,21.54,0,year
VCT,St. Vincent and the Grenadines,2024,3.62770736940927,4.06183490050209,18.093,5.14,7.09571483333333,2.7,316823948.572001,-16.6849459746644,-0.93686982873967,-1.2645298204850803,21.54,0,inflation
JPN,Japan,2018,0.989094598021848,0.834143845965585,2.467,1.83,12.0,110.42317934106,1270467038786.78,3.43924007536728,0.504894801895463,-0.7893067764888251,21.54,0,inflation
KGZ,Kyrgyz Republic,2021,11.9050398185147,5.50700762671923,5.149,0.08,16.6226604984585,84.6408220065285,2982533267.78709,-7.97583742281609,5.57961685513392,12.65598520399878,21.53,0,year
TZA,Tanzania,2020,3.29029062798325,1.99196460647855,1.792,0.37,16.6795341089585,2294.14615050509,787924742.251979,-2.2076089771516,-0.1739899520069601,-3.8080353934886797,21.52,0,unemployment
CHL,Chile,2021,4.52456838259144,11.3374032409913,9.281,0.08,12.0,758.955378658977,51252167799.6881,-7.29452522459608,1.4790775345481797,17.4771001821799,21.49,0,year
SMR,San Marino,2024,1.24216507945569,3.917007817944405,6.571,5.14,5.49301666666666,0.924367447270267,758942003.435389,-2.61491577935683,-4.68974350683834,-0.12833054667881386,21.49,0,inflation
EST,Estonia,2021,4.65316673847473,8.25488044580031,6.178,0.08,12.0,0.84549413889045,2371477144.82894,-3.78107390163544,5.09769783615456,11.13868796063809,21.48,0,year
MWI,Malawi,2017,11.5433939188771,4.00000000089172,5.046,1.0,38.5929166666667,730.2725,768401046.225973,-17.4208707671145,-10.167719294772798,1.5000000017486097,21.48,0,year
PER,Peru,2025,1.53125450314273,3.43056395124466,5.117,4.21,12.0,3.5670638032991,90393720332.2317,3.58499497152416,-0.47645289098439014,-0.08471097623853963,21.47,0,inflation
ECA,Europe & Central Asia (excluding high income),2024,4.6705297488997,4.05695234474402,6.90688667537961,5.14,12.0,3.130749999,787924742.251979,-2.61491577935683,-4.403121749190781,-0.9936776306943198,21.47,0,year
NAM,Namibia,2022,6.08128114112413,5.3987247803654,19.615,1.69,8.6125332139457,16.3558583333333,2803462864.6202,-12.5650462510737,2.46437584003599,1.7948955878783703,21.47,0,year
CSS,Caribbean small states,2024,2.73620751873313,13.3281652583601,7.49180699898505,5.14,12.0,3.130749999,787924742.251979,-2.61491577935683,-1.3682852994870403,4.523018688502519,21.47,0,inflation
JOR,Jordan,2022,4.22915568897117,2.7468615450031,18.2,1.69,7.36833333333333,0.71,18198223674.0612,-7.39189539188183,2.88306191653999,-1.0051512225551802,21.46,0,year
AUS,Australia,2017,1.94864309065653,2.29331030192918,5.592,1.0,5.2455,1.30475807671592,65653718118.1818,-3.00525814878872,0.67164943345347,-0.4623303533695,21.46,0,year
IRQ,Iraq,2016,0.556521397155548,13.7873730187089,10.82,0.39,12.0,1182.0,45298562240.8151,1.29416694062961,-0.836808890647132,11.18060658931349,21.42,0,year
TGO,Togo,2023,5.48928568141131,6.19762969378132,1.942,5.03,12.0,606.569750165917,787924742.251979,-2.61491577935683,-2.47828793476814,-0.09680722641297024,21.42,0,year
ETH,Ethiopia,2017,10.6871150284238,9.56418965754014,2.665,1.0,12.0,23.8661044574125,3045571314.79781,-7.76343039992897,4.05898165611456,0.13070699772108973,21.39,0,year
BHS,"Bahamas, The",2021,2.90491262928478,17.5861390037409,11.078,0.08,4.25,1.0,2432716261.37975,-20.2208763533214,2.866391531279324,37.6755054928808,21.39,0,inflation
URY,Uruguay,2022,9.10437983075437,4.60623000920732,7.877,1.69,10.8653622268844,41.1710833333333,15126762057.5326,-3.5174343179116,1.3564658076067504,-1.2380432409735,21.38,0,year
ZWE,Zimbabwe,2025,5.582586059593455,8.10671343048909,9.293,4.21,46.363185964308,26.5961940841935,787924742.251979,-2.61491577935683,-0.05429353169446016,6.430218881273971,21.37,0,year
AZE,Azerbaijan,2024,2.21217188919901,4.15806800428062,5.648,5.14,14.6710589959745,1.7,12699124299.9099,6.27617767984307,-6.573258609291799,2.80359051312295,21.36,0,inflation
MEX,Mexico,2022,7.8962761916855,3.70975708309098,3.256,1.69,8.17916666666667,20.12735,201118689946.087,-1.27426718190487,2.2070677148479696,-2.33872638864474,21.35,0,year
CHN,China,2020,2.41942189457782,2.33950385203023,5.0,0.37,4.35,6.90076726944925,3357240875433.71,1.49179592498582,-0.47981226900444973,-3.7278742113064895,21.35,0,inflation
RWA,Rwanda,2022,17.6892095588153,9.82497394651698,15.084,1.69,16.385,1030.30829974206,1725586898.68952,-9.07221418802756,18.08055630711609,1.4135694600517503,21.35,0,year
KIR,Kiribati,2018,0.564030491493476,3.42465753424656,6.571,1.83,12.0,1.33841214646451,787924742.251979,32.8981165971109,0.20850960294664794,-0.2873441819739697,21.33,0,year
DEU,Germany,2019,1.44565976888253,0.977734697038784,3.163,2.16,12.0,0.893276257067409,224027961016.415,7.87471222403173,-0.2865090287868901,-0.15796134895970593,21.32,0,inflation
SRB,Serbia,2024,4.6705297488997,3.94992622592932,7.24,5.14,12.0,108.207741666667,30484164151.2486,-4.5565073329206,-7.7013746063522,0.20199319031161034,21.31,0,year
PST,Post-demographic dividend,2023,5.06713865364213,1.79595440239152,4.46960383607434,5.03,12.0,3.130749999,787924742.251979,-2.61491577935683,-2.810231383264,-1.06447237548616,21.31,0,year
NAM,Namibia,2024,4.23903922877036,3.77851723267591,19.157,5.14,10.9566133964356,18.3286583333333,3355524014.61227,-13.4129533004201,-1.6408954040723902,-0.5464632559921401,21.31,0,year
MRT,Mauritania,2023,4.95305034506872,6.80949002457973,10.37,5.03,12.0,36.4891666666666,787924742.251979,-9.0432943863533,-4.572215941159709,0.013485025103629589,21.31,0,year
BGD,Bangladesh,2017,5.70207015717239,6.59024999794057,4.372,1.0,9.54,80.4375416666667,33431482893.1712,-2.03756600416726,0.18854443024244016,-0.5232282147603602,21.3,0,year
GUY,Guyana,2020,0.722434045501787,43.479651716849,15.308,0.37,9.46527777777779,208.5,680634183.680422,-11.6095974967976,-1.389955822242853,38.12681168149235,21.3,0,year
IRN,"Iran, Islamic Rep.",2016,7.24542548952979,8.8150866425182,12.618,0.39,18.0,30914.8524362967,787924742.251979,-2.61491577935683,-5.23925607162351,10.23997158189323,21.3,0,year
TUN,Tunisia,2025,5.15100197572676,2.49311010666248,15.108,4.21,12.0,3.130749999,787924742.251979,-2.61491577935683,-2.0556145959611802,0.8786644568926198,21.29,0,year
GHA,Ghana,2019,7.14364003330857,6.5077747939152,3.067,2.16,12.0,5.21736666666667,7563210340.92838,-2.72699375813964,-0.66512513279846,0.30769711264235955,21.27,0,year
BHS,"Bahamas, The",2024,0.409162489083286,3.37866553336166,9.049,5.14,4.25,1.0,2632098082.6404,-6.64860795366672,-2.643753300614144,0.33042372782393015,21.26,0,year
PSE,West Bank and Gaza,2016,-0.219106604907316,8.86461881995935,23.939,0.39,6.14971653355566,3.130749999,312800333.67,-13.90776226662,-1.6507180630120761,5.14331914881147,21.25,0,year
NLD,Netherlands,2016,0.316666666666652,2.42428065449427,6.007,0.39,12.0,0.903421436257263,35905772878.2734,7.14588669256922,-0.28358148061212396,0.30364058255882975,21.23,0,year
NPL,Nepal,2019,5.56616035243723,6.65705543110468,10.477,2.16,12.0,112.609482758621,8713166195.10835,-5.12963069016168,1.15956625068009,-0.9653206728746504,21.22,0,year
MOZ,Mozambique,2021,6.40847652975692,2.37743572761507,5.413,0.08,18.1666666666667,65.465,3780829521.5612,-21.1927915856731,2.9245408548248806,3.59695822772699,21.22,0,year
PLW,Palau,2024,2.23172772921704,12.0059720184866,6.571,5.14,12.0,1.0,787924742.251979,-2.61491577935683,-10.58824709243636,10.78312357442927,21.21,0,inflation
COM,Comoros,2019,3.58213544469211,1.76078023564568,3.926,2.16,10.5,439.463110317875,202031707.232998,-3.33166140326131,1.43058460056178,-1.88167091169121,21.2,0,inflation
GRP,High income,2022,7.53107834634288,3.1058606935064,4.50967974234969,1.69,12.0,3.130749999,787924742.251979,-2.61491577935683,-0.05429353169446016,-0.12833054667881386,21.2,0,year
ROU,Romania,2021,5.05232876096582,5.58735072538869,5.59,0.08,5.61349905718721,4.16041666666666,51885588481.0885,-7.21432085371446,2.42125564911839,9.18537618573626,21.19,0,year
UZB,Uzbekistan,2018,17.5241796514055,5.72368380757618,5.392,1.83,19.9656221631193,8069.60623655914,27077105981.1617,-5.85985590733897,3.6484371072419997,1.0234097880155693,21.18,0,year
GMB,"Gambia, The",2022,11.5131198380505,5.49299823010114,6.067,1.69,19.0,54.9234673586679,568244498.422457,-4.09350427164043,4.14277224928432,0.2370294419337,21.18,0,year
MKD,North Macedonia,2024,3.48974086026954,2.99373536567732,12.265,5.14,5.85131870695966,56.8726333333333,5251936213.50666,-2.10020379336309,-5.87213163742061,0.43877011227431995,21.17,0,year
KIR,Kiribati,2019,-1.81307995302947,3.31125827814569,6.571,2.16,12.0,1.43850654421382,787924742.251979,40.0284245338672,-2.3771104445229456,-0.1133992561008701,21.17,0,year
POL,Poland,2022,14.4294507575758,5.25545697386036,2.811,1.69,12.0,4.45775833333333,166663927036.393,-2.27455866454271,9.37442371038308,-1.67172568666465,21.16,0,year
SLE,Sierra Leone,2025,7.48750166612986,4.60865077581276,3.15,4.21,21.4352243589744,3.130749999,787924742.251979,-2.61491577935683,-21.14624833528164,0.31542743176664967,21.13,0,year
CPV,Cabo Verde,2024,1.04817001091965,6.98888280991075,11.883,5.14,7.79052487582662,101.922010798199,783105557.825454,3.94169322459825,-2.67620516576783,2.1941214188034506,21.11,0,inflation
DEU,Germany,2018,1.73216879766942,1.13569604599849,3.384,1.83,12.0,0.846772667108111,198027061675.403,8.43761219902204,0.22267394657314,-1.66221067455251,21.07,0,inflation
HND,Honduras,2021,4.48087963413446,12.5652843771279,8.506,0.08,15.9658333333333,24.0166553242681,8666862380.88312,-5.4643429246452,1.0124678546227504,21.53036660980086,21.05,0,year
AFE,Africa Eastern and Southern,2018,4.6898064677633,2.70620741957582,7.24484282680541,1.83,12.0,3.130749999,787924742.251979,-2.61491577935683,-1.5315688215678795,0.027344751860129968,21.04,0,year
TMN,"Middle East, North Africa, Afghanistan & Pakistan (IDA & IBRD)",2018,4.46231108475481,2.1052660162653,9.1788143786994,1.83,12.0,3.130749999,787924742.251979,-2.61491577935683,-0.5136404207835197,-1.31335021749799,21.04,0,year
MNA,"Middle East, North Africa, Afghanistan & Pakistan (excluding high income)",2018,4.36615064471282,2.09831066371866,9.28194998275843,1.83,12.0,3.130749999,787924742.251979,-2.61491577935683,-0.2825011995722999,-1.3041616806056098,21.04,0,year
TUN,Tunisia,2017,5.30884839565844,2.25261437620587,15.33,1.0,12.0,2.419425,6143986079.65126,-10.0143611259515,1.6794490218146296,1.1353824122138698,21.02,0,year
GHA,Ghana,2021,9.9710886750444,5.07646643533542,3.2,0.08,12.0,5.8057,9916916899.67781,-2.8205574143058,0.08379911234496085,4.562524764707249,21.02,0,year
GHA,Ghana,2018,7.80876516610703,6.20007768127284,3.204,1.83,12.0,4.585325,6294851564.02725,-3.03986602950099,-4.56315638459777,-1.9288171997367192,21.02,0,year
UKR,Ukraine,2016,13.9127101997797,2.44098194492067,9.35,0.39,19.2371666666667,25.5513341166667,15537256304.3675,-1.99880308749136,-34.7871544436627,12.21396915778827,21.01,0,year
NOR,Norway,2019,2.16773003305411,1.46970781954143,3.684,2.16,3.23583333333333,8.8,66946037549.8517,2.80945670092243,-0.59710131223386,0.35931658298382985,21.01,0,inflation
CMR,Cameroon,2022,6.24767713343861,3.7367840056412,3.646,1.69,12.0,623.759700911182,5133480338.41129,-3.39397488391441,3.97581950840224,0.39792653384614995,21.0,0,year
CZE,Czechia,2022,15.1001651468371,2.8471706583814,2.224,1.69,4.22500917823384,23.357,139981275466.87,-4.52048439437013,11.260320231835639,-1.1818476621700902,21.0,0,year
PRY,Paraguay,2024,3.83540271728533,4.66914577981763,5.686,5.14,12.0,7560.24758837744,9567715594.05829,-3.2503481047772,-0.7966201367482304,-0.6167000699355993,20.98,0,year
LUX,Luxembourg,2019,1.74332075653848,2.74932091920692,5.592,2.16,12.0,0.893276257067409,1054874472.69212,8.62080023660204,0.21512551346478004,1.13802200709068,20.98,0,inflation
PRY,Paraguay,2023,4.63202285403356,5.28584584975323,5.794,5.03,12.0,7288.87205374128,9885683629.59266,0.284720362671273,-5.13354381761046,5.3139230221431575,20.98,0,year
MNE,Montenegro,2025,3.89960910704956,2.74455354258522,13.572,4.21,6.31833333333333,0.887144250370588,2196370744.61095,-20.3820306499405,0.56285901422675,-0.41954532071390993,20.96,0,year
EGY,"Egypt, Arab Rep.",2020,5.04493288977539,3.55016483883115,7.974,0.37,11.3666666666667,15.7591729166667,38972812936.6708,-3.70903990583375,-4.107866703472651,-2.0019282320110703,20.93,0,year
USA,United States,2021,4.69785886363742,6.15202247867526,5.349,0.08,3.25,1.0,716152260973.711,-3.61901225446136,3.4642744673311303,8.23339845647126,20.91,0,year
NZL,New Zealand,2022,7.17222476016441,3.34521847792682,3.299,1.69,12.0,1.57718333333333,14399554617.1628,-8.7516189444306,3.23110415237713,-0.9539415742393205,20.9,0,year
MEX,Mexico,2024,4.72225588452932,1.35057631384696,2.678,5.14,11.2233333333333,18.3048583333333,232035392464.815,-0.912091864173097,-0.8057049886145702,-1.75622009929864,20.9,0,unemployment
AFE,Africa Eastern and Southern,2025,4.27011140706666,3.7430158719504,7.53923324035891,4.21,12.0,3.130749999,787924742.251979,-2.61491577935683,-0.50074591209167,0.9550844038753801,20.88,0,year
GRP,High income,2023,4.73151302622883,1.79534582183456,4.33657934041449,5.03,12.0,3.130749999,787924742.251979,-2.61491577935683,-0.05429353169446016,-0.12833054667881386,20.88,0,year
SWE,Sweden,2016,0.984269244577992,2.13117914731151,6.99,0.39,12.0,8.56199166666667,59361642625.4786,2.0109441785256,1.0310539895612731,-2.2570675887743796,20.87,0,inflation
COD,"Congo, Dem. Rep.",2021,5.582586059593455,6.42961005647355,5.289,0.08,23.2857241932595,1989.39147122828,3467115960.59408,-0.994470839405088,-0.05429353169446016,5.6541820641189275,20.85,0,year
BGR,Bulgaria,2016,-0.798649886453617,3.02662820096305,7.575,0.39,6.39301666666667,1.76804166666667,25176065815.9197,3.10210131284369,-0.694016625445138,-0.37092531902989023,20.83,0,year
MNG,Mongolia,2018,6.82424790145522,7.74488062024881,5.377,1.83,17.7142698930509,2472.48405114235,3549666961.87949,-14.4368935873351,2.5228168484318,2.1080042333010898,20.81,0,year
STP,Sao Tome and Principe,2019,7.72024525213248,2.01431672129407,8.835,2.16,19.0620185185185,21.8847418164689,47148376.7357912,-21.799320591176,-0.1483510366066101,-2.3638113613556504,20.8,0,year
BLR,Belarus,2024,5.78531910428005,4.34999638140579,3.458,5.14,9.99166666666667,3.24619166666667,8912194598.43984,-2.07223267740223,0.7847200733669499,0.22345630986697973,20.8,0,year
UKR,Ukraine,2019,7.88671745611133,3.19950386354134,8.194,2.16,19.8217083333333,25.8455893333333,25317002926.8886,-2.67995732261758,-3.06513847920647,-0.2888584766852498,20.8,0,year
ROU,Romania,2016,-1.54479666813897,2.85993252302089,5.901,0.39,5.70916666666667,4.05918333333333,39953479392.8854,-2.10324885883263,-0.950640230643767,-0.29710353136451007,20.8,0,year
ABW,Aruba,2017,-1.02828178762012,3.49342985290626,6.571,1.0,6.3,1.79,907111452.513966,1.1197958543778,-0.09708580054056004,2.2590944792719903,20.78,0,year
SAU,Saudi Arabia,2021,3.06328988941548,6.51959698325419,6.621,0.08,12.0,3.75,473889603512.936,4.5697627196532,-0.30905972070755006,10.32438600321731,20.78,0,inflation
GMB,"Gambia, The",2025,5.582586059593455,5.89309208233146,6.521,4.21,22.0,71.2893818242692,787924742.251979,-2.61491577935683,-0.05429353169446016,0.3418314242800804,20.77,0,year
ALB,Albania,2024,2.21587375089992,4.04592845095348,10.689,5.14,6.44333333333334,93.1233333333333,6515581527.60071,-2.39633981728727,-2.54247180060046,0.03051128159605998,20.77,0,inflation
BRN,Brunei Darussalam,2019,-0.390522069165529,3.86884436177075,6.6,2.16,5.5,1.36421851405475,4272696957.80614,6.63555502727438,-1.415573862067649,3.8164733199178564,20.77,0,year
CRI,Costa Rica,2024,-0.412853001047069,4.08292444182048,6.936,5.14,7.33487695166667,515.109771921403,14177018013.5179,-0.867937963911082,-0.9380465097405241,-0.7089528817735005,20.77,0,year
CRI,Costa Rica,2023,0.525193508693455,4.79187732359398,8.325,5.03,9.09653675666667,544.050775505632,13225042447.0425,-1.4230013588633,-7.749581393633084,-0.6693172287566993,20.77,0,year
ARB,Arab World,2024,2.30890057183497,2.00521809439076,9.26592419265215,5.14,12.0,3.130749999,787924742.251979,-2.61491577935683,-1.69135819876655,0.35648881457505976,20.76,0,inflation
AFG,Afghanistan,2023,-4.64470870797775,2.26694373649188,14.008,5.03,12.0,3.130749999,787924742.251979,-2.61491577935683,-18.35681107998425,8.50711572889457,20.76,0,year
MEA,"Middle East, North Africa, Afghanistan & Pakistan",2024,2.12615766885021,2.3285702387722,7.84018773728947,5.14,12.0,3.130749999,787924742.251979,-2.61491577935683,-2.0990683628389704,0.037836989152579825,20.76,0,inflation
GRC,Greece,2024,2.74101875679486,2.0865743380603,10.02,5.14,12.0,0.923889546117607,15221750195.0005,-7.10950344070576,-0.7237825283391901,-0.0493369819060101,20.76,0,inflation
TMN,"Middle East, North Africa, Afghanistan & Pakistan (IDA & IBRD)",2024,3.32890533415537,2.43947657943453,8.70657329890235,5.14,12.0,3.130749999,787924742.251979,-2.61491577935683,-4.37775230800695,-0.4849479896984499,20.76,0,inflation
OSS,Other small states,2024,2.08742660145219,2.76881258067121,8.48668976701629,5.14,12.0,3.130749999,787924742.251979,-2.61491577935683,-3.42551148658924,-0.43149463975970015,20.76,0,inflation
JOR,Jordan,2025,1.76646490894206,2.82660839845745,16.535,4.21,8.09583333333333,0.71,26557371377.9991,-2.61491577935683,0.20986879610253006,0.27054948035550996,20.74,0,year
VCT,St. Vincent and the Grenadines,2025,0.815322893749171,3.3921670546227,18.003,4.21,7.059139,2.7,281217907.470522,-16.0707208403411,-2.8123844756600986,-0.6696678458793901,20.74,0,inflation
BLZ,Belize,2025,1.06281547952896,2.74831731763744,8.856,4.21,8.47835329229307,2.0,559427087.788742,-2.77390529871227,-2.2267443799987197,-0.7563470326015098,20.74,0,year
CEB,Central Europe and the Baltics,2022,14.6081439492433,4.03989151407053,3.96540582731722,1.69,12.0,3.130749999,787924742.251979,-2.61491577935683,10.768299034241839,-2.5328252811866596,20.72,0,year
AFW,Africa Western and Central,2022,7.94925143524016,4.47710763731639,3.59653801462938,1.69,12.0,3.130749999,787924742.251979,-2.61491577935683,4.203683611910069,1.93163488967383,20.72,0,year
SLE,Sierra Leone,2016,10.8860609413903,6.43743652764257,4.182,0.39,16.2166666666667,6.29029741495228,497242646.676568,-4.83009013015939,4.196625316403489,10.80076914858045,20.72,0,year
HPC,Heavily indebted poor countries (HIPC),2022,9.65914753785069,4.89961676353468,4.43373072825994,1.69,12.0,3.130749999,787924742.251979,-2.61491577935683,5.289025633069119,0.5427801442680398,20.72,0,year
MEX,Mexico,2025,3.80668650726485,0.561683456144578,2.673,4.21,8.78583333333333,19.2375083333333,256178680249.028,-0.447421048798837,-0.9155693772644695,-0.7888928577023819,20.72,0,unemployment
KNA,St. Kitts and Nevis,2022,2.66817533111249,10.4804941546807,6.571,1.69,7.05012091666667,2.7,293979512.215724,-10.6193571735865,1.47248646072849,10.11288727546439,20.71,0,inflation
LDC,Least developed countries: UN classification,2021,4.15649125482107,2.75579291386683,5.73711716533604,0.08,12.0,3.130749999,787924742.251979,-2.61491577935683,-0.17647749229602017,2.9368048920723338,20.71,0,year
SSA,Sub-Saharan Africa (excluding high income),2018,4.09297819300637,2.7922269325805,6.03233771776817,1.83,12.0,3.130749999,787924742.251979,-2.61491577935683,-1.10497361418542,0.28895178177810976,20.71,0,year
SSF,Sub-Saharan Africa,2017,5.18618655524149,2.5074548530006,5.99391143462101,1.0,12.0,3.130749999,787924742.251979,-2.61491577935683,-0.11645642186176008,1.19045129449197,20.71,0,year
DMA,Dominica,2022,2.88490226829353,10.3968076616121,6.571,1.69,6.53699175,2.7,204343039.949668,-26.5615606888312,0.65598896129009,5.016969272064979,20.71,0,inflation
SSF,Sub-Saharan Africa,2018,3.91133439990729,2.79433082130898,6.03233771776817,1.83,12.0,3.130749999,787924742.251979,-2.61491577935683,-1.2748521553342003,0.2868759683083799,20.71,0,year
ATG,Antigua and Barbuda,2021,2.06299638545334,8.17286311186622,6.571,0.08,7.39227225,2.7,367511735.686638,-17.5774816563178,1.4370066784066209,27.041639632681022,20.71,0,inflation
TSS,Sub-Saharan Africa (IDA & IBRD countries),2017,5.18618655524149,2.50745485300064,5.99391143462101,1.0,12.0,3.130749999,787924742.251979,-2.61491577935683,-0.11645642186176008,1.19045129449202,20.71,0,year
TSS,Sub-Saharan Africa (IDA & IBRD countries),2018,3.91133439990729,2.7943308213089,6.03233771776817,1.83,12.0,3.130749999,787924742.251979,-2.61491577935683,-1.2748521553342003,0.28687596830826,20.71,0,year
SSA,Sub-Saharan Africa (excluding high income),2017,5.19795180719179,2.50327515080239,5.99391143462101,1.0,12.0,3.130749999,787924742.251979,-2.61491577935683,-0.23256785399976998,1.1954447975267402,20.71,0,year
DMA,Dominica,2025,2.53385126107135,3.05243763087539,6.571,4.21,5.77327125,2.7,164687978.337178,-37.9871612550015,-0.2023562576617799,0.9996991583493902,20.69,0,year
GMB,"Gambia, The",2017,8.03418974545911,4.8226112492757,5.097,1.0,29.0,46.6089094621101,169969976.48625,-6.32875593450885,0.8053970248798894,2.8792515944879398,20.68,0,year
WSM,Samoa,2019,0.982326569888117,4.45185891688691,7.858,2.16,8.92916666666667,2.64882632186605,177244065.937656,3.73223650537797,-3.2151323167494033,5.061506020267051,20.68,0,inflation
MWI,Malawi,2021,9.33014410835212,4.55829212016083,5.652,0.08,23.88125,805.899650132837,787924742.251979,-15.4922606345826,0.7046294118466001,3.7646956903735447,20.68,0,year
MWI,Malawi,2018,12.420178108921,4.35356471619211,5.021,1.83,32.29,732.333333333333,766154761.931253,-17.2587081882279,0.8767841900438995,0.35356471530039,20.68,0,year
LTU,Lithuania,2021,4.68354420903453,6.39481772930206,7.112,0.08,12.0,0.84549413889045,5579844284.24645,1.46864331261859,3.4836497591988396,6.352001895603918,20.68,0,year
GMB,"Gambia, The",2021,7.37034758876618,5.25596878816744,6.213,0.08,19.5,51.4844438783833,652670952.247777,-4.31333160293426,1.4390712231417693,4.664481500293466,20.68,0,year
BRN,Brunei Darussalam,2024,-0.388674165036461,4.05251709306727,5.18,5.14,5.5,1.33603327650724,4414307817.04608,14.5341402117213,-0.745738476573351,2.9248729114400804,20.64,0,year
SAS,South Asia,2017,4.14162852223217,6.78411966009934,7.24969569674111,1.0,12.0,3.130749999,787924742.251979,-2.61491577935683,-0.3119238810438496,-1.1850036763466898,20.64,0,year
TSA,South Asia (IDA & IBRD),2017,4.14162852223217,6.78411966009934,7.24969569674111,1.0,12.0,3.130749999,787924742.251979,-2.61491577935683,-0.3119238810438496,-1.1850036763466898,20.64,0,year
NIC,Nicaragua,2021,4.92841396948968,10.4543887816515,6.076,0.08,9.61987339717133,35.1710166666667,4046556203.71439,-2.75303205196493,1.2466005532339595,12.69093054427473,20.63,0,year
EAS,East Asia & Pacific,2022,5.51812928576938,3.05155877820648,4.10032254258298,1.69,12.0,3.130749999,787924742.251979,-2.61491577935683,3.04102687111491,-3.42881761337511,20.62,0,year
ETH,Ethiopia,2019,15.8096321719344,8.36408573111346,2.928,2.16,12.0,29.06975,2992704274.84051,-5.47194445069538,1.9765965132682997,1.5479379455406406,20.62,0,year
IND,India,2017,3.32817337461305,6.79538341902422,7.626,1.0,9.50833333333333,65.1215686450659,412613792019.924,-1.43948820320989,-1.6200429660082905,-1.4609220827424005,20.61,0,inflation
GRP,Lower middle income,2018,4.29159105337875,4.90431450173897,6.50468294481071,1.83,12.0,3.130749999,787924742.251979,-2.61491577935683,-0.05429353169446016,-0.12833054667881386,20.59,0,year
CHE,Switzerland,2019,0.362886179940674,1.11532187197474,4.394,2.16,2.63292318,0.993709166666667,854928999231.114,4.02412129092586,-0.573449284172898,-2.2121106890401903,20.58,0,year
MDG,Madagascar,2018,8.59422958870476,3.19435651744398,2.303,1.83,55.3895833333333,3334.75225490196,1739588290.28962,0.712560880258364,-0.014821165524729452,-0.73895107718395,20.58,0,year
GBR,United Kingdom,2018,2.29283990345938,1.55133095078786,4.145,1.83,12.0,0.749531540259847,172657749536.315,-3.88728858372976,-0.26491587211809,-1.4718912476155297,20.57,0,inflation
COD,"Congo, Dem. Rep.",2018,5.582586059593455,6.07168870646615,4.632,1.83,24.7483333333333,1622.52350162292,665272094.992908,-3.58406179220142,-0.05429353169446016,1.83047823373896,20.57,0,year
COD,"Congo, Dem. Rep.",2017,5.582586059593455,4.24121047272719,4.613,1.0,20.6208333333333,1464.41793163743,695398161.997957,-3.30715525146266,-0.05429353169446016,3.8473776745726274,20.57,0,year
UKR,Ukraine,2018,10.9518559353178,3.48836234022659,8.799,1.83,19.004875,27.2004923333333,20817897004.1028,-4.9140091077667,-3.486466813557099,1.12839005923168,20.55,0,year
VCT,St. Vincent and the Grenadines,2018,2.32414485367921,3.1756114423991,19.005,1.83,8.48572125,2.7,169562298.93521,-10.3037962472728,0.17080836527409993,1.62750970999954,20.5,0,year
LCA,St. Lucia,2016,-3.07821765676927,3.42787214525211,19.932,0.39,8.4725,2.7,305519500.768958,-6.33820254412732,-2.094616704072274,3.325954308839158,20.5,0,year
JOR,Jordan,2016,-0.778430463054142,2.11166806967252,15.275,0.39,8.115,0.71,15543454210.4578,-8.81657895710529,0.09842089664990705,-0.41094864124896,20.5,0,year
MNE,Montenegro,2016,-0.271385023385176,3.4393056210999,17.732,0.39,7.97166666666667,0.903421436257288,793654021.992476,-16.2362049565083,-1.820076605610036,0.9162422813441902,20.5,0,year
LTU,Lithuania,2024,0.715735835228723,3.03019543767596,6.851,5.14,12.0,0.923889546117607,7407101582.10623,3.24144056300641,-8.401583788676028,2.290658039490157,20.49,0,inflation
SSD,South Sudan,2023,2.38280434813754,3.917007817944405,12.374,5.03,16.3616880968054,930.331429534051,72880855.2161365,7.93071136684621,9.07012529026422,-0.12833054667881386,20.48,0,year
BGD,Bangladesh,2018,5.54362139486476,7.31941263014136,4.439,1.83,9.65083333333333,83.4662019166666,32028383716.595,-2.20783912081882,-0.1584487623076294,0.72916263220079,20.45,0,year
XKX,Kosovo,2018,1.05379773654991,3.40663227056285,6.571,1.83,6.65405833333333,0.846772667108096,881167306.173397,-7.6217333874861,-0.4344365693732799,-1.41902338241769,20.45,0,year
WSM,Samoa,2016,1.30471869303179,7.9838628784713,9.063,0.39,9.09166666666667,2.56492967258212,88868313.1645828,-4.55402357362581,0.580248558157061,4.1335010618219,20.45,0,inflation
BGD,Bangladesh,2016,5.51352572692995,7.11347821270093,4.35,0.39,10.4091666666667,78.4680916666667,32283838538.9037,0.351171861174517,-0.68075450291989,0.5608383345389605,20.45,0,year
SYC,Seychelles,2022,2.6260363285129,9.88048366355446,6.571,1.69,9.10152007717062,14.2727945255291,638960849.807493,-7.08279204871696,-7.14306304122252,9.32820203234718,20.44,0,inflation
SRB,Serbia,2021,4.08510285335102,7.94905650472278,9.843,0.08,12.0,99.3959416666667,18616661464.3849,-4.01208394283306,2.5095699525168698,8.899080496574374,20.43,0,year
CHE,Switzerland,2018,0.936335464113572,3.32743256101493,4.713,1.83,2.62742559333333,0.977891666666667,787021335043.725,5.9935622611881,0.4025476242876961,1.90708643870232,20.4,0,inflation
HRV,Croatia,2021,2.55450699642041,12.6312741312741,7.483,0.08,12.0,6.36008316666667,28308830585.9313,0.807925529114754,2.3996956218583043,20.94174408436729,20.39,0,inflation
RUS,Russian Federation,2018,2.87831382614981,2.80634082046656,4.871,1.83,8.86666666666667,62.6681333333334,468645216082.719,6.97989872935135,-0.8050168971951401,0.9796355449746401,20.39,0,inflation
KWT,Kuwait,2021,3.42362947609188,1.67213054307859,2.97,0.08,3.70596666666667,0.301643110769949,49525016980.8271,23.5545486012366,1.32189992781788,6.48944647689444,20.38,0,inflation
UGA,Uganda,2016,5.70637504616212,4.78100029254482,3.002,0.39,23.8861326246628,3420.09800724736,3097848069.80846,-2.85393787294637,0.11668898364486946,-0.40685956747983987,20.38,0,year
CYP,Cyprus,2021,2.44608867175474,11.3975590801512,7.513,0.08,12.0,0.84549413889045,1611044560.40988,-5.56660011376225,3.084511469733601,14.618189266526871,20.37,0,inflation
LTU,Lithuania,2025,3.79170510860467,2.92007656461696,6.731,4.21,12.0,0.88496895841236,7059127324.71898,0.944864408096769,3.075969273375947,-0.1101188730589997,20.37,0,year
SMR,San Marino,2019,0.472651967352852,2.06569082920953,6.571,2.16,3.98499166666667,0.893215581479226,473069834.537933,2.03446683734355,-0.6906832555787281,0.5717868312487899,20.36,0,year
GEO,Georgia,2024,1.10971758022096,9.67979379712661,11.557,5.14,14.9367295752734,2.72061666666667,4447216641.42079,-5.29948694239513,-1.3780429855661902,1.84759253156935,20.36,0,inflation
SST,Small states,2024,2.34358922540366,6.06796967493719,7.68067610421584,5.14,12.0,3.130749999,787924742.251979,-2.61491577935683,-2.72354942823847,1.0393732129310402,20.36,0,inflation
MRT,Mauritania,2024,2.49164347481972,6.3076021190402,10.257,5.14,12.0,3.130749999,787924742.251979,-9.55383541959404,-2.4614068702490006,-0.5018879055395296,20.36,0,inflation
MNA,"Middle East, North Africa, Afghanistan & Pakistan (excluding high income)",2021,5.21404940513043,4.33211957315503,9.6948074926195,0.08,12.0,3.130749999,787924742.251979,-2.61491577935683,2.79891846429629,6.951959430770989,20.34,0,year
MNE,Montenegro,2019,0.361563704540767,4.39391565821528,15.128,2.16,6.175,0.893215581479226,1529177036.35033,-14.5096489634129,-2.249660078097233,-0.3390054761243695,20.34,0,year
BLZ,Belize,2019,0.187069385181424,4.25658710030072,9.053,2.16,9.06666666666666,2.0,277578761.136722,-7.75435271449132,-0.082913237464911,3.434518507788212,20.34,0,year
TLA,Latin America & the Caribbean (IDA & IBRD countries),2021,4.26105127422813,7.27596087772766,9.26330031941499,0.08,12.0,3.130749999,787924742.251979,-2.61491577935683,2.4935353506611504,14.05763477709713,20.34,0,year
GEO,Georgia,2025,3.8692132193969,7.46161504152039,12.097,4.21,15.7857039169038,2.74264166666667,6157188673.62864,-2.6492778580462,2.75949563917594,-2.2181787556062202,20.34,0,year
CHL,Chile,2018,2.43488981353057,3.99002947789977,7.623,1.83,4.17801925025561,641.276813066395,39858824174.8114,-4.48367554777816,0.25217134484537995,2.6323341044601998,20.34,0,inflation
BRA,Brazil,2025,5.01675279604836,2.2857464902475,5.97,4.21,45.3333333333333,5.58728623856661,358513128727.455,-2.92630139201733,0.6492887195249901,-1.1335686747715599,20.33,0,year
GRP,Lower middle income,2021,4.48087963413446,6.79896357094398,6.2565962013459,0.08,12.0,3.130749999,787924742.251979,-2.61491577935683,-0.05429353169446016,-0.12833054667881386,20.32,0,year
GRP,Upper middle income,2021,3.92718022100332,7.58860883559845,6.15372931005527,0.08,12.0,3.130749999,787924742.251979,-2.61491577935683,-0.05429353169446016,-0.12833054667881386,20.32,0,year
KIR,Kiribati,2024,2.45545072159028,4.69613259668509,6.571,5.14,12.0,1.51535803855596,787924742.251979,-17.3510233551176,-6.827623023586931,1.5622294627819602,20.31,0,inflation
XKX,Kosovo,2024,1.61944994559476,4.5730971681166,6.571,5.14,12.0,0.924367447270267,1310096686.95658,-8.32346840516263,-3.3248744423180696,0.5054701537522206,20.31,0,inflation
MDG,Madagascar,2017,8.60905075422949,3.93330759462793,2.123,1.0,60.0,3116.11,1600175022.31326,-0.228589799383037,2.5732921726826996,-0.05983846736705978,20.31,0,year
MOZ,Mozambique,2022,10.2794018093421,4.3693080193804,6.789,1.69,20.1333333333333,63.8508333333333,2938739967.66209,-33.7147522217691,3.8709252795851787,1.9918722917653295,20.3,0,year
ISR,Israel,2016,-0.535168195718695,4.53601939236572,4.723,0.39,3.42015574375788,3.84056666666667,95446290281.5568,3.17038576605097,0.08217438192407,2.30002049632767,20.29,0,year
ATG,Antigua and Barbuda,2025,1.36873527521954,4.99803998431987,6.571,4.21,6.3894605,2.7,378519316.134911,-12.0326427461497,-4.83013171320162,2.4575980448544303,20.29,0,inflation
GRD,Grenada,2025,0.610311975893833,4.41201,6.571,4.21,6.8607225,2.7,408148184.577921,-23.1306438970907,-0.47584167545353695,2.0123621545673003,20.29,0,year
SWE,Sweden,2021,2.16319736447143,5.2258643028773,8.803,0.08,12.0,8.57656671607378,62053165556.5423,6.24035538176738,1.665830045617858,7.15966134319946,20.27,0,inflation
MNA,"Middle East, North Africa, Afghanistan & Pakistan (excluding high income)",2017,4.64865184428512,3.40247234432427,9.25338345180518,1.0,12.0,3.130749999,787924742.251979,-2.61491577935683,0.9513925755803103,-2.1596312718464903,20.25,0,year
JPN,Japan,2017,0.484199796126385,1.62345062245441,2.822,1.0,0.994,112.166141081871,1264140980383.63,4.03254042163651,0.611458640616139,0.9184641273431531,20.25,0,inflation
TMN,"Middle East, North Africa, Afghanistan & Pakistan (IDA & IBRD)",2017,4.97595150553833,3.41861623376329,9.15400226751887,1.0,12.0,3.130749999,787924742.251979,-2.61491577935683,1.2108323419725298,-2.11742456389115,20.25,0,year
COL,Colombia,2018,3.24056932930569,2.56432428277704,9.36,1.83,12.1148777449182,2955.70396997842,47887623364.3511,-4.20138344687969,-1.0737439276444203,1.20496341488958,20.24,0,inflation
STP,Sao Tome and Principe,2017,5.6902961992902,4.11297966281954,8.808,1.0,19.6133333325,21.7411383607116,58950229.500284,-22.7156290253769,0.25977653809864076,-1.0638450240215898,20.24,0,year
CHN,China,2023,0.234836828893051,5.41600334492955,4.67,5.03,4.35,7.08399842343631,3449544415518.98,1.40681103517507,-1.7387387284974591,2.28214896098886,20.23,0,year
SRB,Serbia,2025,3.8903678606001,2.03039196235113,7.123,4.21,12.0,103.9754,34150990742.9314,-4.89862713687637,-0.7801618882995998,-1.91953426357819,20.23,0,year
VNM,Viet Nam,2023,3.25289282667662,4.97865959483225,1.645,5.03,9.323,23787.3191666667,92237540812.2468,5.94575853346696,0.09638532704550018,-3.5588408173491697,20.22,0,inflation
TJK,Tajikistan,2019,5.582586059593455,7.40000016310556,7.026,2.16,23.5497072150821,9.53036666666667,1466304531.22901,-2.23224918510585,-0.05429353169446016,-0.1999987264480403,20.22,0,year
PSS,Pacific island small states,2022,6.37906506708423,8.33511772575022,3.60681620269367,1.69,12.0,3.130749999,787924742.251979,-2.61491577935683,3.9011823471570604,10.95516157204173,20.21,0,year
LCA,St. Lucia,2017,0.104262078958441,3.37982617272246,19.136,1.0,8.34,2.7,321767417.204396,-1.90842804054587,3.182479735727711,-0.04804597252965026,20.2,0,year
MNE,Montenegro,2017,2.3802359905313,3.21668504736274,16.082,1.0,7.19666666666667,0.88520550826938,1015962460.25023,-15.8496306072047,2.651621013916476,-0.22262057373716004,20.2,0,year
JOR,Jordan,2017,3.32389447576097,2.50770398070352,18.12,1.0,8.39333333333333,0.71,15571115321.1352,-9.64699161865138,4.102324938815112,0.3960359110309999,20.2,0,year
XKX,Kosovo,2025,3.85953869869506,3.59217142544483,6.571,4.21,12.0,0.887144250370588,1516143666.30716,-8.09995878318881,2.2400887531003004,-0.9809257426717704,20.2,0,year
DJI,Djibouti,2022,5.17222088647606,5.16653702854374,26.272,1.69,12.0,177.721,589437241.827389,18.418217152052,3.99135304713547,0.7593803529322098,20.18,0,year
ARE,United Arab Emirates,2018,3.06863379251997,1.53720634021511,2.236,1.83,12.0,3.6725,99503335478.7452,-2.61491577935683,1.1018082143315497,2.59857748494059,20.15,0,unemployment
ABW,Aruba,2018,3.6260414135296,3.21247111920076,6.571,1.83,6.0,1.79,980247680.0,-0.59136646769686,4.654323201149721,-0.2809587337055004,20.15,0,year
SLE,Sierra Leone,2018,16.0295447693699,2.8938564123677,3.192,1.83,15.9616666666667,7.93163174973728,501210759.592547,-9.25504556429235,-2.1919646309687018,-0.3140044647921698,20.15,0,year
ATG,Antigua and Barbuda,2017,2.43248789041363,2.71272657973627,6.571,1.0,9.31,2.7,313645370.808951,-7.6968559845244,2.921925686644129,-1.4076409640698295,20.15,0,year
SVN,Slovenia,2017,1.42910743319306,5.17440215579958,6.564,1.0,12.0,0.885205508269372,889788337.683432,6.82058845826205,1.4841069748636282,2.1399872891630403,20.14,0,inflation
MUS,Mauritius,2024,3.6045220384796,4.94844235250574,5.548,5.14,9.375,46.414675,8506134285.10038,-7.029117202833,-3.44846034606776,0.24926045563130028,20.13,0,inflation
TLA,Latin America & the Caribbean (IDA & IBRD countries),2024,3.62770736940927,2.27782988064618,5.9308852770292,5.14,12.0,3.130749999,787924742.251979,-2.61491577935683,-1.08111046271318,-0.00275572764926979,20.12,0,inflation
BRB,Barbados,2024,1.4464366430616,3.3669492581395,6.448,5.14,12.0,2.0,1653675115.41191,-2.61491577935683,-1.74075241166472,1.55275108009434,20.12,0,inflation
LCN,Latin America & Caribbean,2024,3.46497037946077,2.25497168830525,5.86943289832019,5.14,12.0,3.130749999,787924742.251979,-2.61491577935683,-1.1670524745727904,0.04818700461922987,20.12,0,inflation
UKR,Ukraine,2017,14.4383227488749,2.35997228099491,9.5,1.0,16.383525,26.5966063,18810931196.5576,-3.09838910750506,0.5256125490952002,-0.08100966392576003,20.11,0,year
EMU,Euro area,2017,1.38145871407216,2.62315671239708,9.01311660134066,1.0,12.0,0.885205508269372,802685567836.537,-2.61491577935683,1.2327738064447868,0.8163423766623699,20.11,0,inflation
FRA,France,2017,1.03228275064681,2.08361485997399,9.409,1.0,12.0,0.885205508269372,156322431109.247,-0.47461518521567,0.8489478895230449,1.223583784549957,20.11,0,inflation
MNE,Montenegro,2018,2.611223782638,4.73292113433965,15.19,1.83,6.52916666666667,0.846772667108096,1202486372.13988,-17.3559761576547,0.23098779210670006,1.5162360869769098,20.1,0,inflation
PAN,Panama,2019,-0.355083821021246,3.10295395631086,6.256,2.16,7.09,1.0,3423477098.41293,-5.14448028522086,-1.1166621804211911,-0.8152885769017897,20.1,0,year
MAR,Morocco,2025,0.701902154839545,4.59524349182247,9.0,4.21,12.0,9.35027697089947,48453629604.878,-2.49808221535456,-0.283354437164962,0.8018783320328398,20.09,0,year
DNK,Denmark,2025,1.89367372703044,2.92843280014236,5.529,4.21,12.0,6.62182508333333,127756364612.297,-2.61491577935683,0.5214732293411801,-0.5494031312607603,20.09,0,inflation
GBR,United Kingdom,2019,1.73810460086513,1.25629899760824,3.657,2.16,12.0,0.783445110011929,173569199262.767,-2.66245642145608,-0.5547353025942501,-0.29503195317962017,20.08,0,inflation
BIH,Bosnia and Herzegovina,2019,0.56278215406123,2.88585242083978,15.692,2.16,3.28722715810128,1.74708646136073,7207699940.37337,-2.59691879205515,-0.85432598611911,-0.9431515726508599,20.08,0,year
DJI,Djibouti,2023,1.44905087029086,6.80733529403308,26.074,5.03,12.0,177.721,502033555.759362,18.5034837806032,-3.7231700161852,1.64079826548934,20.08,0,inflation
SYC,Seychelles,2017,2.85679575568437,6.95416218794271,6.571,1.0,12.2412522799554,13.6478416666667,545203276.387118,-2.20368065340164,3.87227767266063,-5.16336505744859,20.06,0,inflation
MEX,Mexico,2016,2.8217078474766,1.7724932254128,3.853,0.39,4.75416666666667,18.6640583333333,177973637254.61,-2.27311198277187,0.10106719783636997,-0.92983020482746,20.05,0,inflation
LCA,St. Lucia,2018,1.93561893150602,2.88677902171601,19.329,1.83,8.11011591666666,2.7,285824309.747523,1.47239642153267,1.831356852547579,-0.4930471510064498,20.05,0,inflation
ATG,Antigua and Barbuda,2018,1.20715793367008,6.71200487159726,6.571,1.83,8.976532,2.7,328659747.502549,-13.9937660480859,-1.22532995674355,3.9992782918609895,20.05,0,inflation
ATG,Antigua and Barbuda,2016,-0.489437796230499,4.1203675438061,6.571,0.39,9.575,2.7,330090979.265027,-2.38761069740834,-1.4584312550561371,2.6987475678523793,20.05,0,year
GRD,Grenada,2017,0.908458255874249,4.43867566948151,6.571,1.0,8.3125,2.7,199125887.285472,-11.4635306675494,-0.7419316884414809,0.69907171361241,20.05,0,inflation
GRD,Grenada,2018,0.804102313277033,4.36144039364797,6.571,1.83,7.835705,2.7,233815853.807382,-12.7578936321221,-0.10435594259721603,-0.07723527583353995,20.05,0,inflation
ECU,Ecuador,2018,-0.224103246005552,1.04429460679607,3.53,1.83,12.0,1.0,2158694032.4143,-1.54867529374696,-0.6414388346723771,-4.92610420275234,20.04,0,year
XKX,Kosovo,2021,3.35369139207997,10.7456560819583,6.571,0.08,12.0,0.845376564367945,1244319385.1658,-8.69466510438221,3.1554634690851158,16.08593156021996,20.04,0,inflation
NAC,North America,2021,4.04652602445635,6.13640923701173,5.59210953628448,0.08,12.0,3.130749999,787924742.251979,-2.61491577935683,3.07123401014929,8.4487717158714,20.02,0,year
NAC,North America,2025,5.582586059593455,2.12972384862783,4.51108669589749,4.21,12.0,3.130749999,787924742.251979,-2.61491577935683,-0.05429353169446016,-0.60634406785059,20.0,0,year
GRP,Lower middle income,2017,3.85067166284727,4.80938629568179,6.47118842422572,1.0,12.0,3.130749999,787924742.251979,-2.61491577935683,-0.05429353169446016,-0.12833054667881386,20.0,0,year
COG,"Congo, Rep.",2024,3.09143630919166,2.09998918002519,19.895,5.14,12.0,606.345297609063,758550233.065437,-2.61491577935683,-1.2103093267184994,0.1931249165576503,20.0,0,inflation
GAB,Gabon,2023,3.62901534185376,2.43893665041031,20.161,5.03,12.0,606.569750165917,1447408422.70298,-2.61491577935683,-0.6022326408920304,-0.5986778448466099,20.0,0,year
GAB,Gabon,2024,1.17311998381218,3.39403899521831,20.091,5.14,12.0,606.345297609063,638788434.429856,-2.61491577935683,-2.45589535804158,0.955102344808,20.0,0,inflation
TJK,Tajikistan,2018,5.582586059593455,7.5999988895536,7.028,1.83,27.1887964575151,9.15121666666667,1284070863.38126,-4.88966506186355,-0.05429353169446016,0.4999984709105103,19.98,0,year
TEA,East Asia & Pacific (IDA & IBRD countries),2020,2.3931623931624,1.34329202401489,4.38103635885362,0.37,12.0,3.130749999,787924742.251979,-2.61491577935683,0.45994903505725016,-4.54151918046213,19.98,0,inflation
EAP,East Asia & Pacific (excluding high income),2020,2.40629214387011,1.34340856610488,4.36943697408605,0.37,12.0,3.130749999,787924742.251979,-2.61491577935683,0.46371713553904015,-4.541483717178069,19.98,0,inflation
DNK,Denmark,2021,1.85304543989689,6.50025445756295,5.065,0.08,12.0,6.2871130825,82235844735.9223,8.60686861056623,1.4323334657868652,8.28036047587586,19.96,0,inflation
BWA,Botswana,2016,2.81495791361944,7.20442475914267,19.328,0.39,7.3,10.9011583333333,7188821774.82296,7.97299722000002,-0.24707378218614018,12.05574983324046,19.94,0,inflation
PRE,Pre-demographic dividend,2021,4.22278962033194,2.29076410791771,5.76848661848567,0.08,12.0,3.130749999,787924742.251979,-2.61491577935683,0.8241603351434104,6.445317263331599,19.93,0,year
IDX,IDA only,2021,4.37012190478157,3.64269213685422,5.4758211874645,0.08,12.0,3.130749999,787924742.251979,-2.61491577935683,0.4283186357009199,3.9778626497663634,19.93,0,year
MUS,Mauritius,2021,4.02852888157376,3.33809084057279,7.719,0.08,6.87083333333333,41.6921333333333,8562656039.81864,-12.8775923599067,1.4477281097454604,17.53552665435199,19.91,0,year
LVA,Latvia,2025,3.74577316751945,2.13786855731288,6.568,4.21,12.0,0.88496895841236,6099392942.08427,-3.37722025998636,2.4799743092321602,2.174924222141778,19.89,0,year
CZE,Czechia,2024,2.43531202435314,1.25131096245923,2.6,5.14,4.71398151729159,23.2168333333333,146281239761.971,1.69610102238123,-8.22594811288956,1.2037306315618548,19.89,0,unemployment
IRL,Ireland,2017,0.362173038229378,10.1088576065965,6.713,1.0,12.0,0.885205508269372,4412516406.9231,1.64860491292148,0.3420482646330543,8.886140995287029,19.89,0,year
WSM,Samoa,2025,2.2119620764675,4.20440659006225,4.996,4.21,8.38581460388878,2.79150381915391,598336707.938962,6.93067870310178,0.03950677132373004,-0.5439798015912496,19.88,0,inflation
SYC,Seychelles,2016,-1.01548191697626,12.1175272453913,6.571,0.39,12.3575638172901,13.3191166666667,523503786.87859,-2.61384777681389,-5.05742602423243,3.2035183703443995,19.88,0,year
LMY,Low & middle income,2024,3.83540271728533,4.42439890311286,4.91415352193048,5.14,12.0,3.130749999,787924742.251979,-2.61491577935683,-2.3208358083167004,-0.22772242040698032,19.87,0,inflation
LAC,Latin America & Caribbean (excluding high income),2021,4.27166381536798,6.85451332312384,9.08714668261223,0.08,12.0,3.130749999,787924742.251979,-2.61491577935683,1.7450288145209196,13.65091354607718,19.86,0,year
GEO,Georgia,2019,4.85289821696723,5.38071926589951,11.565,2.16,10.8164,2.818145,3505823162.30974,-5.9937484904192,2.2376535029905296,-0.6813171467774897,19.86,0,year
LCN,Latin America & Caribbean,2021,3.87805442411131,7.07608139571873,9.14468412313157,0.08,12.0,3.130749999,787924742.251979,-2.61491577935683,2.38416425111544,13.93551921502306,19.86,0,year
MEA,"Middle East, North Africa, Afghanistan & Pakistan",2022,5.17222088647606,6.44954466678931,8.23898776216766,1.69,12.0,3.130749999,787924742.251979,-2.61491577935683,2.30389060896591,1.4191313518753104,19.86,0,year
ARB,Arab World,2022,5.17222088647606,6.99667634282584,9.74413095599936,1.69,12.0,3.130749999,787924742.251979,-2.61491577935683,2.30389060896591,2.5652723756280995,19.86,0,year
ECA,Europe & Central Asia (excluding high income),2017,4.60357355778867,6.00896760124667,8.94336027365094,1.0,12.0,3.130749999,787924742.251979,-2.61491577935683,2.4686464183974604,3.1509945040449505,19.86,0,year
NIC,Nicaragua,2024,4.62473841057141,3.58094495324541,4.98,5.14,11.2379969586441,36.6243,6104867094.02533,4.1511238055786,-3.76292013815395,-0.8468489786234206,19.85,0,inflation
GRP,High income,2024,2.38158383281173,1.96948428510512,4.36900295139978,5.14,12.0,3.130749999,787924742.251979,-2.61491577935683,-0.05429353169446016,-0.12833054667881386,19.84,0,inflation
BIH,Bosnia and Herzegovina,2016,-1.58400833333336,3.24225822231566,25.408,0.39,5.23816683778765,1.76813902429915,5136418168.10228,-4.69867088432468,-0.54798529907862,-1.04187193906288,19.84,0,year
TKM,Turkmenistan,2025,5.582586059593455,6.30000003697894,4.267,4.21,12.0,3.130749999,787924742.251979,-2.61491577935683,-0.05429353169446016,0.017643557013159672,19.83,0,year
PRK,"Korea, Dem. People's Rep.",2025,5.582586059593455,3.917007817944405,3.545,4.21,12.0,3.130749999,787924742.251979,-2.61491577935683,-0.05429353169446016,-0.12833054667881386,19.83,0,year
EAR,Early-demographic dividend,2021,4.12676744440695,7.50689561708779,6.74359581980053,0.08,12.0,3.130749999,787924742.251979,-2.61491577935683,1.1632175236463005,11.79032243746384,19.81,0,year
LUX,Luxembourg,2016,0.290833333333225,4.97819047122638,6.669,0.39,12.0,0.903421436257263,973176553.118615,7.41517069613731,-0.183909828104646,2.7098247438753105,19.78,0,year
STP,Sao Tome and Principe,2020,9.81932791540146,2.62485949543812,9.679,0.37,18.8275679012346,21.5070590993582,75287733.6769769,-12.64674361519,2.099082663268981,0.6105427741440503,19.77,0,year
VCT,St. Vincent and the Grenadines,2021,1.57272932500558,2.09340124465459,20.356,0.08,7.650287,2.7,311902934.999223,-23.2111023451403,2.200860634360234,6.36232558888108,19.72,0,year
EMU,Euro area,2021,2.52692009066166,6.44349747359811,7.69446992680361,0.08,12.0,0.84549413889045,1196503656782.69,-2.61491577935683,2.307855185819675,12.48724663114319,19.72,0,inflation
FRA,France,2021,1.64233141038394,6.88233783360239,7.871,0.08,12.0,0.84549413889045,244280333397.895,0.244238511780543,1.165832557658875,14.322983733084701,19.72,0,inflation
BWA,Botswana,2019,2.77286442863321,3.0317733945467,20.094,2.16,6.39583333333333,10.7558666666667,6170221067.31238,-6.90505478190797,-0.46515116084394004,-1.1569189770455304,19.7,0,year
GAB,Gabon,2022,4.23124798274579,3.03761449525692,20.319,1.69,12.0,623.759700911182,1415483890.94364,-2.61491577935683,3.14434051755169,1.56965718017601,19.7,0,year
ALB,Albania,2019,1.41109078954242,2.06257790176122,11.466,2.16,6.27583333333333,109.850833333333,3763661058.67744,-7.82064355473536,-0.61696884116893,-1.6088413792278602,19.7,0,year
GNQ,Equatorial Guinea,2022,4.78671704710803,3.22350831658598,8.334,1.69,12.0,623.759700911182,1457611930.34543,-2.61491577935683,4.883817813572049,2.363238360203911,19.7,0,year
CRI,Costa Rica,2019,2.09604635327807,2.70813912948329,10.807,2.16,8.74614960993387,587.294595686124,8937069411.20634,-1.15966110290765,-0.12506826198773968,-0.14472046812129014,19.7,0,year
AFG,Afghanistan,2016,4.38389195513915,2.26031420279821,10.116,0.39,15.0,67.8660857692308,7281910524.1067,-14.9501951919169,5.0456011198528925,0.8089995421339,19.7,0,year
ROU,Romania,2017,1.3390212110439,8.19547826641261,4.927,1.0,5.56451674276812,4.05249166666666,44429296937.0156,-3.19415712159883,2.88381787918287,5.335545743391721,19.69,0,inflation
GRP,High income,2025,2.34898778499373,1.90733502746166,4.40673460951033,4.21,12.0,3.130749999,787924742.251979,-2.61491577935683,-0.05429353169446016,-0.12833054667881386,19.69,0,inflation
LVA,Latvia,2016,0.140633334505327,2.55168601974034,9.643,0.39,12.0,0.903421436257263,3511946854.90789,1.75657365769608,-0.033608909119859004,-1.23168110110938,19.68,0,year
DMA,Dominica,2018,0.98919111918989,2.964010610466,6.571,1.83,7.81221991666667,2.7,191323608.30539,-41.1963949394605,0.692938229910403,10.5083743651942,19.67,0,inflation
KNA,St. Kitts and Nevis,2019,-0.329562063663977,2.93824658056356,6.571,2.16,8.52342308333333,2.7,362798006.089721,-4.78511635759442,0.7075600776517429,0.9347210825538399,19.67,0,year
TSS,Sub-Saharan Africa (IDA & IBRD countries),2021,4.43905481215002,3.58194129290288,6.84750929089377,0.08,12.0,3.130749999,787924742.251979,-2.61491577935683,1.04042552696149,6.87406745165204,19.66,0,year
EAR,Early-demographic dividend,2018,3.97561015740694,3.61280978921729,6.77526130131479,1.83,12.0,3.130749999,787924742.251979,-2.61491577935683,0.64743678279389,-0.8771967957482802,19.66,0,year
SSF,Sub-Saharan Africa,2021,4.43905481215002,3.58194129290288,6.84750929089377,0.08,12.0,3.130749999,787924742.251979,-2.61491577935683,1.04042552696149,6.87406745165201,19.66,0,year
SSA,Sub-Saharan Africa (excluding high income),2021,4.25936417542868,3.58478965187514,6.84750929089377,0.08,12.0,3.130749999,787924742.251979,-2.61491577935683,0.7754285004966404,6.8682126409284,19.66,0,year
MDA,Moldova,2025,7.75904124001159,2.41649734575068,1.505,4.21,8.9852652157229,17.3778474404762,6006124070.06262,-19.6440561573093,3.0813060799411103,2.1458268902381072,19.63,0,year
RWA,Rwanda,2024,1.77029240198635,7.22717103344534,11.331,5.14,16.0166666666667,1318.12835733333,2406465191.3504,-11.9618864449723,-18.01925434448065,-1.33247189569619,19.62,0,inflation
ARM,Armenia,2024,0.269511978259125,5.90000000046228,12.405,5.14,13.149294481602,392.729551399084,3685220142.94538,-4.60216691099963,-1.7109067978964152,-2.399999999133109,19.62,0,year
MDG,Madagascar,2021,5.81225118787715,4.65068343174309,3.498,0.08,48.2833333333333,3829.97784932976,2334564597.58187,-5.02937129931559,1.6104580659715797,11.788355052387981,19.61,0,year
TEC,Europe & Central Asia (IDA & IBRD countries),2024,4.23056936260083,4.03167528195137,4.71563232155562,5.14,12.0,3.130749999,787924742.251979,-2.61491577935683,-5.13130313508932,0.19975540421496962,19.6,0,inflation
NPL,Nepal,2021,4.12676744440695,4.838149614115,12.241,0.08,12.0,118.134081604947,9638842483.90472,-14.5240163530399,-0.9295908179780392,7.2077702433222,19.6,0,year
BDI,Burundi,2016,5.55768961400965,3.20017470408993,1.352,0.39,14.2383333333333,1654.62666666667,95158477.530626,-12.518429325456,0.01300070141186005,3.604700299294121,19.6,0,year
SST,Small states,2019,1.30544966502392,3.11127439080343,7.75168865751208,2.16,12.0,3.130749999,787924742.251979,-2.61491577935683,-0.8251780777163298,-0.27046696774475,19.59,0,inflation
ECA,Europe & Central Asia (excluding high income),2019,2.64328192719554,2.61922676231219,9.11807057814077,2.16,12.0,3.130749999,787924742.251979,-2.61491577935683,0.07755312586834995,-1.1683068153921,19.59,0,inflation
ARB,Arab World,2025,1.76646490894206,3.67757993848036,9.19017299614363,4.21,12.0,3.130749999,787924742.251979,-2.61491577935683,-0.5424356628929099,1.6723618440896,19.59,0,inflation
GRC,Greece,2025,2.48209745378857,2.07306882481713,8.54,4.21,12.0,0.88496895841236,24047515202.452,-2.61491577935683,-0.25892130300629024,-0.013505513243170064,19.59,0,inflation
GRC,Greece,2019,0.253007522038157,2.27718065334808,17.045,2.16,12.0,0.893276257067409,8507452886.82209,-2.11808020939794,-0.37261389141548296,0.21250857442398985,19.59,0,year
MEA,"Middle East, North Africa, Afghanistan & Pakistan",2025,2.08420853585036,2.74495660378074,7.78205479742957,4.21,12.0,3.130749999,787924742.251979,-2.61491577935683,-0.041949132999850036,0.41638636500854,19.59,0,inflation
BLR,Belarus,2018,4.87230220550686,3.14919758275296,4.763,1.83,8.69583333333333,2.03760833333333,7157559690.48716,0.0381469405173492,-1.15953504627109,0.6170140880338701,19.56,0,year
TEC,Europe & Central Asia (IDA & IBRD countries),2019,2.67599202639893,2.83114768378128,6.70220366105967,2.16,12.0,3.130749999,787924742.251979,-2.61491577935683,0.06476824376093004,-0.9836450456821999,19.55,0,inflation
MIC,Middle income,2021,4.14298201176246,7.4508617815507,6.19670261206739,0.08,12.0,3.130749999,787924742.251979,-2.61491577935683,1.4863355787511803,8.62265061651019,19.55,0,year
BRB,Barbados,2025,0.846576563196289,2.70000021764021,6.524,4.21,12.0,2.0,787924742.251979,-2.61491577935683,-0.599860079865311,-0.6669490404992899,19.55,0,inflation
IBD,IBRD only,2021,4.27166381536798,7.62447663420478,6.31312953704222,0.08,12.0,3.130749999,787924742.251979,-2.61491577935683,1.8565328745338396,8.91142421752072,19.55,0,year
IDA,IDA total,2021,4.17270582217659,3.99322003260568,5.59743166548829,0.08,12.0,3.130749999,787924742.251979,-2.61491577935683,0.6965320949547196,5.76190162502049,19.55,0,year
IBT,IDA & IBRD total,2021,4.25936417542868,7.35158119263311,6.14426628538333,0.08,12.0,3.130749999,787924742.251979,-2.61491577935683,1.3611704151659803,8.6748960900937,19.55,0,year
TMN,"Middle East, North Africa, Afghanistan & Pakistan (IDA & IBRD)",2016,3.7651191635658,5.53604079765444,8.66507565229991,0.39,12.0,3.130749999,787924742.251979,-2.61491577935683,1.23579099102351,4.44047223846742,19.55,0,year
LMY,Low & middle income,2021,4.25936417542868,7.37033958733097,6.16482463440876,0.08,12.0,3.130749999,787924742.251979,-2.61491577935683,1.2366429787910902,8.52101022989938,19.55,0,year
DOM,Dominican Republic,2025,3.8731176804813,2.11739113534632,5.092,4.21,12.0,61.9865666666667,14779137046.966,-1.16782797184784,0.5708842909690297,-2.83613090958217,19.54,0,year
TON,Tonga,2023,6.35112980255182,2.79014715494606,1.652,5.03,7.73563920961447,2.36369881809753,396530126.417996,-7.93410488050172,-4.620235487750381,4.918695919807201,19.54,0,year
KEN,Kenya,2016,6.29724953814625,4.21351706814744,2.757,0.39,16.5596306460545,101.504369498594,7553884912.6237,-5.3970086381703,-0.28490475470153953,-0.7542040594502302,19.53,0,year
KEN,Kenya,2025,4.06912878540729,4.63261093844984,5.449,4.21,12.0,129.302572099377,12394288741.4979,-2.61491577935683,-0.42065975702718994,-0.027585007269069983,19.53,0,year
HND,Honduras,2024,4.60621098127101,3.63240745450875,4.91,5.14,15.9990681802525,24.7992824415521,8036257488.95927,-4.36882938701959,-2.0570408222036196,0.056559849964629816,19.52,0,year
ISR,Israel,2021,1.47965474722561,9.33534690236249,4.812,0.08,3.1007500688235,3.23019832251082,212933655186.265,3.021613608537,2.054909368123366,11.13741618189715,19.5,0,inflation
HRV,Croatia,2019,0.771820346498112,3.10247285336254,6.551,2.16,12.0,6.62254516666667,20770636599.6909,2.63941792603542,-0.7283046639193579,0.19140139125341982,19.48,0,inflation
DJI,Djibouti,2024,2.1120116728497,6.98048467276334,26.007,5.14,12.0,177.721,348725427.269846,14.6941756648345,0.6629608025588398,0.17314937873026004,19.48,0,inflation
MKD,North Macedonia,2018,1.45831298507126,2.88059670964267,21.208,1.83,6.10691833969552,52.1071083333333,3284003546.93106,0.143273398779884,0.1066940882968399,1.79882397151024,19.47,0,year
TJK,Tajikistan,2016,6.00458082322139,6.89999999999999,7.036,0.39,24.9431399980747,7.835675,644763434.415511,-5.23235146296922,0.2900213267242906,0.8806966822881295,19.47,0,year
ALB,Albania,2018,2.02805963071135,3.67141928098908,12.304,1.83,5.9325,107.989166666667,3893560031.06681,-6.60766481105068,0.041398298999410166,0.3882433476883502,19.47,0,inflation
MKD,North Macedonia,2016,-0.239290787684501,2.84820519363306,24.312,0.39,7.0175977722394,55.731725,2751929520.8021,-2.66389921940311,0.060629687946961025,-1.0076599467843201,19.47,0,year
CRI,Costa Rica,2021,1.72647755109241,8.21817953969082,15.139,0.08,5.51221232,620.784720014081,6921168830.74903,-3.32104567194296,1.001566072961034,12.3597729454344,19.43,0,inflation
ALB,Albania,2021,2.04147163139545,8.96957619074095,11.474,0.08,6.02166666666667,103.52,5634561133.54085,-7.69043385149861,0.4205850142252401,12.28333255963011,19.43,0,inflation
AUS,Australia,2021,2.86391284709318,2.00694844335034,5.022,0.08,12.0,1.33122425957081,57877502314.3513,2.44729769999574,2.017012112485907,2.140480347655115,19.43,0,inflation
STP,Sao Tome and Principe,2016,5.43051966119156,5.17682468684113,9.684,0.39,19.585,22.1488606347838,63203006.4164723,-21.0403152023302,0.1846413109670193,3.6371204041676295,19.42,0,year
GEO,Georgia,2018,2.6152447139767,6.062036412677,12.667,1.83,11.1193916666667,2.53411083333333,3289463516.7195,-6.65935234039704,-3.42007253874447,0.9021337960887301,19.41,0,inflation
LVA,Latvia,2017,2.93036312374665,3.39894872623931,8.715,1.0,12.0,0.885205508269372,4613455660.77037,1.53282603585065,2.7897297892413233,0.8472627064989697,19.4,0,inflation
SYC,Seychelles,2024,0.311726050919668,3.34667429007052,6.571,5.14,9.80788658940314,14.5296931907518,773677575.743445,-7.45776668599764,1.347026935239188,-1.8331356766536202,19.4,0,year
MNG,Mongolia,2019,7.30106953550729,5.60224422064255,9.024,2.16,16.996623348027,2663.54139820163,4363699115.81581,-15.2163324376399,0.4768216340520697,-2.1426363996062596,19.39,0,year
STP,Sao Tome and Principe,2018,7.86859628873909,4.37812808264972,8.712,1.83,19.8736240791667,20.7508592370914,43683545.117539,-19.5798259962622,2.1783000894488893,0.26514841983018034,19.39,0,year
RWA,Rwanda,2017,8.27953672260832,4.70393439751061,11.875,1.0,17.1708333333333,831.55433975,1179023818.21496,-9.5518296297394,1.1051937027882301,-0.95481144451717,19.39,0,year
VUT,Vanuatu,2019,2.76252019386111,3.27677257380314,5.444,2.16,10.0458333333333,114.7325,511546284.1172,6.90413979627201,0.4315563981924502,0.76144467888335,19.38,0,inflation
JAM,Jamaica,2018,3.73663882152163,2.51584458612513,5.47,1.83,14.0940737331496,128.87151906466,3532039680.05605,-1.39317798037996,-0.64175982839398,0.2228108732115004,19.37,0,year
ECA,Europe & Central Asia (excluding high income),2016,2.13492713939121,2.85797309720172,9.03756351375215,0.39,12.0,3.130749999,787924742.251979,-2.61491577935683,-1.8927585980360497,-0.62755541111548,19.36,0,inflation
ARB,Arab World,2018,2.30874696703938,2.67038341212846,10.6546406452031,1.83,12.0,3.130749999,787924742.251979,-2.61491577935683,0.23941768539513975,1.33911349998314,19.36,0,inflation
PRT,Portugal,2018,0.993715683468233,2.94628343449202,6.966,1.83,12.0,0.846772667108111,24920338987.3177,0.7276825303456,-0.374898432966587,-0.3684366472678402,19.36,0,inflation
GRC,Greece,2018,0.62562141345364,2.06467207892409,19.179,1.83,12.0,0.846772667108111,7578500698.89502,-3.55679128954824,-0.49563310686054995,0.5915473519005703,19.36,0,year
MEA,"Middle East, North Africa, Afghanistan & Pakistan",2017,2.06932928164424,2.07681939089466,8.5198428948238,1.0,12.0,3.130749999,787924742.251979,-2.61491577935683,-0.47023109602116,-2.4268582632952,19.36,0,inflation
MEA,"Middle East, North Africa, Afghanistan & Pakistan",2018,1.94579304594437,2.4028056194,8.53535637968998,1.83,12.0,3.130749999,787924742.251979,-2.61491577935683,-0.12353623569987016,0.32598622850533987,19.36,0,inflation
GEO,Georgia,2016,2.13492713939121,3.45021517996871,16.604,0.39,12.6209166666667,2.366725,2756383662.9152,-12.2417329389245,-1.8686510675597603,0.0991916773151802,19.36,0,inflation
KEN,Kenya,2024,4.48978854243448,4.66019594571891,5.487,5.14,16.5931072517574,134.822483279332,10066607177.351,-1.28724447407872,-3.18160779785954,-1.0597964664231698,19.35,0,year
JOR,Jordan,2021,1.34609377243118,3.75201276755828,19.837,0.08,7.01583333333333,0.71,19089364753.8241,-7.33213017137509,1.0127994218028018,4.9045881091385,19.34,0,inflation
PSE,West Bank and Gaza,2021,1.23748102831369,7.01198227592003,26.39,0.08,5.55524249655977,3.130749999,872540971.01,-9.81804738509635,1.9728130294058808,18.33044838243343,19.34,0,inflation
VCT,St. Vincent and the Grenadines,2016,-0.149641647633284,4.1496810046981,19.029,0.39,9.1175,2.7,192255789.768022,-13.0833803977971,1.583970301906306,1.3645830870625897,19.34,0,year
LAO,Lao PDR,2025,7.74226936553695,4.53760564766725,1.187,4.21,12.0,3.130749999,787924742.251979,-2.61491577935683,-15.388300228721851,0.40741300328249963,19.32,0,year
SLE,Sierra Leone,2019,14.8049990906021,5.50270937378153,3.204,2.16,17.9666666666667,9.01022114400915,530137881.482077,-7.78800790188033,-1.2245456787677984,2.6088529614138296,19.32,0,year
CPV,Cabo Verde,2019,1.10666674296063,6.94782634051859,12.123,2.16,9.14083475915223,98.4951785878976,737990665.417386,-0.968698566651977,-0.15032892394445985,3.2408617574101704,19.32,0,inflation
OSS,Other small states,2021,2.4284453278932,7.99114438236406,9.49668399234599,0.08,12.0,3.130749999,787924742.251979,-2.61491577935683,1.715851884755268,13.75564606299249,19.32,0,inflation
MKD,North Macedonia,2019,0.766439573459805,3.91041953840173,17.414,2.16,5.60936382915275,54.9472,3650514750.41521,-2.98648910497823,-0.691873411611455,1.0298228287590598,19.32,0,year
PRY,Paraguay,2021,4.787983101236,3.99461510731535,7.311,0.08,12.5097388657844,6774.16273484849,9661226172.74015,-0.608891037328284,3.02046717766902,4.814400498287266,19.32,0,year
GRC,Greece,2021,1.22382501019854,8.65449786002131,14.656,0.08,12.0,0.84549413889045,14447242598.1807,-7.1523233874729,2.47180856601259,17.85072935729109,19.32,0,inflation
TCD,Chad,2022,5.78802687843616,4.12969897668356,1.081,1.69,12.0,623.759700911182,1013220923.95659,-2.61491577935683,6.5608712487953,3.8362563286501263,19.3,0,year
CAF,Central African Republic,2017,4.18072331871267,4.52727821346231,5.836,1.0,12.0,580.656749587858,362717270.49893,-2.61491577935683,-0.76470944235251,-0.2230386277611096,19.29,0,year
XKX,Kosovo,2017,1.48823430592319,4.82565565298054,6.571,1.0,6.8327,0.88520550826938,819582674.409873,-5.26347862162579,1.215064874877722,-0.7461193943357802,19.29,0,inflation
GRD,Grenada,2021,1.21951193916838,4.6977240232674,6.571,0.08,6.5453035,2.7,348259248.620045,-14.3794506270627,1.960244536213878,18.4543462804781,19.29,0,inflation
XKX,Kosovo,2016,0.273169431045468,5.57177504731632,6.571,0.39,7.4468,0.903421436257288,637797614.527441,-7.9344293109623,0.810098823786127,-0.34445623613578924,19.29,0,year
GRD,Grenada,2022,2.5805392590792,7.31023806981959,6.571,1.69,6.438381,2.7,371767322.523094,-12.127765960022,1.3610273199108198,2.6125140465521905,19.29,0,inflation
DMA,Dominica,2021,2.22891330700344,5.37983838954712,6.571,0.08,6.29791625,2.7,190843317.142588,-33.0604505678155,1.0086488845786798,21.08624084413332,19.29,0,inflation
HRV,Croatia,2016,-1.12500000000002,3.46613146011039,13.015,0.39,12.0,6.80599016666667,14244345198.2049,2.46277827626193,-0.6605009953550169,1.14556466680513,19.29,0,year
KNA,St. Kitts and Nevis,2016,-0.687037123294039,3.93270319273282,6.571,0.39,9.23,2.7,320542568.31894,-12.0811606049124,1.614838507162121,3.2385676648561947,19.29,0,year
DMA,Dominica,2019,1.50462353858141,3.94809757938053,6.571,2.16,7.53996066666667,2.7,155172395.260191,-36.195148663409,0.51543241939152,0.98408696891453,19.29,0,inflation
TEC,Europe & Central Asia (IDA & IBRD countries),2021,5.10641129002836,7.59725679517675,6.78803635122713,0.08,12.0,3.130749999,787924742.251979,-2.61491577935683,2.37391919583409,9.04235431618231,19.28,0,year
MKD,North Macedonia,2025,4.07249176848348,3.48706619829503,12.256,4.21,5.41591048775874,54.6549666666667,5803955793.72208,-4.26663474822801,0.5827509082139399,0.49333083261771016,19.27,0,year
SLB,Solomon Islands,2023,5.88585897042164,2.84111851154807,1.443,5.03,12.0,8.37559677613046,688220066.972769,-11.8314939444528,0.36772968465225997,5.4256021291053,19.27,0,year
BGR,Bulgaria,2017,2.06159619443141,2.74592737750996,6.164,1.0,5.43955833333333,1.73545833333333,28375830876.2926,3.2462873346343,2.8602460808850267,-0.28070082345308967,19.26,0,inflation
JAM,Jamaica,2017,4.37839864991561,2.29303371291363,7.399,1.0,14.9051219370492,127.964544179198,3781167558.10295,-2.5183339037553,2.02737667505715,-0.46740390078194016,19.23,0,year
AFG,Afghanistan,2017,4.97595150553833,2.6470032027451,11.184,1.0,14.8366666666667,68.0269040822312,8097280955.90196,-18.9559612272258,0.5920595503991795,0.3866889999468901,19.23,0,year
MEX,Mexico,2023,5.52796087314389,3.1067964131456,2.765,5.03,11.5916666666667,17.7587166666667,214316827085.02,-0.699077082003633,-2.36831531854161,-0.60296066994538,19.22,0,year
OSS,Other small states,2019,1.6420600176894,4.24191171511896,8.37803693303246,2.16,12.0,3.130749999,787924742.251979,-2.61491577935683,-0.9691637649486,-0.1272468528004005,19.21,0,inflation
CYP,Cyprus,2019,0.250370996758493,5.87559583386607,7.155,2.16,12.0,0.893276257067409,1033463563.89138,-5.52358914687599,-1.185120198559097,-0.3960677666979695,19.21,0,year
PAN,Panama,2025,-0.189587880235675,4.35030460627731,8.36,4.21,12.0,1.0,6240895468.02847,-0.18687078048829,-0.882813431240135,1.6024631185642395,19.21,0,year
ALB,Albania,2025,2.14618551167388,3.78893836241024,10.926,4.21,12.0,3.130749999,8601612921.35767,-0.526880926102827,-0.06968823922603962,-0.2569900885432399,19.21,0,inflation
MRT,Mauritania,2025,1.54796926167072,4.02891976567948,10.319,4.21,12.0,3.130749999,787924742.251979,-2.61491577935683,-0.9436742131489999,-2.27868235336072,19.21,0,inflation
SST,Small states,2025,2.25357866335894,4.39108110908893,7.75850083202263,4.21,12.0,3.130749999,787924742.251979,-2.61491577935683,-0.09001056204472002,-1.6768885658482606,19.21,0,inflation
POL,Poland,2017,2.07593553673859,5.15245773325907,4.867,1.0,12.0,3.77933333333333,113267368075.15,-1.18631971999704,2.740702868172552,2.1212800573106003,19.19,0,inflation
QAT,Qatar,2021,2.30446565742003,1.62684671918775,0.14,0.08,3.85107422420221,3.64,42212542110.0839,14.6435967825643,4.84478068746763,5.18445070886615,19.18,0,unemployment
BIH,Bosnia and Herzegovina,2021,1.98163900587622,7.39164256472846,14.897,0.08,3.20129279505403,1.65360615435868,9475044026.14548,-1.47256667780382,3.0329350135111204,10.40673591933285,19.17,0,inflation
SVN,Slovenia,2024,1.96562656432505,1.73139722479493,3.7,5.14,12.0,0.923889546117607,2832343259.62504,4.55086826535469,-5.48125060953341,-0.6444354400435701,19.13,0,inflation
OMN,Oman,2024,0.593589236248469,1.63163231397978,3.203,5.14,12.0,0.3845,18286526117.9972,2.86434019736537,-0.357193761514358,0.2176184819781699,19.13,0,inflation
SLE,Sierra Leone,2021,11.8739588840234,5.8968527047094,3.551,0.08,18.8591666666667,10.4394253194587,945907747.182478,-7.29482310965872,-1.5729122260817991,7.150201736986,19.09,0,year
BHS,"Bahamas, The",2017,1.51820700736147,3.3713988456489,9.8,1.0,4.25,1.0,1413972940.85571,-12.6509094143141,1.864583937350867,4.52790695834519,19.09,0,year
CPV,Cabo Verde,2016,-1.40781637091706,4.28071482662371,12.085,0.39,9.60664701973665,99.6881136363636,572736752.547996,-3.4671600025876,-1.539004369941605,3.3446883188148764,19.09,0,year
MUS,Mauritius,2025,3.67359279962943,3.15157395305867,5.635,4.21,9.0,45.9969666666667,10308130278.8725,-2.61491577935683,0.0690707611498298,-1.79686839944707,19.09,0,year
MUS,Mauritius,2019,0.405655190309553,2.86394938684734,6.331,2.16,8.45,35.4735166666667,7362471785.78251,-4.90600168637665,-2.810398641136147,-1.2527443077175802,19.09,0,year
ALB,Albania,2016,1.27543168367423,3.90893551362245,15.418,0.39,6.73416666666667,124.1425,3108607051.81759,-7.51011690016649,-0.6207423422493299,1.68123143904455,19.09,0,inflation
BWA,Botswana,2018,3.23801558947715,4.18869237159223,19.665,1.83,6.5,10.199975,6656913637.84624,0.392946349031096,-0.07026517820504008,0.07431380714140001,19.09,0,inflation
BHS,"Bahamas, The",2018,2.26586346678736,2.39795510823548,10.0,1.83,4.25,1.0,1345344674.14449,-8.70002668448313,0.7476564594258899,-0.9734437374134197,19.09,0,year
BIH,Bosnia and Herzegovina,2017,0.810039425333895,3.24409895306594,20.527,1.0,4.37958143265647,1.73535271327691,6473729518.60968,-4.77878216555827,2.394047758667255,0.0018407307502799064,19.09,0,year
TKM,Turkmenistan,2019,5.582586059593455,6.33169567608873,4.035,2.16,12.0,3.130749999,787924742.251979,-2.61491577935683,-0.05429353169446016,0.12567203776226954,19.08,0,year
PRK,"Korea, Dem. People's Rep.",2019,5.582586059593455,3.917007817944405,3.439,2.16,12.0,3.130749999,787924742.251979,-2.61491577935683,-0.05429353169446016,-0.12833054667881386,19.08,0,year
THA,Thailand,2022,6.07589952842433,2.63784213566305,0.94,1.69,3.13833333333333,35.0613502144776,216500525687.125,-3.42866250197224,4.84485436292619,1.0792598148941202,19.08,0,year
RWA,Rwanda,2021,-0.391346748300791,8.41140448646523,15.775,0.08,16.1758333333333,988.624806551768,1867245803.70416,-10.7463785818259,-10.241745771042861,11.18850934161648,19.07,0,year
AUT,Austria,2016,0.891591752655362,2.11721964494312,6.064,0.39,12.0,0.903421436257263,23255493380.5846,2.571487769682,-0.0049715826049580025,0.8136963266811401,19.07,0,inflation
NPL,Nepal,2017,2.77703998300211,8.97727935643466,10.66,1.0,12.0,104.511885242862,9435255966.98232,-3.56432924017778,-6.01330333704429,8.544165637053137,19.07,0,inflation
NLD,Netherlands,2017,1.38145871407216,2.78150834679987,4.837,1.0,12.0,0.885205508269372,38421990800.0802,8.04969631853888,1.064792047405508,0.3572276923055999,19.06,0,inflation
SMR,San Marino,2016,0.644075340346552,2.34441211810459,6.571,0.39,3.02186666666667,0.903421436257288,450983493.470616,-2.61491577935683,0.49838926710548603,0.05290902349803961,19.04,0,year
FSM,"Micronesia, Fed. Sts.",2021,3.19128406597466,3.09969928290539,6.571,0.08,12.62,1.0,497434120.418255,-2.61491577935683,2.636689435121486,5.15673053290538,19.03,0,inflation
CHE,Switzerland,2021,0.581814168489856,6.17622836050151,5.013,0.08,2.63985731416667,0.913845833333333,1109821661884.41,7.43974843118479,1.307689101803259,8.43148630301211,19.03,0,inflation
DOM,Dominican Republic,2017,3.27955694678546,3.93386176401576,5.832,1.0,13.91,47.5343581962482,6872905749.30285,-0.168331272949704,1.6653908743332302,-2.78587902279719,19.02,0,inflation
LTU,Lithuania,2017,3.72288862303707,4.61224310312809,7.073,1.0,12.0,0.885205508269372,4449678813.3316,1.08697261761581,2.8173635475767282,1.9403209525948002,19.02,0,inflation
BOL,Bolivia,2021,0.737383721452275,10.0290488827886,5.089,0.08,8.01711817014333,6.91,4730168839.86019,3.32421194395375,-0.20335843192957392,22.7485178920603,19.01,0,inflation
CAF,Central African Republic,2016,4.94543276106518,4.75031684122342,5.793,0.39,12.0,592.605615063022,239797985.500412,-2.61491577935683,3.54246258969702,0.4131958110211098,19.01,0,year
ETH,Ethiopia,2016,6.62813337230924,9.43348265981905,2.556,0.39,12.0,21.7315472222222,3030943950.63996,-11.5449209376397,-2.9407661873769895,-0.9589803543116489,18.99,0,year
ARE,United Arab Emirates,2019,-1.93108114782173,1.27129120536284,2.331,2.16,12.0,3.6725,108359358451.761,-2.61491577935683,-4.9997149403417,-0.2659151348522699,18.99,0,unemployment
SAS,South Asia,2018,3.33139516437678,6.39366632555758,7.28140399591901,1.83,12.0,3.130749999,787924742.251979,-2.61491577935683,-0.8102333578553904,-0.39045333454176046,18.98,0,inflation
SSA,Sub-Saharan Africa (excluding high income),2019,3.10773229242274,2.54617045203717,6.18089551293782,2.16,12.0,3.130749999,787924742.251979,-2.61491577935683,-0.9852459005836294,-0.24605648054332985,18.98,0,inflation
SSF,Sub-Saharan Africa,2019,2.867588034469,2.54913933046186,6.18089551293782,2.16,12.0,3.130749999,787924742.251979,-2.61491577935683,-1.04374636543829,-0.24519149084712,18.98,0,inflation
ECA,Europe & Central Asia (excluding high income),2018,2.56572880132719,3.78753357770429,8.61159005290134,1.83,12.0,3.130749999,787924742.251979,-2.61491577935683,-2.0378447564614803,-2.2214340235423804,18.98,0,inflation
TSS,Sub-Saharan Africa (IDA & IBRD countries),2019,2.867588034469,2.5491393304619,6.18089551293782,2.16,12.0,3.130749999,787924742.251979,-2.61491577935683,-1.04374636543829,-0.2451914908470001,18.98,0,inflation
TLA,Latin America & the Caribbean (IDA & IBRD countries),2025,2.30758626602756,2.356382434447,5.50986634654456,4.21,12.0,3.130749999,787924742.251979,-2.61491577935683,-1.3201211033817097,0.07855255380082005,18.98,0,inflation
OSS,Other small states,2016,0.642702771527304,4.11324521484462,9.69565767751643,0.39,12.0,3.130749999,787924742.251979,-2.61491577935683,-0.310503887250303,0.7594491979953002,18.98,0,year
EAR,Early-demographic dividend,2019,2.76252019386111,2.27263621294111,6.30970549335686,2.16,12.0,3.130749999,787924742.251979,-2.61491577935683,-1.2130899635458299,-1.3401735762761802,18.98,0,inflation
WLD,World,2019,2.20607305781525,2.680308747553,5.58847960382446,2.16,12.0,3.130749999,787924742.251979,-2.61491577935683,-0.23651023911292013,-0.6063221170750701,18.98,0,inflation
LVA,Latvia,2018,2.53445424186598,4.30971286294503,7.412,1.83,12.0,0.846772667108111,4370730735.82853,-0.384114199278582,-0.3959088818806702,0.9107641367057204,18.98,0,inflation
PRT,Portugal,2019,0.338178410046124,2.74568432648596,6.422,2.16,12.0,0.893276257067409,25002862227.513,0.765771121812591,-0.655537273422109,-0.20059910800606007,18.98,0,year
SVK,Slovak Republic,2019,2.6645613342544,2.27589910019393,5.761,2.16,12.0,0.893276257067409,7168770088.19532,-3.51259174873163,0.15052420541637002,-1.7862207187709003,18.98,0,inflation
GRP,Lower middle income,2019,3.58213544469211,3.403376204922,5.93973395532034,2.16,12.0,3.130749999,787924742.251979,-2.61491577935683,-0.05429353169446016,-0.12833054667881386,18.98,0,inflation
LCN,Latin America & Caribbean,2025,2.30758626602756,2.32153204967842,5.45907691012021,4.21,12.0,3.130749999,787924742.251979,-2.61491577935683,-1.15738411343321,0.06656036137317001,18.98,0,inflation
TSA,South Asia (IDA & IBRD),2018,3.33139516437678,6.39366632555758,7.28140399591901,1.83,12.0,3.130749999,787924742.251979,-2.61491577935683,-0.8102333578553904,-0.39045333454176046,18.98,0,inflation
BEL,Belgium,2019,1.43681956996438,2.4428900448156,5.364,2.16,12.0,0.893276257067409,28969986952.2765,0.123098549898877,-0.6163454286874002,0.56492157097995,18.98,0,inflation
PRE,Pre-demographic dividend,2019,2.56908784664759,3.16086400453494,5.38924122021237,2.16,12.0,3.130749999,787924742.251979,-2.61491577935683,-0.23294998845415016,0.50284775659649,18.98,0,inflation
SWZ,Eswatini,2019,2.59801620311077,6.43186888691574,28.222,2.16,10.125,14.4517892288824,440314152.603377,3.81510661336773,-2.21704547150436,6.3664732311313825,18.97,0,inflation
PAN,Panama,2017,0.875585918759963,5.7440594635578,5.338,1.0,6.76606056632958,1.0,2703336161.52673,-5.82243144918491,0.13585189346001292,1.1720923841850501,18.95,0,inflation
HRV,Croatia,2018,1.50012501041747,2.91107146210912,8.322,1.83,12.0,6.27902525,19991304927.8836,1.21879064714283,0.3707529075939999,-0.3729912318697801,18.93,0,inflation
PRT,Portugal,2017,1.36861411643482,3.31472008175986,8.878,1.0,12.0,0.885205508269372,26096701287.2382,1.56389644169824,0.761217041793101,1.3105787850941102,18.93,0,inflation
PRY,Paraguay,2018,3.97561015740694,3.20425034076639,6.217,1.83,15.7177063917515,5732.10455572912,7697884446.2912,0.230707060235569,0.37313274391750983,-1.60582851477402,18.93,0,year
TEC,Europe & Central Asia (IDA & IBRD countries),2018,2.611223782638,3.81479272946348,6.64992815855912,1.83,12.0,3.130749999,787924742.251979,-2.61491577935683,-0.51983870326315,-0.5648457999546097,18.93,0,inflation
EAR,Early-demographic dividend,2017,3.32817337461305,4.49000658496557,6.71806478492721,1.0,12.0,3.130749999,787924742.251979,-2.61491577935683,-0.19499980167167985,0.34290044177372003,18.93,0,inflation
LTU,Lithuania,2019,2.33450937988027,4.67735183530451,6.255,2.16,12.0,0.893276257067409,5085045225.2078,3.73752991159912,-0.3634184122036701,-0.24101596576359974,18.92,0,inflation
TON,Tonga,2024,3.18188924237472,1.71653807667747,1.965,5.14,7.76129756597384,2.37304157408369,377298748.746431,-6.7207014341911,-3.1692405601771,-1.07360907826859,18.87,0,unemployment
NPL,Nepal,2018,4.40659410175714,7.62237610397933,10.593,1.83,12.0,108.930134109273,8335473017.41812,-8.30080510271615,1.6295541187550295,-1.3549032524553306,18.86,0,year
TTO,Trinidad and Tobago,2019,1.00054293027237,0.467734528855885,3.523,2.16,9.25,6.7543266828632,6928951713.59145,4.34515288873141,-0.018026371615849968,1.413184229799199,18.86,0,inflation
PRK,"Korea, Dem. People's Rep.",2020,5.582586059593455,3.917007817944405,3.624,0.37,12.0,3.130749999,787924742.251979,-2.61491577935683,-0.05429353169446016,-0.12833054667881386,18.85,0,year
TKM,Turkmenistan,2022,5.582586059593455,6.23491365071671,4.017,1.69,12.0,3.130749999,787924742.251979,-2.61491577935683,-0.05429353169446016,0.0837557949712906,18.85,0,year
PRK,"Korea, Dem. People's Rep.",2021,5.582586059593455,3.917007817944405,3.692,0.08,12.0,3.130749999,787924742.251979,-2.61491577935683,-0.05429353169446016,-0.12833054667881386,18.85,0,year
PRK,"Korea, Dem. People's Rep.",2018,5.582586059593455,3.917007817944405,3.409,1.83,12.0,3.130749999,787924742.251979,-2.61491577935683,-0.05429353169446016,-0.12833054667881386,18.85,0,year
TKM,Turkmenistan,2016,5.582586059593455,6.22909997062793,4.026,0.39,12.0,3.130749999,787924742.251979,-2.61491577935683,-0.05429353169446016,-0.22344921468781997,18.85,0,year
TKM,Turkmenistan,2021,5.582586059593455,6.15115785574542,4.458,0.08,12.0,3.130749999,787924742.251979,-2.61491577935683,-0.05429353169446016,0.28050162444114957,18.85,0,year
TKM,Turkmenistan,2020,5.582586059593455,5.87065623130427,4.489,0.37,12.0,3.130749999,787924742.251979,-2.61491577935683,-0.05429353169446016,-0.46103944478445946,18.85,0,year
MMR,Myanmar,2022,5.582586059593455,4.0374934360085,3.063,1.69,12.0,3.130749999,8181951380.6341,-2.61491577935683,-0.05429353169446016,16.0538659189262,18.85,0,year
PRK,"Korea, Dem. People's Rep.",2017,5.582586059593455,3.917007817944405,3.498,1.0,12.0,3.130749999,787924742.251979,-2.61491577935683,-0.05429353169446016,-0.12833054667881386,18.85,0,year
PRK,"Korea, Dem. People's Rep.",2022,5.582586059593455,3.917007817944405,3.457,1.69,12.0,3.130749999,787924742.251979,-2.61491577935683,-0.05429353169446016,-0.12833054667881386,18.85,0,year
TKM,Turkmenistan,2018,5.582586059593455,6.20602363832646,4.036,1.83,12.0,3.130749999,787924742.251979,-2.61491577935683,-0.05429353169446016,-0.24535994987541976,18.85,0,year
TKM,Turkmenistan,2017,5.582586059593455,6.45138358820188,4.035,1.0,12.0,3.130749999,787924742.251979,-2.61491577935683,-0.05429353169446016,0.2222836175739502,18.85,0,year
PRK,"Korea, Dem. People's Rep.",2016,5.582586059593455,3.917007817944405,3.574,0.39,12.0,3.130749999,787924742.251979,-2.61491577935683,-0.05429353169446016,-0.12833054667881386,18.85,0,year
BEL,Belgium,2021,2.44024851144084,6.25445686466593,6.248,0.08,12.0,0.84549413889045,42216681553.497,1.86830945601438,1.6994566992204958,11.04744077301773,18.84,0,inflation
DJI,Djibouti,2018,0.138836400011405,4.77433934943193,26.18,1.83,12.0,177.721,454193909.718601,14.711779905443,-0.438449324549256,-0.68375216778007,18.83,0,year
ECS,Europe & Central Asia,2018,2.01321972250342,2.18261664657453,6.87656497801786,1.83,12.0,3.130749999,787924742.251979,-2.61491577935683,0.09763125792092997,-0.77907015040104,18.79,0,inflation
LUX,Luxembourg,2021,2.52692009066166,6.92973270801744,5.571,0.08,12.0,0.84549413889045,2920761393.10535,4.99186571107894,1.7069627885346241,7.439784342057266,18.79,0,inflation
MAR,Morocco,2021,1.40195883962006,8.15473889823681,10.551,0.08,12.0,8.98848402414138,35648269520.1527,-2.35786783699057,0.695990178281799,15.332946340704549,18.79,0,inflation
MUS,Mauritius,2017,3.66699702675925,3.95441730960265,6.752,1.0,8.5,34.4814083333333,5984338261.63058,-4.40548405285013,2.6893218920402853,0.06865609884231016,18.76,0,inflation
OED,OECD members,2018,1.93246766472803,2.38931017293615,5.47444010714932,1.83,12.0,3.130749999,787924742.251979,-2.61491577935683,0.10982430413736011,-0.22273171197094,18.75,0,inflation
GRP,Low income,2025,4.3684695014615,5.33668200665313,4.89021265057929,4.21,12.0,3.130749999,787924742.251979,-2.61491577935683,-0.05429353169446016,-0.12833054667881386,18.75,0,year
WLD,World,2018,2.44258329692817,3.28663086462807,5.7595415280045,1.83,12.0,3.130749999,787924742.251979,-2.61491577935683,0.21943998243918017,-0.15995536705147995,18.75,0,inflation
WLD,World,2016,1.59691227583204,2.78974074234593,5.97088327776689,0.39,12.0,3.130749999,787924742.251979,-2.61491577935683,0.15988846647549004,-0.3374725146531299,18.75,0,inflation
GRP,High income,2017,1.58909413567799,2.49197626247846,5.57808653810898,1.0,12.0,3.130749999,787924742.251979,-2.61491577935683,-0.05429353169446016,-0.12833054667881386,18.75,0,inflation
MLT,Malta,2016,0.642702771527304,4.07800422216982,4.694,0.39,12.0,0.903421436257263,677039187.752482,-0.551812533447936,-0.457845492261986,-5.542698806251989,18.73,0,inflation
ZWE,Zimbabwe,2017,0.893962316050027,4.73441117758482,6.35,1.0,6.91416666666666,3.130749999,292621249.111637,-0.531376263214759,2.437631916591637,3.97861711903258,18.73,0,inflation
NAM,Namibia,2021,3.61690530108814,3.60382919248703,20.931,0.08,6.86006032150676,14.778675,2763919782.17434,-10.7496086508526,1.4075229317534497,11.705231206920221,18.72,0,year
ALB,Albania,2017,1.98666133171194,3.28317593330073,13.616,1.0,6.22,119.1,3588583656.8278,-7.40849329663264,0.7112296480377098,-0.62575958032172,18.72,0,year
BIH,Bosnia and Herzegovina,2018,1.41710814018034,3.82900399349064,18.4,1.83,3.79028136918822,1.65698544113543,6808433501.27295,-3.23062992301101,0.6070687148464451,0.5849050404247,18.71,0,inflation
GBR,United Kingdom,2021,2.51837109614213,8.5431118453255,4.864,0.08,12.0,0.727064944688323,194181397315.03,-0.752836357784013,1.528884392369639,18.5910084826875,18.71,0,inflation
LVA,Latvia,2021,3.27582937431165,6.94254173062592,7.513,0.08,12.0,0.84549413889045,5491144972.57496,-4.13643816293473,3.056764469469665,10.41176923843146,18.7,0,inflation
IRL,Ireland,2018,0.471130713712916,7.68865937437435,5.741,1.83,12.0,0.846772667108111,5222681912.93714,4.53318492198398,0.10895767548353796,-2.42019823222215,18.7,0,inflation
SVN,Slovenia,2016,-0.0549995416705683,3.03441486663654,8.0,0.39,12.0,0.903421436257263,742060176.083082,5.29223433710435,0.47055274415021464,0.64110865325486,18.69,0,year
CPV,Cabo Verde,2025,2.34333897365163,6.29698518253096,11.939,4.21,7.74712195998856,97.8631517010164,1258902686.26313,3.52567605685852,1.2951689627319802,-0.6918976273797899,18.67,0,inflation
SMR,San Marino,2025,2.29519525025037,3.917007817944405,6.571,4.21,4.61580833333333,0.887144250370588,861236140.049186,-2.61491577935683,1.0530301707946799,-0.12833054667881386,18.67,0,inflation
ARB,Arab World,2016,2.22799991129428,3.57245633977796,10.8617161429412,0.39,12.0,3.130749999,787924742.251979,-2.61491577935683,0.39664757973059017,0.22247355557371984,18.62,0,inflation
ECS,Europe & Central Asia,2017,1.91558846458249,2.96168679697557,7.48554226672131,1.0,12.0,3.130749999,787924742.251979,-2.61491577935683,1.526750167686691,1.0534329466640897,18.62,0,inflation
FIN,Finland,2021,2.19457432339998,2.67634641498897,7.617,0.08,12.0,0.84549413889045,16744106303.3566,0.326640931588568,1.904019767746741,5.167382470346039,18.62,0,inflation
EUU,European Union,2018,1.7386086198818,2.04641967934145,7.24247265095853,1.83,12.0,3.130749999,787924742.251979,-2.61491577935683,0.30950118668874005,-0.7716886758780901,18.62,0,inflation
OSS,Other small states,2025,2.8063054227931,2.88340086402312,8.59085524676197,4.21,12.0,3.130749999,787924742.251979,-2.61491577935683,0.7188788213409101,0.11458828335191029,18.62,0,inflation
SVK,Slovak Republic,2017,1.31194588223247,2.87473327453695,8.142,1.0,12.0,0.885205508269372,3620878540.50759,-1.71807692688753,1.831956078510828,0.9269148592913701,18.62,0,inflation
FIN,Finland,2017,0.754015047084438,3.30337003591039,8.64,1.0,12.0,0.885205508269372,10506846391.9314,-0.613710516292876,0.397330546192743,0.7314358869228501,18.62,0,year
SST,Small states,2018,2.13062774274025,3.38174135854818,8.10689854999494,1.83,12.0,3.130749999,787924742.251979,-2.61491577935683,0.3807309678931998,0.1686933044176797,18.62,0,inflation
LTU,Lithuania,2016,0.905525075460342,2.67192215053329,7.862,0.39,12.0,0.903421436257263,2599864854.6003,-1.01460897973493,1.789622480960938,-0.16088428289904977,18.62,0,inflation
FIN,Finland,2016,0.356684500891695,2.57193414898754,8.818,0.39,12.0,0.903421436257263,10465361380.0017,-1.98213896057961,0.564613340796872,2.1054303826648657,18.62,0,year
EUU,European Union,2017,1.42910743319306,2.81810835521954,8.13208945121752,1.0,12.0,3.130749999,787924742.251979,-2.61491577935683,1.245772572069295,0.8981293261435601,18.62,0,inflation
SST,Small states,2017,1.74989677484705,3.2130480541305,8.32778127632623,1.0,12.0,3.130749999,787924742.251979,-2.61491577935683,1.105821434500498,1.4485273623685002,18.62,0,inflation
GRP,Upper middle income,2019,1.93780995920407,4.24595361596556,5.80585688987594,2.16,12.0,3.130749999,787924742.251979,-2.61491577935683,-0.05429353169446016,-0.12833054667881386,18.61,0,inflation
SSA,Sub-Saharan Africa (excluding high income),2025,3.45723998944321,4.13764837892776,5.66118665705316,4.21,12.0,3.130749999,787924742.251979,-2.61491577935683,-0.9039124757464099,0.5212544669604697,18.61,0,inflation
LMY,Low & middle income,2019,2.76252019386111,4.09130986730312,5.79766416170734,2.16,12.0,3.130749999,787924742.251979,-2.61491577935683,-0.47804913544457994,-0.8303362853483005,18.61,0,inflation
SSF,Sub-Saharan Africa,2025,3.40373458279055,4.13928145259649,5.66118665705316,4.21,12.0,3.130749999,787924742.251979,-2.61491577935683,-0.8963612641894398,0.5231535276391894,18.61,0,inflation
IBD,IBRD only,2019,2.51105615927257,3.98803326580348,6.06655916125813,2.16,12.0,3.130749999,787924742.251979,-2.61491577935683,-0.6961445360752596,-0.8735462582551006,18.61,0,inflation
SYC,Seychelles,2025,0.297589655467556,5.79795669973812,6.571,4.21,9.85217092419298,14.7254562696937,787924742.251979,-2.61491577935683,-0.014136395452111983,2.4512824096676,18.61,0,year
MIC,Middle income,2019,2.72643037388832,4.09328498445664,5.86054208956752,2.16,12.0,3.130749999,787924742.251979,-2.61491577935683,-0.5141389554173701,-0.84978521767201,18.61,0,inflation
IBT,IDA & IBRD total,2019,2.6806827895334,3.98475924215585,5.76754375212112,2.16,12.0,3.130749999,787924742.251979,-2.61491577935683,-0.4060000528613301,-0.8398434977393303,18.61,0,inflation
TSS,Sub-Saharan Africa (IDA & IBRD countries),2025,3.40373458279055,4.13928145259648,5.66118665705316,4.21,12.0,3.130749999,787924742.251979,-2.61491577935683,-0.8963612641894398,0.5231535276392401,18.61,0,inflation
ISL,Iceland,2021,4.44423970189746,5.18057190719905,6.029,0.08,5.40415749831761,126.988860204557,7078849095.85852,-2.57256903046464,1.5963156867108896,11.826450011765399,18.6,0,year
COG,"Congo, Rep.",2025,2.40069559361747,3.08292728120063,19.876,4.21,12.0,581.92848104034,787924742.251979,-2.61491577935683,-0.69074071557419,0.9829381011754399,18.6,0,inflation
MRT,Mauritania,2019,2.30009262117937,3.14100489264639,10.416,2.16,12.0,36.6908333333334,1028702420.51919,-10.5273103616245,-0.76726733940419,-1.63116874625516,18.6,0,inflation
MAR,Morocco,2019,0.303386036590383,2.89097476137077,9.191,2.16,12.0,9.61707609950743,26412762236.8499,-3.4182057355437,-1.500530674828577,-0.1746665688887803,18.6,0,year
BOL,Bolivia,2019,1.83954504969026,1.50672102666863,3.682,2.16,8.39953170954601,6.91,6455449941.6788,-2.7847295845975,-0.43251482261129026,-1.36136302147931,18.59,0,inflation
CYM,Cayman Islands,2016,-0.62525835861814,3.23997433895669,6.571,0.39,12.0,0.83333,787924742.251979,-14.3925574520851,1.7222693430380098,0.40685211266058996,18.57,0,year
FSM,"Micronesia, Fed. Sts.",2017,0.58225373525489,2.07468879668049,6.571,1.0,16.1,1.0,203718873.504125,-2.61491577935683,1.61972179930838,0.8141845949998201,18.57,0,year
FSM,"Micronesia, Fed. Sts.",2019,1.92385170787923,3.64372469635627,6.571,2.16,14.7,1.0,397158244.634291,-2.61491577935683,0.42545147194186006,3.2372206313156062,18.57,0,inflation
HRV,Croatia,2017,1.12937210282347,3.2840626939789,11.078,1.0,12.0,6.623831,18818215998.8714,4.05062583497586,2.25437210282349,-0.18206876613148992,18.56,0,inflation
DJI,Djibouti,2019,3.31763203299603,5.54508081154978,26.257,2.16,12.0,177.721,501857934.384136,18.2584391861665,3.178795632984625,0.7707414621178499,18.55,0,inflation
MUS,Mauritius,2016,0.977675134718965,3.88576121076034,6.814,0.39,8.5,35.5418833333333,4962069842.12085,-3.8514172228531,-0.30887457288335496,0.16809758967202004,18.52,0,inflation
LDC,Least developed countries: UN classification,2017,4.5725365531752,4.50257523548829,4.95341590091408,1.0,12.0,3.130749999,787924742.251979,-2.61491577935683,-0.7716094567972398,0.7045953357962702,18.52,0,year
LDC,Least developed countries: UN classification,2016,5.34414600997244,3.79797989969202,4.89297336347609,0.39,12.0,3.130749999,787924742.251979,-2.61491577935683,1.9414027326005598,1.04779219071898,18.5,0,year
DOM,Dominican Republic,2024,3.30223338951227,4.95352204492849,5.312,5.14,15.2531,59.5651333333333,13471257812.8679,-2.98151999182261,-1.4833794206990798,2.7612235625491,18.49,0,inflation
MUS,Mauritius,2018,3.2160538314457,4.11669369456492,6.426,1.83,8.5,33.93445,6353096296.20215,-3.71313154895019,-0.4509431953135503,0.16227638496226993,18.49,0,inflation
KAZ,Kazakhstan,2019,5.33356098916669,4.50000000091883,4.8,2.16,12.0,382.747310606061,28957509931.0023,-3.8684220835049,-0.8301014866109302,0.4000000078204202,18.48,0,year
FJI,Fiji,2025,-1.38326833934224,3.19546862124029,5.347,4.21,12.0,2.29903333333333,1658916057.47344,-2.61491577935683,-5.27411071818329,-0.3353903395232303,18.47,0,year
MEX,Mexico,2021,5.68920847683753,6.04848347173572,4.019,0.08,4.89166666666667,20.2724083333333,207799490381.042,-0.340708629738092,2.29237432113747,14.40251806552634,18.45,0,year
CRI,Costa Rica,2016,-0.0174788505908217,4.20432320775184,8.085,0.39,11.6386111111111,544.73936722902,7573806767.99203,-2.13651622982155,-0.8194608556904447,0.5522422776882503,18.43,0,year
MYS,Malaysia,2023,2.48886560125754,3.5370638041057,3.858,5.03,5.31737500641025,4.56062343240897,113462632023.729,1.56447203150546,-0.88983302424174,-5.494673426338809,18.42,0,inflation
EST,Estonia,2017,3.41723549488054,5.63467248963991,5.807,1.0,12.0,0.885205508269372,345036507.941262,1.69970978175346,3.268550587253167,2.54165328212032,18.42,0,inflation
MIC,Middle income,2018,3.24056932930569,4.94307020212865,6.00981501156322,1.83,12.0,3.130749999,787924742.251979,-2.61491577935683,-0.08760404530735988,-0.35313368831593994,18.38,0,inflation
GRP,Upper middle income,2017,3.31608762172158,5.40459151052542,5.77337201527055,1.0,12.0,3.130749999,787924742.251979,-2.61491577935683,-0.05429353169446016,-0.12833054667881386,18.38,0,inflation
IBD,IBRD only,2016,2.12081713361588,4.44703872345713,6.41617806380602,0.39,12.0,3.130749999,787924742.251979,-2.61491577935683,-0.9747000866565401,0.12849861696916953,18.38,0,inflation
LTU,Lithuania,2018,2.69792779208394,4.91836780106811,6.147,1.83,12.0,0.846772667108111,5770956096.50459,0.30999692492013,-1.02496083095313,0.3061246979400192,18.38,0,inflation
IBT,IDA & IBRD total,2016,2.81495791361944,4.35480936392952,5.9532852798488,0.39,12.0,3.130749999,787924742.251979,-2.61491577935683,-0.3140448311198103,0.10154299747128981,18.38,0,inflation
IBT,IDA & IBRD total,2018,3.08668284239473,4.82460273989518,5.91052378397874,1.83,12.0,3.130749999,787924742.251979,-2.61491577935683,-0.2511930187009499,-0.2487069446549297,18.38,0,inflation
MIC,Middle income,2016,2.66824816969082,4.69349170335944,6.01421235038408,0.39,12.0,3.130749999,787924742.251979,-2.61491577935683,-0.4607545750484303,-0.043637167887510486,18.38,0,inflation
IRL,Ireland,2020,-0.326183651280033,7.15369505735335,5.623,0.37,12.0,0.875506396987998,7463044894.51104,-6.72117635432937,-1.2640266124693071,2.1808150196851903,18.38,0,year
GRP,High income,2021,2.51837109614213,5.97111332006301,5.56341269080663,0.08,12.0,3.130749999,787924742.251979,-2.61491577935683,-0.05429353169446016,-0.12833054667881386,18.38,0,inflation
GRP,Upper middle income,2018,3.12170076631027,4.95165024884356,5.67121545409166,1.83,12.0,3.130749999,787924742.251979,-2.61491577935683,-0.05429353169446016,-0.12833054667881386,18.38,0,inflation
GRP,Upper middle income,2016,2.04528420858843,4.62482816773941,5.7624084064723,0.39,12.0,3.130749999,787924742.251979,-2.61491577935683,-0.05429353169446016,-0.12833054667881386,18.38,0,inflation
LMY,Low & middle income,2018,3.24056932930569,4.92164615265142,5.93231543498439,1.83,12.0,3.130749999,787924742.251979,-2.61491577935683,-0.42642769745356013,-0.34221838288363937,18.38,0,inflation
LMY,Low & middle income,2016,3.10485077431451,4.64827928186369,5.93516153167366,0.39,12.0,3.130749999,787924742.251979,-2.61491577935683,-0.08892077771928975,-0.004287060180160118,18.38,0,inflation
IBD,IBRD only,2018,3.20720069534783,4.86157952405858,6.28190637378299,1.83,12.0,3.130749999,787924742.251979,-2.61491577935683,-0.11669378041314005,-0.3002141016665698,18.38,0,inflation
GRP,Lower middle income,2016,3.62321431764138,5.00300529129822,6.39025580143606,0.39,12.0,3.130749999,787924742.251979,-2.61491577935683,-0.05429353169446016,-0.12833054667881386,18.38,0,inflation
EST,Estonia,2018,3.43632688420446,3.69969756161726,5.412,1.83,12.0,0.846772667108111,755005588.304243,0.56376163135316,0.019091389323920183,-1.9349749280226503,18.38,0,inflation
EST,Estonia,2016,0.148684907627373,3.09301920751959,6.882,0.39,12.0,0.903421436257263,352140743.414626,0.996247381037253,0.641010914174743,1.25486657869027,18.37,0,year
SRB,Serbia,2016,1.12231397417769,2.97519807160826,15.257,0.39,12.0,111.27785,10748918412.8601,-2.81825710129299,-0.2700442458241801,1.67945943641246,18.37,0,inflation
CPV,Cabo Verde,2017,0.784415251101334,4.5513148102974,12.24,1.0,9.48812259528097,97.8069377715121,617362329.826463,-6.99311648831083,2.1922316220183937,0.27059998367369076,18.36,0,inflation
CPV,Cabo Verde,2021,1.86215297494647,7.03353010694514,13.932,0.08,7.61928566776367,93.2180924116109,769650450.739642,-12.2149776787505,1.2563571665510849,27.83880600601864,18.36,0,inflation
GMB,"Gambia, The",2019,7.11567625631192,6.22205315994859,4.481,2.16,28.0,50.0624613684222,256957421.665427,-2.04445221575257,0.59470801684619,-1.0128371726371999,18.36,0,year
CPV,Cabo Verde,2018,1.25699566690509,3.70696458310842,12.17,1.83,8.97292567041423,93.4135789085279,606003781.270023,-4.40170436068748,0.47258041580375587,-0.8443502271889805,18.36,0,inflation
TON,Tonga,2018,5.03209691984883,0.527828083180253,2.248,1.83,8.03811869008348,2.23657147594223,215149318.603045,-7.24899766469124,-2.48496591566233,-2.674491679062187,18.35,0,unemployment
WLD,World,2024,3.01447576977999,2.90001340156714,4.80627976615483,5.14,12.0,3.130749999,787924742.251979,-2.61491577935683,-2.7849653041396296,0.04062846820741006,18.34,0,inflation
AUT,Austria,2017,2.08126911385587,2.27224992038207,5.561,1.0,12.0,0.885205508269372,21565331649.2621,1.24444591726667,1.1896773612005078,0.15503027543894987,18.34,0,inflation
VUT,Vanuatu,2024,1.14348948727412,3.76564827114278,4.988,5.14,8.63833333333333,119.165,614649778.922429,-2.61491577935683,-10.039012221543379,-2.06408186155441,18.34,0,inflation
SVN,Slovenia,2025,2.37284807226549,1.05992996255246,3.175,4.21,12.0,0.88496895841236,3549845300.95317,3.55119188918651,0.40722150794044,-0.67146726224247,18.33,0,inflation
VUT,Vanuatu,2025,0.656455142231905,3.05357824026483,5.073,4.21,8.44888888888889,3.130749999,787924742.251979,-2.61491577935683,-0.4870343450422149,-0.7120700308779497,18.32,0,year
ISR,Israel,2023,4.22522603168918,2.06272504731618,3.371,5.03,12.0,3.6673747160226,204660857567.016,3.06182357194891,-0.18640122319452956,-4.30134730067088,18.3,0,inflation
ZMB,Zambia,2017,6.57731154205644,3.52586277149926,4.529,1.0,12.375,9.5175,2082083919.53427,-1.6812705761785,-11.292418537470361,-0.22923754529062013,18.29,0,year
AUT,Austria,2019,1.53089564152644,1.75497619649288,4.56,2.16,12.0,0.893276257067409,23616397437.8114,2.38423045289808,-0.46748417276904997,-0.7292449443073601,18.27,0,inflation
IRL,Ireland,2019,0.937842961189274,4.97288003766816,4.95,2.16,12.0,0.893276257067409,5732541811.18075,-20.557569947865,0.46671224747635803,-2.7157793367061895,18.26,0,inflation
CYP,Cyprus,2017,0.531766496174467,5.75083236554525,11.155,1.0,12.0,0.885205508269372,887692448.704109,-4.91227348737418,1.960933162841117,-0.8227584437015301,18.25,0,year
EUU,European Union,2021,2.55450699642041,6.37773717070797,7.02659354012655,0.08,12.0,3.130749999,787924742.251979,-2.61491577935683,2.078008143695345,11.95661839138225,18.25,0,inflation
SST,Small states,2021,2.41070312174393,7.29421049896773,8.82676059647368,0.08,12.0,3.130749999,787924742.251979,-2.61491577935683,1.8117167909192868,14.26950784062453,18.25,0,inflation
MEA,"Middle East, North Africa, Afghanistan & Pakistan",2021,2.86833027751015,5.030413314914,9.00366611562493,0.08,12.0,3.130749999,787924742.251979,-2.61491577935683,1.4212937075227399,8.58731336942782,18.25,0,inflation
OSS,Other small states,2017,1.76041559180605,5.06269393757441,9.26010688179757,1.0,12.0,3.130749999,787924742.251979,-2.61491577935683,1.1177128202787459,0.9494487227297901,18.25,0,inflation
CSS,Caribbean small states,2021,2.22891330700344,7.23640467044548,9.71327125079923,0.08,12.0,3.130749999,787924742.251979,-2.61491577935683,2.1074786623885458,16.50967312681865,18.25,0,inflation
OSS,Other small states,2018,2.611223782638,4.36915856791936,8.78845724438525,1.83,12.0,3.130749999,787924742.251979,-2.61491577935683,0.85080819083195,-0.6935353696550504,18.25,0,inflation
MNA,"Middle East, North Africa, Afghanistan & Pakistan (excluding high income)",2016,3.69725926870481,5.56210361617076,8.75542082657381,0.39,12.0,3.130749999,787924742.251979,-2.61491577935683,1.6536416257023698,4.44649203736358,18.25,0,inflation
TEC,Europe & Central Asia (IDA & IBRD countries),2017,3.13106248590115,4.37963852941809,7.09014958895511,1.0,12.0,3.130749999,787924742.251979,-2.61491577935683,1.93218965697519,2.4845251816714597,18.25,0,inflation
ARB,Arab World,2021,2.86833027751015,4.43140396719774,10.8627489086684,0.08,12.0,3.130749999,787924742.251979,-2.61491577935683,1.4212937075227399,9.71781813797959,18.25,0,inflation
MEA,"Middle East, North Africa, Afghanistan & Pakistan",2016,2.5395603776654,4.50367765418986,8.0751146709309,0.39,12.0,3.130749999,787924742.251979,-2.61491577935683,0.8535682012453001,1.7335357641833702,18.25,0,inflation
CYP,Cyprus,2016,-1.42916666666665,6.57359080924678,13.006,0.39,12.0,0.903421436257263,812488586.049063,-3.87009444301685,0.6678310238645502,3.1546704203566502,18.25,0,year
CYP,Cyprus,2018,1.43549119531759,6.27166360056404,8.504,1.83,12.0,0.846772667108111,924201541.467494,-3.74116240200316,0.9037246991431229,0.5208312350187896,18.25,0,inflation
PRE,Pre-demographic dividend,2018,2.80203783510174,2.65801624793845,5.32927480343501,1.83,12.0,3.130749999,787924742.251979,-2.61491577935683,-1.7762995770237602,1.0040058959690301,18.24,0,inflation
ARM,Armenia,2019,1.44344660770698,7.59999999853918,18.304,2.16,12.1419889531682,480.44512876712,2849645182.4783,-7.05686573000043,-1.0767872123093998,2.3999999988859395,18.23,0,inflation
GAB,Gabon,2019,2.46456756151187,3.92080879452831,20.371,2.16,12.0,585.911013180369,1371973832.67956,-2.61491577935683,-2.28449895932034,3.08289221370674,18.23,0,inflation
NPL,Nepal,2025,2.65334269811436,4.43073194983359,10.465,4.21,12.0,139.115437592696,21100332321.6852,-2.61491577935683,-2.03175384454334,0.7528573528565601,18.23,0,inflation
SRB,Serbia,2019,1.84922984511086,4.75020793899014,10.395,2.16,12.0,105.249558333333,14994710381.1554,-6.56331526088245,-0.11061091782714993,0.10085758408007006,18.23,0,inflation
DJI,Djibouti,2025,-0.313731799533481,6.4954610524268,26.015,4.21,12.0,177.721,655743660.361958,-2.61491577935683,-2.4257434723831808,-0.48502362033653945,18.23,0,year
XKX,Kosovo,2019,2.67599202639893,4.75680057007834,6.571,2.16,12.0,0.893215581479226,965831893.179934,-5.66174815490071,1.62219428984902,1.3501682995154902,18.21,0,inflation
EAR,Early-demographic dividend,2016,3.52317317628473,4.14710614319185,6.7341480328496,0.39,12.0,3.130749999,787924742.251979,-2.61491577935683,0.3941704315454797,-0.10555149585095958,18.21,0,inflation
SVK,Slovak Republic,2018,2.51403712883803,4.06211981896483,6.544,1.83,12.0,0.846772667108111,5229297354.833,-1.59262375291934,1.20209124660556,1.1873865444278802,18.21,0,inflation
PRT,Portugal,2021,1.26565719069044,5.55875672070374,6.712,0.08,12.0,0.84549413889045,32535115418.1482,-0.67221074365241,1.2780955206480609,13.763388313947608,18.21,0,inflation
SYC,Seychelles,2019,1.80709400809982,5.5142920737342,6.571,2.16,12.6043960402411,14.03325,580545515.11504,-2.842387489846,-1.8958243830158603,0.5748193511910804,18.19,0,inflation
PRE,Pre-demographic dividend,2016,4.38389195513915,2.48790883634129,5.00843089695962,0.39,12.0,3.130749999,787924742.251979,-2.61491577935683,1.1291650739628403,-0.5543459014191701,18.16,0,year
IND,India,2024,4.95303550973661,7.09927893176518,4.173,5.14,12.0,83.669281580941,643042560625.541,-0.851289719084462,-0.6961076793426395,-0.11094569756982064,18.14,0,inflation
CRI,Costa Rica,2018,2.22111461526581,2.85285959760458,9.01,1.83,11.1232908801994,576.97250124808,7500924411.18614,-2.98447393198414,0.5952076853484898,-1.30483954916475,18.07,0,year
HKG,"Hong Kong SAR, China",2021,1.56875834445922,6.45443038333934,5.174,0.08,5.0,7.77325,496867134129.408,11.8330568374943,1.31779632337842,12.99922678863301,18.06,0,inflation
QAT,Qatar,2018,0.255815382724408,1.23487220191065,0.11,1.83,4.98064264061083,3.64,30358280804.0766,9.08293669883969,-0.139063531358597,2.73247690418903,18.04,0,unemployment
HND,Honduras,2019,4.36587159819274,2.55963434592314,5.698,2.16,17.3391666666667,24.5085389148926,5744253369.31693,-2.65600856407128,0.018522220417380275,-1.2853604237442102,18.03,0,year
WLD,World,2017,2.22314331448899,3.44658623167955,5.89802388961045,1.0,12.0,3.130749999,787924742.251979,-2.61491577935683,0.6262310386569498,0.65684548933362,18.03,0,inflation
OED,OECD members,2017,1.82264336059067,2.61204188490709,5.9177915757262,1.0,12.0,3.130749999,787924742.251979,-2.61491577935683,1.379385203024887,0.7574041433482999,18.03,0,inflation
CEB,Central Europe and the Baltics,2016,-0.0549995416705683,2.80724942330426,6.47626986745334,0.39,12.0,3.130749999,787924742.251979,-2.61491577935683,0.4094994629744347,-1.1944342150279401,18.03,0,year
PST,Post-demographic dividend,2017,1.73079959118896,2.47944817538426,5.85021474599449,1.0,12.0,3.130749999,787924742.251979,-2.61491577935683,1.123402516547241,0.6730520943904001,18.03,0,inflation
DJI,Djibouti,2017,0.577285724560661,5.458091517212,26.064,1.0,12.0,177.721,556097628.852465,-4.79510874009854,-1.8252433297882389,-1.6653408200752002,18.01,0,year
MDG,Madagascar,2019,5.61051441492365,4.41123212909589,2.479,2.16,49.0,3618.32185816072,1693147648.47775,-2.13564971662682,-2.9837151737811096,1.2168756116519095,18.01,0,year
MDG,Madagascar,2016,6.03575858154679,3.99314606199499,1.949,0.39,60.0,3176.53916666667,1183690792.01019,0.378142575318559,-1.3684331604745,0.8608479870919399,18.01,0,year
MAR,Morocco,2017,0.754663249323619,5.05789816173446,9.22,1.0,12.0,9.6919978888289,26189585939.2967,-3.10210665362039,-0.880647893947021,4.536712655644781,18.01,0,year
VUT,Vanuatu,2018,2.33096379566866,2.51532789491979,5.353,1.83,10.1816666666667,110.165,431976166.443576,2.8620287508492,-0.7535624483668002,-1.7079940302798704,18.01,0,inflation
DJI,Djibouti,2021,1.18086783934059,4.40715667561153,27.628,0.08,12.0,177.721,588417559.788355,-6.63481531701171,-0.59813751709896,3.20504150271463,18.01,0,inflation
SRB,Serbia,2018,1.95984076293801,4.64935035491007,12.733,1.83,12.0,100.175075,12874374086.5037,-4.65847286841162,-1.17122172296314,2.2859472298547705,18.01,0,inflation
SSD,South Sudan,2022,-6.68732094212668,3.917007817944405,12.475,1.69,16.2934964614722,534.511188691756,94914465.1760948,-11.2233718358258,-17.20403677156248,-0.12833054667881386,18.01,0,year
NCL,New Caledonia,2016,0.578317435520754,3.917007817944405,12.679,0.39,12.0,107.806815805024,787924742.251979,-7.49878946256032,0.007809294472352013,-0.12833054667881386,18.01,0,year
GUY,Guyana,2018,1.25128567037044,4.44091288475967,13.627,1.83,13.0,207.716666666667,518509369.454311,-26.677311081907,-0.69443050702287,0.7064213390468299,18.01,0,inflation
MIC,Middle income,2024,3.6045220384796,4.43845841319835,4.91644475196582,5.14,12.0,3.130749999,787924742.251979,-2.61491577935683,-2.4786706469394,-0.26275495931406034,17.97,0,inflation
IBT,IDA & IBRD total,2024,3.62770736940927,4.42022565074735,4.87492589830662,5.14,12.0,3.130749999,787924742.251979,-2.61491577935683,-2.46343415563214,-0.10567492128682066,17.97,0,inflation
CYP,Cyprus,2024,1.80023018624824,3.94076934447787,4.9,5.14,12.0,0.923889546117607,2087252552.47629,-8.15906556815552,-1.74111170126822,0.32031566211705,17.97,0,inflation
HRV,Croatia,2024,2.97200477643626,3.82578440126859,5.0,5.14,12.0,0.923889546117607,3335294932.65449,-2.07644437837535,-4.96927699943196,0.06374347409723002,17.97,0,inflation
EAR,Early-demographic dividend,2024,3.28955985952768,3.86155873347995,5.14374777945389,5.14,12.0,3.130749999,787924742.251979,-2.61491577935683,-2.59629911089396,-0.2618014397853594,17.97,0,inflation
IBD,IBRD only,2024,3.54713144937457,4.4256614810418,5.02160062447022,5.14,12.0,3.130749999,787924742.251979,-2.61491577935683,-2.3273876665274003,-0.21345640906382002,17.97,0,inflation
AUT,Austria,2021,2.7666666666667,4.92309171717903,6.459,0.08,12.0,0.84549413889045,33957000220.5267,1.71590187553909,1.3847560331481599,11.24134680927839,17.97,0,inflation
GRP,Upper middle income,2024,3.18188924237472,4.23445227221156,5.26143156011161,5.14,12.0,3.130749999,787924742.251979,-2.61491577935683,-0.05429353169446016,-0.12833054667881386,17.97,0,inflation
CUB,Cuba,2025,5.582586059593455,3.917007817944405,1.746,4.21,12.0,3.130749999,787924742.251979,-2.61491577935683,-0.05429353169446016,-0.12833054667881386,17.95,0,year
VNM,Viet Nam,2024,3.62109273885844,7.03955197123018,1.602,5.14,12.0,24164.8858333333,83081854928.1161,6.33496605552948,0.36819991218182,2.0608923763979305,17.95,0,inflation
TON,Tonga,2025,5.59276642101027,2.79999999999998,2.008,4.21,7.5647054715086,2.41052686435725,412716557.109435,-2.61491577935683,2.4108771786355505,1.0834619233225098,17.95,0,year
PSS,Pacific island small states,2019,1.40719939417024,1.1632387186459,3.32798136589447,2.16,12.0,3.130749999,787924742.251979,-2.61491577935683,-1.4890199285327401,-1.55986937182597,17.89,0,inflation
QAT,Qatar,2019,-0.666641124861147,0.688240954592672,0.1,2.16,5.03907055609657,3.64,39718464943.2827,2.41529709778,-0.9224565075855551,-0.546631247317978,17.84,0,unemployment
MDV,Maldives,2016,0.502509413611612,6.37528306716864,5.771,0.39,10.7647511442635,15.3684076818158,467323386.048191,-23.4109557277276,-0.45069724516599496,2.50714770222389,17.84,0,year
SGP,Singapore,2021,2.31610315765146,10.1410845197192,4.64,0.08,5.25,1.34348333333333,425097835210.8,19.2527773366463,2.488215023576842,13.75192733701849,17.82,0,inflation
SVN,Slovenia,2018,1.7386086198818,4.37908347331195,5.108,1.83,12.0,0.846772667108111,933092542.00726,6.52066143026877,0.30950118668874005,-0.7953186824876299,17.82,0,inflation
CRI,Costa Rica,2025,-0.073671440596217,4.56033547844829,6.843,4.21,6.87789508,503.496832373272,17086422923.2621,-0.667366755076482,0.339181560450852,0.47741103662781015,17.81,0,year
HPC,Heavily indebted poor countries (HIPC),2021,4.37012190478157,4.35683661926664,4.93715177073133,0.08,12.0,3.130749999,787924742.251979,-2.61491577935683,0.8939481775596998,4.353758898767519,17.8,0,year
PRY,Paraguay,2025,4.0380642333938,6.64262511156879,4.803,4.21,12.0,7545.44675537411,787924742.251979,-3.18060668113463,0.20266151610846972,1.97347933175116,17.79,0,year
MKD,North Macedonia,2021,3.23074912132928,4.51067949038222,15.801,0.08,4.85796763215591,52.1021583333333,4129287737.28112,-2.67744223538636,2.0306756324445896,9.19912949994874,17.75,0,inflation
GBR,United Kingdom,2016,1.0084173681141,2.20652020635357,4.909,0.39,12.0,0.740634463697084,134931850848.279,-5.46283821927875,0.64037052578874,0.06611460601985986,17.75,0,inflation
ARM,Armenia,2025,3.30693341072904,7.2,12.871,4.21,13.7827500626073,387.010152166483,5088260146.30167,-7.21847140363209,3.037421432469915,1.2999999995377198,17.74,0,inflation
MDV,Maldives,2021,0.543149688737013,37.507870124321,5.016,0.08,11.5654610099458,15.3726984126984,805808189.424559,-8.63308174559145,1.9129239444351231,70.4166988996131,17.74,0,year
DJI,Djibouti,2016,2.4025290543489,7.1234323372872,25.982,0.39,12.0,177.721,407414266.733581,-1.00034788975653,2.924695575794693,-0.18555329722078984,17.74,0,inflation
PAN,Panama,2018,0.761578359399945,3.91824253321265,5.161,1.83,6.88279966340463,1.0,2121303718.10741,-7.88419298601023,-0.11400755936001794,-1.8258169303451504,17.74,0,year
SVK,Slovak Republic,2021,3.1496062992126,5.6558588065555,6.894,0.08,12.0,0.84549413889045,9609533728.63927,-4.79283646505897,1.21266503227037,8.241371223887569,17.71,0,inflation
CRI,Costa Rica,2017,1.62590692991732,4.15769914676933,7.729,1.0,11.3651388888889,567.51309030978,7149834513.74318,-3.616766363232,1.6433857805081418,-0.04662406098251015,17.71,0,inflation
GUY,Guyana,2019,2.11238986774464,5.35284003535665,13.172,2.16,10.4791666666667,208.5,573446281.433525,-57.1070048116683,0.8611041973742,0.9119271505969797,17.71,0,inflation
ECS,Europe & Central Asia,2021,3.19017771027094,6.82460720354004,6.90011121093882,0.08,12.0,3.130749999,787924742.251979,-2.61491577935683,1.9901937409107502,12.20045655233741,17.71,0,inflation
LMY,Low & middle income,2017,3.66699702675925,5.26386453553506,5.97968341182999,1.0,12.0,3.130749999,787924742.251979,-2.61491577935683,0.56214625244474,0.6155852536713695,17.67,0,inflation
TSA,South Asia (IDA & IBRD),2019,3.62894965885467,4.09454306534288,6.30644937347767,2.16,12.0,3.130749999,787924742.251979,-2.61491577935683,0.29755449447789006,-2.2991232602146994,17.67,0,inflation
MIC,Middle income,2017,3.32817337461305,5.29620389044459,6.05518297615024,1.0,12.0,3.130749999,787924742.251979,-2.61491577935683,0.6599252049222302,0.6027121870851504,17.67,0,inflation
WLD,World,2021,3.47540320289875,6.48508887596752,6.04556088000376,0.08,12.0,3.130749999,787924742.251979,-2.61491577935683,1.5703059824237398,9.37130073053838,17.67,0,inflation
OED,OECD members,2021,2.81528975687994,6.09471533648059,6.19605024177905,0.08,12.0,3.130749999,787924742.251979,-2.61491577935683,2.08243811170408,9.959044499714711,17.67,0,inflation
IDB,IDA blend,2021,3.46677876951929,4.36009454869888,5.813781237265,0.08,12.0,3.130749999,787924742.251979,-2.61491577935683,1.36282994815849,7.585626279676591,17.67,0,inflation
IBT,IDA & IBRD total,2017,3.33787586109568,5.07330968455011,5.97437329582885,1.0,12.0,3.130749999,787924742.251979,-2.61491577935683,0.5229179474762402,0.7185003206205902,17.67,0,inflation
PST,Post-demographic dividend,2021,2.50835221473776,5.82057405938134,5.80602995350964,0.08,12.0,3.130749999,787924742.251979,-2.61491577935683,1.876084882826044,9.85923663430891,17.67,0,inflation
IBD,IBRD only,2017,3.32389447576097,5.16179362572515,6.39131744182123,1.0,12.0,3.130749999,787924742.251979,-2.61491577935683,1.20307734214509,0.7147549022680204,17.67,0,inflation
LTE,Late-demographic dividend,2021,3.49505757399448,7.59396655185003,5.50538471355182,0.08,12.0,3.130749999,787924742.251979,-2.61491577935683,1.5581163070522501,7.358557190827837,17.67,0,inflation
SAS,South Asia,2019,3.62894965885467,4.09454306534288,6.30644937347767,2.16,12.0,3.130749999,787924742.251979,-2.61491577935683,0.29755449447789006,-2.2991232602146994,17.67,0,inflation
PAK,Pakistan,2025,3.54555214890893,3.69842668749033,5.42,4.21,12.0,281.143001173202,26455819675.7312,-0.109990064562897,-9.08697970413627,0.61666373169732,17.66,0,inflation
MAR,Morocco,2018,1.80391671141896,3.06564133025955,9.272,1.83,12.0,9.38610242091972,24461023093.2087,-4.87290163435469,1.049253462095341,-1.99225683147491,17.66,0,inflation
GAB,Gabon,2025,1.76766609003481,2.47287961498321,20.154,4.21,12.0,581.92848104034,787924742.251979,-2.61491577935683,0.59454610622263,-0.9211593802351001,17.66,0,inflation
GAB,Gabon,2016,2.10670712784054,2.09144220829562,20.117,0.39,12.0,592.605615063022,789346604.519222,-2.61491577935683,2.445502316593946,-1.7874571867832798,17.66,0,inflation
DOM,Dominican Republic,2019,1.81060377042959,4.8940301149584,6.356,2.16,12.4867666666667,51.2948583333333,8870942286.35982,-1.33253119353172,-1.75383048970549,-2.20348628714319,17.66,0,inflation
CAF,Central African Republic,2025,1.00198012768088,4.49950000393781,6.251,4.21,12.0,581.92848104034,787924742.251979,-2.61491577935683,-0.47535587950656,2.99950000546246,17.66,0,inflation
SRB,Serbia,2017,3.13106248590115,2.3634031250553,13.477,1.0,12.0,107.75885,11906315333.2437,-5.05239948291627,2.00874851172346,-0.6117949465529602,17.66,0,year
CHN,China,2024,0.218128938439177,4.95830378788091,4.59,5.14,4.35,7.19749110789917,3456024808739.12,2.46818591485776,-0.016707890453873997,-0.45769955704863996,17.64,0,year
AFW,Africa Western and Central,2021,3.74556782333009,2.54547274764256,4.67076109003218,0.08,12.0,3.130749999,787924742.251979,-2.61491577935683,1.2551899840106002,6.26426605110748,17.63,0,year
GUY,Guyana,2016,0.826177341246544,3.80745626378814,13.263,0.39,13.0,206.5,580981472.737257,3.37225553747118,1.691578630480286,3.120051673168646,17.61,0,inflation
SVN,Slovenia,2021,1.91706506089269,8.41686457725321,4.744,0.08,12.0,0.84549413889045,2266987091.84422,3.36779729636639,1.9719218766533,12.50186552668217,17.59,0,inflation
BGR,Bulgaria,2021,3.29774435299506,7.82817310703665,5.166,0.08,4.11618333333333,1.653775,39187742752.2235,0.247490706249255,1.6253033844375,10.96140853829582,17.56,0,inflation
MYS,Malaysia,2021,2.47710241465447,3.31534954399166,4.64,0.08,3.44410640384615,4.14329759817721,116915867599.997,3.87747951420626,3.61580456858497,8.77219612825867,17.54,0,inflation
IDN,Indonesia,2023,3.66938654859761,5.04883117855516,3.308,5.03,8.92666666666667,15236.8846620506,146358992701.848,-0.148899596516736,-0.5400780885502301,-0.2583660480928298,17.53,0,inflation
IDN,Indonesia,2024,2.18151273615189,5.03257477088519,3.301,5.14,8.79568784927158,15855.4482866711,155708275547.574,-0.614730078804115,-1.48787381244572,-0.016256407669970052,17.53,0,inflation
MDV,Maldives,2018,-0.133373386117595,8.5689555834747,4.962,1.83,10.6767228850732,15.3908372695852,712157733.781107,-27.8019976962882,-2.950846768462685,1.4945269513219506,17.46,0,year
CAF,Central African Republic,2018,1.61215686991555,3.78944359275462,5.825,1.83,12.0,555.446458398226,361797180.317652,-2.61491577935683,-2.56856644879712,-0.73783462070769,17.44,0,inflation
MDA,Moldova,2017,6.57022997455604,4.17561205106279,1.622,1.0,10.3627060330686,18.4990348873528,2803268841.80309,-5.8373598499054,0.21092099417673005,-0.4704023115313003,17.36,0,year
GUY,Guyana,2017,1.94571617739331,3.73449154571284,13.466,1.0,13.0,206.5,565363504.401139,-2.56042552466991,1.119538836146766,-0.07296471807529992,17.31,0,inflation
ARM,Armenia,2018,2.52023382001638,5.19999999965324,18.966,1.83,12.793041927804,482.987946590235,2259321868.53197,-7.2281230237955,1.5506805512002417,-2.3000000019881996,17.31,0,inflation
AFG,Afghanistan,2019,2.30237251516834,3.91160341625552,11.187,2.16,12.0,77.7379491783367,8497655795.34729,-20.1704643881064,1.6762233659994932,2.72237528681035,17.31,0,inflation
DOM,Dominican Republic,2016,1.61416607245223,6.71974078681295,7.284,0.39,15.0841666666667,46.0644439393939,6134227406.75062,-1.07831727382895,0.7774197257276729,-0.26797052555092016,17.31,0,inflation
ARM,Armenia,2017,0.969553268816138,7.50000000164144,17.704,1.0,14.4060016758329,482.716393849129,2314113951.27386,-1.26072402014699,2.373160827825138,7.300000001815449,17.31,0,inflation
GMB,"Gambia, The",2018,6.52096823946573,7.23489033258579,4.055,1.83,28.0,48.1517806379073,191773260.9803,-8.08332529672772,-1.5132215059933793,2.41227908331009,17.31,0,year
MRT,Mauritania,2018,3.06735996058356,4.77217363890155,10.411,1.83,12.0,35.6775,934291833.830821,-13.0143826354559,0.8130834412354302,-1.4983720549641903,17.31,0,inflation
RWA,Rwanda,2019,3.34787655037648,9.28613387454543,11.236,2.16,16.5275,899.350509,1464534537.8348,-11.7010514056445,3.6590867107671787,1.2152913283290196,17.28,0,inflation
WLD,World,2025,3.0414132155654,2.92127318539153,4.7913330740211,4.21,12.0,3.130749999,787924742.251979,-2.61491577935683,0.02693744578541013,0.021259783824389977,17.28,0,inflation
LAC,Latin America & Caribbean (excluding high income),2025,3.1702688841681,2.21490070818977,5.28646121885159,4.21,12.0,3.130749999,787924742.251979,-2.61491577935683,-0.6651338331172298,0.22488555002227995,17.28,0,inflation
IDB,IDA blend,2019,1.9999797664804,3.06868522671206,5.0804070213856,2.16,12.0,3.130749999,787924742.251979,-2.61491577935683,-0.4803286654386698,-0.8296561710117398,17.28,0,inflation
IDX,IDA only,2016,3.74103082110771,4.18372892932952,4.65649793185176,0.39,12.0,3.130749999,787924742.251979,-2.61491577935683,0.3382875437358299,1.1667107931727005,17.28,0,inflation
SYC,Seychelles,2018,3.70291839111568,4.93947272254312,6.571,1.83,12.3088115646778,13.9111166666667,549521831.728019,-2.34133369670356,0.84612263543131,-2.0146894653995897,17.27,0,inflation
CUB,Cuba,2018,5.582586059593455,2.24794852913217,1.7,1.83,12.0,3.130749999,787924742.251979,-2.61491577935683,-0.05429353169446016,0.43815674532943016,17.26,0,year
RWA,Rwanda,2018,-0.311210160390699,8.07084254621641,10.759,1.83,16.9466666666667,861.093412166667,1354679758.16221,-10.1014050361481,-8.590746882999019,3.3669081487058,17.24,0,year
THA,Thailand,2021,1.23104516549814,1.55858232076893,1.215,0.08,3.06,31.9770934417717,246025242648.57,-2.14183455857728,2.077132684359939,7.65164545043846,17.2,0,unemployment
MNG,Mongolia,2017,4.30143105302342,5.63687638694772,6.359,1.0,20.0069222277202,2439.77720111244,3016698322.0815,-10.0640976839598,3.5681588257090233,4.14709190015195,17.19,0,year
MDV,Maldives,2017,2.81747338234509,7.07442863215275,5.377,1.0,10.1536636807209,15.3869685099846,587346816.807916,-21.267761433937,2.314963968733478,0.6991455649841098,17.15,0,inflation
CAF,Central African Republic,2019,2.68537355266787,3.09999999999999,5.916,2.16,12.0,585.911013180369,350305401.8215,-2.61491577935683,1.07321668275232,-0.6894435927546301,17.1,0,inflation
LDC,Least developed countries: UN classification,2024,4.6850965426577,3.87232968748361,4.63280465033072,5.14,12.0,3.130749999,787924742.251979,-2.61491577935683,-2.44187827866081,0.8214215768474502,17.08,0,year
OMN,Oman,2018,0.889312370970404,1.28710391543288,1.8,1.83,5.24638450213673,0.3845,17388370607.2955,-4.85027419563219,-0.6997817647075859,0.9830463495104311,17.07,0,unemployment
AUT,Austria,2018,1.99837981429549,2.48422114080024,4.933,1.83,12.0,0.846772667108111,23190665221.0656,0.908176708238318,-0.08288929956037983,0.21197122041817007,17.07,0,inflation
GRP,High income,2018,1.88110755567036,2.4045350031779,5.0794494069113,1.83,12.0,3.130749999,787924742.251979,-2.61491577935683,-0.05429353169446016,-0.12833054667881386,17.07,0,inflation
PST,Post-demographic dividend,2018,1.7386086198818,2.28758807836371,5.29340998979908,1.83,12.0,3.130749999,787924742.251979,-2.61491577935683,0.007809028692840059,-0.19186009702054996,17.07,0,inflation
GRP,Low income,2018,3.43946902997592,3.50195265516888,5.08766017796121,1.83,12.0,3.130749999,787924742.251979,-2.61491577935683,-0.05429353169446016,-0.12833054667881386,17.07,0,inflation
NIC,Nicaragua,2025,2.08132127098376,4.92352556770889,5.04,4.21,9.15609394352162,36.6243,8324385226.76038,-2.61491577935683,-2.5434171395876506,1.3425806144634804,17.03,0,inflation
TON,Tonga,2020,-0.349737696727419,1.80618715298932,2.712,0.37,7.82858252049211,2.29956150787889,298947629.788317,-6.63043841446944,-1.529281044945429,2.091397937289141,17.0,0,unemployment
GRP,Upper middle income,2025,3.20550474112603,4.20533481650185,5.18391394822957,4.21,12.0,3.130749999,787924742.251979,-2.61491577935683,-0.05429353169446016,-0.12833054667881386,16.93,0,inflation
GRP,Low income,2019,3.10773229242274,3.95860369775775,5.12297180265082,2.16,12.0,3.130749999,787924742.251979,-2.61491577935683,-0.05429353169446016,-0.12833054667881386,16.93,0,inflation
GIN,Guinea,2025,3.54630163142885,7.44709668357611,5.163,4.21,12.0,3.130749999,787924742.251979,-2.61491577935683,-4.5768375180571095,2.0970500930834595,16.93,0,inflation
CYP,Cyprus,2025,0.126528851920189,3.77325347982725,4.924,4.21,12.0,0.88496895841236,2947568615.4458,-6.2932370264495,-1.673701334328051,-0.1675158646506203,16.93,0,year
LTE,Late-demographic dividend,2019,2.16993433856378,4.74723356857159,5.19591640696366,2.16,12.0,3.130749999,787924742.251979,-2.61491577935683,-0.30452913262051995,-0.6939274851906498,16.93,0,inflation
MIC,Middle income,2025,3.45723998944321,4.52178755917781,4.88480834136692,4.21,12.0,3.130749999,787924742.251979,-2.61491577935683,-0.1472820490363902,0.08332914597945962,16.93,0,inflation
IBD,IBRD only,2025,3.68256369784336,4.30532305518705,4.97728646218035,4.21,12.0,3.130749999,787924742.251979,-2.61491577935683,0.1354322484687902,-0.12033842585474996,16.93,0,inflation
EAR,Early-demographic dividend,2025,3.20550474112603,4.3721639998719,5.15217207899997,4.21,12.0,3.130749999,787924742.251979,-2.61491577935683,-0.08405511840165003,0.5106052663919503,16.93,0,inflation
IBT,IDA & IBRD total,2025,3.51074539609587,4.33570580325535,4.84350017425836,4.21,12.0,3.130749999,787924742.251979,-2.61491577935683,-0.11696197331339997,-0.08451984749199948,16.93,0,inflation
IDA,IDA total,2019,2.74447528387472,3.94468113264645,4.76341458315545,2.16,12.0,3.130749999,787924742.251979,-2.61491577935683,-0.1013084770661199,-0.42938430044926035,16.93,0,inflation
LMY,Low & middle income,2025,3.54555214890893,4.53280075988324,4.88528914450382,4.21,12.0,3.130749999,787924742.251979,-2.61491577935683,-0.2898505683764001,0.10840185677037972,16.93,0,inflation
LDC,Least developed countries: UN classification,2019,3.32255881256925,4.82459913567837,4.87497607678154,2.16,12.0,3.130749999,787924742.251979,-2.61491577935683,-0.1389160371680398,0.17189741649572987,16.93,0,inflation
JAM,Jamaica,2016,2.35102197485846,2.76043761369557,8.634,0.39,16.4885271204668,125.095034603174,3291468022.15921,-0.291717768383903,-1.3405203136987902,1.83895048969701,16.9,0,year
KEN,Kenya,2019,5.23963795764792,5.11415885767801,5.014,2.16,12.4411328875146,101.99129838935,9115806005.21186,-5.23852935907811,0.5498314898846202,-0.5337875494141802,16.88,0,year
TLS,Timor-Leste,2016,-1.33853876185163,3.00993062553351,4.657,0.39,14.0483333333333,1.0,280953720.723143,-32.4953735667323,-1.891334788129483,0.5298902233495402,16.83,0,year
NZL,New Zealand,2017,1.85078767452536,3.31568621648204,4.736,1.0,4.76,1.40740833333333,20683740690.7906,-2.9209984129863,1.2045473900708359,-0.4278385307288599,16.82,0,inflation
BGR,Bulgaria,2018,2.81454473824838,2.33015054210419,5.211,1.83,4.963225,1.65704166666667,28711039864.6648,0.57450304784286,0.7529485438169701,-0.41577683540577004,16.82,0,inflation
PAN,Panama,2016,0.73973402529995,4.57196707937275,4.717,0.39,6.59879787257444,1.0,3846753359.06372,-7.54284614640251,0.6022419668383621,-0.6949501165824099,16.81,0,year
HND,Honduras,2017,3.93436084442037,4.84291391050387,5.528,1.0,19.2586933333333,23.4870839434552,4708097401.41206,-1.24589511291671,1.20974861146748,0.9499417132397401,16.77,0,year
HND,Honduras,2018,4.34734937777536,3.84499476966735,5.648,1.83,17.8041666666667,23.9027282925432,4769082161.53781,-6.57234650779592,0.41298853335498986,-0.9979191408365198,16.77,0,year
BFA,Burkina Faso,2020,1.88470066518847,2.01077262406221,4.59,0.37,6.5375,575.586004510945,787924742.251979,4.1931251239965,5.11809000502169,-3.8784323466191397,16.76,0,inflation
DOM,Dominican Republic,2018,3.56443426013508,7.09751640210159,5.861,1.83,12.5337,49.5099928571429,7717561574.1843,-1.55480224260577,0.28487731334961985,3.16365463808583,16.76,0,inflation
LDC,Least developed countries: UN classification,2018,3.46147484973729,4.65270171918264,4.87754288880162,1.83,12.0,3.130749999,787924742.251979,-2.61491577935683,-1.1110617034379104,0.15012648369434967,16.72,0,inflation
LTE,Late-demographic dividend,2016,1.10920805807027,4.44982415289267,5.2806539060794,0.39,12.0,3.130749999,787924742.251979,-2.61491577935683,-0.44869905539233,-0.25971945893476,16.72,0,inflation
MDA,Moldova,2016,6.35930898037931,4.64601436259409,1.591,0.39,14.2760252993571,19.923827563342,2205927462.61469,-3.61387040187984,-3.3169313506392806,4.984249984981292,16.71,0,year
LDC,Least developed countries: UN classification,2025,3.36462189317825,4.30000841303122,4.66754018615311,4.21,12.0,3.130749999,787924742.251979,-2.61491577935683,-1.3204746494794497,0.4276787255476098,16.7,0,inflation
VNM,Viet Nam,2022,3.15650749963112,8.53750041218142,1.57,1.69,8.01333333333333,23271.2125,86539530966.6451,0.339101746979362,1.3217919515265,5.98377188570011,16.69,0,inflation
AZE,Azerbaijan,2019,2.61057182799215,2.47980879185565,5.0,2.16,17.2812151745262,1.7,7069418581.86676,8.70455620187564,0.34202492425216,0.9794071201825201,16.66,0,inflation
VUT,Vanuatu,2016,0.842069084035061,3.61980830670927,5.197,0.39,10.1,108.475,267345975.934803,-7.75456020639786,-1.641199672569329,0.11879561708828978,16.56,0,inflation
NZL,New Zealand,2016,0.646240284454524,3.7435247472109,5.147,0.39,5.02083333333333,1.436525,17808384489.6379,-2.15490580463573,0.353535656318423,0.013841625960719917,16.48,0,year
CMR,Cameroon,2024,4.53331349711606,3.52472308052245,3.603,5.14,12.0,606.345297609063,5061511549.89538,-3.28354247246706,-2.84950034569378,0.17716017302025966,16.41,0,year
COM,Comoros,2024,5.05192609588218,3.30071498500033,3.815,5.14,12.0,454.523861252,323945586.380687,-2.61491577935683,-3.32181345902778,0.11410180494493005,16.41,0,year
HRV,Croatia,2025,3.69153459605729,3.40307537181749,5.002,4.21,12.0,0.88496895841236,4216234683.48051,-2.61491577935683,0.7195298196210302,-0.4227090294511,16.4,0,inflation
HND,Honduras,2025,4.59657982325258,3.75143102801252,4.92,4.21,18.5835047339888,25.9526748179551,10204178100.1231,2.36278673646188,-0.009631158018430064,0.11902357350377013,16.34,0,year
BTN,Bhutan,2023,4.22934419929251,4.63215702969933,3.126,5.03,12.27,82.5992764460784,654480752.429944,-33.907387068313,-1.4098225146711902,-0.5817108081629092,16.26,0,inflation
HND,Honduras,2016,2.72461223295289,3.89297219726413,6.727,0.39,19.3319391666667,22.835018390426,3813545536.14649,-3.14341400861299,-0.43321894685626017,0.05289222632461987,16.23,0,inflation
HUN,Hungary,2016,0.394769306686392,2.43864141309342,5.115,0.39,2.08907111213333,281.523333333333,25824253667.337,4.40234047330024,0.45641398675055916,-1.2211747409761302,16.22,0,inflation
USA,United States,2023,4.11633838374488,2.93436322440155,3.638,5.03,12.0,1.0,773426187289.127,-3.33680827263036,-3.8864614367763295,0.41014937366933024,16.1,0,year
IRL,Ireland,2025,2.21044788475857,12.3375990291434,4.632,4.21,12.0,0.88496895841236,13659404386.8068,-2.61491577935683,0.09699788898539996,9.73813181360632,16.09,0,inflation
IDB,IDA blend,2018,2.48030843191907,3.8983413977238,4.76275439835545,1.83,12.0,3.130749999,787924742.251979,-2.61491577935683,1.3326550388609097,1.0737042684754599,16.06,0,inflation
MYS,Malaysia,2024,1.834100204499,5.10545921024041,3.846,5.14,5.282681,4.5764279106858,116229205257.758,1.69342393177115,-0.6547653967585398,1.5683954061347096,16.06,0,inflation
CEB,Central Europe and the Baltics,2017,2.07593553673859,5.10713071566526,5.27719000843769,1.0,12.0,3.130749999,787924742.251979,-2.61491577935683,2.1309350784091583,2.299881292361,16.06,0,inflation
LTE,Late-demographic dividend,2018,2.4744634711843,5.44116105376224,5.05006029808032,1.83,12.0,3.130749999,787924742.251979,-2.61491577935683,0.29718774429167993,0.17891275388095007,16.06,0,inflation
LTE,Late-demographic dividend,2017,2.17727572689262,5.26224829988129,5.27038544833334,1.0,12.0,3.130749999,787924742.251979,-2.61491577935683,1.0680676688223503,0.8124241469886204,16.06,0,inflation
PRY,Paraguay,2017,3.60247741348943,4.81007885554041,6.138,1.0,16.981885972602,5618.9334516428,7877536165.92124,3.67698851016962,-0.4843453922829801,0.5420530223945796,16.02,0,inflation
CHN,China,2025,0.0595646916565403,4.95994886240992,4.615,4.21,12.0,7.18984737402171,3748744952817.94,3.76972243689338,-0.1585642467826367,0.0016450745290104152,15.95,0,inflation
KGZ,Kyrgyz Republic,2019,1.13362257718804,4.60062565707598,5.45,2.16,18.9967536717482,69.7893491807476,2428567693.63364,-11.3840798908834,-0.4090388751963201,0.84271552150433,15.94,0,inflation
BFA,Burkina Faso,2017,1.48299897161326,6.20348941121868,4.662,1.0,6.51166666666667,580.656749587858,787924742.251979,-6.35349497520963,1.0419575235544511,0.2455127036784397,15.93,0,inflation
BFA,Burkina Faso,2018,1.95594302672532,6.60456906812341,4.695,1.83,6.76333333333333,555.446458398226,787924742.251979,-4.18372491409563,0.47294405511205984,0.4010796569047299,15.93,0,inflation
HKG,"Hong Kong SAR, China",2023,2.09660511249089,3.15034461759902,2.949,5.03,5.77083333333333,7.82958333333333,425554111033.182,8.49295855308808,0.21523804052236017,6.8356282104122705,15.93,0,inflation
MLT,Malta,2024,1.65079469283109,6.21275996991034,3.1,5.14,12.0,0.923889546117607,1417609467.81291,7.09956405757708,-3.4431728969577406,-4.421295831790061,15.89,0,inflation
UGA,Uganda,2023,5.35094804280395,5.33697295511469,2.754,5.03,12.0,3726.14045997085,3939109256.17839,-7.43279149697524,-1.8448408169541493,0.7489510332969598,15.89,0,year
CIV,Cote d'Ivoire,2023,4.36972254867474,6.60000045209176,2.263,5.03,12.0,606.569750165917,787924742.251979,-8.05003680066956,-0.8638060123336899,0.20011682478255022,15.88,0,inflation
IDN,Indonesia,2022,4.20946463714784,5.30719722664799,3.462,1.69,8.52,14849.8539362105,137222356128.227,1.00182875104005,2.6493858073145002,1.6043115983704794,15.86,0,inflation
NER,Niger,2023,3.70097316425834,2.63516980401258,0.407,5.03,12.0,606.569750165917,787924742.251979,-13.7627535229344,-0.5252447549055801,-9.58637994269152,15.85,0,inflation
VNM,Viet Nam,2020,3.22093436652515,2.86541320912272,2.103,0.37,7.6475,23208.3683333333,94833616150.4504,4.34486906553373,0.4251106920027099,-4.493849491927341,15.83,0,inflation
BFA,Burkina Faso,2024,4.19081721344523,4.83395810163883,3.441,5.14,12.0,606.345297609063,787924742.251979,-3.96877055984497,3.4479067847763125,1.8336839434975798,15.82,0,inflation
IDN,Indonesia,2025,1.9133344329508,5.10808904438025,3.237,4.21,8.50158323159017,16477.8651797836,156542507869.671,-0.105263812011573,-0.2681783032010898,0.07551427349506046,15.79,0,inflation
MAC,"Macao SAR, China",2024,0.672498598854365,7.84960207010525,2.262,5.14,6.01747975323522,8.03683075,29391736000.0,33.733852567417,0.19611410306629,-67.45881635923605,15.78,0,inflation
KGZ,Kyrgyz Republic,2024,4.99760701207323,11.5397119406559,3.491,5.14,19.783640031297,87.1503126405883,5088723593.73523,-22.6410105179248,-5.755670029600971,2.5264191067217006,15.76,0,year
MLT,Malta,2023,5.09396758978883,10.6340558017004,3.479,5.03,12.0,0.924839558470698,1222949821.48281,6.53909475287112,-1.05978862954154,8.04128803285661,15.73,0,inflation
VNM,Viet Nam,2019,2.79582367452244,7.35926270105006,1.681,2.16,7.7075,23050.2416666667,78334835182.609,3.91824395534243,-0.7438043849039699,-0.10574415467745002,15.71,0,inflation
VNM,Viet Nam,2018,3.53962805942641,7.46500685572751,1.161,1.83,7.371875,22602.05,55452622582.5609,1.90236367538642,0.01937117131023003,0.5248164821354502,15.71,0,inflation
MRT,Mauritania,2017,2.25427651934813,6.27054569386574,10.336,1.0,17.0,35.7944166666667,873822720.854328,-10.4073908755605,0.7825660628480897,5.00963646938271,15.62,0,inflation
RUS,Russian Federation,2019,4.47202631837903,2.19807571381982,4.513,2.16,8.75333333333333,64.7376583333333,555179461638.925,3.87612476973049,1.5937124922292205,-0.6082651066467402,15.6,0,inflation
IDN,Indonesia,2018,3.19834755924996,5.17429153955024,4.387,1.83,10.5366666666667,14236.9387734818,120660974090.95,-2.93907291477017,-0.6104510176695297,0.10450563820108005,15.59,0,inflation
VUT,Vanuatu,2017,3.08452624403546,4.22332192519966,5.247,1.0,9.965,107.820833333333,395101633.946324,-7.09262183131197,2.242457160000399,0.6035136184903904,15.58,0,inflation
ISR,Israel,2022,4.41162725488371,6.36407234798706,3.695,1.69,2.95817645390829,3.35961440158189,194231433877.693,2.68995260709171,2.9319725076580996,-2.97127455437543,15.56,0,inflation
TEC,Europe & Central Asia (IDA & IBRD countries),2025,5.10146571652018,2.84310557858637,4.62126731959311,4.21,12.0,3.130749999,787924742.251979,-2.61491577935683,0.8708963539193499,-1.1885697033649998,15.56,0,year
ROU,Romania,2018,4.62548443137779,5.39452228185675,4.187,1.83,6.80820228932061,3.94161666666667,42129061937.9341,-4.60748728741797,3.2864632203338897,-2.800955984555861,15.53,0,inflation
PRY,Paraguay,2016,4.08682280577241,4.26802583314583,5.255,0.39,18.0748565194157,5670.54089799784,6880868043.64371,4.58868258924149,0.9578200610331602,1.3108741494750404,15.5,0,inflation
KOR,"Korea, Rep.",2022,5.08951365062842,2.72756456708991,2.857,1.69,4.2925,1291.44666666667,423365991593.016,1.29147917850335,2.59118031729503,-1.88540338745296,15.46,0,inflation
LTE,Late-demographic dividend,2024,2.90379501424778,4.52553873018407,4.59750117083053,5.14,12.0,3.130749999,787924742.251979,-2.61491577935683,-2.96530858471341,0.0930000534276294,15.39,0,inflation
BTN,Bhutan,2017,4.95508366985129,2.08684522733067,3.027,1.0,14.25,65.1215686450659,1206238190.85106,-20.854696561702,1.73519677589411,-6.389098164998959,15.33,0,inflation
IDX,IDA only,2017,4.31421134623784,5.22907858100467,4.63010594547981,1.0,12.0,3.130749999,787924742.251979,-2.61491577935683,0.5731805251301303,1.0453496516751493,15.24,0,year
KWT,Kuwait,2022,3.98064961990313,6.75866711966617,2.133,1.69,3.912775,0.306250154417753,52461721622.8115,34.3743300781264,0.5570201438112496,5.08653657658758,15.2,0,inflation
SLB,Solomon Islands,2019,1.63485544012247,1.74925244485951,0.746,2.16,10.5951570347602,8.17339929777839,571632111.089413,-9.51100860736623,-1.8266194096148198,-0.9966000034310403,15.17,0,unemployment
VNM,Viet Nam,2025,3.3099931421974,8.01882998978245,1.523,4.21,12.0,3.130749999,85580367980.9694,-2.61491577935683,-0.31109959666104015,0.9792780185522698,15.14,0,inflation
ARE,United Arab Emirates,2023,1.62670837213248,4.30113648499413,2.151,5.03,12.0,3.6725,189490945175.271,13.1295797567307,-3.66451767163601,-3.2133876575519205,15.04,0,inflation
BTN,Bhutan,2024,2.76131569624098,7.49856206754038,3.282,5.14,10.54,83.669281580941,941017689.206037,-19.4017852146799,-1.4680285030515297,2.8664050378410497,15.0,0,inflation
NER,Niger,2022,4.22621791916392,12.2215497467041,0.403,1.69,12.0,623.759700911182,787924742.251979,-16.0965828995126,0.3883498907588203,11.106349108007041,14.93,0,inflation
IND,India,2025,2.39884954182294,7.56666179284244,4.219,4.21,12.0,87.1584483507393,700073798240.701,-0.416854153498652,-2.55418596791367,0.4673828610772599,14.87,0,inflation
KOR,"Korea, Rep.",2019,0.383000303608136,2.31380210595475,3.746,2.16,3.44583333333333,1165.3575,408819161841.749,3.40802631398853,-1.092839046418314,-0.8623135758185199,14.79,0,year
IDN,Indonesia,2016,3.52580452815451,5.03306918280177,4.301,0.39,11.8883333333333,13308.3268020542,116369601851.059,-1.81915089251384,-2.83731608381195,0.15674688258054026,14.78,0,inflation
BFA,Burkina Faso,2023,0.742910428668918,3.00027415814125,3.601,5.03,12.0,606.569750165917,787924742.251979,-5.05911958154004,-13.547325001666882,1.37354157602206,14.78,0,inflation
QAT,Qatar,2024,1.26734310292375,3.10963283242745,0.13,5.14,6.18,3.64,53987415590.4034,17.5152925396793,-1.7603058890652699,1.92247291618969,14.78,0,inflation
PSS,Pacific island small states,2024,2.45545072159028,3.66740238652645,3.52751412823486,5.14,12.0,3.130749999,787924742.251979,-2.61491577935683,-5.46619612667749,-3.56770651112062,14.78,0,inflation
KOR,"Korea, Rep.",2016,0.971685739912168,3.17152748983935,3.65,0.39,3.3675,1160.7675,370154204332.626,6.20103649558332,0.26535396745641804,0.2512348168270102,14.77,0,inflation
ISL,Iceland,2017,1.76041559180605,3.48506704155555,2.742,1.0,7.25583333333333,106.839572014,6566175919.51031,4.93029350539423,0.06348797182871002,-2.7330206051475203,14.76,0,inflation
TZA,Tanzania,2023,3.79923291384916,5.06952353203394,1.565,5.03,12.0,2383.04258333333,787924742.251979,-3.74610299942785,-0.5510391288418504,0.5035177677243894,14.75,0,inflation
CIV,Cote d'Ivoire,2024,3.45053028131019,6.0195346193922,2.273,5.14,12.0,606.345297609063,787924742.251979,-4.46811097764034,-0.9191922673645498,-0.5804658326995602,14.72,0,inflation
TZA,Tanzania,2024,3.05694676312373,5.5263138305945,1.557,5.14,12.0,2597.90041666667,787924742.251979,-3.00342879227062,-0.7422861507254299,0.4567902985605601,14.72,0,inflation
LKA,Sri Lanka,2018,2.135037737132,2.31008425504933,4.318,1.83,11.5541666666667,162.464858736778,6920825566.09992,-2.96352841915887,-5.56909994137402,-4.15059701576061,14.72,0,inflation
ISL,Iceland,2016,1.69692761997734,6.21808764670307,2.978,0.39,8.23666666666667,120.811548065239,7225621330.32653,9.09605366960114,0.0638720381639899,2.4494974445666204,14.71,0,inflation
HKG,"Hong Kong SAR, China",2024,1.72972119105914,2.62936861207362,2.988,5.14,5.73958333333333,7.80383333333334,787924742.251979,13.3384324463252,-0.3668839214317503,-0.5209760055253998,14.68,0,inflation
MLI,Mali,2023,2.05880228274223,4.76394100040932,2.947,5.03,12.0,606.569750165917,787924742.251979,-6.49904215184635,-7.56267380214841,1.0607507245554597,14.65,0,inflation
USA,United States,2024,2.94952520485207,2.79318715363841,4.022,5.14,12.0,1.0,910036546651.5,-4.04564637199117,-1.1668131788928102,-0.14117607076313998,14.63,0,inflation
SAU,Saudi Arabia,2024,1.68792112375809,2.64893068308965,3.518,5.14,12.0,3.75,463869589071.029,-1.29603148573183,-0.6391640598689701,2.1063382436964893,14.63,0,inflation
IDN,Indonesia,2019,3.03058460941661,5.01928768046282,3.59,2.16,10.3658333333333,14147.6713605454,129186464020.188,-2.7056619813955,-0.16776294983335038,-0.15500385908742054,14.62,0,inflation
KOR,"Korea, Rep.",2018,1.47583935002645,3.17611568177327,3.824,1.83,3.6625,1100.16333333333,403082233385.987,4.24648147146115,-0.4684929578372101,-0.2570760821987301,14.6,0,inflation
PHL,Philippines,2024,3.21260487006347,5.71474526128652,2.202,5.14,12.0,57.2906550699734,106195050244.098,-4.0212789718349,-2.7654202853506202,0.19579558272609,14.55,0,inflation
PHL,Philippines,2018,5.30934661627707,6.34148557153473,2.338,1.83,6.1185,52.6614299539683,79195598849.54,-2.55939306312468,2.4561588903676,-0.5895027543054701,14.54,0,unemployment
BEN,Benin,2023,2.73870078406075,6.3527773854442,1.641,5.03,12.0,606.654982255763,787924742.251979,-8.17628006592928,1.3879221482254798,0.09983033170794986,14.51,0,inflation
IDX,IDA only,2019,3.09261003373251,4.82130049368115,4.58715903592676,2.16,12.0,3.130749999,787924742.251979,-2.61491577935683,0.07512822341845027,-0.0332087170862998,14.48,0,inflation
POL,Poland,2025,3.81419531520146,3.5727250346774,2.976,4.21,12.0,3.76054166666667,271805173253.091,-0.874270577338915,0.02358633889948969,0.5443087276746703,14.47,0,inflation
AFW,Africa Western and Central,2023,5.22116801324002,3.64459087867006,3.20335496340002,5.03,12.0,3.130749999,787924742.251979,-2.61491577935683,-2.7280834220001395,-0.8325167586463302,14.4,0,inflation
PRE,Pre-demographic dividend,2024,4.19081721344523,3.328621675752,4.53734249793927,5.14,12.0,3.130749999,787924742.251979,-2.61491577935683,-2.911392072125359,0.8840707388968201,14.4,0,year
IDB,IDA blend,2023,4.56457719814894,2.87508782353444,4.36958257524396,5.03,12.0,3.130749999,787924742.251979,-2.61491577935683,-2.07652412608771,-1.9474751410251003,14.4,0,year
SLV,El Salvador,2023,4.04554694222477,3.35508721646165,2.992,5.03,12.0,1.0,3079168947.08155,-1.74191990334686,-3.1530692138739003,0.40048310752845007,14.4,0,year
NAC,North America,2023,3.99766999081457,2.85945132916503,3.8406106523085,5.03,12.0,3.130749999,787924742.251979,-2.61491577935683,-3.4051304961541,0.1706392574922999,14.4,0,year
MYS,Malaysia,2022,3.37869862549928,9.03173723044451,3.93,1.69,3.90802666666667,4.40107634540072,114658812345.11,3.1234711057235,0.9015962108448101,5.716387686452849,14.39,0,inflation
BGR,Bulgaria,2024,2.44651943006079,3.38708962009333,4.2,5.14,4.53578333333333,1.80784166666667,43698277895.9665,-0.516395583295193,-6.996321970824851,1.7055788617640801,14.36,0,inflation
IDX,IDA only,2018,3.01748181031406,4.85450921076745,4.57603095021492,1.83,12.0,3.130749999,787924742.251979,-2.61491577935683,-1.2967295359237805,-0.3745693702372197,14.29,0,inflation
IDA,IDA total,2018,2.84578376094084,4.37406543309571,4.64268643897519,1.83,12.0,3.130749999,787924742.251979,-2.61491577935683,-1.00488790190643,0.36703459232850033,14.29,0,inflation
IDA,IDA total,2024,3.89084237884105,4.35048943307154,4.41260437296088,5.14,12.0,3.130749999,787924742.251979,-2.61491577935683,-3.2113669067295394,1.2556175979685502,14.27,0,inflation
EAS,East Asia & Pacific,2023,4.25155508842779,4.07119548974431,3.86187012642211,5.03,12.0,3.130749999,787924742.251979,-2.61491577935683,-1.2665741973415896,1.0196367115378302,14.27,0,inflation
HPC,Heavily indebted poor countries (HIPC),2024,4.60621098127101,5.12099358552982,4.1513349312603,5.14,12.0,3.130749999,787924742.251979,-2.61491577935683,-2.5207638400474996,1.6385757501221896,14.27,0,inflation
BLR,Belarus,2023,5.0005990309131,4.12654007153881,3.461,5.03,9.9623073222544,3.00735,8117798862.30499,-1.03659609651183,-10.2090762431679,8.784935984828799,14.27,0,inflation
IDX,IDA only,2024,4.25632834866278,4.57659622486648,4.3967369419449,5.14,12.0,3.130749999,787924742.251979,-2.61491577935683,-2.86509536965061,1.2692407360266804,14.27,0,inflation
GRP,Lower middle income,2024,4.65491747661456,5.37952719978989,4.47150579245463,5.14,12.0,3.130749999,787924742.251979,-2.61491577935683,-0.05429353169446016,-0.12833054667881386,14.27,0,inflation
IDN,Indonesia,2021,1.56007882983334,3.70288562827751,3.827,0.08,8.9225,14308.1439011897,144907809744.209,0.295885914526078,-0.3597564428745901,5.768397457619161,14.2,0,inflation
GNB,Guinea-Bissau,2024,3.76555825770114,4.40920107183611,2.647,5.14,12.0,606.345297609063,787924742.251979,-7.35889637109665,-3.3366510278694497,-0.22132257417950996,14.19,0,inflation
ARE,United Arab Emirates,2022,5.29122604376849,7.51452414254605,2.872,1.69,12.0,3.6725,138433303844.914,-2.61491577935683,5.111290707594059,2.9617227414824905,14.16,0,year
UGA,Uganda,2024,3.32338033691819,6.05558075875589,2.74,5.14,12.0,3757.2625354215,3482906765.58962,-7.7752151397725,-2.0275677058857604,0.7186078036412002,14.15,0,inflation
MYS,Malaysia,2019,0.662891865764326,4.41318742129586,3.33,2.16,4.87689294871795,4.14246973569731,103629721168.985,3.50388669683419,-0.22181729480690904,-0.4298995550529501,14.08,0,inflation
IRL,Ireland,2024,2.11344999577317,2.59946721553708,4.3,5.14,12.0,0.923889546117607,12698067021.8083,17.3995604849009,-4.18597487841808,5.13584130866969,14.06,0,inflation
MLT,Malta,2018,1.15782362451517,7.18921425536917,3.956,1.83,12.0,0.846772667108111,1024613729.12179,13.3484109482087,-0.20653085699190998,-5.7821282734153305,14.05,0,inflation
KHM,Cambodia,2017,2.91263557371478,8.07503915535979,0.141,1.0,12.0,4050.5799859191,12201741896.4868,-6.15664205071232,-0.10650417767649989,0.1695379940527495,14.03,0,inflation
KHM,Cambodia,2018,2.45908515380146,8.77622376224463,0.129,1.83,12.0,4051.16690028162,14630894025.9984,-8.73582304512042,-0.45355041991332,0.7011846068848406,14.03,0,inflation
KHM,Cambodia,2019,1.94257500833107,7.93695013588524,0.119,2.16,12.0,4061.14896313364,18771430900.2127,-7.99991923360397,-0.51651014547039,-0.8392736263593896,14.03,0,inflation
ROU,Romania,2019,3.82785432599438,3.96028958497598,3.912,2.16,7.16166666666667,4.237925,42006529633.5014,-4.86977887140916,-0.7976301053834098,-1.4342326968807697,14.01,0,inflation
ARE,United Arab Emirates,2024,1.66336510224894,3.99181200361831,2.16,5.14,12.0,3.6725,237931339945.397,14.4792979326645,0.03665673011645998,-0.3093244813758198,14.0,0,inflation
NAC,North America,2017,1.86349706609469,2.50284500298896,4.57971738602629,1.0,12.0,3.130749999,787924742.251979,-2.61491577935683,0.51832568973658,0.7454314651290599,14.0,0,inflation
SGP,Singapore,2024,2.38951123595017,5.3435120192366,2.737,5.14,12.0,1.33623333333333,383945953550.791,17.2010838902762,-2.44421239230781,3.8932442603409503,13.96,0,inflation
BEN,Benin,2025,1.10155247902978,8.07408453688336,1.589,4.21,12.0,581.92848104034,787924742.251979,-2.61491577935683,-0.05937841737437011,0.62096887462135,13.94,0,inflation
MYS,Malaysia,2018,0.884709160571235,4.84308697634881,3.3,1.83,4.92844038461538,4.03513013706806,101452531755.37,2.23708206947011,-2.986491997171135,-0.9696354334844699,13.9,0,inflation
IDN,Indonesia,2017,3.80879857691949,5.06978590134916,3.783,1.0,11.0733333333333,13380.8338788891,130215330382.957,-1.59465689989364,0.28299404876498,0.03671671854738978,13.89,0,inflation
BFA,Burkina Faso,2016,0.441041448058809,5.95797670754024,4.598,0.39,5.295,592.605615063022,787924742.251979,-6.0796386850131,-0.283797533011708,2.03674791374674,13.88,0,inflation
LKA,Sri Lanka,2016,3.9588884659307,5.05362488993089,4.242,0.39,10.4933333333333,145.581667492026,6008199165.17799,-1.97999493165089,0.19052063530974017,0.84766941491488,13.87,0,inflation
MLI,Mali,2024,3.2063986409966,5.01653579205785,2.924,5.14,12.0,606.345297609063,787924742.251979,-4.32974251221221,1.1475963582543698,0.25259479164853005,13.87,0,inflation
KEN,Kenya,2018,4.6898064677633,5.64794640709219,4.284,1.83,13.0607588353757,101.301574049018,8164380806.22987,-5.41106679141752,-3.3158432093361503,1.8099882334449804,13.87,0,inflation
SGP,Singapore,2018,0.438784215129623,3.18660848474074,3.613,1.83,5.33,1.34884166666667,292715632357.011,15.6764327413725,-0.13797897605037296,-1.1401852229642695,13.85,0,inflation
CIV,Cote d'Ivoire,2022,5.23352856100843,6.39988362730921,2.31,1.69,12.0,623.759700911182,787924742.251979,-7.60520680486661,1.0743319818904498,-0.6626535071589501,13.84,0,inflation
CIV,Cote d'Ivoire,2021,4.15919657911798,7.06253713446816,2.623,0.08,12.0,554.530675033104,787924742.251979,-3.94825311453384,1.74667040722745,6.362808540973932,13.84,0,inflation
PAK,Pakistan,2018,5.07805725868917,6.15170261099519,4.083,1.83,8.53083333333334,121.824068875756,11837177725.8521,-5.29556175645778,0.9926835783630903,1.71907670415544,13.81,0,year
PAK,Pakistan,2017,4.08537368032608,4.43262590683975,3.204,1.0,8.21,105.455162087938,18455861310.286,-4.76985760466006,0.3202545167602797,-2.14121237827068,13.81,0,year
TLS,Timor-Leste,2021,3.69792094666786,5.36980119392668,2.344,0.08,11.1598355669949,1.0,979959343.84168,54.7594426573303,3.2024217312082888,-26.35594047821462,13.79,0,inflation
UGA,Uganda,2020,3.31332289544502,2.95130642218098,3.819,0.37,12.0,3718.24892270924,3912651478.07551,-9.56958764500258,0.44573486097601966,-3.48743861058341,13.79,0,inflation
MLI,Mali,2021,3.92560283104277,3.10094124463507,4.006,0.08,12.0,554.530675033104,787924742.251979,-6.38508311257971,3.4875138907221013,4.27004959321112,13.78,0,year
BTN,Bhutan,2025,3.55513663074987,8.00502716233098,3.227,4.21,11.7566666666667,87.1584483507393,1191252357.26907,-2.61491577935683,0.79382093450889,0.5064650947906006,13.77,0,inflation
BEN,Benin,2020,3.02272119663759,3.84879240030133,1.518,0.37,6.5375,574.294549649056,787924742.251979,-1.74648575797682,2.2898718253965242,-3.01689422818202,13.69,0,inflation
TTO,Trinidad and Tobago,2024,0.526884625776839,2.50920813979569,3.318,5.14,7.5,6.75012324870591,5601120709.15512,2.51810824357524,-4.102417798422841,1.0427486668551598,13.68,0,inflation
HUN,Hungary,2021,5.11096534382855,7.22291580811137,4.021,0.08,2.9645376181,303.140833333333,43483375179.1178,-4.28505680487642,1.78422148616117,11.56164120835195,13.65,0,inflation
MDV,Maldives,2023,2.90372427754586,4.94286301229583,4.019,5.03,11.6818372301607,15.3867943548387,590522550.56534,-21.1388087335441,0.57318381277336,-8.88322650611807,13.65,0,inflation
MYS,Malaysia,2017,3.87120115774237,5.81272240983328,3.41,1.0,4.60807808641975,4.30044087761124,102446599680.702,2.807870911226,1.7806345624849498,1.3629410122178705,13.61,0,inflation
KHM,Cambodia,2022,5.34370264895437,5.12990110773977,0.245,1.69,12.0,4102.03786482335,17801364792.3965,-18.9571988645141,2.42296787302488,2.04005826625316,13.6,0,inflation
MYS,Malaysia,2025,1.38060872293692,5.17127082911057,3.764,4.21,4.82472886111111,4.28442415048243,125629250346.156,-2.61491577935683,-0.4534914815620801,0.06581161887016052,13.58,0,inflation
MAC,"Macao SAR, China",2023,0.476384495788075,75.3084184293413,2.206,5.03,6.00960180074487,8.06339008333333,27770639000.0,29.2837170303891,-0.568643527911465,94.2653599238383,13.54,0,inflation
PER,Peru,2018,1.50915423024742,3.969351341365,3.492,1.83,14.539125,3.28660269803296,60333192028.0169,-1.28150267165616,-1.48574622784701,1.45051589903365,13.54,0,inflation
POL,Poland,2018,1.81295156542689,6.2458584723942,3.835,1.83,12.0,3.61171666666667,116956636327.589,-1.96597258830492,-0.2629839713116999,1.09340073913513,13.54,0,inflation
VNM,Viet Nam,2021,1.83471554810462,2.55372852648131,2.383,0.08,7.811,23159.7825925926,109371353442.833,-1.26284279203588,-1.38621881842053,-0.3116846826414097,13.53,0,inflation
PNG,Papua New Guinea,2022,5.25323922215241,5.70701964996525,2.689,1.69,7.99083333333333,3.51922970506745,3982557795.83284,14.4294934827217,0.7696490817284296,6.217632256999611,13.53,0,inflation
TLS,Timor-Leste,2019,0.958812739703141,24.2128840085001,3.148,2.16,15.3621803257428,1.0,656221032.73923,22.1597723779213,-1.677659270455779,24.679386179158886,13.52,0,inflation
SEN,Senegal,2024,0.804503298792438,6.46220577412338,2.788,5.14,12.0,606.345297609063,787924742.251979,-2.61491577935683,-5.134974688939712,2.20477494111681,13.5,0,inflation
KHM,Cambodia,2024,0.808042016536654,6.0158145735202,0.254,5.14,12.0,4072.39723921642,22505568572.5432,0.492323754520323,-1.319425949405286,1.0084841354012202,13.5,0,inflation
MMR,Myanmar,2017,4.5725365531752,6.13610824360305,1.356,1.0,16.0,1360.35870704085,5213962530.80223,-7.44369978642156,-2.35628870498556,0.2736353284173303,13.5,0,inflation
TGO,Togo,2024,2.86262074089801,6.52651376797853,1.948,5.14,12.0,606.345297609063,787924742.251979,-2.61491577935683,-2.6266649405133,0.32888407419721055,13.5,0,inflation
BEN,Benin,2024,1.16093089640415,7.45311566226201,1.637,5.14,12.0,606.345297609063,787924742.251979,-2.61491577935683,-1.5777698876565998,1.1003382768178103,13.5,0,inflation
BTN,Bhutan,2016,3.21988689395718,8.47594339232963,2.707,0.39,14.15,67.1953128073894,1127277331.66278,-26.4131091642844,-1.32825705686487,1.8151421036676592,13.49,0,inflation
BEN,Benin,2019,0.732849371241066,6.86568662848335,1.214,2.16,6.68833333333333,585.950813757166,787924742.251979,-3.99948140400369,-0.186321346644988,0.16843300667447014,13.49,0,inflation
PAK,Pakistan,2016,3.7651191635658,6.57383828511043,2.285,0.39,8.755,104.769117033301,22027605269.5237,-2.29279660651385,1.23579099102351,2.35589618938537,13.48,0,inflation
MLT,Malta,2019,1.6420600176894,4.0850557312243,4.08,2.16,12.0,0.893276257067409,937615561.122227,17.8499382404589,0.48423639317422995,-3.1041585241448697,13.48,0,inflation
BGR,Bulgaria,2025,4.58084355235697,3.0963663917961,3.536,4.21,4.23581666666667,1.73519166666667,47145331735.8056,-5.84314232446831,2.1343241222961797,-0.29072322829722985,13.47,0,year
BFA,Burkina Faso,2019,-3.23338933983322,5.88920497068135,4.493,2.16,6.68833333333333,585.911013180369,787924742.251979,-3.26728197882863,-5.18933236655854,-0.7153640974420599,13.43,0,year
PNG,Papua New Guinea,2017,5.42204568023834,3.53461081750459,2.58,1.0,8.38833333333333,3.18878838289617,1735798651.35536,15.9024612947226,-1.2516831333209595,-1.9549623352772798,13.41,0,unemployment
TZA,Tanzania,2016,5.17476629301493,6.86711619644551,1.931,0.39,15.9583333333333,2177.08666666667,4350687047.93764,-2.44600098634938,-0.4134032365780502,0.7064874223786894,13.39,0,inflation
COM,Comoros,2021,-0.0044179368234698,2.04245238320844,4.394,0.08,7.875,415.955849148122,329671751.96892,-0.313759475099584,-0.7910598663226208,2.238009225127199,13.38,0,year
NOR,Norway,2017,1.87510059552545,2.66964474273466,4.164,1.0,3.00583333333333,8.27166666666666,65923863904.4306,5.20839830097389,-1.67489940447462,1.3780574150233098,13.38,0,inflation
KHM,Cambodia,2025,2.35127105896507,5.34932084572877,0.263,4.21,12.0,4013.43310400666,27524430820.5103,-3.6418344436232,1.5432290424284159,-0.6664937277914298,13.35,0,inflation
ISR,Israel,2018,0.805060379528526,4.05349952888294,3.917,1.83,3.47760649522146,3.59055812689938,115265900520.851,2.42234792973375,0.5552525394055181,-0.29044566044253006,13.34,0,inflation
ISR,Israel,2025,3.0414132155654,2.93114966387968,3.489,4.21,12.0,3.45189166666667,229486904238.885,1.39698911798375,-0.03339568248485003,1.9775311946411451,13.34,0,inflation
UGA,Uganda,2017,5.20971705914209,3.13140551723596,3.428,1.0,21.2786714889596,3611.22445804461,3720863721.20488,-4.88278660173815,-0.49665798702003006,-1.6495947753088602,13.34,0,year
QAT,Qatar,2022,4.99527553740761,4.18500970982862,0.13,1.69,4.56216060132599,3.64,47389335669.7513,26.7778361978623,2.6908098799875804,2.55816299064087,13.32,0,inflation
BEN,Benin,2017,0.0432648555103608,5.67156195150444,1.691,1.0,6.93416666666667,580.656749587853,787924742.251979,-4.18078964014056,0.8365750012959847,2.33188852520751,13.3,0,year
BEN,Benin,2018,0.919170717886054,6.69725362180888,1.426,1.83,6.76333333333333,555.446458398235,787924742.251979,-4.5491953448839,0.8759058623756932,1.0256916703044396,13.3,0,inflation
CHE,Switzerland,2022,2.83502798644451,3.53430286842426,4.122,1.69,2.64672373583333,0.9548325,923627520640.528,8.95592029075919,2.253213817954654,-2.6419254920772497,13.29,0,inflation
TZA,Tanzania,2017,5.31871605228931,6.72726996832438,1.854,1.0,17.7741666666667,2228.85666666667,5887869884.67437,-2.77322833378381,0.14394975927438036,-0.13984622812112946,13.29,0,year
CMR,Cameroon,2025,3.40373458279055,3.20000015616144,3.602,4.21,12.0,581.92848104034,787924742.251979,-2.61491577935683,-1.12957891432551,-0.3247229243610099,13.28,0,inflation
KOR,"Korea, Rep.",2017,1.94433230786366,3.433191763972,3.653,1.0,3.47666666666666,1131.00083333333,388804901513.924,4.39896168114518,0.9726465679514921,0.26166427413265003,13.28,0,inflation
POL,Poland,2024,3.79060897630197,3.02841630700273,2.807,5.14,12.0,3.98078333333333,223114909804.172,0.30454349270969,-7.7383038198085305,2.7788054729848577,13.27,0,unemployment
TLS,Timor-Leste,2020,0.495499215459571,31.7257416721413,2.808,0.37,14.1277354995604,1.0,667685724.209921,22.5397947997903,-0.46331352424357,7.512857663641199,13.21,0,inflation
TCD,Chad,2018,4.27462198610545,5.74111580758154,1.135,1.83,12.0,555.446458398226,147750165.909777,-2.61491577935683,5.81172161591385,7.35858503578358,13.2,0,inflation
TGO,Togo,2020,1.69928463299399,2.15900131150536,2.231,0.37,12.0,575.586004510945,787924742.251979,-0.277018884474411,1.0246318629164648,-2.7604912933814703,13.18,0,inflation
MYS,Malaysia,2016,2.09056659525742,4.44978139761541,3.44,0.39,4.53106666666667,4.14830066287879,94481267074.1533,2.36768591329055,-0.013823207126169912,-0.6417510239347006,13.17,0,inflation
BFA,Burkina Faso,2025,-0.586235316330579,5.29461839319283,3.477,4.21,12.0,581.92848104034,787924742.251979,-2.61491577935683,-4.777052529775809,0.46066029155400035,13.15,0,year
ISR,Israel,2019,0.817645940292794,3.57898762923605,3.731,2.16,3.53355862696966,3.56452734661093,126007828810.341,2.90102068119121,0.012585560764267978,-0.47451189964688956,13.15,0,inflation
MLI,Mali,2025,3.27823540357584,5.59946842896643,2.831,4.21,12.0,581.92848104034,787924742.251979,-2.61491577935683,0.07183676257923999,0.5829326369085805,13.15,0,inflation
COM,Comoros,2025,3.24909332306433,3.7544428489181,3.819,4.21,12.0,435.376187289973,409067424.497452,-2.61491577935683,-1.8028327728178501,0.45372786391777,13.15,0,inflation
USA,United States,2019,1.81221007526021,2.58382533052225,3.669,2.16,5.2825,1.0,516700583371.247,-2.05182158462342,-0.6303732216679601,-0.3826797364971801,13.15,0,inflation
KOR,"Korea, Rep.",2021,2.49833333333339,4.61296795454287,3.639,0.08,2.88416666666667,1143.95166666667,463281305723.059,4.31851487245382,1.961045309921653,5.313210272084976,13.15,0,inflation
NLD,Netherlands,2021,2.67572008805385,6.27683593745216,4.209,0.08,12.0,0.84549413889045,64469433091.3701,10.2781370842496,1.4032597101622402,10.14483307936824,13.14,0,inflation
PER,Peru,2019,2.25212191358027,2.24063176875049,3.379,2.16,14.38545,3.3372655465368,68440494635.2458,-0.727870000015783,0.74296768333285,-1.72871957261451,13.11,0,inflation
MLT,Malta,2021,1.49789217934724,13.3509818925498,3.754,0.08,12.0,0.84549413889045,1149326794.25072,9.34478175130435,0.859347222570528,16.80826421792399,13.08,0,inflation
MLT,Malta,2017,1.36435448150708,12.9713425287845,4.008,1.0,12.0,0.885205508269372,832991850.76218,19.1577307077782,0.721651709979776,8.89333830661468,13.08,0,inflation
MAC,"Macao SAR, China",2018,3.00446293166953,6.35917030567686,1.803,1.83,5.29146661101172,8.07250741666667,20281241000.0,32.4260725744085,1.7763388911414402,-3.55938813945827,13.07,0,inflation
TZA,Tanzania,2022,4.35027204269101,4.56600576430955,1.573,1.69,12.0,2303.03367612332,787924742.251979,-7.2373333204952,0.6593524546690204,0.24462146950473063,13.06,0,inflation
MDA,Moldova,2021,5.10641129002836,13.9299997889786,0.794,0.08,7.39666666666666,17.6804661418331,3901933744.98529,-12.4095546577967,1.34044006757478,22.20597810874809,13.04,0,inflation
MDV,Maldives,2022,2.3305404647725,13.8260895184139,4.303,1.69,10.9287065068347,15.386625,832094352.898169,-16.868196658323,1.7873907760354872,-23.6817806059071,13.04,0,inflation
KHM,Cambodia,2016,3.01913975139128,7.90550116130704,0.716,0.39,12.0,4058.69457885305,9113957299.04389,-6.52773923371678,1.7952077962800899,0.6984664360119197,13.02,0,inflation
SGP,Singapore,2016,-0.529809760375464,3.91095306322606,4.08,0.39,5.35,1.38154636363636,251058293461.882,18.0266123608265,-0.007834148479700986,0.9341537468780001,13.0,0,year
VNM,Viet Nam,2017,3.52025688811618,6.94019037359206,1.874,1.0,7.0675,22370.0866666667,49075567812.4586,-0.586095207209378,0.8520087184253602,0.25018144698781963,13.0,0,inflation
NER,Niger,2018,2.96760366004456,6.89458420864513,0.536,1.83,12.0,555.446458398226,787924742.251979,-12.6945964583211,0.17123047133171987,1.3625988959306197,13.0,0,inflation
BEN,Benin,2022,1.35077863583527,6.25294705373625,1.685,1.69,12.0,622.912348249567,787924742.251979,-5.68712530548324,-0.38276099110509,-0.9025045920211499,13.0,0,inflation
BTN,Bhutan,2019,2.72643037388832,5.75514851246506,2.72,2.16,14.0,70.4203405359551,1238371618.29552,-18.3062679862316,0.002466512051189973,2.25327665513769,13.0,0,inflation
GNB,Guinea-Bissau,2019,0.24660026814783,5.32749571119344,2.413,2.16,12.0,585.911013180369,787924742.251979,-7.98200773254712,-0.134724434643162,1.5660421148234098,13.0,0,year
BEN,Benin,2021,1.73353962694036,7.1554516457574,1.833,0.08,6.25,554.607798864163,787924742.251979,-4.15352071063382,-1.28918156969723,3.30665924545607,12.97,0,inflation
BOL,Bolivia,2023,2.57688800489192,2.51636590154891,3.024,5.03,8.68601452432374,6.91,1799951502.87318,-2.23776284504888,0.83055927543223,-1.2310519108656997,12.95,0,inflation
PNG,Papua New Guinea,2019,3.92867290939597,4.48051456942582,2.651,2.16,8.65083333333333,3.38753768145423,2308231641.55446,14.3799231097493,-0.44581630513564985,4.759766854385772,12.95,0,inflation
NAC,North America,2024,2.6655545188319,2.73606791647842,4.29029945331562,5.14,12.0,3.130749999,787924742.251979,-2.61491577935683,-1.3321154719826702,-0.1233834126866098,12.94,0,inflation
SLV,El Salvador,2024,0.853782292567288,2.5904637107794,3.261,5.14,12.0,1.0,3704746691.22734,-2.76497895911378,-3.191764649657482,-0.7646235056822501,12.94,0,inflation
CEB,Central Europe and the Baltics,2024,2.75760909424279,2.09534007010555,4.00056350955849,5.14,12.0,3.130749999,787924742.251979,-2.61491577935683,-6.685232306642851,1.375011770115194,12.94,0,inflation
UGA,Uganda,2025,3.58082784438067,6.33181157677313,2.746,4.21,12.0,3602.98994206814,787924742.251979,-2.61491577935683,0.25744750746248,0.2762308180172397,12.92,0,inflation
CHN,China,2021,0.981015135544882,8.57038414981781,4.55,0.08,4.35,6.44897518024316,3427931394628.85,1.6339546037037,-1.4384067590329381,6.23088029778758,12.87,0,inflation
NLD,Netherlands,2018,1.70349794744479,2.25873158164956,3.832,1.83,12.0,0.846772667108111,38431677254.824,8.83776760941587,0.3220392333726301,-0.5227767651503097,12.86,0,inflation
NLD,Netherlands,2019,2.63369910249591,2.3001616053659,3.379,2.16,12.0,0.893276257067409,43320049622.8042,6.79648399842588,0.93020115505112,0.04143002371634008,12.86,0,inflation
PHL,Philippines,2021,3.92718022100332,5.71473313185116,3.398,0.08,12.0,49.2545977288412,108754857244.204,-1.50797765976295,1.5340178278409198,15.23302787230413,12.84,0,year
IDB,IDA blend,2024,3.45053028131019,4.11563151662068,4.43949809013088,5.14,12.0,3.130749999,787924742.251979,-2.61491577935683,-1.11404691683875,1.2405436930862401,12.82,0,inflation
TEA,East Asia & Pacific (IDA & IBRD countries),2024,2.20662023268446,4.95413752144529,3.91959262359653,5.14,12.0,3.130749999,787924742.251979,-2.61491577935683,-3.72532183023341,-0.30592721785540977,12.82,0,inflation
SAS,South Asia,2024,3.72320611944934,6.75761201913679,4.19214668978211,5.14,12.0,3.130749999,787924742.251979,-2.61491577935683,-2.6593017827444103,-0.027252022225709993,12.82,0,inflation
TSA,South Asia (IDA & IBRD),2024,3.72320611944934,6.75761201913679,4.19214668978211,5.14,12.0,3.130749999,787924742.251979,-2.61491577935683,-2.6593017827444103,-0.027252022225709993,12.82,0,inflation
EAS,East Asia & Pacific,2024,2.27673550782623,3.72534172801831,3.80594106189668,5.14,12.0,3.130749999,787924742.251979,-2.61491577935683,-1.9748195806015603,-0.34585376172600046,12.82,0,inflation
EAP,East Asia & Pacific (excluding high income),2024,2.18151273615189,4.95407477892253,3.91370991631764,5.14,12.0,3.130749999,787924742.251979,-2.61491577935683,-3.70434623426975,-0.30606683470719975,12.82,0,inflation
LKA,Sri Lanka,2024,-0.42936004906973,4.99241614398109,4.239,5.14,12.0,3.130749999,6093946546.37437,1.21048332599166,-16.970534277052927,7.02134581301549,12.82,0,inflation
AFW,Africa Western and Central,2024,3.60804426950566,4.59618335068083,3.17491538811068,5.14,12.0,3.130749999,787924742.251979,-2.61491577935683,-1.6131237437343602,0.9515924720107702,12.82,0,inflation
LAO,Lao PDR,2019,3.32255881256925,5.4577350924848,2.531,2.16,12.0,8679.40909309671,1110905148.66408,-7.04124343564556,1.28216614366724,-0.79022491507392,12.81,0,inflation
NER,Niger,2017,2.79637318871284,5.53198531271451,0.556,1.0,12.0,580.656749587858,787924742.251979,-11.2187529586869,1.14248396483478,1.25060972793308,12.81,0,inflation
LAO,Lao PDR,2016,1.59691227583204,7.02283625501138,2.634,0.39,12.0,8124.36675616228,916030473.782855,-8.70356040600567,0.31955800480212004,-0.24722958872647016,12.81,0,inflation
MLI,Mali,2017,1.75985742927165,5.37554769647939,1.498,1.0,12.0,580.656749587858,787924742.251979,-6.62494382399692,3.5595045001055103,-0.62951538911559,12.81,0,inflation
TGO,Togo,2016,1.28544847051417,4.21490387414525,2.968,0.39,5.295,592.605615063022,787924742.251979,-7.19180652142337,-1.29955543750178,-1.2531375065851496,12.79,0,inflation
GNB,Guinea-Bissau,2016,1.50312055861088,5.4326782650304,3.139,0.39,5.295,592.605615063022,787924742.251979,1.36293739261607,0.02640006950603002,-0.7014110972818992,12.79,0,inflation
DEU,Germany,2016,0.491747008445174,2.22222216259371,4.104,0.39,12.0,0.903421436257263,184031339953.397,8.90236036837271,-0.022679128680282046,0.55921613924596,12.78,0,inflation
COM,Comoros,2017,-0.237362224154613,3.81576287489548,4.049,1.0,10.5,435.492562190889,207879895.509358,-2.13204216493526,-1.0348796550431,0.49531632000778014,12.76,0,year
NOR,Norway,2021,3.48388055266669,4.14314688769197,4.359,0.08,2.27416666666667,8.59,84270941751.0846,14.2830281134545,2.19729564558673,5.50370412030783,12.75,0,inflation
KWT,Kuwait,2025,2.36195936682045,2.731825804492,2.181,4.21,5.03093333333334,0.306454776364578,51737963291.5741,22.6972052506544,-0.5365913578171697,4.20584398618046,12.75,0,inflation
KHM,Cambodia,2023,2.12746796594194,5.00733043811898,0.256,5.03,12.0,4110.65274641577,19983916474.9418,1.3046836203044,-3.2162346830124298,-0.12257066962079044,12.74,0,inflation
MDV,Maldives,2024,1.41093527910134,3.49440422654285,4.278,5.14,11.550446525913,15.3891963292547,673885912.694607,-18.6788603634035,-1.49278899844452,-1.44845878575298,12.73,0,inflation
SEN,Senegal,2025,1.45900719841385,6.68227744849194,2.735,4.21,12.0,581.92848104034,787924742.251979,-2.61491577935683,0.654503899621412,0.22007167436856,12.73,0,inflation
PHL,Philippines,2019,2.39206534422404,6.11852566221303,2.237,2.16,7.09583333333333,51.7957826517332,89515298355.7402,-0.808557862529767,-2.91728127205303,-0.22295990932170007,12.72,0,inflation
BFA,Burkina Faso,2021,3.65326761825509,6.94252492572348,4.511,0.08,6.25,554.530675033104,787924742.251979,0.392208859644244,1.76856695306662,4.93175230166127,12.71,0,inflation
ECU,Ecuador,2025,0.710469324989076,3.72594857272087,3.308,4.21,12.0,1.0,9797930670.32856,5.90700735541175,-0.836855831164614,5.67003879778946,12.7,0,inflation
VNM,Viet Nam,2016,2.66824816969082,6.69000892660424,1.848,0.39,6.96,21935.0008333333,36527291044.3307,0.243099852637275,2.037047264515135,-0.29714537938186947,12.69,0,inflation
THA,Thailand,2024,0.398333333333422,2.94859986593323,0.781,5.14,4.51416666666667,35.2935380808081,236933974075.014,2.19482817825998,-0.830756532791058,0.6997654862275504,12.63,0,inflation
ISR,Israel,2017,0.249807840123008,4.34394518932547,4.14,1.0,3.49731030066808,3.59955554812834,113009532488.062,3.15479466919919,0.7849760358417031,-0.19207420304025025,12.63,0,year
BOL,Bolivia,2022,1.74632872945969,3.74741781241461,3.552,1.69,7.76498872156729,6.91,3752070996.50724,2.26510260577014,1.008945008007415,-6.281631070373991,12.63,0,inflation
UGA,Uganda,2019,2.867588034469,6.43874503276439,3.057,2.16,12.0,3704.04907169681,3246999026.90564,-7.44419073613669,0.25157612494626,0.13482125013442037,12.62,0,inflation
MLI,Mali,2019,-1.65826694846365,4.99999911699705,3.29,2.16,12.0,585.911013180369,787924742.251979,-6.29353963446871,-1.957813455851493,0.13214911764440984,12.62,0,year
PHL,Philippines,2025,1.6587364525509,4.40240158710621,2.235,4.21,12.0,57.5050971489715,110928780532.07,-3.34449841700068,-1.5538684175125699,-1.31234367418031,12.62,0,inflation
CMR,Cameroon,2017,0.64040914988195,3.54117654926007,3.573,1.0,12.0,580.656749587858,3196791410.74604,-2.63102845264373,-0.23378123340690604,-0.9946176875279398,12.57,0,inflation
SVN,Slovenia,2019,1.63052260754335,3.50525332381912,4.446,2.16,12.0,0.893276257067409,1015426218.95745,6.45290585431634,-0.10808601233844994,-0.87383014949283,12.57,0,inflation
PNG,Papua New Guinea,2024,0.602403921107917,3.88795324667848,2.625,5.14,8.29,3.8527502682192,3708907022.18138,15.4763748159171,-1.6962959918599934,0.07749016334140002,12.57,0,inflation
CMR,Cameroon,2021,2.27185762503637,3.33885747179505,3.976,0.08,12.0,554.530675033104,4299788713.29081,-3.98670897608132,-0.16575119678598993,3.078924555887935,12.57,0,inflation
UGA,Uganda,2021,2.20457204757414,3.53658034070898,3.416,0.08,12.0,3587.05170733909,4878616030.6679,-8.89448758335781,-1.1087508478708799,0.5852739185279998,12.57,0,inflation
PNG,Papua New Guinea,2023,2.29869991296791,3.81046308333708,2.649,5.03,8.37916666666667,3.58962274932016,3901331641.41289,9.0671653053806,-2.9545393091845,-1.8965565666281705,12.57,0,inflation
BTN,Bhutan,2018,2.72396386183713,3.50187185732737,3.35,1.83,14.0,68.3894670935422,987247035.583982,-18.5091513975915,-2.23111980801416,1.4150266299966998,12.57,0,inflation
POL,Poland,2021,5.05502704719272,6.92718266052501,3.268,0.08,12.0,3.86191666666667,166030186476.158,-1.30156521580162,1.6805573210068299,8.96275148452478,12.55,0,inflation
JPN,Japan,2021,-0.233352779398264,3.56419531474475,2.808,0.08,12.0,109.754323839417,1405748991418.92,3.76057343034324,-0.20835694537053298,7.84747474150048,12.54,0,inflation
MLI,Mali,2016,-1.79964707083386,6.00506308559498,1.367,0.39,5.295,592.605615063022,787924742.251979,-6.06695219310337,-3.2503376468934704,-0.23381581621566028,12.52,0,inflation
SAU,Saudi Arabia,2025,2.08420853585036,4.50246560191663,3.038,4.21,12.0,3.75,505163993094.995,-2.56365940191401,0.3962874120922699,1.85353491882698,12.51,0,inflation
BDI,Burundi,2018,-2.81469807668465,5.34224473186408,1.147,1.83,14.7891666666667,1782.876875,68126200.7714545,-13.366968151704,-18.86723337972385,1.5103871612462405,12.49,0,inflation
NER,Niger,2019,-2.48979265070855,6.07881528959186,0.531,2.16,12.0,585.911013180369,787924742.251979,-12.6596968655614,-5.45739631075311,-0.8157689190532693,12.49,0,inflation
SGP,Singapore,2017,0.576763191179996,4.32679370770501,4.2,1.0,5.28,1.380925,285000274600.258,18.4885963302097,1.10657295155546,0.41584064447894953,12.47,0,inflation
DEU,Germany,2021,3.06666666666673,3.90999994204108,3.594,0.08,12.0,0.84549413889045,295736219413.598,6.92006966375342,2.921788740852748,8.04191437444055,12.46,0,inflation
USA,United States,2018,2.44258329692817,2.96650506701943,3.896,1.83,4.90416666666667,1.0,449907088828.546,-2.12518413076048,0.3124732932685599,0.5088827657549402,12.45,0,inflation
TGO,Togo,2021,4.1862150652352,5.13562929064506,2.344,0.08,12.0,554.530675033104,787924742.251979,-2.61491577935683,2.48693043224121,2.9766279791396997,12.45,0,inflation
CIV,Cote d'Ivoire,2017,0.685881065304603,7.41076242592504,3.272,1.0,12.0,580.656749587858,787924742.251979,-1.99780015304642,-0.03729739220870498,0.23800278636172045,12.45,0,inflation
CIV,Cote d'Ivoire,2018,0.401297817263547,4.84314605889178,2.852,1.83,12.0,555.446458398226,787924742.251979,-3.90363086723186,-0.284583248041056,-2.56761636703326,12.45,0,inflation
CMR,Cameroon,2016,0.874190383288856,4.53579423678801,3.529,0.39,12.0,592.605615063022,2225708778.07818,-3.06806029650276,-1.8020449309101438,-1.13115875025131,12.45,0,inflation
GNB,Guinea-Bissau,2018,0.381324702790992,3.76145359637003,3.127,1.83,12.0,555.446458398226,787924742.251979,-3.48324795461302,-1.3097899154319879,-0.9022258427626095,12.45,0,year
GNB,Guinea-Bissau,2017,1.69111461822298,4.66367943913264,3.089,1.0,12.0,580.656749587858,787924742.251979,0.263885195365577,0.18799405961209992,-0.7689988258977607,12.45,0,inflation
SEN,Senegal,2021,2.18032278088147,6.5440010991951,3.436,0.08,12.0,554.530675033104,787924742.251979,-12.0900482268387,-0.36282407593515,5.2019273263398595,12.45,0,inflation
SEN,Senegal,2018,0.460985642464188,6.20924103388887,3.453,1.83,12.0,555.446458398226,787924742.251979,-9.58292425612147,-0.8571675060137018,-1.19824515200711,12.45,0,inflation
ECU,Ecuador,2022,3.46616972213077,5.86842354862311,3.713,1.69,12.0,1.0,8459270681.86545,1.97168538429875,3.332918336034381,-3.5534691417132,12.45,0,inflation
TGO,Togo,2017,-0.981889868943119,4.00791259566937,3.744,1.0,12.0,580.656749587858,787924742.251979,-1.51302452827798,-2.267338339457289,-0.20699127847588006,12.45,0,year
LAO,Lao PDR,2017,0.825478607568026,6.8925308726989,3.268,1.0,12.0,8244.84318921019,1125475868.42048,-7.3797065798585,-0.7714336682640139,-0.13030538231248023,12.45,0,inflation
CIV,Cote d'Ivoire,2016,0.723178457513308,7.17275963956332,1.896,0.39,5.295,592.605615063022,787924742.251979,-0.855798630849984,-0.528321090301372,-0.022189787718589926,12.42,0,inflation
TCD,Chad,2025,-3.9119812440659,5.58988021765651,1.057,4.21,12.0,581.92848104034,787924742.251979,-2.61491577935683,-12.811488566703439,0.6377753715852599,12.41,0,inflation
NER,Niger,2025,-4.45470804102568,7.00782960149,0.394,4.21,12.0,581.92848104034,787924742.251979,-2.61491577935683,-13.526228018275809,-1.3154409813172805,12.41,0,inflation
GNB,Guinea-Bissau,2025,0.874929691038717,5.81813762310792,2.673,4.21,12.0,581.92848104034,787924742.251979,-2.61491577935683,-2.890628566662423,1.4089365512718102,12.41,0,inflation
TGO,Togo,2025,0.433183451279109,6.31032671625633,1.995,4.21,12.0,581.92848104034,787924742.251979,-2.61491577935683,-2.4294372896189014,-0.21618705172220043,12.41,0,inflation
CIV,Cote d'Ivoire,2025,0.125038772593104,6.4999999999999,2.323,4.21,12.0,581.92848104034,787924742.251979,-2.61491577935683,-3.3254915087170858,0.4804653806076997,12.41,0,inflation
FJI,Fiji,2016,3.86322538221278,2.44565202449249,4.319,0.39,5.85132363726061,2.09469593918508,908823039.760341,-3.60696936050467,2.4883399559983097,-2.05554862022116,12.38,0,year
COM,Comoros,2018,2.15155084413033,3.64245114733689,3.975,1.83,10.5,416.584843798676,199213183.261238,-2.83225012492641,2.388913068284943,-0.1733117275585898,12.35,0,inflation
PHL,Philippines,2016,1.25369880080982,7.14945675000752,2.695,0.39,5.642,47.4924638585099,80666223156.9831,-0.376262661565376,0.579506263964412,0.8011470332799098,12.35,0,inflation
PHL,Philippines,2017,2.85318772590947,6.9309883258402,2.552,1.0,5.62725,50.4037197937177,81413504334.4498,-0.652387929422697,1.59948892509965,-0.2184684241673196,12.35,0,inflation
COM,Comoros,2016,0.797517430888487,3.3204465548877,4.117,0.39,10.5,444.454211297254,159412124.098012,-4.34858918733342,0.914691315078557,2.1730902322872296,12.35,0,inflation
PER,Peru,2017,2.99490045809443,2.51883544233135,3.691,1.0,16.7874916666667,3.2604884908321,63819289822.9382,-1.11176847186392,-0.5622761774683602,-1.43448327287632,12.33,0,inflation
KWT,Kuwait,2019,1.09184802655856,2.26381706595791,2.213,2.16,4.8111,0.303611163035755,43668410965.0783,21.4792265638837,0.5487148783589929,-0.4795133843562396,12.32,0,inflation
HPC,Heavily indebted poor countries (HIPC),2017,4.5783374121255,5.06377966448277,4.36920088303381,1.0,12.0,3.130749999,787924742.251979,-2.61491577935683,0.19444545698635007,0.7637184253607101,12.31,0,inflation
SGP,Singapore,2025,0.902998495002676,5.02588199508003,2.818,4.21,12.0,1.30745,432113578989.259,16.7132387250529,-1.4865127409474939,-0.3176300241565704,12.29,0,inflation
BEN,Benin,2016,-0.793310145785624,3.33967342629693,1.834,0.39,5.295,592.605615063006,787924742.251979,-2.99669454869691,-1.012096069321869,1.5615223659941502,12.28,0,year
BHR,Bahrain,2018,2.08766938046978,2.05258864979861,1.188,1.83,12.0,0.376,2334278370.00967,-6.15289066217848,0.7009510747057202,-2.90124669143796,12.27,0,inflation
ARE,United Arab Emirates,2016,1.61748808904198,5.65790147196586,1.64,0.39,12.0,3.6725,85390832746.3078,-2.61491577935683,-2.4524779945739503,-1.4297647546106802,12.26,0,inflation
KHM,Cambodia,2021,2.92073477592949,3.08984284148661,0.396,0.08,12.0,4098.72279505888,20269721097.822,-29.6073037218251,-0.019560366710209998,6.6455647755521,12.26,0,inflation
HUN,Hungary,2018,2.85024792594646,5.60613813768876,3.667,1.83,1.47096759300833,270.211666666667,31366581856.0416,0.340906702488933,0.5020051144449198,1.4819542431707093,12.26,0,inflation
FJI,Fiji,2018,4.08147637644543,3.812350939512,4.523,1.83,5.67732659254776,2.08737978924997,947653331.857671,-8.44729845329712,0.7338980288671197,-1.54101341028377,12.26,0,year
HUN,Hungary,2017,2.34824281150154,4.12418389451805,4.156,1.0,1.48114342166667,274.433333333333,28002680652.4484,1.71954655139942,1.9534735048151481,1.6855424814246303,12.26,0,inflation
SEN,Senegal,2016,0.837284942557434,6.35606857208136,4.455,0.39,5.295,592.605615063022,787924742.251979,-4.178756111634,0.702073008922269,-0.010975078588470133,12.26,0,inflation
HUN,Hungary,2019,3.33858635382008,5.07718495088933,3.411,2.16,1.79243378790833,290.66,31831003374.707,-0.606737568975121,0.48833842787362025,-0.5289531867994297,12.26,0,inflation
DEU,Germany,2017,1.50949485109628,2.797906720551,3.781,1.0,12.0,0.885205508269372,199983070123.869,8.07873526112888,1.017747842651106,0.57568455795729,12.25,0,inflation
MAC,"Macao SAR, China",2021,0.0264543647055504,22.4622020023362,2.221,0.08,5.26037313818147,8.00553175,26664872000.0,6.72919312514395,-0.7849561467859616,76.86429458127151,12.25,0,inflation
ARE,United Arab Emirates,2025,1.250865245598,3.917007817944405,2.174,4.21,12.0,3.6725,292319262021.321,-2.61491577935683,-0.4124998566509399,-0.12833054667881386,12.24,0,inflation
PNG,Papua New Guinea,2025,4.42141364166485,5.63792052319458,2.571,4.21,12.0,4.12272372720281,787924742.251979,-2.61491577935683,3.8190097205569336,1.7499672765161005,12.22,0,inflation
CEB,Central Europe and the Baltics,2025,3.81419531520146,2.36701156809835,4.14260588932297,4.21,12.0,3.130749999,787924742.251979,-2.61491577935683,1.0565862209586698,0.2716714979927999,12.21,0,year
PER,Peru,2016,3.55717663556279,3.95331871520767,3.741,0.39,16.4662,3.37506158720665,61801163825.775,-2.42132634833473,0.1590846880997101,0.7010739430231601,12.21,0,inflation
CIV,Cote d'Ivoire,2019,0.790855512053661,6.72137167584978,2.401,2.16,12.0,585.911013180369,787924742.251979,-2.23379059024848,0.389557694790114,1.8782256169579998,12.21,0,inflation
BHR,Bahrain,2024,0.919635459817651,2.89710543153512,1.084,5.14,12.0,0.376,4948702759.13155,4.83346638041053,0.8450147815984255,-0.9810107169205402,12.15,0,inflation
THA,Thailand,2023,1.22908986612448,2.24883437970568,0.733,5.03,4.28583333333333,34.8021885808364,224470464418.923,1.64003832144024,-4.84680966229985,-0.38900775595737036,12.13,0,inflation
MOZ,Mozambique,2019,2.80270307928111,2.31781394821475,4.462,2.16,18.9583333333333,62.5483333333333,3889883054.9102,-16.0764477598265,-1.1086313206261802,-1.16711807601307,12.13,0,inflation
SLB,Solomon Islands,2024,4.32183948388033,2.99755987604104,1.444,5.14,12.0,8.45483560171654,685807870.563439,-4.18133473457478,-1.5640194865413095,0.15644136449297008,12.12,0,unemployment
BHR,Bahrain,2023,0.0746206782192256,3.87811614845566,1.049,5.03,12.0,0.376,5117552034.50774,5.84398348945118,-3.5511203648255942,-2.3020451062961897,12.11,0,inflation
NER,Niger,2016,1.65388922387806,4.28137558478143,0.55,0.39,5.295,592.605615063022,787924742.251979,-11.4269122456101,2.229979593711249,-0.11127324729147947,12.11,0,inflation
LTE,Late-demographic dividend,2025,3.74577316751945,4.45332355682564,4.49833547120506,4.21,12.0,3.130749999,787924742.251979,-2.61491577935683,0.8419781532716701,-0.07221517335842975,12.1,0,inflation
BDI,Burundi,2019,-0.686772170797359,4.45934202358784,1.043,2.16,14.5333333333333,1845.62289069697,111373704.053543,-13.689181364132,2.1279259058872912,-0.8829027082762408,12.08,0,year
NER,Niger,2020,2.8981937602627,4.45481803846413,0.591,0.37,12.0,575.586004510945,787924742.251979,-13.3037025420107,5.38798641097125,-1.6239972511277303,12.08,0,inflation
TZA,Tanzania,2021,3.69091958802199,4.32138429480482,1.876,0.08,12.0,2297.76422623792,787924742.251979,-3.36035890344051,0.4006289600387398,2.32941968832627,12.08,0,inflation
CHN,China,2018,2.07479039965576,6.757806142324,4.31,1.83,4.35,6.61595717735439,3168216331199.08,0.170563391928727,0.48165439894140016,-0.13343302403790958,12.06,0,inflation
CHN,China,2019,2.89923416358227,6.06737806333672,4.56,2.16,4.35,6.90838500992901,3222894578036.36,0.619961080716059,0.8244437639265096,-0.6904280789872805,12.06,0,inflation
BHR,Bahrain,2022,3.62574104304482,6.18016125475185,1.265,1.69,12.0,0.376,4774898054.78219,14.7198235888136,4.23206042818567,1.83012033806199,12.05,0,inflation
CZE,Czechia,2016,0.683504209385703,2.58087013921376,3.952,0.39,3.9072462757748,24.4399166666667,85725304288.2449,1.74734921729713,0.374139660890728,-2.3778883499422796,12.05,0,year
CMR,Cameroon,2019,2.45280214062732,3.47505998194981,3.632,2.16,12.0,585.911013180369,3720172167.11585,-4.27316997253143,1.38394402749812,-0.4804542569706802,12.05,0,inflation
GNB,Guinea-Bissau,2020,1.14000939393222,2.89149979806913,2.887,0.37,12.0,575.586004510945,787924742.251979,-2.26872986569478,0.89340912578439,-2.43599591312431,12.05,0,inflation
POL,Poland,2019,2.22747880938291,4.58045817256199,3.267,2.16,12.0,3.839375,128392157887.295,-0.272945793712772,0.41452724395602014,-1.6654002998322106,12.0,0,inflation
GTM,Guatemala,2021,4.26105127422813,8.04170398855833,2.174,0.08,12.1875,7.73438833333333,20934881434.6135,2.16690668305723,1.0466106522546803,9.827255164262981,11.97,0,inflation
ISL,Iceland,2018,2.68291768267392,4.66077036232377,2.704,1.83,6.955,108.300176306626,6321213331.79507,4.44167966704129,0.9225020908678698,1.1757033207682204,11.96,0,inflation
CMR,Cameroon,2018,1.0688581131292,3.95551423892049,3.608,1.83,12.0,555.446458398226,3459329760.96426,-3.52725517847682,0.4284489632472501,0.41433768966042006,11.94,0,inflation
SEN,Senegal,2017,1.31815314847789,7.40748618589598,4.078,1.0,12.0,580.656749587858,787924742.251979,-7.28006040709529,0.48086820592045587,1.0514176138146203,11.94,0,inflation
SEN,Senegal,2019,1.76011151192939,4.6136280976221,2.863,2.16,12.0,585.911013180369,787924742.251979,-8.10949609772065,1.299125869465202,-1.59561293626677,11.94,0,inflation
LAO,Lao PDR,2018,2.04039266890201,6.24796000755872,2.897,1.83,12.0,8401.33476613966,980441052.937056,-9.08923603390856,1.214914061333984,-0.6445708651401798,11.94,0,inflation
TGO,Togo,2018,0.927755426457183,4.79518333086139,2.9,1.83,12.0,555.446458398226,787924742.251979,-2.62976116468944,1.909645295400302,0.7872707351920196,11.94,0,inflation
MDV,Maldives,2025,4.00578494118752,6.31092335003081,4.514,4.21,11.6320227383198,15.415677547363,984573591.713979,-2.61491577935683,2.59484966208618,2.8165191234879603,11.94,0,inflation
GNB,Guinea-Bissau,2021,2.24248879577658,5.0173096003907,3.016,0.08,12.0,554.530675033104,787924742.251979,-0.740601759118056,1.10247940184436,2.12580980232157,11.94,0,inflation
LAO,Lao PDR,2021,3.75562036658877,2.52835100486102,2.08,0.08,12.0,9697.91578947368,1950518267.75273,2.29262780940358,-1.34845226301042,2.0253191758423386,11.93,0,inflation
CHN,China,2017,1.59313600071436,6.89123916636191,4.47,1.0,4.35,6.75875508633597,3235681607213.04,1.50488723669316,-0.40686582120507,0.11755047958920972,11.91,0,inflation
TCD,Chad,2019,-0.971939175419401,5.38282202874814,1.077,2.16,12.0,585.911013180369,310032032.850238,-2.61491577935683,-5.246561161524851,-0.3582937788334002,11.9,0,inflation
TZA,Tanzania,2018,3.49445848856181,5.50267599384966,1.792,1.83,17.4141666666667,2263.78166666667,5049646420.4773,-4.05016373285836,-1.8242575637275,-1.22459397447472,11.89,0,inflation
THA,Thailand,2019,0.705524801910317,2.11455779628278,0.716,2.16,4.08416666666666,31.0476057805499,224355506654.641,7.04854832033554,-0.36131007179726293,-2.1083124911779296,11.88,0,inflation
KGZ,Kyrgyz Republic,2016,0.388838296895799,4.33585592190116,4.294,0.39,24.5318680766991,69.9140658252997,1967811282.96594,-11.628233310749,-6.114480093038041,0.4600304767767702,11.85,0,year
UGA,Uganda,2018,2.61601190952274,6.30392378262997,3.249,1.83,19.8465587059191,3727.06899484612,3233114649.90299,-6.32983605256251,-2.5937051496193497,3.17251826539401,11.85,0,inflation
KGZ,Kyrgyz Republic,2018,1.54266145238436,3.75791013557165,4.559,1.83,19.5131820149386,68.840320327701,2156976620.3674,-11.6275560440076,-1.63264841141504,-0.98202708820719,11.85,0,inflation
TON,Tonga,2016,2.57815515245081,6.59869879417958,2.048,0.39,7.92752471631559,2.21566110422528,176497315.495875,-8.24779157519442,3.63215347216364,5.48495477019892,11.81,0,inflation
IDA,IDA total,2017,3.85067166284727,4.00703084076721,4.52920643847786,1.0,12.0,3.130749999,787924742.251979,-2.61491577935683,0.63078476889009,0.7509615988324598,11.8,0,year
CEB,Central Europe and the Baltics,2021,3.83984491500146,6.57271679525719,4.44508031221282,0.08,12.0,3.130749999,787924742.251979,-2.61491577935683,2.1674039464439003,9.87382437552187,11.8,0,inflation
NZL,New Zealand,2021,3.94112060778728,4.29916005216614,3.776,0.08,12.0,1.4138,16113750239.6804,-5.64905496688557,2.22655890771483,4.540076166925129,11.8,0,inflation
HPC,Heavily indebted poor countries (HIPC),2016,4.38389195513915,4.30006123912206,4.36188759881032,0.39,12.0,3.130749999,787924742.251979,-2.61491577935683,0.8331322815716904,-0.6064070010319993,11.8,0,inflation
TZA,Tanzania,2019,3.46428057999021,5.79999999996723,1.735,2.16,16.9708333333333,2288.20666666667,787924742.251979,-2.19612703390999,-0.030177908571599854,0.29732400611756926,11.79,0,inflation
USA,United States,2017,2.13011000365961,2.45762230126449,4.355,1.0,4.09666666666667,1.0,451285263406.24,-1.87442427129943,0.8685267979542501,0.6381708221736,11.78,0,inflation
PSS,Pacific island small states,2025,1.43420860934971,3.31927523064815,3.51831083728422,4.21,12.0,3.130749999,787924742.251979,-2.61491577935683,-1.02124211224057,-0.3481271558782999,11.78,0,inflation
PRE,Pre-demographic dividend,2025,3.27823540357584,3.57431469085844,4.54407578031541,4.21,12.0,3.130749999,787924742.251979,-2.61491577935683,-0.9125818098693905,0.24569301510643982,11.78,0,inflation
MLI,Mali,2018,0.299546507387843,4.86784999935264,1.62,1.83,12.0,555.446458398226,787924742.251979,-4.10572622720131,-1.460310921883807,-0.5076976971267495,11.77,0,inflation
MAC,"Macao SAR, China",2017,1.22812404052809,9.91855844513513,1.981,1.0,5.25,8.026001,20169663000.0,30.3687980221857,-1.1408334565308902,10.62006865768809,11.76,0,inflation
FJI,Fiji,2017,3.34757834757831,5.35336434979577,4.418,1.0,5.74051096179291,2.06687530381454,1116363704.4475,-6.639070882176,-0.5156470346344699,2.90771232530328,11.76,0,inflation
KWT,Kuwait,2018,0.543133148199567,2.74333045031415,2.202,1.83,4.827,0.301956493524177,40282453060.4129,17.3456575415954,-1.628699836900493,7.455553155267769,11.75,0,inflation
SLV,El Salvador,2021,3.46692585313082,11.9047617015957,4.327,0.08,12.0,1.0,3426052270.22409,-4.30553038660689,3.838516065454915,19.7978630614627,11.75,0,inflation
MAC,"Macao SAR, China",2025,0.333311677308542,4.67106705680436,2.347,4.21,5.45105209078972,8.02981025,30638010000.0,-2.61491577935683,-0.33918692154582303,-3.1785350133008894,11.72,0,inflation
THA,Thailand,2018,1.06683487370758,4.22287028746071,0.765,1.83,4.14666666666666,32.3102257431458,205640628937.522,5.61986314598972,0.40241973387668695,0.04518925536060969,11.71,0,inflation
TGO,Togo,2019,0.674652770077525,4.91949260488683,2.036,2.16,12.0,585.911013180369,787924742.251979,-0.792850409861065,-0.253102656379658,0.12430927402544079,11.68,0,inflation
AFW,Africa Western and Central,2025,1.65781767585277,4.6000999560392,3.19297271435272,4.21,12.0,3.130749999,787924742.251979,-2.61491577935683,-1.95022659365289,0.003916605358369907,11.67,0,inflation
EAS,East Asia & Pacific,2025,1.9133344329508,3.99734138634533,3.80602951002153,4.21,12.0,3.130749999,787924742.251979,-2.61491577935683,-0.36340107487542994,0.2719996583270201,11.67,0,inflation
HPC,Heavily indebted poor countries (HIPC),2025,3.40373458279055,5.82575819723698,4.14304356025997,4.21,12.0,3.130749999,787924742.251979,-2.61491577935683,-1.20247639848046,0.7047646117071604,11.67,0,inflation
KGZ,Kyrgyz Republic,2017,3.1753098637994,4.73993722377884,4.425,1.0,19.8191860496034,68.866667859063,2177013757.29635,-6.95269622627314,2.786471566903601,0.4040813018776799,11.67,0,inflation
TSA,South Asia (IDA & IBRD),2025,3.10423966443212,7.12381420637792,4.24320442446027,4.21,12.0,3.130749999,787924742.251979,-2.61491577935683,-0.6189664550172198,0.3662021872411305,11.67,0,inflation
SAS,South Asia,2025,3.10423966443212,7.12381420637792,4.24320442446027,4.21,12.0,3.130749999,787924742.251979,-2.61491577935683,-0.6189664550172198,0.3662021872411305,11.67,0,inflation
TEA,East Asia & Pacific (IDA & IBRD countries),2025,1.9133344329508,4.94449693162349,3.92396383247478,4.21,12.0,3.130749999,787924742.251979,-2.61491577935683,-0.2932857997336602,-0.009640589821799495,11.67,0,inflation
SLV,El Salvador,2025,0.257570528307203,3.90594189242583,3.303,4.21,12.0,1.0,4816331848.37457,-3.54162941770512,-0.596211764260085,1.31547818164643,11.67,0,year
LKA,Sri Lanka,2025,-4.76386036960983,4.9534339114043,4.005,4.21,12.0,3.130749999,787924742.251979,-2.61491577935683,-4.3345003205401,-0.03898223257678968,11.67,0,year
EAP,East Asia & Pacific (excluding high income),2025,2.06264825470915,4.9444935536329,3.91810951483912,4.21,12.0,3.130749999,787924742.251979,-2.61491577935683,-0.11886448144273976,-0.009581225289630346,11.67,0,inflation
IDA,IDA total,2025,3.36462189317825,4.72576659326165,4.42940600465558,4.21,12.0,3.130749999,787924742.251979,-2.61491577935683,-0.5262204856628001,0.3752771601901097,11.67,0,inflation
IDB,IDA blend,2025,2.40069559361747,4.57673954149303,4.42715825954522,4.21,12.0,3.130749999,787924742.251979,-2.61491577935683,-1.0498346876927198,0.4611080248723498,11.67,0,inflation
IDX,IDA only,2025,3.55071913108936,4.86860827326892,4.43073240687791,4.21,12.0,3.130749999,787924742.251979,-2.61491577935683,-0.7056092175734201,0.29201204840244,11.67,0,inflation
GRP,Lower middle income,2025,3.54630163142885,5.96181800412216,4.50434385605843,4.21,12.0,3.130749999,787924742.251979,-2.61491577935683,-0.05429353169446016,-0.12833054667881386,11.67,0,inflation
BOL,Bolivia,2018,2.27205987230155,2.86808404814794,3.519,1.83,8.03724252665112,6.91,8929614182.53614,-3.56297103526121,-0.5506981831701498,-1.3271222854985303,11.62,0,inflation
HKG,"Hong Kong SAR, China",2016,2.40930743862224,2.17544820327555,3.392,0.39,5.0,7.76225,386293451174.891,3.95440937584328,-0.5815407546035702,-0.2123529568578899,11.61,0,inflation
THA,Thailand,2025,-0.133634356480207,2.44247444990198,0.781,4.21,3.9425,32.882809252867,282261124353.135,2.76290010089629,-0.531967689813629,-0.5061254160312503,11.6,0,inflation
CZE,Czechia,2025,2.45996367838865,2.58046673293437,2.825,4.21,4.66837231799845,21.882,176325883579.118,0.624791974567142,0.02465165403550973,1.32915577047514,11.6,0,inflation
TLS,Timor-Leste,2025,0.428322848346937,6.97538939119629,1.592,4.21,10.4149289274873,1.0,850559733.202912,-36.8713347686307,-1.6345186817077428,16.07608228930026,11.55,0,inflation
BOL,Bolivia,2017,2.8227580554717,4.19520633364647,3.655,1.0,8.10989203240817,6.91,10245969449.6731,-4.13313217775547,-0.8004562621696798,-0.0687145362752597,11.5,0,inflation
BOL,Bolivia,2016,3.62321431764138,4.26392086992173,3.498,0.39,7.95202606117997,6.91,10053627485.0797,-5.61927215929093,-0.4363960937150706,-0.5932663151642998,11.5,0,inflation
HKG,"Hong Kong SAR, China",2017,1.49387243939522,3.79610937243891,3.124,1.0,5.0,7.79325,431441967070.678,4.57729182218876,-0.9154349992270199,1.62066116916336,11.5,0,inflation
GBR,United Kingdom,2017,2.55775577557747,3.02322219840339,4.501,1.0,12.0,0.776976682344123,150857673778.943,-3.47326460218152,1.54933840746337,0.8167019920498197,11.47,0,inflation
TZA,Tanzania,2025,3.32697361316105,5.85286828692739,1.572,4.21,12.0,3.130749999,787924742.251979,-2.61491577935683,0.2700268500373202,0.3265544563328904,11.46,0,inflation
ECU,Ecuador,2021,0.133251386096389,9.42189269033631,4.504,0.08,12.0,1.0,7912190379.51528,2.84541289869901,0.47212377865852806,18.66698888199496,11.44,0,inflation
OMN,Oman,2022,2.5061425061425,7.98570728354278,3.3,1.69,12.0,0.3845,17606348634.1578,3.65021452080103,0.8239306473816499,5.4035322942534805,11.44,0,inflation
CHN,China,2016,2.00000182191943,6.7736886867727,4.56,0.39,4.35,6.6444778294468,3097658421378.4,1.67018709565352,0.56297801256288,-0.20793386885097043,11.42,0,inflation
MDA,Moldova,2019,4.83778351428729,3.5523140853476,1.502,2.16,8.25,17.5734688664875,3059660617.37019,-9.42148010949479,1.79272954091671,-0.5232813805027403,11.37,0,unemployment
ARE,United Arab Emirates,2021,0.179935336174431,4.55280140106356,3.105,0.08,12.0,3.6725,131116705892.304,-2.61491577935683,2.2593385155838708,13.24623503882995,11.36,0,year
BHR,Bahrain,2021,-0.60631938514085,4.35004091668986,1.548,0.08,12.0,0.376,4993195962.86458,6.37213530677418,1.71138690817294,10.26140386910506,11.36,0,inflation
NAC,North America,2019,1.88073954968807,2.53036581365198,3.890566885067,2.16,12.0,3.130749999,787924742.251979,-2.61491577935683,-0.4746649350165302,-0.4175273070682599,11.29,0,inflation
SLV,El Salvador,2019,0.0753241350024612,2.43747159065784,4.17,2.16,12.0,1.0,4445830632.52269,-0.421693578525018,-1.0150058708164589,0.025027366878640045,11.29,0,year
NZL,New Zealand,2019,1.61963190184048,2.32371708441623,4.109,2.16,12.0,1.517875,17813501891.014,-2.82057766065118,0.02133486382351979,-0.9984795804980902,11.29,0,inflation
AFW,Africa Western and Central,2019,1.98309228487232,3.28314241472725,4.39390284484525,2.16,12.0,3.130749999,787924742.251979,-2.61491577935683,0.19904233655188008,0.3831882283840402,11.29,0,inflation
TEA,East Asia & Pacific (IDA & IBRD countries),2019,1.93321335810515,5.88481120447702,3.91155753249547,2.16,12.0,3.130749999,787924742.251979,-2.61491577935683,-0.9841964265992897,-0.6530276918602995,11.19,0,inflation
EAS,East Asia & Pacific,2019,1.71437095763401,4.04090596808282,3.82442011949597,2.16,12.0,3.130749999,787924742.251979,-2.61491577935683,-0.6541781004329899,-0.7710971329460605,11.19,0,inflation
HPC,Heavily indebted poor countries (HIPC),2019,2.83514555687506,4.20365615145262,4.32898652284681,2.16,12.0,3.130749999,787924742.251979,-2.61491577935683,-0.18233625343899984,0.02079466464945945,11.19,0,inflation
CEB,Central Europe and the Baltics,2019,2.6645613342544,4.03232614160713,3.76072643211224,2.16,12.0,3.130749999,787924742.251979,-2.61491577935683,0.13010709238842022,-0.9210460665812503,11.19,0,inflation
EAP,East Asia & Pacific (excluding high income),2019,1.94257500833107,5.88489228328295,3.90432643103478,2.16,12.0,3.130749999,787924742.251979,-2.61491577935683,-1.2557725509188902,-0.6531121872284702,11.19,0,inflation
EST,Estonia,2019,2.27725931243522,3.72664943466884,4.514,2.16,12.0,0.893276257067409,1426439025.48627,2.00905944057614,-1.1590675717692402,0.02695187305158031,11.19,0,inflation
MOZ,Mozambique,2018,3.91133439990729,3.48493202422782,4.21,1.83,22.9833333333333,60.3262076432022,3105757331.8387,-29.4674796418233,-11.201872990031111,0.8467246511212401,11.18,0,year
IDA,IDA total,2016,3.21988689395718,3.25606924193475,4.32363603508757,0.39,12.0,3.130749999,787924742.251979,-2.61491577935683,0.06205571414803002,-0.22581932820322992,11.15,0,inflation
AFW,Africa Western and Central,2018,1.78404994832044,2.89995418634321,4.33609979249296,1.83,12.0,3.130749999,787924742.251979,-2.61491577935683,0.05856392457312998,0.5971935949161398,11.15,0,inflation
AFW,Africa Western and Central,2017,1.72548602374731,2.30276059142707,4.28464574730964,1.0,12.0,3.130749999,787924742.251979,-2.61491577935683,0.23807051619184993,2.126588872827309,11.15,0,inflation
IDB,IDA blend,2016,1.65038994431573,2.37410124286114,3.73137542358032,0.39,12.0,3.130749999,787924742.251979,-2.61491577935683,0.27550451810125987,-1.5536680536363598,11.15,0,inflation
IDB,IDA blend,2017,1.14765339305816,2.82463712924834,4.34851254345894,1.0,12.0,3.130749999,787924742.251979,-2.61491577935683,-0.5027365512575699,0.4505358863872,11.15,0,inflation
NZL,New Zealand,2018,1.59829703801696,3.32219666491432,4.335,1.83,12.0,1.44525833333333,17656593019.6171,-4.16442592967999,-0.25249063650839987,0.0065104484322797695,11.15,0,inflation
NIC,Nicaragua,2017,3.85067166284727,4.63120757580209,3.3,1.0,10.7806044298079,30.0509413442878,2757785586.66498,-7.1602180538079,0.3274984865625403,0.06806018055242014,11.15,0,inflation
SLV,El Salvador,2018,1.09033000581892,2.4124442237792,4.006,1.83,12.0,1.0,3568810597.97393,-3.30179306522223,0.07797597266311995,0.16482514243781976,11.15,0,inflation
OMN,Oman,2025,0.967741935483928,2.39787382295398,3.251,4.21,12.0,0.3845,787924742.251979,-2.61491577935683,0.3741526992354589,0.7662415089742003,11.14,0,inflation
OMN,Oman,2021,1.68221185876085,2.5821749892893,1.9,0.08,5.49783609712142,0.3845,19730879938.0596,-5.53764911438897,2.0886147782267,5.961895516269291,11.12,0,inflation
CZE,Czechia,2018,2.14949494949493,2.83030588267866,2.246,1.83,3.54161587741081,21.7299166666667,142511752519.564,0.451859774047593,-0.30103903510647,-2.3432594170001497,11.12,0,inflation
CZE,Czechia,2021,3.83984491500146,4.02901832055149,2.803,0.08,3.20212533339961,21.6781666666667,173617578519.974,-2.04624111898244,0.67854963002336,9.33389787519025,11.12,0,inflation
THA,Thailand,2016,0.186235191075453,3.43515771692182,0.688,0.39,4.46834552349908,35.2963833333333,171772074486.519,10.5083543932086,1.084378601644886,0.3011104678054699,11.08,0,inflation
THA,Thailand,2017,0.664415139830893,4.1776810321001,0.83,1.0,4.41658283333333,33.9398110566858,202538295197.399,9.63103019182141,0.47817994875543995,0.7425233151782802,11.08,0,inflation
TEA,East Asia & Pacific (IDA & IBRD countries),2018,2.91740978470444,6.53783889633732,3.81860609641702,1.83,12.0,3.130749999,787924742.251979,-2.61491577935683,0.034498134892309906,-0.1285451069848902,11.04,0,inflation
HPC,Heavily indebted poor countries (HIPC),2018,3.01748181031406,4.18286148680316,4.33410256985773,1.83,12.0,3.130749999,787924742.251979,-2.61491577935683,-1.5608556018114403,-0.88091817767961,11.04,0,inflation
TEA,East Asia & Pacific (IDA & IBRD countries),2021,2.6124818577648,7.71993890573823,4.14006542894987,0.08,12.0,3.130749999,787924742.251979,-2.61491577935683,0.2193194646023997,6.376646881723341,11.04,0,inflation
ECU,Ecuador,2017,0.417335588666825,5.97039880954841,3.836,1.0,12.0,1.0,2169697856.6482,-0.389582136613769,-1.310929044578505,6.658353055426357,11.04,0,inflation
MLT,Malta,2025,2.36351752252186,3.96156139018959,2.896,4.21,12.0,0.88496895841236,1543517156.32491,-2.61491577935683,0.7127228296907699,-2.2511985797207497,11.03,0,inflation
CZE,Czechia,2017,2.4505339846014,5.17356529967881,2.893,1.0,3.58974364323778,23.3763333333333,147976372277.252,1.35301705500194,1.767029775215697,2.5926951604650497,11.02,0,inflation
HKG,"Hong Kong SAR, China",2018,2.40613432046534,2.84690922660509,2.805,1.83,5.04166666666667,7.8385,424619925347.188,3.73603565842398,0.9122618810701197,-0.94920014583382,10.96,0,inflation
CZE,Czechia,2019,2.84787595918041,3.56577658128261,2.015,2.16,3.68603218349691,22.93225,149855634729.53,0.356195094422181,0.6983810096854799,0.7354706986039501,10.96,0,inflation
BGR,Bulgaria,2019,3.10372944796771,3.79331964589196,4.148,2.16,4.54920833333333,1.74704166666667,27901750798.6159,1.65784486644031,0.2891847097193301,1.4631691037877697,10.87,0,inflation
OMN,Oman,2016,1.10920805807027,5.04642394571691,3.266,0.39,4.91108333333333,0.3845,20262241805.121,-16.6107645205388,1.04391792504161,0.02936594852646035,10.87,0,inflation
BHR,Bahrain,2025,-0.137708855447902,3.48137573668635,1.102,4.21,12.0,0.376,5269794300.5237,-2.61491577935683,-1.057344315265553,0.5842703051512301,10.79,0,year
QAT,Qatar,2016,2.6765917009819,3.06419188430156,0.15,0.39,4.04068494236452,3.64,31887349772.9792,-5.45006694867961,0.8625144616042999,-1.68915384008581,10.73,0,inflation
SLB,Solomon Islands,2016,0.512485626268792,5.55494348257992,0.736,0.39,10.0998401187231,7.94815293778867,513960963.295802,-3.53780145431414,1.086954912628282,3.8791573622717697,10.73,0,inflation
BHR,Bahrain,2016,2.78679347602044,3.81499327422425,1.19,0.39,12.0,0.376,2611989314.00794,-4.40558716045663,0.9381660522706698,1.3071212215480998,10.7,0,inflation
NIC,Nicaragua,2016,3.52317317628473,4.56314739524967,3.9,0.39,11.4382974497807,28.6209624101588,2447771381.81086,-8.48330631920505,-0.4742067906592302,-0.22912028807729978,10.69,0,inflation
PSS,Pacific island small states,2018,2.89621932270298,2.72310809047187,3.35231302156857,1.83,12.0,3.130749999,787924742.251979,-2.61491577935683,1.3122768369448603,-1.1619623907705403,10.68,0,inflation
SLV,El Salvador,2016,0.60404908699661,2.53906241135864,4.418,0.39,12.0,1.0,3238334348.81609,-2.27403286613894,1.3354335743845671,0.1390623228374901,10.68,0,year
SLV,El Salvador,2017,1.0123540331558,2.24761908134138,4.385,1.0,12.0,1.0,3567268275.79971,-1.85990733613607,0.4083049461591901,-0.29144333001725986,10.68,0,inflation
NAC,North America,2018,2.3554044847046,2.94789312072024,4.10721129091519,1.83,12.0,3.130749999,787924742.251979,-2.61491577935683,0.49190741860991016,0.44504811773128017,10.68,0,inflation
GTM,Guatemala,2024,2.86992752918294,3.71558453779777,2.613,5.14,12.395,7.7585375,24412418011.7846,2.88674747767197,-3.3366483935383204,0.1912801973076399,10.67,0,inflation
GTM,Guatemala,2017,4.42453655182546,3.0798512212244,2.462,1.0,13.0541666666667,7.34793875,11765104230.8297,1.19614067972898,-0.023905447602809993,0.40204802820279983,10.58,0,unemployment
TEA,East Asia & Pacific (IDA & IBRD countries),2017,2.88291164981213,6.66638400332221,3.92821339454137,1.0,12.0,3.130749999,787924742.251979,-2.61491577935683,1.1258000607292198,0.15797150111716007,10.57,0,inflation
TEA,East Asia & Pacific (IDA & IBRD countries),2016,1.75711158908291,6.50841250220505,4.0503221911626,0.39,12.0,3.130749999,787924742.251979,-2.61491577935683,0.6706252896787701,-0.15533388593387976,10.57,0,inflation
EAS,East Asia & Pacific,2018,2.368549058067,4.81200310102888,3.75442452697159,1.83,12.0,3.130749999,787924742.251979,-2.61491577935683,0.5682068333807899,-0.22466711395410943,10.57,0,inflation
EAS,East Asia & Pacific,2016,1.27699365720306,4.63114688285732,4.00393781457677,0.39,12.0,3.130749999,787924742.251979,-2.61491577935683,0.48171402662322105,-0.1277563726398503,10.57,0,inflation
PSS,Pacific island small states,2017,1.58394248575812,3.88507048124241,3.40034043733734,1.0,12.0,3.130749999,787924742.251979,-2.61491577935683,0.5105485972246899,0.13600742445526004,10.57,0,inflation
EAP,East Asia & Pacific (excluding high income),2021,2.69891859529198,7.72023040471529,4.13328662810016,0.08,12.0,3.130749999,787924742.251979,-2.61491577935683,0.29262645142186994,6.376821838610409,10.57,0,inflation
EAS,East Asia & Pacific,2021,2.47710241465447,6.48037639158159,4.06219092494546,0.08,12.0,3.130749999,787924742.251979,-2.61491577935683,1.6302016800471968,6.57104156674264,10.57,0,inflation
EAP,East Asia & Pacific (excluding high income),2018,3.19834755924996,6.53800447051142,3.81235265554938,1.83,12.0,3.130749999,787924742.251979,-2.61491577935683,0.2857119855351802,-0.1286608759687704,10.57,0,inflation
EAS,East Asia & Pacific,2017,1.80034222468621,5.03667021498299,3.87456480348735,1.0,12.0,3.130749999,787924742.251979,-2.61491577935683,0.52334856748315,0.4055233321256697,10.57,0,inflation
EAP,East Asia & Pacific (excluding high income),2017,2.91263557371478,6.66666534648019,3.9216662036523,1.0,12.0,3.130749999,787924742.251979,-2.61491577935683,0.995324671381,0.1581366013924006,10.57,0,inflation
CEB,Central Europe and the Baltics,2018,2.53445424186598,4.95337220818838,4.29483445753775,1.83,12.0,3.130749999,787924742.251979,-2.61491577935683,0.45851870512739,-0.1537585074768799,10.57,0,inflation
PSS,Pacific island small states,2016,1.07339388853343,3.74906305678715,3.36311039358415,0.39,12.0,3.130749999,787924742.251979,-2.61491577935683,0.42515094927893804,-0.22677373457386985,10.57,0,inflation
EAP,East Asia & Pacific (excluding high income),2016,1.91731090233378,6.50852874508779,4.04312471702124,0.39,12.0,3.130749999,787924742.251979,-2.61491577935683,0.69337894722259,-0.15519943414902038,10.57,0,inflation
BHR,Bahrain,2017,1.38671830576406,4.95383534123657,1.18,1.0,12.0,0.376,2823123079.34137,-4.30051876437292,-1.4000751702563798,1.1388420670123205,10.43,0,inflation
GTM,Guatemala,2016,4.44844199942827,2.6778031930216,2.583,0.39,13.1016666666667,7.59993708333333,9152627961.3824,0.964776364019979,2.05972167103277,-1.4143685077325796,10.42,0,inflation
GTM,Guatemala,2018,3.75186186704508,3.40687328176345,2.283,1.83,12.9233333333333,7.51916458333333,12583121641.7733,0.885829296285522,-0.6726746847803797,0.32702206053905014,10.39,0,unemployment
KWT,Kuwait,2016,3.19839776658374,2.92607584256388,2.16,0.39,4.47658333333333,0.302137441178496,33936274928.4313,0.586532843484052,-0.07330389433758988,2.333305025345898,10.37,0,inflation
BHR,Bahrain,2019,1.00582004702137,2.05287774418655,1.217,2.16,12.0,0.376,3902650742.43906,-1.96409784324041,-1.08184933344841,0.00028909438793967013,10.34,0,inflation
SLB,Solomon Islands,2017,0.488686760261083,3.07546176144591,0.727,1.0,10.6947306507587,7.88739036909183,574230569.143112,-4.27498589689084,-0.02379886600770903,-2.4794817211340097,10.25,0,inflation
MDA,Moldova,2018,3.04505397337058,4.07559546585034,1.239,1.83,8.8475,16.8020517223502,2995238116.31008,-10.7699247852566,-3.52517600118546,-0.10001658521244927,10.23,0,inflation
MDV,Maldives,2019,0.220029731065383,6.92305989050099,4.562,2.16,11.5226357918998,15.3820419226831,753496279.806938,-25.8168822522057,0.353403117182978,-1.6458956929737107,10.23,0,year
HKG,"Hong Kong SAR, China",2025,1.43633540372673,3.48764886355949,2.799,4.21,5.17708333333333,7.79708333333333,787924742.251979,-2.61491577935683,-0.29338578733240994,0.8582802514858701,10.21,0,inflation
SLB,Solomon Islands,2025,3.36462189317825,3.61715088072386,1.431,4.21,12.0,8.32684233252033,787924742.251979,-2.61491577935683,-0.9572175907020801,0.6195910046828201,10.19,0,inflation
SLB,Solomon Islands,2018,3.46147484973729,2.74585244829055,0.722,1.83,10.7486518056707,7.95250486131003,617115407.092056,-2.95982088484313,2.972788089476207,-0.3296093131553599,10.1,0,inflation
GTM,Guatemala,2025,1.48841591086169,4.28003207921405,2.604,4.21,12.8533333333333,7.68012458333333,32753590398.8181,-2.61491577935683,-1.38151161832125,0.5644475414162797,9.78,0,inflation
GTM,Guatemala,2019,3.69998398008605,4.01789830861587,2.193,2.16,12.7408333333333,7.69669833333333,14784046764.6684,2.36029015844232,-0.05187788695902995,0.6110250268524204,9.76,0,inflation
