country,iso3,year,gdp_growth,inflation,unemployment,interest_rate,exchange_rate,foreign_reserves,government_debt_gdp,current_account_gdp,fed_funds_rate
Afghanistan,AFG,2000,,,7.897,,47.3575747311828,,,,6.24
Afghanistan,AFG,2001,-9.4319740700862,,7.973,,47.500014516129,,,,3.88
Afghanistan,AFG,2002,28.6000011706788,,7.867,,47.263,,,,1.67
Afghanistan,AFG,2003,8.83227780288267,,7.844,,48.7627535833333,,,,1.13
Afghanistan,AFG,2004,1.41411799339429,,7.794,,47.8453125,,,,1.35
Afghanistan,AFG,2005,11.2297148272859,12.6862687216715,7.878,,49.4945975,,,,3.22
Afghanistan,AFG,2006,5.35740324748592,6.78459655001655,7.897,17.97,49.9253308333333,,,,4.97
Afghanistan,AFG,2007,13.8263195471281,8.68057078513406,7.841,18.135,49.9620177703972,,,,5.02
Afghanistan,AFG,2008,3.92498381999467,26.4186641547444,7.879,14.9175,50.2496147435897,3042274496.10726,,-2.35799044700136,1.92
Afghanistan,AFG,2009,21.3905283926492,-6.81116108898996,7.808,15.0,50.325,4265888740.23846,,2.23601941932175,0.16
Afghanistan,AFG,2010,14.3624414710737,2.17853752389419,7.809,15.6122222222222,46.4524610013175,5162440806.75156,,-3.64331388234628,0.18
Afghanistan,AFG,2011,0.426354776777345,11.8041858089129,7.83,15.1458333333333,46.747007738581,6344641959.56008,,-12.6195382087159,0.1
Afghanistan,AFG,2012,12.7522870926697,6.44121280934117,7.875,15.0,50.9214,7152304397.72645,,-25.8706814974751,0.14
Afghanistan,AFG,2013,5.60074465863221,7.38577178397855,7.921,15.0791666666667,55.3775,7288702710.90529,,-25.290058564309,0.11
Afghanistan,AFG,2014,2.72454336219565,4.67399603536345,7.915,15.0,57.2475,7528549879.63682,,-15.7724198274304,0.09
Afghanistan,AFG,2015,1.45131466066431,-0.661709164713742,9.032,15.0,61.1434615416667,6976966153.82054,,-21.9126573355151,0.13
Afghanistan,AFG,2016,2.26031420279821,4.38389195513915,10.116,15.0,67.8660857692308,7281910524.1067,,-14.9501951919169,0.39
Afghanistan,AFG,2017,2.6470032027451,4.97595150553833,11.184,14.8366666666667,68.0269040822312,8097280955.90196,,-18.9559612272258,1.0
Afghanistan,AFG,2018,1.18922812944517,0.626149149168847,11.192,,72.083247177304,8206682106.31946,,-21.5852741164653,1.83
Afghanistan,AFG,2019,3.91160341625552,2.30237251516834,11.187,,77.7379491783367,8497655795.34729,,-20.1704643881064,2.16
Afghanistan,AFG,2020,-2.35110067203466,5.60188791482224,11.71,,76.8135364354897,9748946326.71795,,-15.7183027911684,0.37
Afghanistan,AFG,2021,-20.7388393676343,5.13320340824963,12.006,,,,,,0.08
Afghanistan,AFG,2022,-6.24017199240269,13.7121023720065,14.1,,,,,,1.69
Afghanistan,AFG,2023,2.26694373649188,-4.64470870797775,14.008,,,,,,5.03
Afghanistan,AFG,2024,1.87319280045979,-6.60118564073726,13.687,,,,,,5.14
Afghanistan,AFG,2025,,,13.351,,,,,,4.21
Africa Eastern and Southern,AFE,2000,3.18094735686691,8.60148514851491,7.66876829683373,,,,,,6.24
Africa Eastern and Southern,AFE,2001,3.50334667089258,5.84035398311557,7.55388452430262,,,,,,3.88
Africa Eastern and Southern,AFE,2002,3.91684750402439,8.76375520313543,7.51149338877195,,,,,,1.67
Africa Eastern and Southern,AFE,2003,3.00926854844221,7.44970014007366,7.4720424200925,,,,,,1.13
Africa Eastern and Southern,AFE,2004,5.63468233018918,5.02342068616285,7.27852246959678,,,,,,1.35
Africa Eastern and Southern,AFE,2005,6.17372940633642,8.55803802239778,7.10041371887931,,,,,,3.22
Africa Eastern and Southern,AFE,2006,6.6374603516137,8.89816380214033,7.03560059961336,,,,,,4.97
Africa Eastern and Southern,AFE,2007,6.70236334242323,8.45077480635,6.98058891496815,,,,,,5.02
Africa Eastern and Southern,AFE,2008,4.4393342303769,12.5666446595157,6.95926232871186,,,,,,1.92
Africa Eastern and Southern,AFE,2009,0.91891690275223,8.95421802392949,7.02933493362019,,,,,,0.16
Africa Eastern and Southern,AFE,2010,5.33521275751254,5.53753791645676,7.33948885318777,,,,,,0.18
Africa Eastern and Southern,AFE,2011,3.79124046178791,8.97120640995788,7.303350943492,,,,,,0.1
Africa Eastern and Southern,AFE,2012,1.88012979444004,9.15870843167905,7.10873740350119,,,,,,0.14
Africa Eastern and Southern,AFE,2013,4.63400008423696,5.74883133553454,6.88972223038428,,,,,,0.11
Africa Eastern and Southern,AFE,2014,3.91636174876319,5.52581923392517,6.86242857576034,,,,,,0.09
Africa Eastern and Southern,AFE,2015,2.93390345864022,5.09856164363687,6.9309412585873,,,,,,0.13
Africa Eastern and Southern,AFE,2016,2.2925005812875,6.44687722255584,7.07442880999326,,,,,,0.39
Africa Eastern and Southern,AFE,2017,2.67886266771569,6.22137528933118,7.21491501896869,,,,,,1.0
Africa Eastern and Southern,AFE,2018,2.70620741957582,4.6898064677633,7.24484282680541,,,,,,1.83
Africa Eastern and Southern,AFE,2019,1.93559262617022,4.10285075461156,7.45910636823544,,,,,,2.16
Africa Eastern and Southern,AFE,2020,-2.93076411386527,5.19162942092851,7.97430164130982,,,,,,0.37
Africa Eastern and Southern,AFE,2021,4.45264295607002,6.82472709282067,8.40741154700022,,,,,,0.08
Africa Eastern and Southern,AFE,2022,3.66802914041513,10.8834775726018,7.86947018999245,,,,,,1.69
Africa Eastern and Southern,AFE,2023,1.94138157772015,7.39918558080627,7.67654773372157,,,,,,5.03
Africa Eastern and Southern,AFE,2024,2.78793146807502,4.77085731915833,7.57169749274654,,,,,,5.14
Africa Eastern and Southern,AFE,2025,3.7430158719504,4.27011140706666,7.53923324035891,,,,,,4.21
Africa Western and Central,AFW,2000,3.81194290088693,2.53077516737997,4.53131047835059,,,,,,6.24
Africa Western and Central,AFW,2001,5.24852519557031,4.36152914007256,4.46563029423928,,,,,,3.88
Africa Western and Central,AFW,2002,9.94309624930423,3.18869330220589,4.27392083907488,,,,,,1.67
Africa Western and Central,AFW,2003,5.62639021570637,1.76090410099629,4.1682062921006,,,,,,1.13
Africa Western and Central,AFW,2004,8.07139668920397,0.694336305945758,4.08698904128015,,,,,,1.35
Africa Western and Central,AFW,2005,5.79749541210572,5.63163351357613,4.09641162927698,,,,,,3.22
Africa Western and Central,AFW,2006,5.28746933049445,4.41589984169561,3.96900207619704,,,,,,4.97
Africa Western and Central,AFW,2007,5.44733984006633,3.60736767984596,3.94820495192994,,,,,,5.02
Africa Western and Central,AFW,2008,6.21065559988834,8.45297623326755,3.96808904592347,,,,,,1.92
Africa Western and Central,AFW,2009,6.14105587787854,3.28244037589321,4.00441257217998,,,,,,0.16
Africa Western and Central,AFW,2010,7.0006469900289,1.78484420477113,3.99179170645225,,,,,,0.18
Africa Western and Central,AFW,2011,4.92203183140791,4.01869907534492,3.97007365881551,,,,,,0.1
Africa Western and Central,AFW,2012,5.12968971306577,4.57837463515948,3.98291438560293,,,,,,0.14
Africa Western and Central,AFW,2013,6.04665420359198,2.43920076104126,3.71010995935874,,,,,,0.11
Africa Western and Central,AFW,2014,5.69152337171586,1.76843582146224,3.89018286622866,,,,,,0.09
Africa Western and Central,AFW,2015,2.93291103762179,2.13081738058791,4.1727731083969,,,,,,0.13
Africa Western and Central,AFW,2016,0.176171718599761,1.48741550755546,4.16910166908106,,,,,,0.39
Africa Western and Central,AFW,2017,2.30276059142707,1.72548602374731,4.28464574730964,,,,,,1.0
Africa Western and Central,AFW,2018,2.89995418634321,1.78404994832044,4.33609979249296,,,,,,1.83
Africa Western and Central,AFW,2019,3.28314241472725,1.98309228487232,4.39390284484525,,,,,,2.16
Africa Western and Central,AFW,2020,-3.71879330346492,2.49037783931949,4.7993062016358,,,,,,0.37
Africa Western and Central,AFW,2021,2.54547274764256,3.74556782333009,4.67076109003218,,,,,,0.08
Africa Western and Central,AFW,2022,4.47710763731639,7.94925143524016,3.59653801462938,,,,,,1.69
Africa Western and Central,AFW,2023,3.64459087867006,5.22116801324002,3.20335496340002,,,,,,5.03
Africa Western and Central,AFW,2024,4.59618335068083,3.60804426950566,3.17491538811068,,,,,,5.14
Africa Western and Central,AFW,2025,4.6000999560392,1.65781767585277,3.19297271435272,,,,,,4.21
Albania,ALB,2000,7.46285871776054,0.0500181363468103,19.023,22.1025,143.709416666667,646305676.491804,,-4.36035543487417,6.24
Albania,ALB,2001,8.8637306604876,3.10758827031435,18.57,19.6541666666667,143.484833333333,770581227.384293,,-5.35591452180558,3.88
Albania,ALB,2002,4.62839587394552,7.77052583431551,17.891,15.3041666666667,140.154515875,866478231.283188,,-9.02590739072684,1.67
Albania,ALB,2003,5.33326426009945,0.484002611818503,16.985,14.2708333333333,121.86325,1038294231.23302,,-7.01197673066681,1.13
Albania,ALB,2004,5.26626173860785,2.28001916938099,16.306,11.7615218344487,102.780051196172,1387912853.56432,,-4.83249013532297,1.35
Albania,ALB,2005,5.13082193056189,2.36658195679795,15.966,13.075,99.8702544808992,1439592137.1131,,-6.92138800420102,3.22
Albania,ALB,2006,6.0189812403864,2.37072831904284,15.626,12.9399428618515,98.1033770912698,1812802559.88129,,-7.33186374631583,4.97
Albania,ALB,2007,6.50009261158209,2.93268248162317,15.966,14.0996227871662,90.4278938310708,2161936583.38148,,-10.3518884224487,5.02
Albania,ALB,2008,6.90706230713707,3.32087090389275,13.06,13.0196427128802,83.8946041005291,2363791896.73249,,-15.1839581650837,1.92
Albania,ALB,2009,2.69075152362146,2.26692209450826,13.674,12.6609351537225,94.9781198203843,2368942443.29456,,-15.0172385106345,0.16
Albania,ALB,2010,2.97315442681247,3.6271009151748,14.086,12.8223298853561,103.936666666667,2540673823.18045,,-11.2157643683259,0.18
Albania,ALB,2011,2.46351683915714,3.42807130141501,13.481,12.4320985987679,100.895833333333,2471402724.94026,69.1921886031503,-12.8503659661776,0.1
Albania,ALB,2012,0.984129880204108,2.03159268395296,13.376,10.8803465425902,108.184166666667,2599863597.31882,64.0504160397904,-10.2612568930744,0.14
Albania,ALB,2013,1.7072283175406,1.93762080205223,15.866,9.8266043443155,105.669166666667,2773278107.16848,70.4662619818776,-9.25914166645898,0.11
Albania,ALB,2014,2.24022695382642,1.62586504402614,18.055,7.9725,105.48,2665215805.2185,72.9442880579616,-10.7201496577808,0.09
Albania,ALB,2015,2.2277040745779,1.89617402592356,17.193,7.8775,125.961666666667,3138517990.16501,79.2842872907886,-8.5423750766982,0.13
Albania,ALB,2016,3.90893551362245,1.27543168367423,15.418,6.73416666666667,124.1425,3108607051.81759,79.8771647108445,-7.51011690016649,0.39
Albania,ALB,2017,3.28317593330073,1.98666133171194,13.616,6.22,119.1,3588583656.8278,74.5233409273812,-7.40849329663264,1.0
Albania,ALB,2018,3.67141928098908,2.02805963071135,12.304,5.9325,107.989166666667,3893560031.06681,63.6337689521087,-6.60766481105068,1.83
Albania,ALB,2019,2.06257790176122,1.41109078954242,11.466,6.27583333333333,109.850833333333,3763661058.67744,74.8082518103115,-7.82064355473536,2.16
Albania,ALB,2020,-3.31375636888916,1.62088661717021,11.639,6.12083333333333,108.65,4817386149.20461,83.4542023899143,-8.62504716716646,0.37
Albania,ALB,2021,8.96957619074095,2.04147163139545,11.474,6.02166666666667,103.52,5634561133.54085,81.9202285507536,-7.69043385149861,0.08
Albania,ALB,2022,4.8268006234359,6.72520271530059,10.785,6.50666666666667,113.041666666667,5266463583.50313,58.5241429999966,-6.18049276219024,1.69
Albania,ALB,2023,4.01541716935742,4.75834555150038,10.669,6.35166666666666,100.645,6455445543.45668,53.0292543715132,-1.66286217786128,5.03
Albania,ALB,2024,4.04592845095348,2.21587375089992,10.689,6.44333333333334,93.1233333333333,6515581527.60071,49.9643490499689,-2.39633981728727,5.14
Albania,ALB,2025,3.78893836241024,2.14618551167388,10.926,,,8601612921.35767,,-0.526880926102827,4.21
Algeria,DZA,2000,3.80000000158476,0.339163189071768,29.77,10.0,75.2597916666666,13556106802.2149,,,6.24
Algeria,DZA,2001,2.99999999863043,4.22598834854673,27.3,9.5,77.2150208333334,19625060612.8963,,,3.88
Algeria,DZA,2002,5.40000000000001,1.41830192345051,25.9,8.58333333333333,79.6819,25151012703.1373,,,1.67
Algeria,DZA,2003,6.50000000062043,4.268953958395,23.72,8.125,77.394975,35454600266.1696,,,1.13
Algeria,DZA,2004,4.49999999976698,3.96180030257187,17.65,8.0,72.06065,45691652467.4963,,,1.35
Algeria,DZA,2005,5.39999999969525,1.38244656662118,15.27,8.0,73.2763083333333,59167068864.0544,,19.7857720899622,3.22
Algeria,DZA,2006,2.89999999905852,2.31149918514424,12.27,8.0,72.6466166666667,81462730475.3241,,23.4985369430055,4.97
Algeria,DZA,2007,3.10000000128674,3.67899574741699,13.79,8.0,69.2924,114972269711.741,,21.3033457890387,5.02
Algeria,DZA,2008,2.49999999929371,4.85859062814939,11.33,8.0,64.5828,148098646076.638,,18.8233635111302,1.92
Algeria,DZA,2009,1.19999999969519,5.73706036145628,10.16,8.0,72.6474166666667,155111906771.678,,0.287169379874169,0.16
Algeria,DZA,2010,4.80000000093564,3.91106195534028,9.96,8.0,74.3859833333333,170461132878.607,,6.87361929280343,0.18
Algeria,DZA,2011,2.99999999941909,4.5242115050527,9.96,8.0,72.9378833333333,191369111470.407,,8.09495300569721,0.1
Algeria,DZA,2012,2.40000000034432,8.89145091062317,10.97,8.0,77.5359666666667,200586904241.375,,5.3237110694236,0.14
Algeria,DZA,2013,2.60000000061164,3.25423910998847,9.82,8.0,79.3684,201436604411.914,,0.517147116303439,0.11
Algeria,DZA,2014,4.09999999866501,2.91692692067458,10.207,8.0,80.5790166666667,186350590140.833,,-3.8772158836163,0.09
Algeria,DZA,2015,3.20000000089023,4.78444700693889,11.206,8.0,100.691433333333,150595236894.628,,-14.4205446442816,0.13
Algeria,DZA,2016,3.90000000017621,6.39769480268757,10.202,8.0,109.443066666667,120788088861.403,,-14.4962877563746,0.39
Algeria,DZA,2017,1.49999999895587,5.59111590961664,12.0,8.0,110.973016666667,104852543743.412,,-11.6217683736912,1.0
Algeria,DZA,2018,1.40000000088281,4.26999020467084,12.112,8.0,116.593791666667,87382910154.0942,,-8.68941296193564,1.83
Algeria,DZA,2019,0.899999999219148,1.95176821052892,12.302,8.0,119.353558333333,71795950714.9485,,-8.76373598794008,2.16
Algeria,DZA,2020,-4.99999999908597,2.41513094083414,14.08,8.0,126.7768,59434389109.5108,,-11.0309095376359,0.37
Algeria,DZA,2021,3.79999999900707,7.22606307415477,13.656,8.0,135.064058333333,56211005199.3665,,-2.42326388144806,0.08
Algeria,DZA,2022,3.60000000094915,9.26551551551553,12.382,8.0,141.994975,71852290093.8578,,8.62297009518782,1.69
Algeria,DZA,2023,4.10000000005964,9.32217375928322,11.645,8.0,135.842933333333,81216738411.6242,,2.62033732399996,5.03
Algeria,DZA,2024,3.69999999907979,4.04611455313434,11.655,8.0,134.053241666667,83007108429.3211,,-1.0224994485325,5.14
Algeria,DZA,2025,3.815543719231,1.41835151429016,11.633,8.0,131.605925,72495669205.7541,,,4.21
American Samoa,ASM,2000,,,,,1.0,,,,6.24
American Samoa,ASM,2001,,,,,1.0,,,,3.88
American Samoa,ASM,2002,,,,,1.0,,,,1.67
American Samoa,ASM,2003,0.965517241379317,,,,1.0,,,,1.13
American Samoa,ASM,2004,0.409836065573771,,,,1.0,,,,1.35
American Samoa,ASM,2005,-0.408163265306129,,,,1.0,,,,3.22
American Samoa,ASM,2006,-4.09836065573771,,,,1.0,,,,4.97
American Samoa,ASM,2007,1.85185185185186,,,,1.0,,,,5.02
American Samoa,ASM,2008,-2.65734265734265,,,,1.0,,,,1.92
American Samoa,ASM,2009,-4.16666666666666,,,,1.0,,,,0.16
American Samoa,ASM,2010,0.299850074962521,,,,1.0,,,,0.18
American Samoa,ASM,2011,0.0,,,,1.0,,,,0.1
American Samoa,ASM,2012,-4.33482810164425,,,,1.0,,,,0.14
American Samoa,ASM,2013,-2.5,,,,1.0,,,,0.11
American Samoa,ASM,2014,1.76282051282051,,,,1.0,,,,0.09
American Samoa,ASM,2015,3.14960629921259,,,,1.0,,,,0.13
American Samoa,ASM,2016,-1.67938931297709,,,,1.0,,,,0.39
American Samoa,ASM,2017,-6.98757763975155,,,,1.0,,,,1.0
American Samoa,ASM,2018,2.6711185308848,,,,1.0,,,,1.83
American Samoa,ASM,2019,-0.487804878048777,,,,1.0,,,,2.16
American Samoa,ASM,2020,4.41176470588236,,,,1.0,,,,0.37
American Samoa,ASM,2021,-0.782472613458523,,,,1.0,,,,0.08
American Samoa,ASM,2022,1.73501577287065,,,,1.0,,,,1.69
American Samoa,ASM,2023,,,,,1.0,,,,5.03
American Samoa,ASM,2024,,,,,1.0,,,,5.14
American Samoa,ASM,2025,,,,,1.0,,,,4.21
Andorra,AND,2000,3.52836236122388,,,,,,,,6.24
Andorra,AND,2001,8.11935772169949,,,,,,,,3.88
Andorra,AND,2002,4.54636221364653,,,,,,,,1.67
Andorra,AND,2003,8.69420371612468,,,,,,,,1.13
Andorra,AND,2004,8.13567633837351,,,,,,,,1.35
Andorra,AND,2005,5.39779598500422,,,,,,,,3.22
Andorra,AND,2006,4.80868869916921,,,,,,,,4.97
Andorra,AND,2007,1.55318814103222,,,,,,,,5.02
Andorra,AND,2008,-5.55918636850581,,,,,,,,1.92
Andorra,AND,2009,-5.30284654348291,,,,,,,,0.16
Andorra,AND,2010,-1.97495799965345,,,,,,,,0.18
Andorra,AND,2011,-0.0080697534113909,,,,,,,,0.1
Andorra,AND,2012,-4.97444371853503,,,,,,,,0.14
Andorra,AND,2013,-3.54759651549344,,,,,,,,0.11
Andorra,AND,2014,2.50446552114518,,,,,,,,0.09
Andorra,AND,2015,1.43414039522716,,,,,,,,0.13
Andorra,AND,2016,3.70967806978986,,,,,,,,0.39
Andorra,AND,2017,0.346071889630295,,,,,,,,1.0
Andorra,AND,2018,1.58876549046354,,,,,,39.5661427058603,,1.83
Andorra,AND,2019,2.01554763848308,,,,,,38.83800907991,18.0104704752282,2.16
Andorra,AND,2020,-11.1839399355384,,,,,,52.4833906656816,15.5264308537474,0.37
Andorra,AND,2021,8.28677879049404,,,,0.845376564367945,,58.756056270967,15.0218009386111,0.08
Andorra,AND,2022,9.56461225648184,,,,0.950915533962108,,48.115804536322,11.643445125878,1.69
Andorra,AND,2023,2.58355480961319,,,,0.924709622987356,,42.5637250641322,14.2213228054275,5.03
Andorra,AND,2024,3.8491605039052,,,,0.924367447270267,,39.9838927206378,16.045169836446,5.14
Andorra,AND,2025,3.86803450687808,,,,0.887144250370588,,,,4.21
Angola,AGO,2000,3.05462423452938,324.996871601321,16.646,103.160174166667,10.0405441666667,1198212373.02401,,8.71506351159262,6.24
Angola,AGO,2001,4.20599855694861,152.561022469299,16.668,95.9665608333333,22.0578616666667,731866198.100655,,-16.0129513307541,3.88
Angola,AGO,2002,13.6656887610553,108.897436089429,16.432,97.3358333333333,43.5302066666667,375545950.307129,,-0.867014859846704,1.67
Angola,AGO,2003,3.48731240097521,98.2241436573304,16.445,96.115,74.6063008333333,634199422.3308,,-3.53728418452752,1.13
Angola,AGO,2004,11.4198633904585,43.5421067519687,16.313,82.3341666666666,83.5413625,1379588147.35472,,2.52329142814654,1.35
Angola,AGO,2005,14.1547775343954,22.953513851394,16.295,67.7181307369683,87.1591416666667,3196850749.33725,,12.4113529511059,3.22
Angola,AGO,2006,11.8418178757042,13.3052101780032,16.123,19.5108144527911,80.3680720555555,8149079645.64961,,18.2253229198946,4.97
Angola,AGO,2007,13.0026889457976,12.2514974459487,16.066,17.6988356005955,76.70614275,11196800894.0338,,14.4873579548048,5.02
Angola,AGO,2008,10.7866360496581,12.4758291326398,16.152,12.533605759663,75.0333541666667,17869411576.4837,,7.28233163407397,1.92
Angola,AGO,2009,1.99558909788963,13.7302839288408,16.383,15.682074235437,79.3281666666667,13664098153.6474,,-9.26704056113806,0.16
Angola,AGO,2010,5.29366572819954,14.4696564932577,16.595,22.5435720221269,91.9057203405018,19678661657.2159,,7.85577834888099,0.18
Angola,AGO,2011,3.59386960240222,13.4824679218511,16.77,18.7572405365757,93.93475,27039761554.085,,10.4217171191447,0.1
Angola,AGO,2012,8.50312283866612,10.2779049218839,16.539,16.6564013212232,95.467955421311,31161778888.6797,,9.64052717140429,0.14
Angola,AGO,2013,4.88306129688392,8.77781429332624,16.464,15.8086382955866,96.5182794791526,31500815461.6599,,5.47217516828594,0.11
Angola,AGO,2014,4.65572356315585,7.28038730361121,16.372,16.3822709411366,98.3024168556335,27032344084.4907,,-2.44217725848603,0.09
Angola,AGO,2015,0.763177710914789,9.35597215533784,16.472,16.8818623998822,120.060701665019,23790543425.2351,,-10.0180754476355,0.13
Angola,AGO,2016,-0.233076954805284,30.6944150806719,16.572,15.7805039391116,163.656434116579,23672191989.4347,,-5.07683550702313,0.39
Angola,AGO,2017,-0.164688656961076,29.8444799015679,16.617,15.8061003813255,165.915950691498,17455327770.6619,,-0.739075223812658,1.0
Angola,AGO,2018,-0.506697543616156,19.6289379701521,16.602,20.6770040277157,252.855747731297,15410405365.47,,8.1791278570017,1.83
Angola,AGO,2019,-1.05523414494337,17.080954143438,16.497,19.295367205655,364.825804980887,16334853784.0603,,6.32732303026131,2.16
Angola,AGO,2020,-5.27349128300007,22.271539247051,16.696,19.6558949254322,578.25878028011,13781988139.5961,,1.49015129809424,0.37
Angola,AGO,2021,1.09058369944815,25.7542948841891,15.799,19.4031546297083,631.441955506727,14468113825.809,,10.7294719893933,0.08
Angola,AGO,2022,3.55749206675667,21.3552901320822,14.124,20.1172113762759,460.567511631462,13654715740.4529,,9.17298316440326,1.69
Angola,AGO,2023,1.32016587081031,13.6441017767715,14.051,16.9208615225951,685.020237761449,13942114198.8828,,3.94653061969793,5.03
Angola,AGO,2024,4.95267860425956,28.2404948915772,14.02,19.3991553172159,869.846189590008,14242892504.625,,6.12127885547185,5.14
Angola,AGO,2025,3.13353542450008,20.1620197572331,14.108,19.3721026206229,911.99303781631,13536065181.9187,,0.438853402848038,4.21
Antigua and Barbuda,ATG,2000,6.20355212555867,0.77177979690018,,12.1715539440033,2.7,63558884.5284907,,-7.92911790133271,6.24
Antigua and Barbuda,ATG,2001,-4.54810977120295,1.40279663573988,,11.6243803976043,2.7,79718831.0402204,,-10.3865694462064,3.88
Antigua and Barbuda,ATG,2002,1.02723486062159,2.40765801293491,,11.387913378312,2.7,87648341.4624844,,-9.42082349224047,1.67
Antigua and Barbuda,ATG,2003,6.07663666406602,1.99353055152454,,12.8219814495275,2.7,113767366.731074,,-9.15813030793044,1.13
Antigua and Barbuda,ATG,2004,5.76710338270556,2.03007757853236,,11.9643907528209,2.7,120139161.912642,,-6.31005255823088,1.35
Antigua and Barbuda,ATG,2005,6.47368941781741,2.09875196709308,,11.3939380792616,2.7,127320746.176333,,-10.0007541423499,3.22
Antigua and Barbuda,ATG,2006,12.7081474873625,1.78778537419121,,10.8905898841823,2.7,142632588.752235,,-19.8432206578824,4.97
Antigua and Barbuda,ATG,2007,9.31518272315685,1.41605259409741,,10.4385350357948,2.7,143848808.510004,,-28.7521784338138,5.02
Antigua and Barbuda,ATG,2008,-0.0140065981851762,5.33380639820233,,10.4291009360419,2.7,138022502.557881,,-21.6400619803907,1.92
Antigua and Barbuda,ATG,2009,-11.9628794703471,-0.550159995508914,,10.0653700920516,2.7,127860399.429427,,-13.0521618835597,0.16
Antigua and Barbuda,ATG,2010,-7.84050683730972,3.37002540220148,,10.9993475073677,2.7,136600155.264423,,-10.8739141545735,0.18
Antigua and Barbuda,ATG,2011,-1.95874262217572,3.4567496723461,,10.9144525231277,2.7,147868733.577765,,-5.07303916439277,0.1
Antigua and Barbuda,ATG,2012,3.37314273947959,3.37688044338874,,10.1571966422671,2.7,162045101.996445,,-8.11026781449494,0.14
Antigua and Barbuda,ATG,2013,-0.600982329599361,1.05949782356169,,9.95235329417181,2.7,202580586.969295,,-8.78062787514538,0.11
Antigua and Barbuda,ATG,2014,2.19829188738797,1.08944157435355,,10.0718377079627,2.7,297046137.541925,,-0.0378965310947221,0.09
Antigua and Barbuda,ATG,2015,1.42161997595372,0.968993458825638,,9.83508333333333,2.7,355728253.383608,,2.03393623440556,0.13
Antigua and Barbuda,ATG,2016,4.1203675438061,-0.489437796230499,,9.575,2.7,330090979.265027,,-2.38761069740834,0.39
Antigua and Barbuda,ATG,2017,2.71272657973627,2.43248789041363,,9.31,2.7,313645370.808951,,-7.6968559845244,1.0
Antigua and Barbuda,ATG,2018,6.71200487159726,1.20715793367008,,8.976532,2.7,328659747.502549,,-13.9937660480859,1.83
Antigua and Barbuda,ATG,2019,3.1722219373937,1.43135598182984,,8.61132908333333,2.7,279133212.713698,,-6.50528434529466,2.16
Antigua and Barbuda,ATG,2020,-18.8687765208148,0.625989707046719,,7.68383775,2.7,221808945.85044,,-15.5663867272565,0.37
Antigua and Barbuda,ATG,2021,8.17286311186622,2.06299638545334,,7.39227225,2.7,367511735.686638,,-17.5774816563178,0.08
Antigua and Barbuda,ATG,2022,8.49776342254205,7.53107834634288,,7.31490375,2.7,396505745.512243,,-15.08269675582,1.69
Antigua and Barbuda,ATG,2023,3.86550160079324,5.06713865364213,,6.71453383333333,2.7,364367020.196401,,-12.9053183160658,5.03
Antigua and Barbuda,ATG,2024,2.54044193946544,6.19886698842116,,6.525259,2.7,358440631.721895,,-7.45715824054234,5.14
Antigua and Barbuda,ATG,2025,4.99803998431987,1.36873527521954,,6.3894605,2.7,378519316.134911,,-12.0326427461497,4.21
Arab World,ARB,2000,6.33619144275903,1.85379035325277,12.6227231888262,,,,,,6.24
Arab World,ARB,2001,2.14387898764836,1.77220437351017,12.49820212983,,,,,,3.88
Arab World,ARB,2002,1.29346374901667,1.83299389002049,12.5062276655765,,,,,,1.67
Arab World,ARB,2003,4.19199685279152,2.71259247474352,12.4496966444039,,,,,,1.13
Arab World,ARB,2004,9.08740851233671,3.63228004956625,11.4271164700074,,,,,,1.35
Arab World,ARB,2005,5.57907161645375,3.49368534619531,11.2344112966755,,,,,,3.22
Arab World,ARB,2006,6.30821136348678,3.54498591605033,10.5176425576734,,,,,,4.97
Arab World,ARB,2007,4.62941134633037,4.74390639021648,10.1456780757217,,,,,,5.02
Arab World,ARB,2008,5.59733997180274,11.2706652380848,9.87515901443002,,,,,,1.92
Arab World,ARB,2009,0.680947994132524,2.92089711805367,9.46079216862091,,,,,,0.16
Arab World,ARB,2010,4.7365057444004,3.91106195534028,9.57178825247491,,,,,,0.18
Arab World,ARB,2011,3.84860676614113,4.7531638888563,10.6873951414609,,,,,,0.1
Arab World,ARB,2012,5.48137966421484,4.6118443220664,11.0650966632009,,,,,,0.14
Arab World,ARB,2013,2.58564644333576,3.25423910998847,11.0350018909533,,,,,,0.11
Arab World,ARB,2014,2.58777358070404,2.89947905006057,11.0319261608507,,,,,,0.09
Arab World,ARB,2015,3.34998278420424,1.83135233156369,11.1524464292006,,,,,,0.13
Arab World,ARB,2016,3.57245633977796,2.22799991129428,10.8617161429412,,,,,,0.39
Arab World,ARB,2017,1.33126991214532,2.06932928164424,11.1152019032057,,,,,,1.0
Arab World,ARB,2018,2.67038341212846,2.30874696703938,10.6546406452031,,,,,,1.83
Arab World,ARB,2019,1.74949238304778,1.33601568147656,10.2137182910936,,,,,,2.16
Arab World,ARB,2020,-5.28641417078185,1.44703656998741,11.2951503646669,,,,,,0.37
Arab World,ARB,2021,4.43140396719774,2.86833027751015,10.8627489086684,,,,,,0.08
Arab World,ARB,2022,6.99667634282584,5.17222088647606,9.74413095599936,,,,,,1.69
Arab World,ARB,2023,1.6487292798157,4.00025877060152,9.31338863204988,,,,,,5.03
Arab World,ARB,2024,2.00521809439076,2.30890057183497,9.26592419265215,,,,,,5.14
Arab World,ARB,2025,3.67757993848036,1.76646490894206,9.19017299614363,,,,,,4.21
Argentina,ARG,2000,-0.78899893905691,,15.0,,0.9995,25152117244.4134,,-3.15992237703676,6.24
Argentina,ARG,2001,-4.40883968258557,,17.32,,0.9995,14555552759.6102,,-1.40694788500181,3.88
Argentina,ARG,2002,-10.8944848285903,,19.59,,3.06325666666667,10492424818.7375,,8.97078467784247,1.67
Argentina,ARG,2003,8.83704079576924,,15.36,,2.90062916666667,14157284136.3645,,6.37990680177011,1.13
Argentina,ARG,2004,9.02957330068152,,13.522,,2.92330081890332,19659591803.9788,,1.95058324319273,1.35
Argentina,ARG,2005,8.85165992013437,,11.506,,2.9036575,28081718501.5579,,2.65363142179073,3.22
Argentina,ARG,2006,8.04715150043027,,10.078,,3.05431333333333,32022297112.9806,,2.79449564264943,4.97
Argentina,ARG,2007,9.00765087504757,,8.47,,3.09564884920635,46149456855.7802,,2.1036160391819,5.02
Argentina,ARG,2008,4.05723310346406,,7.837,,3.14416455988456,46385380206.9801,,1.49940141614234,1.92
Argentina,ARG,2009,-5.91852507634947,,8.645,,3.71010683052328,48006988635.3253,,2.1785669619099,0.16
Argentina,ARG,2010,10.1253981561002,,7.714,10.5575,3.8962951544705,52207549724.0928,,-0.383118699737133,0.18
Argentina,ARG,2011,6.00395169280579,,7.18,14.0875,4.11013957621326,46265800525.8807,,-1.00728084144866,0.1
Argentina,ARG,2012,-1.0264204544321,,7.217,14.0608333333333,4.53693436018746,43223270863.843,,-0.39159512386959,0.14
Argentina,ARG,2013,2.40532378079436,,7.1,17.1491666666667,5.45935266465704,30533919650.6264,,-2.37749566620574,0.11
Argentina,ARG,2014,-2.51261532081394,,7.268,24.0091666666667,8.07527599281334,31410813269.5239,,-1.74400211981355,0.09
Argentina,ARG,2015,2.73115982828944,,7.577,24.9158333333333,9.23318552472429,25520565580.4894,,-2.96292666513534,0.13
Argentina,ARG,2016,-2.08032784377811,,8.088,31.2325,14.7581750873396,38414518491.6132,,-2.70922168361454,0.39
Argentina,ARG,2017,2.81850297775918,,8.347,26.5808333333333,16.5627069251411,55314409205.2189,,-4.83995921807391,1.0
Argentina,ARG,2018,-2.61739646282038,34.2772237131003,9.22,48.5166666666667,28.0949916666667,66221501691.4418,,-5.16055257152295,1.83
Argentina,ARG,2019,-2.00086100285785,53.5483043492339,9.843,67.2541666666667,48.1478916666667,44880566052.3703,,-0.779998447561848,2.16
Argentina,ARG,2020,-9.9004848136464,42.0150947376509,11.461,29.3875,70.5391666666667,39403734630.1228,,0.696935361136031,0.37
Argentina,ARG,2021,10.4418119882506,48.4093786255199,8.736,35.5583333333333,94.9907416666667,39653498610.7828,,1.36154422203441,0.08
Argentina,ARG,2022,6.02074537534855,72.430757531824,6.805,52.3991666666667,130.61655,44795335171.5152,,-0.62525456692328,1.69
Argentina,ARG,2023,-1.85578803046339,133.488935594175,6.139,95.8941666666667,296.258041666667,23080560550.2946,,-3.1951463789585,5.03
Argentina,ARG,2024,-1.34293072157739,219.883929014578,7.15,61.7066666666666,914.694883333333,29559610350.7831,,0.893118418089375,5.14
Argentina,ARG,2025,4.36733330217022,,7.145,46.0191666666667,1240.85125,40998763986.6338,,-1.10988825977293,4.21
Armenia,ARM,2000,5.90000000312092,-0.790883768934757,11.107,31.5660003908333,539.525833333333,314200332.802208,,-15.7812102966465,6.24
Armenia,ARM,2001,9.59999999927597,3.1459046468502,11.012,26.6875,555.078258333333,329632780.091138,,-10.4398165717153,3.88
Armenia,ARM,2002,13.1999999979356,1.06004929341667,10.888,21.1369819305524,573.353333333333,430974325.401014,,-6.22010459710382,1.67
Armenia,ARM,2003,14.0000000015501,4.7215533660534,10.769,20.8290544327249,578.762954545454,501977062.059943,,-6.18119850537565,1.13
Armenia,ARM,2004,10.4999999988202,6.96126135875795,10.676,18.6332851199601,533.450833333334,547758869.582332,,-2.20435917633131,1.35
Armenia,ARM,2005,13.8999999991133,0.638928002410097,10.584,17.9842728930413,457.686940629159,669480407.701409,,-2.52832414562153,3.22
Armenia,ARM,2006,13.1999999994661,2.89235662459004,10.497,16.5251037109246,416.040369724542,1071917964.48804,,-2.39537289745616,4.97
Armenia,ARM,2007,13.7000000015467,4.40736089644516,10.394,17.5156853679268,342.079116208671,1659090453.02799,,-7.35660133782848,5.02
Armenia,ARM,2008,6.90000000042959,8.94995335353387,17.1,17.0494827336028,305.969400261936,1406800823.43427,,-14.2246479360543,1.92
Armenia,ARM,2009,-14.1000000006998,3.40676682683801,19.295,18.7644705946022,363.283285606061,2003623407.8546,,-16.4837116405484,0.16
Armenia,ARM,2010,2.2000000002151,8.17636138473952,19.523,19.2004283143122,373.660466738817,1865824296.86233,,-13.6219482985734,0.18
Armenia,ARM,2011,4.69999999867412,7.65000807859294,18.884,17.7544737854169,372.500882448711,1932471998.58389,,-10.4403281934474,0.1
Armenia,ARM,2012,7.20000000096486,2.55802007757907,17.511,17.2300682381835,401.763975626916,1799374398.90816,,-9.96233164214971,0.14
Armenia,ARM,2013,3.3,5.78966778544651,16.576,15.9949873679769,409.625749270293,2251610255.35403,,-7.31624657065382,0.11
Armenia,ARM,2014,3.60000000058993,2.98130868933672,17.498,16.4086652627089,415.919789204938,1489443370.96659,,-7.76786633240124,0.09
Armenia,ARM,2015,3.19999999896625,3.73169119261693,18.261,17.5903303177529,477.918306576099,1775293493.7543,,-2.66180705584758,0.13
Armenia,ARM,2016,0.199999999825991,-1.403607559009,17.617,17.3567061146333,480.488150777966,2204113991.25512,,-0.956577968660234,0.39
Armenia,ARM,2017,7.50000000164144,0.969553268816138,17.704,14.4060016758329,482.716393849129,2314113951.27386,,-1.26072402014699,1.0
Armenia,ARM,2018,5.19999999965324,2.52023382001638,18.966,12.793041927804,482.987946590235,2259321868.53197,,-7.2281230237955,1.83
Armenia,ARM,2019,7.59999999853918,1.44344660770698,18.304,12.1419889531682,480.44512876712,2849645182.4783,50.0284206863703,-7.05686573000043,2.16
Armenia,ARM,2020,-7.19999999920631,1.21143577838465,18.175,11.6198425058429,489.008858590915,2615530571.20173,63.4012140067668,-3.99777390668493,0.37
Armenia,ARM,2021,5.80000000065645,7.18483629443371,15.469,11.7619087610202,503.769674961652,3229848044.69344,60.080359768226,-3.3962941866585,0.08
Armenia,ARM,2022,12.5999999997766,8.64091108973855,13.451,11.7194139566373,435.6661796523,4111690218.3518,46.5518225541677,0.737867280509603,1.69
Armenia,ARM,2023,8.29999999959539,1.98041877615554,12.405,12.3852390680976,392.476302158971,3607482711.24985,48.0562986764141,-2.77026594121126,5.03
Armenia,ARM,2024,5.90000000046228,0.269511978259125,12.405,13.149294481602,392.729551399084,3685220142.94538,47.8813384886388,-4.60216691099963,5.14
Armenia,ARM,2025,7.2,3.30693341072904,12.871,13.7827500626073,387.010152166483,5088260146.30167,,-7.21847140363209,4.21
Aruba,ABW,2000,7.62292064930222,4.04402131190512,,12.0666666666667,1.79,235455000.0,,11.0568722640362,6.24
Aruba,ABW,2001,4.1820016304779,2.88360430316263,,12.6,1.79,321360614.52514,,16.2808742441801,3.88
Aruba,ABW,2002,-0.944953481157384,3.31524678585423,,11.3,1.79,374002932.960894,,-17.3434518893983,1.67
Aruba,ABW,2003,1.11050459944282,3.65636507938418,,10.7,1.79,336945700.0,,-8.09902267310928,1.13
Aruba,ABW,2004,7.29372807096192,2.52912946932762,,9.6,1.79,339224000.0,,12.0136853291022,1.35
Aruba,ABW,2005,-0.383137672063768,3.39778677828805,,11.0,1.79,324813400.0,,4.44757292760025,3.22
Aruba,ABW,2006,1.12741146411624,3.60802438784541,,9.5,1.79,401389600.0,,12.5742113280132,4.97
Aruba,ABW,2007,3.0895443848509,5.39256784475516,,10.4,1.79,455457100.0,,9.64536035842434,5.02
Aruba,ABW,2008,1.83575517191368,8.95598705177784,,10.5,1.79,691873900.0,,0.0039300343838726,1.92
Aruba,ABW,2009,-11.6777413693852,-2.13542872046937,,10.7,1.79,686970110.0,,6.72239127248544,0.16
Aruba,ABW,2010,-2.73345679250639,2.07814071860786,,10.3,1.79,708713690.0,,-18.7525373189382,0.18
Aruba,ABW,2011,3.36923718421511,4.31629742195203,,9.0,1.79,689775980.0,,-9.8776559966521,0.1
Aruba,ABW,2012,-1.04079988436683,0.627471992893372,,8.4,1.79,768622300.0,,3.47345127544661,0.14
Aruba,ABW,2013,6.43146080719245,-2.37206524252261,,8.5,1.79,653170670.0,,-11.813208837986,0.11
Aruba,ABW,2014,1.42609951155575,0.421440918881214,,7.3,1.79,680351000.0,,-4.65857687581843,0.09
Aruba,ABW,2015,3.61147906591042,0.474763597342641,,7.0,1.79,815800560.0,,3.99414243924537,0.13
Aruba,ABW,2016,1.23433537363427,-0.93119598707956,,6.9,1.79,922550890.0,,4.7317741972835,0.39
Aruba,ABW,2017,3.49342985290626,-1.02828178762012,,6.3,1.79,907111452.513966,,1.1197958543778,1.0
Aruba,ABW,2018,3.21247111920076,3.6260414135296,,6.0,1.79,980247680.0,,-0.59136646769686,1.83
Aruba,ABW,2019,1.22914408896015,4.25746204335427,,5.7,1.79,982300000.0,,2.53309209414144,2.16
Aruba,ABW,2020,-23.9400592677491,,,6.8,1.79,1212578720.0,,-12.8585246783433,0.37
Aruba,ABW,2021,14.833691976226,,,6.4,1.79,1512960280.0,,2.74311870112242,0.08
Aruba,ABW,2022,10.6079607621246,,,6.1,1.79,1543940590.0,,6.93052521983244,1.69
Aruba,ABW,2023,9.51636022347185,,,5.8,1.79,1468151730.0,,5.19136770255524,5.03
Aruba,ABW,2024,6.81077669324554,,,,1.79,1902250220.0,,,5.14
Aruba,ABW,2025,,,,,1.79,2231431960.0,,,4.21
Australia,AUS,2000,3.9160574881715,4.45743705920869,6.288,7.71666666666667,1.72482666666667,18821546023.5148,29.4708236736698,-3.7148479251727,6.24
Australia,AUS,2001,2.03145880248898,4.40712998561533,6.747,6.84166666666667,1.9334425,18663980677.4372,27.6400889435694,-2.09983536268172,3.88
Australia,AUS,2002,3.94980535772942,2.98157117047457,6.375,6.3625,1.8405625,21567012300.1784,25.8412136969849,-4.03651427027564,1.67
Australia,AUS,2003,3.0912800997751,2.73259754838937,5.933,6.6125,1.54191416666667,33258076239.1012,25.0320718409237,-6.25542304141099,1.13
Australia,AUS,2004,4.21894147547516,2.34325687131265,5.399,7.05,1.3597525,36925537509.3118,22.8245660455405,-6.70631316237641,1.35
Australia,AUS,2005,3.15548121323168,2.69182949622197,5.036,7.25833333333333,1.30947333333333,43257063108.6613,22.3700818832059,-6.22018206583351,3.22
Australia,AUS,2006,2.7709261737475,3.55528696972984,4.785,7.6125,1.3279734405,55078716457.7347,21.4023842789788,-6.17432428646521,4.97
Australia,AUS,2007,3.78947119882653,2.32761442623159,4.381,8.19583333333333,1.1950725,26907894338.8501,20.0582738191257,-7.5509404049246,5.02
Australia,AUS,2008,3.62398503565633,4.35029726664093,4.242,8.90833333333333,1.19217833333333,32923506492.0435,18.1404251935735,-4.87128797048566,1.92
Australia,AUS,2009,1.95484826298522,1.77112025681656,5.565,6.02083333333333,1.28218881008452,41742190606.7948,23.7918159800555,-5.21460357172589,0.16
Australia,AUS,2010,2.21004795300735,2.9183370211222,5.214,7.27916666666667,1.09015948638677,42267797177.4333,28.5706752868622,-3.99211276270473,0.18
Australia,AUS,2011,2.39473494330615,3.30384784681081,5.083,7.7375,0.969463201496735,46714016758.3861,30.0025299553744,-3.25393708127954,0.1
Australia,AUS,2012,3.95247138119184,1.76278299052228,5.225,6.975,0.965801030658708,49138172006.1935,39.3096720165071,-4.42917293903347,0.14
Australia,AUS,2013,2.65445302592404,2.44988248109259,5.663,6.17916666666667,1.03584309652054,52837027749.6145,37.4031396926122,-3.24439256531685,0.11
Australia,AUS,2014,2.60118978187332,2.48792932080492,6.078,5.95,1.10936329281692,53910325023.2378,41.5409287207942,-3.07921525285017,0.09
Australia,AUS,2015,2.16434780647852,1.50836803138463,6.055,5.575,1.33109026245502,45406035070.596,46.293292747612,-4.2950643949091,0.13
Australia,AUS,2016,2.75564065529868,1.27699365720306,5.711,5.42083333333333,1.34521397601947,52480791522.7773,54.463570652249,-3.60213104879027,0.39
Australia,AUS,2017,2.29331030192918,1.94864309065653,5.592,5.2455,1.30475807671592,65653718118.1818,53.1037976577229,-3.00525814878872,1.0
Australia,AUS,2018,2.87417039499501,1.91140002818579,5.345,5.26083333333333,1.33841214646451,53909533420.3007,54.3001380799371,-2.58947975974169,1.83
Australia,AUS,2019,2.19401703622717,1.610770929127,5.143,5.101,1.43850654421382,57994685703.478,59.9837867004913,-0.0757460083721145,2.16
Australia,AUS,2020,-0.133531904304775,0.846900734607273,6.394,,1.45308511847016,42544629264.9892,69.0656538994855,1.64272242623869,0.37
Australia,AUS,2021,2.00694844335034,2.86391284709318,5.022,,1.33122425957081,57877502314.3513,69.836773674895,2.44729769999574,0.08
Australia,AUS,2022,4.25304559238732,6.59409658717841,3.728,,1.44166445896522,56701901829.646,57.8834285733848,0.254202501603949,1.69
Australia,AUS,2023,3.58382100798981,5.59701792296707,3.668,,1.50519106560509,61703347652.0138,,-0.433071259302467,5.03
Australia,AUS,2024,1.37340773365975,3.16656665428797,3.942,,1.51535803855596,60404058269.2777,,-2.3075014713626,5.14
Australia,AUS,2025,1.35039785076631,2.87403791660173,4.09,,1.5519978866485,72632706749.9792,,-2.68119524894682,4.21
Austria,AUT,2000,3.18952292988787,2.34486285357281,4.687,,1.08270508132602,17649557521.9085,,,6.24
Austria,AUT,2001,1.31698749571339,2.65000077279529,4.007,,1.11653308564462,15598207438.845,,,3.88
Austria,AUT,2002,1.48436877605324,1.81035787764129,4.852,,1.05755899623965,13182007409.347,,,1.67
Austria,AUT,2003,1.14156504542775,1.35555370896445,4.779,,0.88404792718493,12729301826.6791,,,1.13
Austria,AUT,2004,2.56525534067859,2.0612061803287,5.969,,0.803921647747618,12188419360.202,,,1.35
Austria,AUT,2005,2.32036514266782,2.29913785639286,5.682,,0.803800192161442,11827977057.728,,1.98531598038444,3.22
Austria,AUT,2006,3.26933601506059,1.44154851119017,5.32,,0.796432730949102,12911210327.5257,,3.29250867823429,4.97
Austria,AUT,2007,3.77522468729185,2.16855528800757,4.909,,0.729672399984083,18193955715.2108,,3.81348828635748,5.02
Austria,AUT,2008,1.45330562142114,3.2159503323988,4.198,,0.679922680042729,16741449884.8454,,4.49615698142083,1.92
Austria,AUT,2009,-3.58626472551299,0.506308827696504,5.371,,0.716957702016136,17903949014.9959,,2.58051083948133,0.16
Austria,AUT,2010,1.80898243043663,1.81353438995062,4.883,,0.754308990105961,22241623425.0213,,2.94294851772084,0.18
Austria,AUT,2011,2.92746800169145,3.2865791487538,4.637,,0.718413898653317,24768999165.1789,,1.58501011759763,0.1
Austria,AUT,2012,0.628246239479637,2.48567562177015,4.909,,0.778338120416812,27211429627.7746,,1.51000017550336,0.14
Austria,AUT,2013,-0.250726423318454,2.00015616900597,5.367,,0.752945122701996,23316756962.0136,,1.75299233450364,0.11
Austria,AUT,2014,0.755798850316665,1.60581182954474,5.674,,0.752728196932603,25001493235.2234,,2.31393875506261,0.09
Austria,AUT,2015,1.30352331826198,0.89656333526032,5.802,,0.901296423367096,22239731667.636,,1.58832680063968,0.13
Austria,AUT,2016,2.11721964494312,0.891591752655362,6.064,,0.903421436257263,23255493380.5846,,2.571487769682,0.39
Austria,AUT,2017,2.27224992038207,2.08126911385587,5.561,,0.885205508269372,21565331649.2621,,1.24444591726667,1.0
Austria,AUT,2018,2.48422114080024,1.99837981429549,4.933,,0.846772667108111,23190665221.0656,,0.908176708238318,1.83
Austria,AUT,2019,1.75497619649288,1.53089564152644,4.56,,0.893276257067409,23616397437.8114,,2.38423045289808,2.16
Austria,AUT,2020,-6.31825509209936,1.38191063351854,5.201,,0.875506396987998,30439562425.1269,,3.3513779974929,0.37
Austria,AUT,2021,4.92309171717903,2.7666666666667,6.459,,0.84549413889045,33957000220.5267,,1.71590187553909,0.08
Austria,AUT,2022,5.33096379400371,8.54686993188458,4.992,,0.949623753156941,33077693776.3888,,-0.826550284589038,1.69
Austria,AUT,2023,-0.786244288594673,7.81413417002831,5.264,,0.924839558470698,31212416321.99,,1.31277352992302,5.03
Austria,AUT,2024,-0.659089573171372,2.93791574279376,5.2,,0.923889546117607,35405523062.0747,,1.53088550116276,5.14
Austria,AUT,2025,0.615747280959056,3.52719439956928,5.582,,0.88496895841236,53437030354.0066,,1.79486379964928,4.21
Azerbaijan,AZE,2000,11.0999991434346,1.80500303704356,11.78,19.6558333333333,0.89483075,679605504.08201,,-3.18196904183888,6.24
Azerbaijan,AZE,2001,9.89999986533643,1.5471959015228,10.91,19.7058333333333,0.931316666666667,724979353.94087,,-0.906770850609527,3.88
Azerbaijan,AZE,2002,9.43891626906561,2.7711647199827,10.04,17.3708333333333,0.972164166666666,720471772.469666,,-12.3213949554144,1.67
Azerbaijan,AZE,2003,10.2082994004776,2.23386492967049,9.17,15.4566666666667,0.982146,802839749.214127,,-27.7726673572238,1.13
Azerbaijan,AZE,2004,9.25380179728907,6.70893042797786,7.99,15.72,0.9826955,1075084292.67504,,-29.8282485551101,1.35
Azerbaijan,AZE,2005,27.9615381082131,9.6795073191705,7.26,17.0283333333333,0.945421,1177743664.23387,,1.26319117280894,3.22
Azerbaijan,AZE,2006,34.4662096226792,8.32892482863209,6.62,17.8633333333333,0.893445,2500372956.08952,,17.670467343915,4.97
Azerbaijan,AZE,2007,25.4632157314482,16.6997549618244,6.33,19.1308333333333,0.858123808243727,4273114882.33472,,27.289087539853,5.02
Azerbaijan,AZE,2008,10.591437462476,20.8490871772712,5.86,19.7625,0.821619578853047,6467239211.36657,4.57653797474662,33.6793638921001,1.92
Azerbaijan,AZE,2009,9.36950260277183,1.45704835970321,5.74,20.0291666666667,0.803783333333333,5363850354.15113,6.29501240116287,22.9720443124812,0.16
Azerbaijan,AZE,2010,4.78883248761557,5.72687224669605,5.63,20.7,0.80265,6409059730.22348,6.38557579182856,28.4268313519369,0.18
Azerbaijan,AZE,2011,-1.5729973511111,7.8583333333334,5.42,18.9883333333333,0.789686388888889,10273925784.8398,,25.9957665612112,0.1
Azerbaijan,AZE,2012,2.20293891708398,1.06621339720303,5.19,18.3458333333333,0.785645349462366,11277345749.0186,,21.4925357741895,0.14
Azerbaijan,AZE,2013,5.84341590483928,2.41571745279419,4.97,18.21,0.784541075268817,15175270232.0002,,16.4935876692396,0.11
Azerbaijan,AZE,2014,2.79758521448559,1.37344181533176,4.91,17.8575,0.7843475,15603217172.1229,,13.5683574038086,0.09
Azerbaijan,AZE,2015,1.04954641215085,4.02768573742726,4.96,17.5341666666667,1.02456381855059,7070555994.33957,,-0.419198909856565,0.13
Azerbaijan,AZE,2016,-3.06359842251706,12.4433748584372,5.0,16.3752267159245,1.59572157270424,6698545432.89916,,-3.60050733417184,0.39
Azerbaijan,AZE,2017,0.153614661745507,12.9359184187335,5.0,16.5425,1.72115480222734,7026285830.44112,,4.12208960991814,1.0
Azerbaijan,AZE,2018,1.50040167167313,2.26854690373999,4.9,17.4483333333333,1.70001666666667,6696420864.42018,,12.6823769245212,1.83
Azerbaijan,AZE,2019,2.47980879185565,2.61057182799215,5.0,17.2812151745262,1.7,7069418581.86676,,8.70455620187564,2.16
Azerbaijan,AZE,2020,-4.19896065333343,2.75980947008127,7.24,17.1782012225111,1.7,7775084753.01305,,-0.740874280795448,0.37
Azerbaijan,AZE,2021,5.61644027150554,6.65029912708779,6.04,16.4259638117336,1.7,8290112834.95499,,14.9620003998682,0.08
Azerbaijan,AZE,2022,4.71468033247649,13.8522590144267,5.65,14.5897924973182,1.7,11338378376.1944,,29.7916946512237,1.69
Azerbaijan,AZE,2023,1.35447749115767,8.78543049849081,5.64,13.9648868370787,1.7,13748751031.513,,11.5001296207861,5.03
Azerbaijan,AZE,2024,4.15806800428062,2.21217188919901,5.648,14.6710589959745,1.7,12699124299.9099,,6.27617767984307,5.14
Azerbaijan,AZE,2025,1.44985591122698,5.62208788068338,5.457,15.3356973696651,1.7,13555767940.9545,,4.57619393620153,4.21
"Bahamas, The",BHS,2000,4.14841930754267,1.60632941740579,7.118,6.0,1.0,349644583.160698,18.7520042790972,-7.8368767543246,6.24
"Bahamas, The",BHS,2001,2.62600982683425,2.04498977505121,6.87,6.0,1.0,319252843.728164,,-7.75394544009676,3.88
"Bahamas, The",BHS,2002,2.70495624731029,2.17357792508093,9.05,6.0,1.0,380645829.417907,,-4.76646866689712,1.67
"Bahamas, The",BHS,2003,-1.26491667612372,3.02504526252236,10.84,6.0,1.0,491108558.163103,,-5.33827728918196,1.13
"Bahamas, The",BHS,2004,0.882373744518318,0.981914036757662,10.2,6.0,1.0,674401942.812061,,-3.39160866189818,1.35
"Bahamas, The",BHS,2005,3.39608420536011,1.59160618079802,10.2,5.54166666666667,1.0,586297936.226167,,-7.12305028440183,3.22
"Bahamas, The",BHS,2006,2.51659221712706,2.38982627439254,7.54,5.5,1.0,461331327.062986,22.7774542844919,-13.8061914480317,4.97
"Bahamas, The",BHS,2007,1.44609991235758,2.49257794939396,7.88,5.5,1.0,464482895.393893,22.9908535609144,-12.3851568041165,5.02
"Bahamas, The",BHS,2008,-2.32364807041851,4.4895599537506,8.18,5.5,1.0,567909087.744537,25.45550066502,-11.6100892944233,1.92
"Bahamas, The",BHS,2009,-4.17542805647342,2.06273473452682,14.25,5.5,1.0,1009823819.80338,30.908208407968,-8.10442037435534,0.16
"Bahamas, The",BHS,2010,1.53866248693835,1.34402738392836,14.435,5.5,1.0,1044153800.49774,33.6922817103418,-8.0632166374795,0.18
"Bahamas, The",BHS,2011,0.613170735890648,3.1987814166032,14.52,5.0625,1.0,1070217424.65299,35.306429206242,-11.9472714724764,0.1
"Bahamas, The",BHS,2012,4.52003886739061,1.97336755976254,14.02,4.75,1.0,846941347.75579,36.4498330286183,-14.0368120592515,0.14
"Bahamas, The",BHS,2013,-2.86320081549439,0.722414784530551,16.18,4.75,1.0,807408405.007461,44.7663646864529,-14.2614149475433,0.11
"Bahamas, The",BHS,2014,1.8469701294558,1.51375643050831,13.8,4.75,1.0,874337064.77897,46.3248467111347,-16.9249150364207,0.09
"Bahamas, The",BHS,2015,0.997411675486745,1.86148302863371,12.0,4.75,1.0,895475136.251959,47.6225079407988,-10.1639297057563,0.13
"Bahamas, The",BHS,2016,-1.15650811269629,-0.346376929989397,12.7,4.75,1.0,1001933945.18353,50.2046646297839,-5.98258988449718,0.39
"Bahamas, The",BHS,2017,3.3713988456489,1.51820700736147,9.8,4.25,1.0,1413972940.85571,52.624565152769,-12.6509094143141,1.0
"Bahamas, The",BHS,2018,2.39795510823548,2.26586346678736,10.0,4.25,1.0,1345344674.14449,56.5027068771842,-8.70002668448313,1.83
"Bahamas, The",BHS,2019,-0.838585871193203,2.49123527368046,9.336,4.25,1.0,1757782753.50028,56.6924606462303,-2.60210078588536,2.16
"Bahamas, The",BHS,2020,-20.0893664891399,0.0385210980054558,12.016,4.25,1.0,2382077961.01193,79.0414158203086,-22.0443509738873,0.37
"Bahamas, The",BHS,2021,17.5861390037409,2.90491262928478,11.078,4.25,1.0,2432716261.37975,82.5398306524293,-20.2208763533214,0.08
"Bahamas, The",BHS,2022,10.8779009410268,5.60540633583044,9.25,4.25,1.0,2609421074.79741,77.6639776530748,-8.8696154754098,1.69
"Bahamas, The",BHS,2023,3.04824180553773,3.05291578969743,8.645,4.25,1.0,2511681591.43478,73.7303208143,-7.00069253380102,5.03
"Bahamas, The",BHS,2024,3.37866553336166,0.409162489083286,9.049,4.25,1.0,2632098082.6404,71.4578214596313,-6.64860795366672,5.14
"Bahamas, The",BHS,2025,,,9.207,4.25,1.0,,,,4.21
Bahrain,BHR,2000,5.30006940305884,-0.70485295309079,1.081,11.6028971962617,0.376,1605306697.72147,25.7450148929614,9.16025901142394,6.24
Bahrain,BHR,2001,2.49094875338352,-1.20757180156659,1.118,10.6924779706275,0.376,1725453561.44655,27.1047836328351,2.51701963066081,3.88
Bahrain,BHR,2002,3.34855067103268,-0.495540138751154,1.137,8.40653404539386,0.376,1777159820.10789,28.3796671065326,-0.5173375765393,1.67
Bahrain,BHR,2003,6.29644129075703,1.59362549800787,1.126,8.29520560747664,0.376,1840973997.58307,32.4533576041094,1.80990381150795,1.13
Bahrain,BHR,2004,6.98096175867695,2.35294117647062,1.064,7.90431909212283,0.376,2006203184.74825,29.3985591955441,3.58610571732871,1.35
Bahrain,BHR,2005,6.76899737789502,2.58620689655173,1.021,7.82185358255452,0.376,2051923931.62393,,9.23180920590183,3.22
Bahrain,BHR,2006,6.4669995195042,2.00746965452849,1.021,7.97523943035158,0.376,2895643505.16612,20.2540605565848,11.8210087744718,4.97
Bahrain,BHR,2007,8.29396129093843,3.25666666666703,1.006,8.26634267912772,0.376,4342187749.57618,7.54545632569935,13.3758607441787,5.02
Bahrain,BHR,2008,6.24501094995797,3.52600316363721,1.015,8.2234606141522,0.376,4050919098.60005,7.2926256555605,8.77793644624144,1.92
Bahrain,BHR,2009,2.53988570158225,2.79551283550412,1.07,7.94142857142857,0.376,4008299045.06264,15.6294022913075,2.44123386880183,0.16
Bahrain,BHR,2010,4.3342989754845,1.96188468334623,1.13,7.2475,0.376,5299463737.03106,29.0713708137176,2.8727610009228,0.18
Bahrain,BHR,2011,1.92815791170796,-0.40004069748808,1.21,6.79083333333333,0.376,4774194828.72022,34.5689325404164,10.855340365152,0.1
Bahrain,BHR,2012,3.80302899043062,2.75739669962979,1.2,6.035,0.376,5454261306.90609,35.6065986264045,8.06539982681225,0.14
Bahrain,BHR,2013,5.29262224906203,3.30001156888442,1.184,5.935,0.376,5527718440.19013,42.2700248553772,7.12443578913414,0.11
Bahrain,BHR,2014,4.30885692657077,2.64755321246189,1.144,5.86833333333333,0.376,6229406002.51976,43.5275770260668,4.38061668747353,0.09
Bahrain,BHR,2015,2.50787205267615,1.84862742374977,1.164,5.16083333333333,0.376,3546207932.19981,60.7584088656577,-2.31252912932776,0.13
Bahrain,BHR,2016,3.81499327422425,2.78679347602044,1.19,,0.376,2611989314.00794,70.5694533398636,-4.40558716045663,0.39
Bahrain,BHR,2017,4.95383534123657,1.38671830576406,1.18,,0.376,2823123079.34137,77.5251429515026,-4.30051876437292,1.0
Bahrain,BHR,2018,2.05258864979861,2.08766938046978,1.188,,0.376,2334278370.00967,84.3014580347853,-6.15289066217848,1.83
Bahrain,BHR,2019,2.05287774418655,1.00582004702137,1.217,,0.376,3902650742.43906,91.3598106259863,-1.96409784324041,2.16
Bahrain,BHR,2020,-5.9113629524152,-2.31770629331379,1.765,,0.376,2523073657.45375,111.598089477141,-9.05383693445987,0.37
Bahrain,BHR,2021,4.35004091668986,-0.60631938514085,1.548,,0.376,4993195962.86458,,6.37213530677418,0.08
Bahrain,BHR,2022,6.18016125475185,3.62574104304482,1.265,,0.376,4774898054.78219,,14.7198235888136,1.69
Bahrain,BHR,2023,3.87811614845566,0.0746206782192256,1.049,,0.376,5117552034.50774,,5.84398348945118,5.03
Bahrain,BHR,2024,2.89710543153512,0.919635459817651,1.084,,0.376,4948702759.13155,,4.83346638041053,5.14
Bahrain,BHR,2025,3.48137573668635,-0.137708855447902,1.102,,0.376,5269794300.5237,,,4.21
Bangladesh,BGD,2000,5.29329471892532,2.20825620937535,3.27,12.755,52.1416666666667,1515788656.4122,,-0.57304266329964,6.24
Bangladesh,BGD,2001,5.07728777526728,2.0071737421384,3.609,12.82,55.8066666666667,1305630681.37667,31.4618431575804,-0.991687231894649,3.88
Bangladesh,BGD,2002,3.83312393993225,3.33256493271913,3.966,12.6091666666667,57.888,1721734791.67037,31.863991518402,1.35086830489484,1.67
Bangladesh,BGD,2003,4.73956739963045,5.66870773441476,4.32,12.0425,58.15004,2624623706.05726,31.2044521104432,0.218816448007947,1.13
Bangladesh,BGD,2004,5.23953291029852,7.5875363850469,4.316,10.3991666666667,59.5126583333333,3221759632.85791,,-0.428022753319865,1.35
Bangladesh,BGD,2005,6.53594493875502,7.04661816222039,4.25,10.615,64.327475,2825004863.68236,,-0.250074173604547,3.22
Bangladesh,BGD,2006,6.67190498576788,6.76526117054757,3.591,11.6641666666667,68.9332333333333,3877163419.29565,,1.66592495150091,4.97
Bangladesh,BGD,2007,7.05859935449848,9.10698496905383,4.015,12.635,68.874875,5277479281.25889,,1.07621521358966,5.02
Bangladesh,BGD,2008,6.01378975738535,8.90194489465154,4.49,12.8891666666667,68.598275,5787356027.0945,,1.01071124669571,1.92
Bangladesh,BGD,2009,5.04512479919337,5.42347236174679,5.0,13.3266666666667,69.0390666666667,10341543873.7537,,3.47023264645131,0.16
Bangladesh,BGD,2010,5.57178818533122,8.12667639169917,3.379,12.2191666666667,69.6492916666667,11174828666.9521,,1.82909794723498,0.18
Bangladesh,BGD,2011,6.46437912497728,11.3951651552399,3.737,13.3216666666667,74.1524,9174749651.12681,,-0.125842241657654,0.1
Bangladesh,BGD,2012,6.52145877906443,6.21750422069284,4.07,13.9441666666667,81.8626583333333,12754226899.6072,,1.93195276968292,0.14
Bangladesh,BGD,2013,6.01360565834344,7.53040640913172,4.426,13.5933333333333,78.103235,18087689200.062,,1.3723251518825,0.11
Bangladesh,BGD,2014,6.0610593588495,6.99163889220849,4.417,12.945,77.6414083333333,22319788312.4798,,0.437159797644511,0.09
Bangladesh,BGD,2015,6.55263987816197,6.19428022984984,4.397,11.7091666666667,77.9469083333333,27493077971.9949,,1.32188871858147,0.13
Bangladesh,BGD,2016,7.11347821270093,5.51352572692995,4.35,10.4091666666667,78.4680916666667,32283838538.9037,,0.351171861174517,0.39
Bangladesh,BGD,2017,6.59024999794057,5.70207015717239,4.372,9.54,80.4375416666667,33431482893.1712,,-2.03756600416726,1.0
Bangladesh,BGD,2018,7.31941263014136,5.54362139486476,4.439,9.65083333333333,83.4662019166666,32028383716.595,,-2.20783912081882,1.83
Bangladesh,BGD,2019,7.88191515117722,5.59199639930629,4.504,9.55583333333333,84.4535225,32696936140.2925,,-0.839485005371136,2.16
Bangladesh,BGD,2020,3.44801755122445,5.69107474746211,5.539,8.295,84.8713916666667,43171735335.8001,,0.318940441964321,0.37
Bangladesh,BGD,2021,6.93867912442445,5.54565430773473,5.457,7.32416666666667,85.08376325,46165532457.1555,,-3.78969259910935,0.08
Bangladesh,BGD,2022,7.09982877575158,7.69695437176898,4.593,7.12109342742786,91.7454544396961,33747202271.7021,,-3.81010813041237,1.69
Bangladesh,BGD,2023,5.77511237007889,9.8835030377921,3.352,7.57,106.309484297483,21859709190.8892,,-1.64602823544154,5.03
Bangladesh,BGD,2024,4.22325911250161,10.4657482763412,3.635,9.8525,115.603653796648,21394795733.0405,,-0.669466607987832,5.14
Bangladesh,BGD,2025,3.48990671836833,8.7687628116114,3.778,8.62333333333333,121.920836605034,28562651500.7357,,-0.0524732355435052,4.21
Barbados,BRB,2000,4.44718949183194,2.43581303489138,9.35,10.1875,2.0,472693479.363243,,-3.33993473383023,6.24
Barbados,BRB,2001,-2.36546415544167,2.57783490431288,9.85,9.58333333333333,2.0,690373663.970562,,-3.64191735837973,3.88
Barbados,BRB,2002,0.787401645449506,0.12524945805602,10.32,8.5,2.0,668514868.724441,,-4.66106017866377,1.67
Barbados,BRB,2003,2.175481019956,1.61943319838054,11.0,8.5,2.0,737943173.036773,,-5.86397699078632,1.13
Barbados,BRB,2004,1.411597864066,1.39442231075691,9.57,8.33333333333333,2.0,579857104.076333,,-12.6937325840461,1.35
Barbados,BRB,2005,3.95545709487497,6.08218729535043,9.08,9.16666666666667,2.0,603465289.14044,63.7916238643802,-12.9792521453765,3.22
Barbados,BRB,2006,6.07054679359618,7.3076626282894,8.73,10.2916666666667,2.0,636089800.395959,62.3690591999655,-10.4893661741424,4.97
Barbados,BRB,2007,2.07918360507011,4.0342298288507,7.41,10.7583333333333,2.0,839429792.734651,66.8016267359889,-7.42918018711688,5.02
Barbados,BRB,2008,0.633460425791839,8.1081081081078,8.12,10.0333333333333,2.0,738527014.772725,71.0883224744168,-9.01616589623384,1.92
Barbados,BRB,2009,-5.01727544996282,3.64386189258337,10.02,9.20416666666667,2.0,871145394.006876,86.8542626598636,-8.53071833117839,0.16
Barbados,BRB,2010,-8.08072121134387,5.82421853311866,10.69,8.7,2.0,833540950.447842,79.8780502435835,-5.01692524307779,0.18
Barbados,BRB,2011,-0.074211165126286,9.4322024017722,11.19,8.7,2.0,812596875.611228,83.9301145649712,-3.12073431018442,0.1
Barbados,BRB,2012,-2.85797051387257,4.53334753888775,11.59,8.7,2.0,839722748.012763,94.7593476661489,-8.17455835698894,0.14
Barbados,BRB,2013,0.195322007310409,1.81410436049096,11.55,8.7,2.0,680957827.153573,99.559827434329,-4.46082570308174,0.11
Barbados,BRB,2014,0.807325350394564,1.76950322089729,12.17,8.38333333333333,2.0,632258680.138622,107.0880919914,-11.3557393726686,0.09
Barbados,BRB,2015,-0.772620078410995,-1.11278992510958,9.803,8.05833333333333,2.0,553604323.881265,117.244914872953,-1.73226401768809,0.13
Barbados,BRB,2016,1.41632446821541,1.28192813061895,8.247,8.05,2.0,431758241.990471,125.033538406814,-7.96597920809368,0.39
Barbados,BRB,2017,0.654655602860373,4.66018463955995,8.62,8.05,2.0,265841633.120925,,-5.06886376225887,1.0
Barbados,BRB,2018,-0.252085325827849,3.1060057242059,8.321,8.05,2.0,533906813.039013,,,1.83
Barbados,BRB,2019,0.241099789148677,1.67662473276988,8.41,8.05,2.0,772118649.502051,,,2.16
Barbados,BRB,2020,-17.4059314651747,,10.586,8.05,2.0,1358013876.08841,,,0.37
Barbados,BRB,2021,8.0198770096479,,11.015,8.05,2.0,1672884485.22112,,,0.08
Barbados,BRB,2022,15.9453206225473,,7.261,8.05,2.0,1519660179.91512,,,1.69
Barbados,BRB,2023,1.81419817804516,3.18718905472632,6.54,,2.0,1605919490.51553,,,5.03
Barbados,BRB,2024,3.3669492581395,1.4464366430616,6.448,,2.0,1653675115.41191,,,5.14
Barbados,BRB,2025,2.70000021764021,0.846576563196289,6.524,,2.0,,,,4.21
Belarus,BLR,2000,5.80000327485702,168.620235850933,12.193,67.6666666666666,0.087675,350495841.300002,15.0144518163306,-3.60449996573167,6.24
Belarus,BLR,2001,4.72530605111095,61.1349331618477,11.561,46.9666666666667,0.139,390676493.528801,11.440616774975,-4.28011087042602,3.88
Belarus,BLR,2002,5.04526758311702,42.5375481348794,10.874,36.8833333333333,0.179091666666667,687361275.148582,12.3366860124798,-2.23160130536418,1.67
Belarus,BLR,2003,7.04319246586394,28.3978399133474,10.191,23.975,0.205127083333333,636538852.309087,,-2.55870194011727,1.13
Belarus,BLR,2004,11.4497432088167,18.1082424937646,9.463,16.9083333333333,0.21602575,836974642.741323,,-5.15047246548436,1.35
Belarus,BLR,2005,9.40000151584914,10.3388794457932,8.759,11.3583333333333,0.215382,1341819426.53214,6.57022058767027,1.518035769229,3.22
Belarus,BLR,2006,9.99999473022963,6.99712903535591,8.066,8.84166666666667,0.214456416666667,1386410520.73254,6.64440183178372,-3.75494824327905,4.97
Belarus,BLR,2007,8.60000659811426,8.42675273505306,7.41,8.575,0.214607833333333,4178575862.32941,8.9092608163614,-6.6536778047307,5.02
Belarus,BLR,2008,10.1999994860937,14.8378764828254,6.728,8.55,0.21363975,3063153364.72563,10.6566343685377,-8.16202153003141,1.92
Belarus,BLR,2009,0.199995231733979,12.9456563410402,6.1,11.675,0.279304921788469,5640214197.2805,18.5574619808712,-12.0546848610717,0.16
Belarus,BLR,2010,7.75001707500896,7.73574804312515,6.052,9.21666666666667,0.297851,5025440611.53055,18.905245726907,-14.4678043936086,0.18
Belarus,BLR,2011,5.54997471638077,53.2286983118172,6.024,13.575,0.497463333333333,7863285897.42622,39.4168108447656,-8.18054584289412,0.1
Belarus,BLR,2012,1.70785253368828,59.2197360232519,5.962,19.4916666666667,0.833689833333333,8094992776.16545,24.4293134230567,-2.83500762120659,0.14
Belarus,BLR,2013,0.998719299661161,18.3122610377873,5.942,19.1333333333333,0.88800525,6654216939.69032,23.8372955552391,-10.0192566839897,0.11
Belarus,BLR,2014,1.65112470228097,18.1195543526734,5.908,18.7416666666667,1.02241025,5067715364.28754,24.5487262642116,-6.63303695478998,0.09
Belarus,BLR,2015,-3.82957056812593,13.5344897649734,5.881,18.0833333333333,1.59259883333333,4172797260.41231,37.5981780556757,-3.24348147204404,0.13
Belarus,BLR,2016,-2.5264464460425,11.8365807653497,5.844,14.4,1.98956283333333,4907608003.26985,38.9240984107258,-3.37736852773594,0.39
Belarus,BLR,2017,2.53218349471909,6.03183725177795,5.648,9.65871241633364,1.93234166666667,7315236708.5196,39.8801045313301,-1.74032515049902,1.0
Belarus,BLR,2018,3.14919758275296,4.87230220550686,4.763,8.69583333333333,2.03760833333333,7157559690.48716,37.0957369908527,0.0381469405173492,1.83
Belarus,BLR,2019,1.44645548204305,5.59815595039848,4.165,9.02333333333333,2.09178333333333,9393817368.90426,33.2442039424903,-1.9341665879178,2.16
Belarus,BLR,2020,-0.672742918585868,5.54814357456519,4.049,9.0325,2.439575,7468343228.01747,,-0.290687853658269,0.37
Belarus,BLR,2021,2.43886210234947,9.46028389623099,3.9,10.1175,2.538675,8424740406.10704,,3.33503209952537,0.08
Belarus,BLR,2022,-4.65839591328999,15.209675274081,3.574,12.7158333333333,2.6261,7923329893.42426,,3.81254519379628,1.69
Belarus,BLR,2023,4.12654007153881,5.0005990309131,3.461,9.9623073222544,3.00735,8117798862.30499,,-1.03659609651183,5.03
Belarus,BLR,2024,4.34999638140579,5.78531910428005,3.458,9.99166666666667,3.24619166666667,8912194598.43984,,-2.07223267740223,5.14
Belarus,BLR,2025,1.29999999999998,6.59877945951182,3.38,10.9451669828601,3.069175,14519884903.0865,,-1.94415875062152,4.21
Belgium,BEL,2000,3.71670510672588,2.544517761909,6.586,,1.08270508132602,12271745172.0013,,,6.24
Belgium,BEL,2001,1.09960362419645,2.46925823086083,6.178,,1.11653308564462,13560301157.335,,,3.88
Belgium,BEL,2002,1.70689430349601,1.64521436175361,6.91,,1.05755899623965,14697923742.2018,,4.49803373016796,1.67
Belgium,BEL,2003,1.03795518162204,1.58896399970372,7.68,,0.88404792718493,14448826871.3605,,3.39723910068488,1.13
Belgium,BEL,2004,3.57120671942319,2.09728311239316,7.363,,0.803921647747618,13990812128.097,,3.09695508992498,1.35
Belgium,BEL,2005,2.32173792911834,2.78143263670029,8.44,,0.803800192161442,11996383512.5918,,1.99655304871952,3.22
Belgium,BEL,2006,2.55234087322462,1.79120770070454,8.246,,0.796432730949102,13436681104.3321,,1.8502893230147,4.97
Belgium,BEL,2007,3.67692462515802,1.8230563002681,7.459,,0.729672399984083,16485311239.2755,,1.49569237465597,5.02
Belgium,BEL,2008,0.446905130727231,4.48944420508404,6.976,,0.679922680042729,15680647981.365,,-0.831236474764239,1.92
Belgium,BEL,2009,-1.90644105515335,-0.0531456741254177,7.908,,0.716957702016136,23861674312.7944,,1.80970941708578,0.16
Belgium,BEL,2010,2.71031150254662,2.18929920422458,8.293,,0.754308990105961,26779063929.1966,,1.52379368667185,0.18
Belgium,BEL,2011,1.93115502411325,3.5320821072274,7.14,,0.718413898653317,29114266148.2486,,-1.9288774755617,0.1
Belgium,BEL,2012,0.215803612089744,2.83966343445899,7.542,,0.778338120416812,30768939403.7021,,-0.0829864949097402,0.14
Belgium,BEL,2013,0.305494549070232,1.1130959402754,8.425,,0.752945122701996,26946175032.3354,,0.969084734716925,0.11
Belgium,BEL,2014,1.76554038149924,0.340002833356922,8.523,,0.752728196932603,25444391272.9201,,0.751219410488652,0.09
Belgium,BEL,2015,1.47416433731927,0.561429152790158,8.482,,0.901296423367096,24101851039.0629,,1.38017908454948,0.13
Belgium,BEL,2016,1.19350273007754,1.97385264653163,7.83,,0.903421436257263,23480922147.456,,0.558076934849913,0.39
Belgium,BEL,2017,1.47446761556785,2.12597086002616,7.09,,0.885205508269372,26151437584.4711,,0.702363722625536,1.0
Belgium,BEL,2018,1.87796847383565,2.05316499865178,5.941,,0.846772667108111,26856799008.9529,,-0.874098516086553,1.83
Belgium,BEL,2019,2.4428900448156,1.43681956996438,5.364,,0.893276257067409,28969986952.2765,,0.123098549898877,2.16
Belgium,BEL,2020,-4.7929839083518,0.740791812220344,5.545,,0.875506396987998,33296227564.694,,0.903941469932537,0.37
Belgium,BEL,2021,6.25445686466593,2.44024851144084,6.248,,0.84549413889045,42216681553.497,,1.86830945601438,0.08
Belgium,BEL,2022,4.02460852835887,9.597511728725,5.57,,0.949623753156941,42101229345.195,,-1.82031814963394,1.69
Belgium,BEL,2023,1.56125539542029,4.04901077613941,5.547,,0.924839558470698,41674984631.4112,,0.182447803689908,5.03
Belgium,BEL,2024,1.09775383828703,3.14349136500041,5.7,,0.923889546117607,42330768016.1494,,-0.379006590173966,5.14
Belgium,BEL,2025,0.983117967125935,2.46705543774613,5.906,,0.88496895841236,56392530499.2024,,-1.93191084971895,4.21
Belize,BLZ,2000,12.2406120663359,3.06743966930585,10.841,16.005,2.0,122898988.202728,,-14.1961321823555,6.24
Belize,BLZ,2001,4.99356206143864,3.65141786561502,9.07,15.4541666666667,2.0,112041498.811027,,-16.2421438938367,3.88
Belize,BLZ,2002,5.39907320663811,4.24026660688645,10.04,14.8341666666667,2.0,114506518.223208,50.4310172089739,-13.2906443598954,1.67
Belize,BLZ,2003,9.66522679614125,2.31808274663101,10.342,14.345,2.0,84684001.2302939,66.6155817914396,-14.0861625835692,1.13
Belize,BLZ,2004,4.78066505273344,6.39443099742399,10.586,13.9416666666667,2.0,48253483.7920367,78.5645928230355,-11.0643857808538,1.35
Belize,BLZ,2005,2.2191905367057,-1.1043104441191,10.91,14.255,2.0,71357473.8645495,69.6837899301797,-10.2571610027522,3.22
Belize,BLZ,2006,4.51145460193301,-7.11376771265014,9.39,14.2091666666667,2.0,113721680.976537,67.1012109617633,-1.59601197898101,4.97
Belize,BLZ,2007,3.33939738340764,2.31808274642021,8.51,14.3333333333333,2.0,108512535.020953,64.0974458625061,-3.05300014756492,5.02
Belize,BLZ,2008,-1.62747776449082,6.39443100250034,8.18,14.1408333333333,2.0,166162897.20763,62.033292116626,-8.33368485730916,1.92
Belize,BLZ,2009,-0.446709636828217,-1.10431044864355,8.323,14.0816666666667,2.0,213683331.633225,64.9499537251718,-4.90747054418946,0.16
Belize,BLZ,2010,1.41741099233461,0.917977378808888,8.412,13.8833333333333,2.0,217999757.441087,64.0391039757611,-2.61503524197613,0.18
Belize,BLZ,2011,-0.13007112300869,1.602056156402,8.424,13.3633333333333,2.0,237114250.351976,62.4120191090005,-1.08916367736911,0.1
Belize,BLZ,2012,3.94389321816617,1.30058074547858,8.378,12.4408333333333,2.0,288924768.784865,61.1385471733495,-1.72726539315554,0.14
Belize,BLZ,2013,4.06646561608865,0.50974776898322,8.349,11.5691666666667,2.0,402752296.213006,61.1342977094366,-3.56655574064554,0.11
Belize,BLZ,2014,3.89226067249989,1.20139964481058,8.244,10.8217831837388,2.0,486876774.541703,61.0308317738748,-6.35388372737354,0.09
Belize,BLZ,2015,2.7602602736023,-0.861584009427748,7.578,10.320279926803,2.0,437151657.938585,,-7.96753156620874,0.13
Belize,BLZ,2016,-0.0187414958130319,0.663427167917601,7.0,9.84091010965423,2.0,376735092.705477,,-7.29844356817202,0.39
Belize,BLZ,2017,-1.83323729057784,1.14765339305816,6.596,9.4625,2.0,312140148.194318,,-6.97409797709741,1.0
Belize,BLZ,2018,0.822068592512508,0.269982622646335,9.346,9.115,2.0,294468435.057294,,-6.59667558600349,1.83
Belize,BLZ,2019,4.25658710030072,0.187069385181424,9.053,9.06666666666666,2.0,277578761.136722,,-7.75435271449132,2.16
Belize,BLZ,2020,-13.5228997055506,0.121434644614894,10.763,8.73416666666667,2.0,348090076.01987,,-6.24826598310847,0.37
Belize,BLZ,2021,17.9899244143607,3.23563659237071,10.302,8.43833333333333,2.0,420102782.499484,,-6.50036889086314,0.08
Belize,BLZ,2022,9.25051329530994,6.27689319447544,8.682,8.52349151589078,2.0,482145605.528777,,-8.27531709191242,1.69
Belize,BLZ,2023,0.500127941638667,4.38984017487675,8.278,8.4375,2.0,473729034.128496,,-0.647046395801411,5.03
Belize,BLZ,2024,3.50466435023895,3.28955985952768,8.698,8.41743522598784,2.0,498087320.739572,,-1.61559738392131,5.14
Belize,BLZ,2025,2.74831731763744,1.06281547952896,8.856,8.47835329229307,2.0,559427087.788742,,-2.77390529871227,4.21
Benin,BEN,2000,5.85771420543269,4.16540442290283,0.864,,710.207977031373,,,-2.2949879315414,6.24
Benin,BEN,2001,5.33313570603937,3.98429547767893,0.766,,732.397693260192,,,-2.04549532483075,3.88
Benin,BEN,2002,4.64303087074482,2.48916235491541,0.69,,693.713226496371,,,-3.74152919965989,1.67
Benin,BEN,2003,3.44357677591658,1.48724246145442,0.747,,579.897426172445,,,-6.20555050861218,1.13
Benin,BEN,2004,4.42968455385082,0.8738908308685,0.79,,527.338032291584,,,-4.66878856732409,1.35
Benin,BEN,2005,1.71316456361184,5.36452085832342,0.859,8.04416666666667,527.258362649643,,,-3.44376642481129,3.22
Benin,BEN,2006,3.94373882815798,3.78217696540375,0.888,4.73666666666667,522.42562489518,,,-3.08778709107344,4.97
Benin,BEN,2007,5.98634932177609,1.29806813334152,0.902,4.75166666666667,478.633718476359,,,-6.54621938784528,5.02
Benin,BEN,2008,4.89657708429647,7.94729876067854,0.895,4.98416666666667,446.000041432788,,,-5.49862209196275,1.92
Benin,BEN,2009,2.31929213912838,0.896072355749069,0.95,4.9775,470.293423341398,,,-6.69033181086782,0.16
Benin,BEN,2010,2.11406472648392,2.20783532536524,1.04,5.11333333333333,494.794262222936,,,-5.56723414629173,0.18
Benin,BEN,2011,2.96375291904201,2.7042390774728,2.647,5.25591666666667,471.248625718934,,,-4.83328627198862,0.1
Benin,BEN,2012,4.811223315688,6.74468253340712,2.458,5.03916666666667,510.556338454251,,,-5.17832684259519,0.14
Benin,BEN,2013,7.19143372144946,0.428888888888884,2.198,5.2875,493.899623852233,,,-5.37925541995639,0.11
Benin,BEN,2014,6.35767909791932,-0.548757550948181,1.952,5.33833333333333,493.757329875319,,,-6.66790663182434,0.09
Benin,BEN,2015,1.77815106030278,0.218785923536245,1.886,5.15416666666667,591.21169798261,,,-5.964093171322,0.13
Benin,BEN,2016,3.33967342629693,-0.793310145785624,1.834,5.295,592.605615063006,,,-2.99669454869691,0.39
Benin,BEN,2017,5.67156195150444,0.0432648555103608,1.691,6.93416666666667,580.656749587853,,,-4.18078964014056,1.0
Benin,BEN,2018,6.69725362180888,0.919170717886054,1.426,6.76333333333333,555.446458398235,,,-4.5491953448839,1.83
Benin,BEN,2019,6.86568662848335,0.732849371241066,1.214,6.68833333333333,585.950813757166,,,-3.99948140400369,2.16
Benin,BEN,2020,3.84879240030133,3.02272119663759,1.518,6.5375,574.294549649056,,,-1.74648575797682,0.37
Benin,BEN,2021,7.1554516457574,1.73353962694036,1.833,6.25,554.607798864163,,,-4.15352071063382,0.08
Benin,BEN,2022,6.25294705373625,1.35077863583527,1.685,,622.912348249567,,,-5.68712530548324,1.69
Benin,BEN,2023,6.3527773854442,2.73870078406075,1.641,,606.654982255763,,,-8.17628006592928,5.03
Benin,BEN,2024,7.45311566226201,1.16093089640415,1.637,,606.345297609063,,,,5.14
Benin,BEN,2025,8.07408453688336,1.10155247902978,1.589,,581.92848104034,,,,4.21
Bermuda,BMU,2000,9.31715641086083,,,,1.0,,,,6.24
Bermuda,BMU,2001,7.22243553752608,,,,1.0,,,,3.88
Bermuda,BMU,2002,-1.47779059768867,,,,1.0,,,,1.67
Bermuda,BMU,2003,3.41070667687531,,,,1.0,,,,1.13
Bermuda,BMU,2004,2.32126722323136,,,,1.0,,,,1.35
Bermuda,BMU,2005,1.67420611410508,,,,1.0,,,,3.22
Bermuda,BMU,2006,5.5438663804406,,,,1.0,,,20.3839518229167,4.97
Bermuda,BMU,2007,3.34513970877607,,,,1.0,,,17.9705408140268,5.02
Bermuda,BMU,2008,-1.86595582635186,,,,1.0,,,12.990617442482,1.92
Bermuda,BMU,2009,-5.6266977105161,,,,1.0,,,8.73439268120008,0.16
Bermuda,BMU,2010,-2.50287828947368,,,,1.0,,,10.4899591972884,0.18
Bermuda,BMU,2011,-3.74274431740703,,,,1.0,,,13.7436914712344,0.1
Bermuda,BMU,2012,-5.30529910675297,,,,1.0,,,14.5337206234213,0.14
Bermuda,BMU,2013,-0.279708545423034,,,,1.0,,,13.0015680806387,0.11
Bermuda,BMU,2014,-3.70106759364258,,,,1.0,,,12.7467918685619,0.09
Bermuda,BMU,2015,0.775529699568978,,,,1.0,,,14.1692141819505,0.13
Bermuda,BMU,2016,-0.657206304259205,,,,1.0,,,12.2608303872275,0.39
Bermuda,BMU,2017,3.61141983706115,,,,1.0,,,13.1637987135115,1.0
Bermuda,BMU,2018,-0.432801300339307,,,,1.0,,,12.3021020474022,1.83
Bermuda,BMU,2019,0.307106461240664,,,,1.0,,,11.2979726598327,2.16
Bermuda,BMU,2020,-6.97162571479863,,,,1.0,,,12.3973356197448,0.37
Bermuda,BMU,2021,4.76497899668355,,,,1.0,,,13.1996284714516,0.08
Bermuda,BMU,2022,6.25695521240877,,,,1.0,,,14.6088444703612,1.69
Bermuda,BMU,2023,4.33447280353832,,,,1.0,,,15.3480505045808,5.03
Bermuda,BMU,2024,1.88822861970388,,,,1.0,,,,5.14
Bermuda,BMU,2025,,,,,1.0,,,,4.21
Bhutan,BTN,2000,3.35506838174288,4.01212081070342,1.655,16.0,44.941605,317632400.62607,37.2923933577388,,6.24
Bhutan,BTN,2001,7.32837435673082,3.41478946111594,1.9,15.8541666666667,47.1864141666667,323362186.673919,67.1679909951713,,3.88
Bhutan,BTN,2002,10.4437797168913,2.45535714285714,1.854,15.4583333333333,48.6103191666667,354949465.105834,54.1217805841119,,1.67
Bhutan,BTN,2003,7.78656040877364,2.57230861693339,1.8,15.1875,46.5832841666667,366596385.792883,65.6287612724923,,1.13
Bhutan,BTN,2004,5.15725736177561,4.10593698272958,2.49,15.0,45.3164666666666,398620011.69281,71.8993384935838,,1.35
Bhutan,BTN,2005,6.93507146766659,5.3126310463775,3.1,14.5,44.099975,467426180.776747,75.6957100342792,,3.22
Bhutan,BTN,2006,5.6408051539139,5.00045438022541,3.13,14.0,45.3070083333333,545324764.562267,71.297555656776,-4.01983346623616,4.97
Bhutan,BTN,2007,16.1047836542012,5.15611138758463,3.7,14.0,41.3485333333333,699049465.438375,59.811072814383,6.7638187377148,5.02
Bhutan,BTN,2008,4.52944877696235,8.32716049382713,3.848,13.8541666666667,43.5051833333333,764803120.519601,57.6965298565065,-8.53782563873567,1.92
Bhutan,BTN,2009,7.66749238553135,4.36112219119805,3.96,13.75,48.4052666666666,890893416.551035,53.9367496631031,-4.95294069475194,0.16
Bhutan,BTN,2010,11.9318738376229,7.03638316073019,3.32,13.9166666666667,45.7258121212121,1002139101.89679,50.9195301727763,-18.9069431459851,0.18
Bhutan,BTN,2011,8.4892584842808,8.848985699468,3.23,14.0,46.6704666666667,789643751.580542,57.5496480907902,-26.6070202039628,0.1
Bhutan,BTN,2012,5.16482012683895,10.919656944683,2.05,14.0,53.4372333333333,954678385.085582,67.0148156229242,-19.1060720878636,0.14
Bhutan,BTN,2013,1.73634039505693,8.77638345268213,2.87,14.0375,58.5978454166667,991306676.488434,88.9492144824279,-24.293493248344,0.11
Bhutan,BTN,2014,5.88108550658288,8.27106093949328,2.63,14.025,61.0295144607843,1245086666.63096,84.9990711320017,-23.4688052620108,0.09
Bhutan,BTN,2015,6.66080128866197,4.54814395082205,2.45,14.8958333333333,64.1519444632786,1103179128.57933,81.0505609933361,-25.0627177353296,0.13
Bhutan,BTN,2016,8.47594339232963,3.21988689395718,2.707,14.15,67.1953128073894,1127277331.66278,92.2912012820179,-26.4131091642844,0.39
Bhutan,BTN,2017,2.08684522733067,4.95508366985129,3.027,14.25,65.1215686450659,1206238190.85106,95.7786849944102,-20.854696561702,1.0
Bhutan,BTN,2018,3.50187185732737,2.72396386183713,3.35,14.0,68.3894670935422,987247035.583982,95.847821202237,-18.5091513975915,1.83
Bhutan,BTN,2019,5.75514851246506,2.72643037388832,2.72,14.0,70.4203405359551,1238371618.29552,90.3573525676224,-18.3062679862316,2.16
Bhutan,BTN,2020,-10.2183974208569,5.62936522632508,5.03,14.0,74.0995668836052,1426914817.73783,111.007884099526,-15.5091108691023,0.37
Bhutan,BTN,2021,4.42136738945015,7.3468144053353,4.803,14.0,73.9180128154351,1049605755.17506,,-11.5313120542653,0.08
Bhutan,BTN,2022,5.21386783786224,5.6391667139637,5.947,14.0,78.6044905829916,825755411.679767,,-27.8005472490936,1.69
Bhutan,BTN,2023,4.63215702969933,4.22934419929251,3.126,12.27,82.5992764460784,654480752.429944,,-33.907387068313,5.03
Bhutan,BTN,2024,7.49856206754038,2.76131569624098,3.282,10.54,83.669281580941,941017689.206037,,-19.4017852146799,5.14
Bhutan,BTN,2025,8.00502716233098,3.55513663074987,3.227,11.7566666666667,87.1584483507393,1191252357.26907,,,4.21
Bolivia,BOL,2000,2.50781081484664,4.60822998872598,2.439,34.5958333333334,6.18354166666667,1184108227.67537,60.1091977404058,-5.31504626126909,6.24
Bolivia,BOL,2001,1.68379914527159,1.58965377879568,2.623,20.0570612222166,6.60691666666667,1146023735.30062,68.3398527645303,-3.36560781532762,3.88
Bolivia,BOL,2002,2.48556576601922,0.92825885161107,2.603,20.6324567427484,7.17,892729137.789948,,-4.45175564078361,1.67
Bolivia,BOL,2003,2.7113398065361,3.33727499671534,2.654,17.6632890518186,7.65916666666667,1096941369.79827,,0.935302518905602,1.13
Bolivia,BOL,2004,4.1732955905708,4.43738080101725,2.615,14.4698833333333,7.93626666666666,1271422924.68151,,3.84682632206803,1.35
Bolivia,BOL,2005,4.42143313550196,5.39323106890663,2.598,16.6150416666667,8.0660625,1794984952.8082,,6.5182863397886,3.22
Bolivia,BOL,2006,4.79700881067477,4.28239604802561,2.575,11.8912833333333,8.01161666666667,3193982720.12098,,11.5044547652471,4.97
Bolivia,BOL,2007,4.56438425143126,8.70560923578869,2.614,12.8608083333333,7.85124516125,5313631986.14594,,12.1283006687241,5.02
Bolivia,BOL,2008,6.14849787777658,14.0068107702519,2.603,13.8733333333333,7.23832069891666,7719766413.099,,11.9507379319002,1.92
Bolivia,BOL,2009,3.35699958346049,3.34645420142014,2.973,12.359625,7.02,8574579206.49636,,4.6916976138782,0.16
Bolivia,BOL,2010,4.12672258996274,2.50327605844241,2.609,9.90992714868377,7.01666666666667,9730683978.92495,,4.44660536937585,0.18
Bolivia,BOL,2011,5.20409245282328,9.88446419823883,2.255,10.915392341297,6.9369625,11994673114.8231,,2.24179461328449,0.1
Bolivia,BOL,2012,5.12227560125973,4.51560291399376,2.066,11.1349478606743,6.91,13924289443.08,,7.2736779094105,0.14
Bolivia,BOL,2013,6.79601141268498,5.73640023719607,2.437,11.0513992821176,6.91,14429068711.3771,,3.4377206274777,0.11
Bolivia,BOL,2014,5.46056949136766,5.76660074579144,2.021,9.69422821628935,6.91,15129277524.0077,,1.71604883648801,0.09
Bolivia,BOL,2015,4.85718718508603,4.05961041135645,3.111,8.07325379670779,6.91,13049620686.0687,,-5.86726594426454,0.13
Bolivia,BOL,2016,4.26392086992173,3.62321431764138,3.498,7.95202606117997,6.91,10053627485.0797,,-5.61927215929093,0.39
Bolivia,BOL,2017,4.19520633364647,2.8227580554717,3.655,8.10989203240817,6.91,10245969449.6731,,-4.13313217775547,1.0
Bolivia,BOL,2018,2.86808404814794,2.27205987230155,3.519,8.03724252665112,6.91,8929614182.53614,,-3.56297103526121,1.83
Bolivia,BOL,2019,1.50672102666863,1.83954504969026,3.682,8.39953170954601,6.91,6455449941.6788,,-2.7847295845975,2.16
Bolivia,BOL,2020,-12.7194690092717,0.940742153381849,7.903,7.5922237218448,6.91,5247234668.79635,,-0.0376136227262251,0.37
Bolivia,BOL,2021,10.0290488827886,0.737383721452275,5.089,8.01711817014333,6.91,4730168839.86019,,3.32421194395375,0.08
Bolivia,BOL,2022,3.74741781241461,1.74632872945969,3.552,7.76498872156729,6.91,3752070996.50724,,2.26510260577014,1.69
Bolivia,BOL,2023,2.51636590154891,2.57688800489192,3.024,8.68601452432374,6.91,1799951502.87318,,-2.23776284504888,5.03
Bolivia,BOL,2024,-1.12335595517212,5.09976568317427,3.274,8.80431027070166,6.91,1977025889.30984,,-2.37784777133425,5.14
Bolivia,BOL,2025,-1.58237567348246,19.517120804733,2.967,10.1870210797778,6.91,579906699.89203,,-1.87992802763714,4.21
Bosnia and Herzegovina,BIH,2000,5.41431598814764,,25.446,,2.12285951185833,496626475.424899,,-7.10679339873964,6.24
Bosnia and Herzegovina,BIH,2001,2.42331312996704,,26.485,,2.1856595833,1233132927.04398,,-12.8061436346752,3.88
Bosnia and Herzegovina,BIH,2002,5.027444647203,,27.477,12.6958333333333,2.07817042621667,1336266925.26078,,-17.6964510993081,1.67
Bosnia and Herzegovina,BIH,2003,3.86713552011777,,28.424,10.87,1.73293220419167,1813519793.37355,,-19.1912783102526,1.13
Bosnia and Herzegovina,BIH,2004,6.32526794858342,,29.279,10.2816666666667,1.57515702795,2427266571.09408,,-16.1406064974205,1.35
Bosnia and Herzegovina,BIH,2005,3.89718320544974,,30.218,9.6125,1.5727220196,2547614646.93943,,-16.4343905974533,3.22
Bosnia and Herzegovina,BIH,2006,5.41400299607282,6.12556615620285,31.11,8.01416666666666,1.55907195605833,3671010361.24337,,-7.75838583374485,4.97
Bosnia and Herzegovina,BIH,2007,5.85911689412598,1.50077710611542,28.984,7.1725,1.429002741625,5041780928.68635,,-9.19042759129744,5.02
Bosnia and Herzegovina,BIH,2008,5.44184730165964,7.42704310332953,23.405,6.97833333333333,1.33519568048428,4479825860.3902,,-13.8327998426086,1.92
Bosnia and Herzegovina,BIH,2009,-3.0044555389081,-0.381464282453057,24.068,7.9325,1.4078912383695,4575111866.53329,,-6.44520702910116,0.16
Bosnia and Herzegovina,BIH,2010,0.865667236280544,1.99621236745887,27.312,7.88833333333334,1.47673956845028,4411161779.56729,,-6.00046399403909,0.18
Bosnia and Herzegovina,BIH,2011,0.959511709726897,3.67125,27.582,7.43166666666667,1.40693658566639,4247540639.15233,45.8346942869169,-9.47919944225317,0.1
Bosnia and Herzegovina,BIH,2012,-0.821837252962993,2.05267452001717,28.01,7.32891666666667,1.5222099744513,4389987070.5025,49.0902635279898,-8.62595020271335,0.14
Bosnia and Herzegovina,BIH,2013,2.34985873172397,-0.0930456838317588,27.49,7.03604811133436,1.47305132263235,4984005030.66019,49.6097495387668,-5.32585810441448,0.11
Bosnia and Herzegovina,BIH,2014,1.15384793371298,-0.897194054194333,27.517,6.64150863945302,1.474169186794,4860208933.35914,53.5008593062732,-7.35085819638822,0.09
Bosnia and Herzegovina,BIH,2015,4.28413016137854,-1.03602303425474,27.695,5.78888799043185,1.76349164694686,4790984890.64006,,-5.03540535932256,0.13
Bosnia and Herzegovina,BIH,2016,3.24225822231566,-1.58400833333336,25.408,5.23816683778765,1.76813902429915,5136418168.10228,52.2381270463661,-4.69867088432468,0.39
Bosnia and Herzegovina,BIH,2017,3.24409895306594,0.810039425333895,20.527,4.37958143265647,1.73535271327691,6473729518.60968,47.3715635812666,-4.77878216555827,1.0
Bosnia and Herzegovina,BIH,2018,3.82900399349064,1.41710814018034,18.4,3.79028136918822,1.65698544113543,6808433501.27295,44.8932316814539,-3.23062992301101,1.83
Bosnia and Herzegovina,BIH,2019,2.88585242083978,0.56278215406123,15.692,3.28722715810128,1.74708646136073,7207699940.37337,44.0235714265967,-2.59691879205515,2.16
Bosnia and Herzegovina,BIH,2020,-3.01509335460439,-1.0512960076349,15.868,3.07187413211574,1.71697049519219,8707117939.31002,45.4216327901094,-2.83951836354719,0.37
Bosnia and Herzegovina,BIH,2021,7.39164256472846,1.98163900587622,14.897,3.20129279505403,1.65360615435868,9475044026.14548,46.974819377832,-1.47256667780382,0.08
Bosnia and Herzegovina,BIH,2022,4.22681333390325,14.0208440826771,12.657,3.36081655916726,1.85932587706093,8761700726.02154,41.7435105198961,-4.39073525599639,1.69
Bosnia and Herzegovina,BIH,2023,1.99439414850893,6.1059011284828,10.668,4.11153155413122,1.80920280030082,9204916833.8925,40.3101186314933,-2.13517331506525,5.03
Bosnia and Herzegovina,BIH,2024,3.22679979810856,,10.69,4.4501687610148,1.80756356165183,9418858050.22744,39.7426659459337,-3.45602923849097,5.14
Bosnia and Herzegovina,BIH,2025,2.12861913138053,,11.037,4.22223812164853,1.73592901689708,,,-3.13742162046518,4.21
Botswana,BWA,2000,1.98769583378552,8.60148514851491,15.88,15.4791666666667,5.10224166666667,6318214000.31791,,9.41804952240131,6.24
Botswana,BWA,2001,0.250573949689084,6.55903767014862,18.54,15.75,5.84141666666667,5897250157.19176,,10.8425100137362,3.88
Botswana,BWA,2002,6.06953087648317,8.03279662527486,21.277,16.2083333333333,6.32779166666667,5473918813.89759,,4.84207534572475,1.67
Botswana,BWA,2003,4.62589474959299,9.18990265632739,23.8,16.4,4.94966666666667,5339775869.80523,,9.54244888755722,1.13
Botswana,BWA,2004,2.70582170611173,6.94570363654675,21.755,15.75,4.69383333333333,5661431014.73493,,3.53678323332071,1.35
Botswana,BWA,2005,4.55664565323181,8.6102252854644,19.852,15.7375,5.11675,6309056417.68859,,16.1057108456086,3.22
Botswana,BWA,2006,8.36387109282306,11.5552187914379,17.782,16.4583333333333,5.8303,7992391904.99401,6.02356808660498,19.6647760227163,4.97
Botswana,BWA,2007,5.79255577727118,7.08099847172693,16.976,16.215,6.13940833333333,9789741087.58999,5.9431764131185,15.6550615013405,5.02
Botswana,BWA,2008,3.25207295796832,12.7021883920076,16.293,16.5416666666667,6.82685833333333,9118637749.14695,8.00402997376666,1.39345872319277,1.92
Botswana,BWA,2009,-14.1442346163423,8.02729703109582,16.169,13.755625,7.15514166666667,8703960321.12573,19.2517818685668,-6.40593961472032,0.16
Botswana,BWA,2010,10.119723322694,6.94887658743103,17.86,11.4583333333333,6.793625,7885211136.02874,21.8862970525722,-5.88840225663454,0.18
Botswana,BWA,2011,6.83841052493574,8.45987233408583,18.049,11.0,6.83823333333333,8081886824.17054,21.0743622822987,-0.872984775002237,0.1
Botswana,BWA,2012,-0.170857099335691,7.53690261091916,17.916,11.0,7.640525,7627970305.74516,20.6231807851092,-5.90199267050561,0.14
Botswana,BWA,2013,11.1029068737822,5.88460707056817,18.167,10.1892333333333,8.39890833333333,7726052443.97927,19.0163812887175,4.53073148351166,0.11
Botswana,BWA,2014,5.69714422072884,4.40225309243427,18.484,9.0,8.97608333333333,8322771529.48769,18.3257336074772,11.07503064485,0.09
Botswana,BWA,2015,-4.85132507409779,3.06203169580558,18.915,7.95,10.1289916666667,7546144960.24368,19.086977673602,2.22618287554396,0.13
Botswana,BWA,2016,7.20442475914267,2.81495791361944,19.328,7.3,10.9011583333333,7188821774.82296,15.8049523139869,7.97299722000002,0.39
Botswana,BWA,2017,4.11437856445083,3.30828076768219,19.671,6.875,10.3474166666667,7490512373.36878,14.6807691758665,5.58580913830414,1.0
Botswana,BWA,2018,4.18869237159223,3.23801558947715,19.665,6.5,10.199975,6656913637.84624,15.2307151442609,0.392946349031096,1.83
Botswana,BWA,2019,3.0317733945467,2.77286442863321,20.094,6.39583333333333,10.7558666666667,6170221067.31238,16.193904309718,-6.90505478190797,2.16
Botswana,BWA,2020,-8.72888243996397,1.8903591682421,21.017,5.75,11.4562416666667,4940893802.78156,19.6161332466694,-9.8063111229932,0.37
Botswana,BWA,2021,11.9162724376008,7.24097765588442,23.106,5.25,11.0872583333333,4801608912.27109,19.7006218364352,-1.76490531071366,0.08
Botswana,BWA,2022,5.48601706446772,11.665567478802,23.615,6.1323,12.3688083333333,4278950590.03447,18.3330501202164,-0.595044523765841,1.69
Botswana,BWA,2023,3.20806812224438,5.0676154934383,23.381,6.73859953703704,13.5963833333333,4755831848.94263,19.7464546226653,1.48789678399818,5.03
Botswana,BWA,2024,-2.77988981666252,2.81835131676251,23.81,6.26,13.5631333333333,3455661776.33964,,-4.25763140157322,5.14
Botswana,BWA,2025,-0.733898323852287,2.6597506179431,24.477,,13.5023833333333,,,,4.21
Brazil,BRA,2000,4.38794944745618,7.04414105947266,10.889,56.83,1.82942312207561,33015297295.6899,,-4.0477413019387,6.24
Brazil,BRA,2001,1.38989640095637,6.84035902487523,10.649,57.6166666666667,2.34963170932244,35866445530.2453,,-4.44478653179819,3.88
Brazil,BRA,2002,3.05346185909312,8.45016437708331,10.641,62.875,2.92036301775519,37832146718.419,,-1.84525901678299,1.67
Brazil,BRA,2003,1.14082899824888,14.7149197228147,11.168,67.0833333333333,3.07747511847802,49297286966.3089,,0.392877183707379,1.13
Brazil,BRA,2004,5.75996463670954,6.59718509985963,10.072,54.925,2.92511944951586,52934865185.6722,,1.33863064799445,1.35
Brazil,BRA,2005,3.20213206130431,6.86953720898964,10.551,55.3833333333333,2.43439003623188,53799284976.6775,,1.30988466560485,3.22
Brazil,BRA,2006,3.96198871122617,4.18356812896909,9.692,50.8083333333333,2.17532666666667,85842861115.1295,,0.9727105230346,4.97
Brazil,BRA,2007,6.06987060678338,3.64127299102652,9.28,43.7166666666666,1.94705833333333,180333622535.832,,-0.19709696108555,5.02
Brazil,BRA,2008,5.09419544658736,5.67859390284168,8.268,47.25,1.83376666666667,193783363540.649,,-2.09933784786717,1.92
Brazil,BRA,2009,-0.125812002161169,4.88803479876799,9.419,44.65,1.99942817314426,238539464848.441,,-1.7593578735281,0.16
Brazil,BRA,2010,7.52822581815364,5.03872690108075,8.42,39.9916666666667,1.75922671058718,288574623536.622,61.3187804643039,-3.92594604454763,0.18
Brazil,BRA,2011,3.97442307944702,6.6364496221309,7.578,43.8833333333333,1.67282875525659,352010222755.829,59.3416583028164,-3.19461831905473,0.1
Brazil,BRA,2012,1.92117598576537,5.40349914036997,7.251,36.6366666666667,1.95306861112487,373160977539.732,59.8494900007969,-3.75941611687375,0.14
Brazil,BRA,2013,3.00482266944432,6.20431066640101,7.071,27.3916666666667,2.15608915126311,358816422466.118,57.2284093845516,-3.57422079622864,0.11
Brazil,BRA,2014,0.503955740242247,6.32904015516139,6.755,32.0083333333333,2.35295196276669,363570226084.661,58.4572711058609,-4.4988303801852,0.09
Brazil,BRA,2015,-3.54576339269425,9.02990102416136,8.538,43.9583333333333,3.32690438276879,356464980327.488,67.5375540310909,-3.51839166799859,0.13
Brazil,BRA,2016,-3.27591690782192,8.73914352329393,11.58,52.1,3.49131342157271,364984039092.456,73.4188038014782,-1.700113396765,0.39
Brazil,BRA,2017,1.32286905404399,3.44637335032669,12.792,46.9166666666667,3.19138944630048,373955518686.487,83.669202649666,-1.22429925769002,1.0
Brazil,BRA,2018,1.783666761634,3.66485028376729,12.329,39.0833333333333,3.65382536145755,374709673447.828,86.6078841211512,-2.80752008594698,1.83
Brazil,BRA,2019,1.22077782360842,3.73297621216894,11.936,37.475,3.9444710972507,356886386911.979,92.5652531945418,-3.41429103072781,2.16
Brazil,BRA,2020,-3.2767587964736,3.21176803803376,13.697,29.0416666666667,5.15517878751281,355614251456.14,98.7098819468714,-1.64103541830151,0.37
Brazil,BRA,2021,4.76260437908608,8.30165975585673,13.158,30.0166666666667,5.39440078962503,362210079181.317,85.0115036768016,-2.35822097223117,0.08
Brazil,BRA,2022,3.01669435393015,9.28010608956873,9.231,39.4,5.16397029102111,324673449781.4,79.1023218878495,-2.14967698505073,1.69
Brazil,BRA,2023,3.24165532906981,4.59356282283204,7.947,43.6,4.99437976287199,355021395541.562,83.0317498523878,-1.23139445763703,5.03
Brazil,BRA,2024,3.41931516501906,4.36746407652337,6.801,40.225,5.3889349057096,329732443813.378,81.8554431191023,-2.9880142706208,5.14
Brazil,BRA,2025,2.2857464902475,5.01675279604836,5.97,45.3333333333333,5.58728623856661,358513128727.455,,-2.92630139201733,4.21
British Virgin Islands,VGB,2000,,,,,,,,,6.24
British Virgin Islands,VGB,2001,,,,,,,,,3.88
British Virgin Islands,VGB,2002,,,,,,,,,1.67
British Virgin Islands,VGB,2003,,,,,,,,,1.13
British Virgin Islands,VGB,2004,,,,,,,,,1.35
British Virgin Islands,VGB,2005,,,,,,,,,3.22
British Virgin Islands,VGB,2006,,,,,,,,,4.97
British Virgin Islands,VGB,2007,,,,,,,,,5.02
British Virgin Islands,VGB,2008,,,,,,,,,1.92
British Virgin Islands,VGB,2009,,,,,,,,,0.16
British Virgin Islands,VGB,2010,,,,,,,,,0.18
British Virgin Islands,VGB,2011,,,,,,,,,0.1
British Virgin Islands,VGB,2012,,,,,,,,,0.14
British Virgin Islands,VGB,2013,,,,,,,,,0.11
British Virgin Islands,VGB,2014,,,,,,,,,0.09
British Virgin Islands,VGB,2015,,,,,,,,,0.13
British Virgin Islands,VGB,2016,,,,,,,,,0.39
British Virgin Islands,VGB,2017,,,,,,,,,1.0
British Virgin Islands,VGB,2018,,,,,,,,,1.83
British Virgin Islands,VGB,2019,,,,,,,,,2.16
British Virgin Islands,VGB,2020,,,,,,,,,0.37
British Virgin Islands,VGB,2021,,,,,,,,,0.08
British Virgin Islands,VGB,2022,,,,,,,,,1.69
British Virgin Islands,VGB,2023,,,,,,,,,5.03
British Virgin Islands,VGB,2024,,,,,,,,,5.14
British Virgin Islands,VGB,2025,,,,,,,,,4.21
Brunei Darussalam,BRN,2000,3.47467627672586,1.55815247634946,5.53,5.5,1.72396333333333,408340574.417856,,,6.24
Brunei Darussalam,BRN,2001,1.4660608198711,0.59589041095899,5.558,5.5,1.7917225,381821178.372171,,32.0089732338031,3.88
Brunei Darussalam,BRN,2002,3.9614389000248,-2.31497242459321,5.652,5.5,1.79058833333333,448994000.486639,,27.7227259839215,1.67
Brunei Darussalam,BRN,2003,3.58342909978997,0.299999999999967,5.743,5.5,1.74218333333333,474743404.017911,,34.6565048941567,1.13
Brunei Darussalam,BRN,2004,0.104538372603315,0.814223994682613,5.847,5.5,1.69022833333333,488889689.086051,,33.4391704190771,1.35
Brunei Darussalam,BRN,2005,-0.0039253166074644,1.24443711883965,5.973,5.5,1.6643975,491885270.08917,,38.2341251426641,3.22
Brunei Darussalam,BRN,2006,4.09841257308588,0.159888078345121,6.061,5.5,1.58893333333333,513570258.749097,,41.3567976989626,4.97
Brunei Darussalam,BRN,2007,-3.76362326254647,0.967774119525101,6.187,5.5,1.50710166666667,667491396.601975,,35.9467432469808,5.02
Brunei Darussalam,BRN,2008,-3.90071101715114,2.08498023715415,6.312,5.5,1.41716666666667,751159763.901468,,43.5683952508403,1.92
Brunei Darussalam,BRN,2009,-1.90025367202547,1.03571774271613,6.457,5.5,1.4545692733233,1357268956.60248,,33.3871860728932,0.16
Brunei Darussalam,BRN,2010,2.74136439456163,0.356869132017561,6.487,5.5,1.36350947368421,1563162507.49248,,36.5956039521887,0.18
Brunei Darussalam,BRN,2011,3.74440625524871,0.13791156316954,6.506,5.5,1.25791302014692,2583674787.86635,,34.7106649623831,0.1
Brunei Darussalam,BRN,2012,0.913135189664487,0.111766261400307,6.571,5.5,1.24956701649958,3449167916.72605,,29.8383189683304,0.14
Brunei Darussalam,BRN,2013,-2.12478292664558,0.389205053123632,6.709,5.5,1.25116566976059,3575273901.90557,,20.880988176132,0.11
Brunei Darussalam,BRN,2014,-2.50788727590711,-0.207108731719822,6.862,5.5,1.2670401230814,3648818757.27273,,30.7091836519482,0.09
Brunei Darussalam,BRN,2015,-0.392383749502031,-0.488347420743522,7.703,5.5,1.37491084459887,3366322585.18654,,16.6790432850896,0.13
Brunei Darussalam,BRN,2016,-2.47791771833224,-0.278693265753083,8.537,5.5,1.38134687688286,3487053368.54429,,12.893905740408,0.39
Brunei Darussalam,BRN,2017,1.32872661057823,-1.2605056462896,9.316,5.5,1.38089116405281,3488124299.73021,,16.3622185514031,1.0
Brunei Darussalam,BRN,2018,0.0523710418528935,1.02505179290212,8.7,5.5,1.34891856542537,3407126454.77295,,6.92823103770899,1.83
Brunei Darussalam,BRN,2019,3.86884436177075,-0.390522069165529,6.6,5.5,1.36421851405475,4272696957.80614,,6.63555502727438,2.16
Brunei Darussalam,BRN,2020,1.1335733495246,1.94031996607184,7.409,5.5,1.37970342971399,3997356505.31302,,4.27887462216476,0.37
Brunei Darussalam,BRN,2021,-1.59076260099606,1.73341388450593,4.905,5.5,1.34380696297339,4982141345.7678,,11.1384955049927,0.08
Brunei Darussalam,BRN,2022,-1.62833154515108,3.68225030604216,5.191,5.5,1.37895639652216,5034739047.43322,,19.5161890419121,1.69
Brunei Darussalam,BRN,2023,1.12764418162719,0.35706431153689,5.296,5.5,1.34307960114934,4482741926.02546,,12.8759901714781,5.03
Brunei Darussalam,BRN,2024,4.05251709306727,-0.388674165036461,5.18,5.5,1.33603327650724,4414307817.04608,,14.5341402117213,5.14
Brunei Darussalam,BRN,2025,0.66956214816436,-0.302994414446762,5.277,5.5,1.307595108858,5488659508.70276,,18.0115861720402,4.21
Bulgaria,BGR,2000,4.58722553234129,10.3162621289989,16.218,11.3433833333333,2.123275,3507198891.18447,,-5.3121707536827,6.24
Bulgaria,BGR,2001,3.82370222571771,7.36093927231841,19.921,11.1107666666667,2.18470833333333,3646131847.83262,,-5.67286092377739,3.88
Bulgaria,BGR,2002,5.87193134676191,5.81014365721826,18.11,9.20784166666667,2.076975,4846429934.1631,,-1.94489971800466,1.67
Bulgaria,BGR,2003,5.23715282493174,2.34864169582758,13.733,8.54336666666667,1.73270166666667,6825720112.56369,,-4.83379022036454,1.13
Bulgaria,BGR,2004,6.5104241389717,6.14713074246267,12.037,8.871325,1.57510891666667,9337108132.85169,,-6.38831487911217,1.35
Bulgaria,BGR,2005,7.05634916258309,5.0388380711191,10.083,8.66098333333333,1.57413333333333,8697081081.81402,,-11.2051503131429,3.22
Bulgaria,BGR,2006,6.80259262432862,7.26159462769947,8.951,8.892525,1.55926666666667,11756001867.2857,,-17.053054521676,4.97
Bulgaria,BGR,2007,6.65438512368812,8.40253419005893,6.878,9.99776666666667,1.42905,17544560019.9979,,-25.7395900882889,5.02
Bulgaria,BGR,2008,6.12955885899744,12.3487195994021,5.609,10.861425,1.33711666666667,17930378434.4521,,-21.7962184298019,1.92
Bulgaria,BGR,2009,-3.34714308501542,2.75320223914819,6.817,11.335,1.40669166666667,18522121029.1316,,-8.18108400485089,0.16
Bulgaria,BGR,2010,1.55536266288017,2.43899060504117,10.279,11.1443666666667,1.47739166666667,17223204558.801,,-1.90291712885645,0.18
Bulgaria,BGR,2011,2.09017598337418,4.21990346601872,11.26,10.6294583333333,1.40645833333333,17215731650.4487,,0.472382025310572,0.1
Bulgaria,BGR,2012,0.748814556346105,2.95456829831012,12.27,9.71420833333333,1.52205,20507099695.0265,,-0.973520622135055,0.14
Bulgaria,BGR,2013,-0.542753400392826,0.890093540913096,12.941,9.04340833333333,1.47356666666667,19883353048.1463,,1.21571887688313,0.11
Bulgaria,BGR,2014,0.949449772002041,-1.4181838026484,11.424,8.26264166666667,1.47418333333333,20129698078.3467,,2.19237265570796,0.09
Bulgaria,BGR,2015,3.39755351999294,-0.104633261008479,9.143,7.44886666666667,1.7644,22153050488.9052,,0.0183972300944813,0.13
Bulgaria,BGR,2016,3.02662820096305,-0.798649886453617,7.575,6.39301666666667,1.76804166666667,25176065815.9197,,3.10210131284369,0.39
Bulgaria,BGR,2017,2.74592737750996,2.06159619443141,6.164,5.43955833333333,1.73545833333333,28375830876.2926,,3.2462873346343,1.0
Bulgaria,BGR,2018,2.33015054210419,2.81454473824838,5.211,4.963225,1.65704166666667,28711039864.6648,,0.57450304784286,1.83
Bulgaria,BGR,2019,3.79331964589196,3.10372944796771,4.148,4.54920833333333,1.74704166666667,27901750798.6159,,1.65784486644031,2.16
Bulgaria,BGR,2020,-3.13323543125917,1.67244096855756,5.037,4.33663333333333,1.71633333333333,37860001348.6185,,1.46731874723096,0.37
Bulgaria,BGR,2021,7.82817310703665,3.29774435299506,5.166,4.11618333333333,1.653775,39187742752.2235,,0.247490706249255,0.08
Bulgaria,BGR,2022,4.08386398118941,15.3252589264367,4.148,3.74595833333333,1.86014166666667,40989114449.5133,,-1.36184875982261,1.69
Bulgaria,BGR,2023,1.68151075832925,9.44284140088564,4.319,4.42983333333333,1.80896666666667,46333887862.1794,,-1.15394184437216,5.03
Bulgaria,BGR,2024,3.38708962009333,2.44651943006079,4.2,4.53578333333333,1.80784166666667,43698277895.9665,,-0.516395583295193,5.14
Bulgaria,BGR,2025,3.0963663917961,4.58084355235697,3.536,4.23581666666667,1.73519166666667,47145331735.8056,,-5.84314232446831,4.21
Burkina Faso,BFA,2000,1.88847388906525,-0.304212168486803,2.687,,710.207977031367,,,,6.24
Burkina Faso,BFA,2001,6.61340574539679,5.00743290822373,2.748,,732.397693260228,,,,3.88
Burkina Faso,BFA,2002,4.35296382988099,2.17569480664608,2.862,,693.713226496374,,,,1.67
Burkina Faso,BFA,2003,7.80249388870359,2.03456574053815,2.78,,579.897426172466,,,,1.13
Burkina Faso,BFA,2004,4.47845213670386,-0.400228702115452,3.48,,527.338032291576,,,,1.35
Burkina Faso,BFA,2005,8.66187322841225,6.41504018369684,4.0,8.86833333333333,527.258362649626,,,-10.324323038401,3.22
Burkina Faso,BFA,2006,6.25316468817478,2.3331085637222,3.67,4.73666666666667,522.425624895176,,,-8.3076359009361,4.97
Burkina Faso,BFA,2007,4.11137901761516,-0.230627306273049,3.3,4.75166666666667,478.633718476363,,,-7.35321338684529,5.02
Burkina Faso,BFA,2008,5.79999174105387,10.6597978997424,3.501,4.98416666666667,446.000041432788,,,-10.2315812376868,1.92
Burkina Faso,BFA,2009,2.96195085866692,2.60817666368314,3.723,4.9775,470.293423341398,,,-4.03746065696801,0.16
Burkina Faso,BFA,2010,8.44628157707625,-0.764230734676768,3.725,5.11333333333333,494.794262222947,,,-1.79655604009115,0.18
Burkina Faso,BFA,2011,6.62256261306693,2.75976724854534,3.827,5.25591666666667,471.248625718937,,,-1.32772267157687,0.1
Burkina Faso,BFA,2012,6.45267237953146,3.8181524025238,3.849,5.03916666666667,510.556338454251,,,-1.29204165999457,0.14
Burkina Faso,BFA,2013,5.79258484509867,0.533738507090536,4.054,5.2875,493.899623852237,,,-10.0082857458856,0.11
Burkina Faso,BFA,2014,4.32684561452976,-0.258089517535291,4.255,5.33833333333333,493.757329875312,,,-7.16454946786702,0.09
Burkina Faso,BFA,2015,3.9212287937935,0.724838981070517,4.472,5.15416666666667,591.21169798261,,,-7.56751200933841,0.13
Burkina Faso,BFA,2016,5.95797670754024,0.441041448058809,4.598,5.295,592.605615063022,,,-6.0796386850131,0.39
Burkina Faso,BFA,2017,6.20348941121868,1.48299897161326,4.662,6.51166666666667,580.656749587858,,,-6.35349497520963,1.0
Burkina Faso,BFA,2018,6.60456906812341,1.95594302672532,4.695,6.76333333333333,555.446458398226,,45.5738610534927,-4.18372491409563,1.83
Burkina Faso,BFA,2019,5.88920497068135,-3.23338933983322,4.493,6.68833333333333,585.911013180369,,47.0623633717549,-3.26728197882863,2.16
Burkina Faso,BFA,2020,2.01077262406221,1.88470066518847,4.59,6.5375,575.586004510945,,73.3851925518101,4.1931251239965,0.37
Burkina Faso,BFA,2021,6.94252492572348,3.65326761825509,4.511,6.25,554.530675033104,,55.5822235545459,0.392208859644244,0.08
Burkina Faso,BFA,2022,1.62673258211919,14.2902354303358,3.828,,623.759700911182,,63.1897248087734,-7.53912115376433,1.69
Burkina Faso,BFA,2023,3.00027415814125,0.742910428668918,3.601,,606.569750165917,,61.9522242117801,-5.05911958154004,5.03
Burkina Faso,BFA,2024,4.83395810163883,4.19081721344523,3.441,,606.345297609063,,64.1848911988902,-3.96877055984497,5.14
Burkina Faso,BFA,2025,5.29461839319283,-0.586235316330579,3.477,,581.92848104034,,,,4.21
Burundi,BDI,2000,-0.856864058424151,24.4320242102151,3.137,15.77,720.673333333333,37646865.1651183,,-5.76258887448882,6.24
Burundi,BDI,2001,2.05580710835243,9.29618771341889,3.154,16.8241666666667,830.353333333333,17974678.2401183,,-4.18720201167941,3.88
Burundi,BDI,2002,4.44651941224797,-1.3656800532806,3.168,19.4675,930.749166666666,59105712.309297,,-0.397990063033964,1.67
Burundi,BDI,2003,-1.22372796023444,10.6474645658306,3.145,18.2308333333333,1082.62,67366291.2726551,,-3.04630146043228,1.13
Burundi,BDI,2004,4.83365776809453,8.17642937482053,3.177,18.2541666666667,1100.9,66173617.2508293,,-3.53655815425187,1.35
Burundi,BDI,2005,0.900000000901912,13.2520699188224,3.162,18.445,1081.57716666667,100575245.808507,,-0.510079090142338,3.22
Burundi,BDI,2006,5.41380714491444,2.74542000214241,3.185,17.0725,1028.683553,131138494.759737,,-10.4870448125811,4.97
Burundi,BDI,2007,3.44449364663615,8.41206285772544,2.404,16.8433333333333,1081.8696825,177130962.895465,,-8.2072761510864,5.02
Burundi,BDI,2008,4.90874190813545,24.4069510353914,1.634,16.5208333333333,1185.69083333333,266537169.93856,,-16.090734369062,1.92
Burundi,BDI,2009,3.7870758305051,10.5554355299529,1.622,14.0758333333333,1230.17916666667,323088641.078175,,-9.07806464648821,0.16
Burundi,BDI,2010,5.09373697323055,6.49326591473993,1.615,12.42,1230.74833333333,332085022.471922,,-14.8111210984709,0.18
Burundi,BDI,2011,4.02442793864228,9.5921660597967,1.602,13.2325,1261.07333333333,295447213.888204,,-12.6836763902514,0.1
Burundi,BDI,2012,4.42303118490126,18.1610453065451,1.593,14.32,1442.505625,308757013.647554,,-11.2209754829117,0.14
Burundi,BDI,2013,4.92392485117456,7.93795807492418,1.584,15.1475,1555.09083333333,329308184.126304,,-10.5411437462372,0.11
Burundi,BDI,2014,4.24490803087248,4.40535234185293,1.572,15.6683333333333,1546.68666666667,317139256.456432,,-15.847519265777,0.09
Burundi,BDI,2015,-0.404525595204191,5.54468891259779,1.449,15.3291666666667,1571.89833333333,136134382.176262,,-12.7716902710485,0.13
Burundi,BDI,2016,3.20017470408993,5.55768961400965,1.352,14.2383333333333,1654.62666666667,95158477.530626,,-12.518429325456,0.39
Burundi,BDI,2017,3.83185757061784,16.0525353030392,1.25,14.7966666666667,1729.055,97402580.4255521,,-13.1912710345622,1.0
Burundi,BDI,2018,5.34224473186408,-2.81469807668465,1.147,14.7891666666667,1782.876875,68126200.7714545,,-13.366968151704,1.83
Burundi,BDI,2019,4.45934202358784,-0.686772170797359,1.043,14.5333333333333,1845.62289069697,111373704.053543,,-13.689181364132,2.16
Burundi,BDI,2020,0.306443811651718,7.32110643415521,1.03,12.195,1915.04617583333,90319165.5391625,,-10.8615271645188,0.37
Burundi,BDI,2021,3.23707479372925,8.40453845076341,1.118,12.8583333333333,1975.95088138768,266164087.470182,,-11.3663437249219,0.08
Burundi,BDI,2022,2.31770122350822,18.8008786664945,0.909,11.7725,2034.30663430472,158530300.559317,,-15.3007531318327,1.69
Burundi,BDI,2023,3.25476897326196,26.9414835762453,0.911,11.23,2574.05174879329,90349885.1781753,,-18.3607341751646,5.03
Burundi,BDI,2024,4.11227376394912,20.2124925027847,0.915,11.8569489604984,2885.24549799567,,,-15.6376698795971,5.14
Burundi,BDI,2025,4.24010529884178,34.1339985744832,0.922,12.3743112233376,2943.1375,,,-13.7148163176015,4.21
Cabo Verde,CPV,2000,14.2848688450919,-2.47745668519835,13.024,,115.876551583333,28196818.8690417,,-11.1544820568204,6.24
Cabo Verde,CPV,2001,2.23165454528898,3.34996472317894,13.242,,123.213333333333,45479478.0687327,,-9.8994707570664,3.88
Cabo Verde,CPV,2002,5.25089116960211,1.88453410076765,13.379,,117.255833333333,77123428.2731056,,-11.5146928529663,1.67
Cabo Verde,CPV,2003,4.17625932578332,1.18817038620528,13.604,,97.7875,92617800.6630992,,-11.1255219641803,1.13
Cabo Verde,CPV,2004,10.197072633926,-1.8908217230618,13.456,,88.7479249022727,139362725.6678,,-14.0635896425989,1.35
Cabo Verde,CPV,2005,6.91245795720201,0.41889161285517,13.439,,88.6461685261408,174391987.426298,,-4.18205952542758,3.22
Cabo Verde,CPV,2006,7.98375044795048,5.36907687065549,13.378,10.8041599222222,87.9260649113314,254525770.70586,,-7.46948939503442,4.97
Cabo Verde,CPV,2007,15.1706879735517,4.41099704193489,13.294,10.5510481523038,80.6150271575266,364462266.13089,,-12.0126265488265,5.02
Cabo Verde,CPV,2008,7.03901129565128,6.77443546371143,13.307,9.98901352284578,75.3360038388544,361467111.500192,,-10.4743154022798,1.92
Cabo Verde,CPV,2009,-1.50358672385678,0.991103480568085,13.517,10.9766450308146,80.0354177277845,397876708.938471,,-13.2225925658414,0.16
Cabo Verde,CPV,2010,1.83641914989978,2.07866470906424,10.67,11.0398987608935,83.2786893759019,382190200.497035,,-12.2081961374489,0.18
Cabo Verde,CPV,2011,3.92471821338283,4.47388342165023,10.956,9.81080381518199,79.2768814761183,338617823.352149,,-14.8785945210366,0.1
Cabo Verde,CPV,2012,1.08364848376166,2.54039644167109,11.145,9.90035884746328,86.3189541847042,375841714.655623,,-12.7312450215892,0.14
Cabo Verde,CPV,2013,0.632136727385131,1.50654285701407,11.398,10.520099018866,83.0725,475334069.480303,,-5.29145710856413,0.11
Cabo Verde,CPV,2014,0.696666840118581,-0.238778144990624,11.689,10.8937565287826,83.0345,510930777.488313,,-8.27455286476654,0.09
Cabo Verde,CPV,2015,0.936026507808833,0.131187999024545,11.923,10.4058225644923,99.3856935425685,494495560.716106,,-2.89127851947954,0.13
Cabo Verde,CPV,2016,4.28071482662371,-1.40781637091706,12.085,9.60664701973665,99.6881136363636,572736752.547996,,-3.4671600025876,0.39
Cabo Verde,CPV,2017,4.5513148102974,0.784415251101334,12.24,9.48812259528097,97.8069377715121,617362329.826463,,-6.99311648831083,1.0
Cabo Verde,CPV,2018,3.70696458310842,1.25699566690509,12.17,8.97292567041423,93.4135789085279,606003781.270023,,-4.40170436068748,1.83
Cabo Verde,CPV,2019,6.94782634051859,1.10666674296063,12.123,9.14083475915223,98.4951785878976,737990665.417386,,-0.968698566651977,2.16
Cabo Verde,CPV,2020,-20.8052758990735,0.605795808395385,14.65,8.19451484269313,96.7957427869885,735084797.415375,,-15.6834304999368,0.37
Cabo Verde,CPV,2021,7.03353010694514,1.86215297494647,13.932,7.61928566776367,93.2180924116109,769650450.739642,,-12.2149776787505,0.08
Cabo Verde,CPV,2022,15.843675684642,7.93092925430087,12.239,7.83172030290501,104.863065846367,729566303.824111,,-3.48336678220335,1.69
Cabo Verde,CPV,2023,4.7947613911073,3.72437517668748,11.882,7.5285150596832,101.804812544702,837880565.130438,,-2.76950698565635,5.03
Cabo Verde,CPV,2024,6.98888280991075,1.04817001091965,11.883,7.79052487582662,101.922010798199,783105557.825454,,3.94169322459825,5.14
Cabo Verde,CPV,2025,6.29698518253096,2.34333897365163,11.939,7.74712195998856,97.8631517010164,1258902686.26313,,3.52567605685852,4.21
Cambodia,KHM,2000,9.99358032292079,-0.791992529473567,0.745,,3840.75,611415267.593156,,-3.68398765175246,6.24
Cambodia,KHM,2001,7.38971065070517,-0.600648300123686,0.778,,3916.33333333333,697362969.703221,,-2.11975415828821,3.88
Cambodia,KHM,2002,6.26507280509637,0.211466568022607,0.862,,3912.08333333333,913189870.797355,,-2.38394601973682,1.67
Cambodia,KHM,2003,10.2836813071691,0.94174611779921,0.909,,3973.33333333333,982362875.129201,,-4.62556314146541,1.13
Cambodia,KHM,2004,9.45769481103929,4.31933677434786,1.004,,4016.25,1118336324.43469,,-3.10902285879404,1.35
Cambodia,KHM,2005,13.3033338358455,6.61525912001587,1.061,,4092.5,1158091688.68102,,-4.34447481248578,3.22
Cambodia,KHM,2006,10.9433600681694,5.81068550464306,1.16,,4103.25,1411426995.28171,,-2.80064293867028,4.97
Cambodia,KHM,2007,10.398458101201,8.70882770568049,1.257,,4056.16666666667,2140273311.26087,,-4.17983206597176,5.02
Cambodia,KHM,2008,7.47636606631011,24.096851930605,0.825,,4054.16666666667,2639301421.06125,,-6.73529622284658,1.92
Cambodia,KHM,2009,4.07477850599065,-1.24171754189637,0.579,,4139.33333333333,3285950771.83634,,-5.92994303077878,0.16
Cambodia,KHM,2010,5.07691843229247,3.99639528107218,0.771,,4184.91666666667,3817077827.48335,,-7.10406918806883,0.18
Cambodia,KHM,2011,7.28665813879552,5.4784474961745,0.577,,4058.5,4061810700.02449,,-6.39866172664644,0.1
Cambodia,KHM,2012,7.65025657870362,2.93431609293951,0.505,,4033.0,4759658458.02489,,-6.802614563021,0.14
Cambodia,KHM,2013,7.8574997554252,2.94162509547349,0.438,,4027.25,4997891277.02916,,-6.54160754946617,0.11
Cambodia,KHM,2014,8.00032074618566,3.85568861424207,0.692,,4037.5,6108231224.38956,,-6.5517639901962,0.09
Cambodia,KHM,2015,7.20703472529512,1.22393195511119,0.393,,4067.75,7375682885.24626,,-6.61221348694341,0.13
Cambodia,KHM,2016,7.90550116130704,3.01913975139128,0.716,,4058.69457885305,9113957299.04389,,-6.52773923371678,0.39
Cambodia,KHM,2017,8.07503915535979,2.91263557371478,0.141,,4050.5799859191,12201741896.4868,,-6.15664205071232,1.0
Cambodia,KHM,2018,8.77622376224463,2.45908515380146,0.129,,4051.16690028162,14630894025.9984,,-8.73582304512042,1.83
Cambodia,KHM,2019,7.93695013588524,1.94257500833107,0.119,,4061.14896313364,18771430900.2127,,-7.99991923360397,2.16
Cambodia,KHM,2020,-3.55572193406549,2.9402951426397,0.172,,4092.78321900878,21328475092.6612,,-1.00006150750614,0.37
Cambodia,KHM,2021,3.08984284148661,2.92073477592949,0.396,,4098.72279505888,20269721097.822,28.0325110484223,-29.6073037218251,0.08
Cambodia,KHM,2022,5.12990110773977,5.34370264895437,0.245,,4102.03786482335,17801364792.3965,27.4923946808839,-18.9571988645141,1.69
Cambodia,KHM,2023,5.00733043811898,2.12746796594194,0.256,,4110.65274641577,19983916474.9418,50.3420177209934,1.3046836203044,5.03
Cambodia,KHM,2024,6.0158145735202,0.808042016536654,0.254,,4072.39723921642,22505568572.5432,,0.492323754520323,5.14
Cambodia,KHM,2025,5.34932084572877,2.35127105896507,0.263,,4013.43310400666,27524430820.5103,,-3.6418344436232,4.21
Cameroon,CMR,2000,3.83241779430614,1.22719012976132,7.533,,710.207977031367,220219413.043293,,-2.0668977639693,6.24
Cameroon,CMR,2001,4.32426119221549,4.41977245881146,7.46,,732.397693260228,340115355.120412,,-3.17394469214094,3.88
Cameroon,CMR,2002,4.47702683369155,2.83442260128067,6.711,,693.713226496374,639930327.323177,,-3.53790565581226,1.67
Cameroon,CMR,2003,5.45315368881347,0.623163557374316,5.908,,579.897426172466,652135227.569221,,-3.74372948027079,1.13
Cameroon,CMR,2004,7.04886281858374,0.233647380067584,5.087,,527.338032291576,842430190.035234,,-2.21065060210036,1.35
Cameroon,CMR,2005,2.22827020924117,2.01353950175986,4.4,,527.258362649626,964745492.908923,,-2.54005821725892,3.22
Cameroon,CMR,2006,3.80958327566137,5.11757816019469,3.729,,522.425624895176,1735263262.18996,,0.925460105397852,4.97
Cameroon,CMR,2007,4.32758900972871,0.921402245650095,3.063,,478.633718476363,2931745509.79895,,1.19555212022134,5.02
Cameroon,CMR,2008,2.8476778892105,5.33780627627498,3.386,,446.000041432788,3112861315.14642,,-1.62929165447175,1.92
Cameroon,CMR,2009,2.57925177738754,3.04361847939999,3.743,,470.293423341398,3675521655.97273,,-4.02097111334699,0.16
Cameroon,CMR,2010,2.89902472122014,1.27538046242338,4.11,,494.794262222947,3642642765.84442,,-3.11602303510797,0.18
Cameroon,CMR,2011,3.37921128506045,2.93969946305091,3.988,,471.248625718937,3198717752.7485,,-2.44588511307823,0.1
Cameroon,CMR,2012,4.62597872209571,2.73529677529539,3.836,,510.556338454251,3380703262.12093,,-3.17006037197893,0.14
Cameroon,CMR,2013,4.99552916130783,2.05034718001741,3.686,,493.899623852237,3471999831.39101,,-3.3445999054782,0.11
Cameroon,CMR,2014,5.71981814509198,1.85489850366777,3.534,,493.757329875312,3168216856.18041,,-3.85300319903712,0.09
Cameroon,CMR,2015,5.66695298703932,2.676235314199,3.518,,591.21169798261,3536255065.98645,,-3.64384590025676,0.13
Cameroon,CMR,2016,4.53579423678801,0.874190383288856,3.529,,592.605615063022,2225708778.07818,,-3.06806029650276,0.39
Cameroon,CMR,2017,3.54117654926007,0.64040914988195,3.573,,580.656749587858,3196791410.74604,,-2.63102845264373,1.0
Cameroon,CMR,2018,3.95551423892049,1.0688581131292,3.608,,555.446458398226,3459329760.96426,,-3.52725517847682,1.83
Cameroon,CMR,2019,3.47505998194981,2.45280214062732,3.632,,585.911013180369,3720172167.11585,,-4.27316997253143,2.16
Cameroon,CMR,2020,0.259932915907115,2.43760882182236,3.881,,575.586004510945,3961753887.41141,,-3.70931267651989,0.37
Cameroon,CMR,2021,3.33885747179505,2.27185762503637,3.976,,554.530675033104,4299788713.29081,,-3.98670897608132,0.08
Cameroon,CMR,2022,3.7367840056412,6.24767713343861,3.646,,623.759700911182,5133480338.41129,,-3.39397488391441,1.69
Cameroon,CMR,2023,3.34756290750219,7.38281384280984,3.607,,606.569750165917,4882047276.67739,,-4.13580101370033,5.03
Cameroon,CMR,2024,3.52472308052245,4.53331349711606,3.603,,606.345297609063,5061511549.89538,,-3.28354247246706,5.14
Cameroon,CMR,2025,3.20000015616144,3.40373458279055,3.602,,581.92848104034,,,,4.21
Canada,CAN,2000,5.13853918994158,2.71943995691976,6.829,7.27083333333333,1.485394095,32427268296.4522,58.7379742383571,2.48322832733607,6.24
Canada,CAN,2001,1.87509813099847,2.52512013979906,7.219,5.8125,1.548839955,34252695467.5387,57.4583564504362,2.13236979231819,3.88
Canada,CAN,2002,2.99925533832644,2.25839440940855,7.665,4.20833333333333,1.57034283416667,37189390323.6644,54.1490287671244,1.64502756776047,1.67
Canada,CAN,2003,1.8063851195103,2.75856321360112,7.574,4.6875,1.4010145475,36267581049.3034,51.2712553317649,1.16498628134968,1.13
Canada,CAN,2004,3.09236381038156,1.85725871857256,7.185,4.0,1.301281595,34476385087.8754,46.8009507945123,2.26314907015468,1.35
Canada,CAN,2005,3.21045441502793,2.21355203439767,6.758,4.41666666666667,1.21140513416667,33018041276.077,46.0612626047686,1.86964040462905,3.22
Canada,CAN,2006,2.63794375302722,2.00202539534161,6.484,5.8125,1.13434472583333,35063091947.1937,43.2908103947337,1.36362891052774,4.97
Canada,CAN,2007,2.04990459443619,2.13838399266837,6.156,6.10416666666667,1.07404562166667,41082108778.8237,39.1585639491399,0.752359497275173,5.02
Canada,CAN,2008,0.995406371264522,2.37027067444299,6.284,4.72916666666667,1.06708691833333,43872316563.9077,45.3204018722496,0.2046335073484,1.92
Canada,CAN,2009,-2.91508627059555,0.299466803009299,8.46,2.39583333333333,1.1415354059127,54356329766.8962,53.1923451175655,-2.96627675991292,0.16
Canada,CAN,2010,3.09080633744851,1.77687154092627,8.178,2.60416666666667,1.03011273517598,57151157771.2186,53.149541550924,-3.59617272045212,0.18
Canada,CAN,2011,3.1371944343876,2.91213508872351,7.637,3.0,0.989258158636364,65818985667.1989,54.1191112874788,-2.77399195325843,0.1
Canada,CAN,2012,1.75566133205234,1.51567823124517,7.392,3.0,0.999364743593074,68546343361.9692,55.7149799857487,-3.53226120893674,0.14
Canada,CAN,2013,2.32581356612762,0.938291897815317,7.143,3.0,1.03013736373016,71937085415.7952,53.2423701593126,-3.14689861117208,0.11
Canada,CAN,2014,2.87346675579731,1.90663590717861,7.023,3.0,1.10474713237886,74699962252.5789,51.4745859314181,-2.31891905245784,0.09
Canada,CAN,2015,0.64997101491096,1.12524136094277,6.945,2.775,1.27878620362554,79753521149.8993,55.9830871905967,-3.51398363580264,0.13
Canada,CAN,2016,1.03855091989323,1.42875954701085,7.038,2.7,1.3256151637482,82718110857.6299,56.0209524890955,-3.09310839278901,0.39
Canada,CAN,2017,3.03383491841392,1.59688412852977,6.426,2.7,1.29793584646039,86677706696.7064,54.4551971694526,-2.80342092867237,1.0
Canada,CAN,2018,2.74296341402246,2.26822567248103,5.837,,1.29581792813534,83925602808.0082,53.1446892525476,-2.38506947723022,1.83
Canada,CAN,2019,1.90843193887251,1.94926902411593,5.69,,1.32679336266012,85297110783.6888,53.3550343019959,-1.95169853023597,2.16
Canada,CAN,2020,-5.03823342794087,0.716999632307827,9.657,,1.34115267222386,90428136419.3486,74.5543516882689,-2.01049081035402,0.37
Canada,CAN,2021,5.95052804984759,3.39519318527528,7.527,,1.2538769021268,106615119570.101,68.7631935004671,-0.0219632369341121,0.08
Canada,CAN,2022,4.69541985045903,6.80280115341613,5.279,,1.30155477474355,106952377364.743,59.4286687896911,-0.442142105058685,1.69
Canada,CAN,2023,1.95308552199025,3.87900159788426,5.415,,1.3499086407939,117550899244.64,60.4553957724957,-0.693744929649431,5.03
Canada,CAN,2024,2.04626605401701,2.38158383281173,6.351,,1.36935976604092,119778473396.958,64.1314232901439,-0.487852623579789,5.14
Canada,CAN,2025,1.74268536175708,2.07232411149103,6.907,,1.39810565893901,125626898210.334,,-0.948637766653122,4.21
Caribbean small states,CSS,2000,4.6905109207957,2.3088156083548,11.7427630641232,,,,,,6.24
Caribbean small states,CSS,2001,2.08502356162616,2.60262402317311,11.1794403357232,,,,,,3.88
Caribbean small states,CSS,2002,3.97263487854183,2.10733447564151,11.3083250951395,,,,,,1.67
Caribbean small states,CSS,2003,6.08516854277062,2.19518237141616,11.5380632882928,,,,,,1.13
Caribbean small states,CSS,2004,4.64890987061356,2.35433222144196,10.2916036767948,,,,,,1.35
Caribbean small states,CSS,2005,4.39368382787195,3.6046180511121,9.98480572264988,,,,,,3.22
Caribbean small states,CSS,2006,7.8259368156711,3.4963141902432,8.69394120180955,,,,27.2381964011351,,4.97
Caribbean small states,CSS,2007,3.84066022512839,3.94652952677361,8.1976990614565,,,,27.1686756472154,,5.02
Caribbean small states,CSS,2008,1.69605989900055,7.21385213950187,7.8711908829552,,,,,,1.92
Caribbean small states,CSS,2009,-3.39775809838443,0.213901348378942,9.18808540593253,,,,,,0.16
Caribbean small states,CSS,2010,1.18336086368814,3.31018474700138,8.80934904598808,,,,,,0.18
Caribbean small states,CSS,2011,0.914568192401248,3.32776554447465,8.82531756416261,,,,,,0.1
Caribbean small states,CSS,2012,4.11419015906178,2.50461059084482,8.99563754734034,,,,,,0.14
Caribbean small states,CSS,2013,1.56870134511247,1.08324168178149,8.87950796126762,,,,,,0.11
Caribbean small states,CSS,2014,2.59734828019873,1.14542060958206,8.61294822432626,,,,,,0.09
Caribbean small states,CSS,2015,-0.064034306514273,-0.852705497033039,8.22453564269079,,,,,,0.13
Caribbean small states,CSS,2016,-3.08739815275796,0.402621696824957,8.52897625860849,,,,,,0.39
Caribbean small states,CSS,2017,-0.750655745538538,1.6992957045984,8.24674002522057,,,,,,1.0
Caribbean small states,CSS,2018,1.31016136681117,1.20715793367008,8.59708625490841,,,,,,1.83
Caribbean small states,CSS,2019,0.865089017714141,1.00054293027237,8.21142514691839,,,,,,2.16
Caribbean small states,CSS,2020,-9.27326845637317,0.121434644614894,9.95181592662355,,,,,,0.37
Caribbean small states,CSS,2021,7.23640467044548,2.22891330700344,9.71327125079923,,,,,,0.08
Caribbean small states,CSS,2022,14.7413556305504,5.82838638517959,8.29867755889038,,,,,,1.69
Caribbean small states,CSS,2023,8.80514656985758,4.10449281822017,7.51281290895946,,,,,,5.03
Caribbean small states,CSS,2024,13.3281652583601,2.73620751873313,7.49180699898505,,,,,,5.14
Caribbean small states,CSS,2025,7.97505570265018,1.21577537737425,7.55485245853424,,,,,,4.21
Cayman Islands,CYM,2000,,,,,0.83333,,,,6.24
Cayman Islands,CYM,2001,,,,,0.83333,,,,3.88
Cayman Islands,CYM,2002,,,,,0.83333,,,,1.67
Cayman Islands,CYM,2003,,,,,0.83333,,,,1.13
Cayman Islands,CYM,2004,,,,,0.83333,,,,1.35
Cayman Islands,CYM,2005,,,,,0.83333,,,,3.22
Cayman Islands,CYM,2006,,,,,0.83333,,,,4.97
Cayman Islands,CYM,2007,3.16262522652799,,,,0.83333,,,,5.02
Cayman Islands,CYM,2008,-0.357401201092983,,,,0.83333,,,,1.92
Cayman Islands,CYM,2009,-7.20048244664706,,,,0.83333,,,,0.16
Cayman Islands,CYM,2010,-2.71563526217577,0.276140861750108,,,0.83333,,,,0.18
Cayman Islands,CYM,2011,1.16906219839106,1.32543575779664,,,0.83333,,,,0.1
Cayman Islands,CYM,2012,1.22975365701149,1.18894845245608,,,0.83333,,,,0.14
Cayman Islands,CYM,2013,1.27933101999021,2.16061146813391,,,0.83333,,,,0.11
Cayman Islands,CYM,2014,2.65452798451271,1.27397911533388,,,0.83333,,,,0.09
Cayman Islands,CYM,2015,2.8331222262961,-2.34752770165615,,,0.83333,,,,0.13
Cayman Islands,CYM,2016,3.23997433895669,-0.62525835861814,,,0.83333,,,-14.3925574520851,0.39
Cayman Islands,CYM,2017,3.18404592334522,,,,0.83333,,,-16.8690569421759,1.0
Cayman Islands,CYM,2018,4.26726745249641,,,,0.83333,162073506.0,,-16.7723987613564,1.83
Cayman Islands,CYM,2019,3.91563534249416,,,,0.83333,183500000.0,,-10.8861308298588,2.16
Cayman Islands,CYM,2020,-4.95480696516726,,,,0.83333,216800000.0,,-16.3463833760305,0.37
Cayman Islands,CYM,2021,4.86941655353661,,,,0.83333,228300000.0,,-13.1039375869469,0.08
Cayman Islands,CYM,2022,5.66079366938135,,,,0.83333,225400000.0,,-11.2644465040103,1.69
Cayman Islands,CYM,2023,5.80436961198644,,,,0.83333,234000000.0,,-9.72476292521069,5.03
Cayman Islands,CYM,2024,3.75641197192778,,,,0.83333,252096650.4,,-8.83509062625772,5.14
Cayman Islands,CYM,2025,,,,,0.83333,,,,4.21
Central African Republic,CAF,2000,-2.48943244028874,3.20340091563112,5.722,,710.207977031367,136311955.642756,,,6.24
Central African Republic,CAF,2001,4.46473902640867,3.83486060237362,5.77,,732.397693260228,121827806.687419,,,3.88
Central African Republic,CAF,2002,3.61654219150596,2.33181703516235,5.809,,693.713226496374,127052247.633007,,,1.67
Central African Republic,CAF,2003,-5.39748521855877,4.13470905150996,5.809,,579.897426172466,137053605.720033,,,1.13
Central African Republic,CAF,2004,5.99488422798696,-2.06640601136303,5.729,,527.338032291576,153195695.517303,,,1.35
Central African Republic,CAF,2005,0.908210514871953,2.88352073359022,5.691,,527.258362649626,144923649.427183,,,3.22
Central African Republic,CAF,2006,4.77108543044105,6.69526465773354,5.61,,522.425624895176,132419817.11154,,,4.97
Central African Republic,CAF,2007,4.60753485452025,0.95991761945711,5.562,,478.633718476363,91867874.1209709,,,5.02
Central African Republic,CAF,2008,2.05413096200485,9.25895099417076,5.51,,446.000041432788,131466500.98142,,,1.92
Central African Republic,CAF,2009,8.58726042640994,3.52126227238643,5.575,,470.293423341398,210590013.326623,,,0.16
Central African Republic,CAF,2010,4.63081843223307,1.49102370047802,5.658,,494.794262222947,181175454.945794,,,0.18
Central African Republic,CAF,2011,4.19461533741989,1.1944757244985,5.638,,471.248625718937,154510967.212474,,,0.1
Central African Republic,CAF,2012,5.05376125356918,5.47829594346117,5.58,,510.556338454251,157902473.531176,,,0.14
Central African Republic,CAF,2013,-36.3919770983887,6.98879341970198,5.566,,493.899623852237,193663724.475369,,,0.11
Central African Republic,CAF,2014,0.0810705153264877,14.898684179755,5.633,,493.757329875312,259571697.529109,,,0.09
Central African Republic,CAF,2015,4.33712103020231,1.40297017136816,5.775,,591.21169798261,213800567.288047,,,0.13
Central African Republic,CAF,2016,4.75031684122342,4.94543276106518,5.793,,592.605615063022,239797985.500412,,,0.39
Central African Republic,CAF,2017,4.52727821346231,4.18072331871267,5.836,,580.656749587858,362717270.49893,,,1.0
Central African Republic,CAF,2018,3.78944359275462,1.61215686991555,5.825,,555.446458398226,361797180.317652,,,1.83
Central African Republic,CAF,2019,3.09999999999999,2.68537355266787,5.916,,585.911013180369,350305401.8215,,,2.16
Central African Republic,CAF,2020,0.899999996857062,1.71015659523153,6.519,,575.586004510945,432524260.923722,,,0.37
Central African Republic,CAF,2021,0.982919996264229,4.25936417542868,6.701,,554.530675033104,483872115.778418,,,0.08
Central African Republic,CAF,2022,0.453901876447787,5.58316735183247,6.287,,623.759700911182,374404781.268039,,,1.69
Central African Republic,CAF,2023,0.69996840076054,2.97913852618937,6.181,,606.569750165917,479592712.605639,,,5.03
Central African Republic,CAF,2024,1.49999999847535,1.47733600718744,6.253,,606.345297609063,489286576.286085,,,5.14
Central African Republic,CAF,2025,4.49950000393781,1.00198012768088,6.251,,581.92848104034,,,,4.21
Central Europe and the Baltics,CEB,2000,3.94617050688508,8.91174418658757,12.1493697321005,,,,,,6.24
Central Europe and the Baltics,CEB,2001,3.0053964950888,5.74827981651373,13.4981128132324,,,,,,3.88
Central Europe and the Baltics,CEB,2002,3.54235272119556,3.12714222984609,13.9609765303477,,,,,,1.67
Central Europe and the Baltics,CEB,2003,3.9968763320081,2.34864169582758,13.2764246828022,,,,,,1.13
Central Europe and the Baltics,CEB,2004,5.87405028858834,3.5929759424951,12.8914606604503,,,,,,1.35
Central Europe and the Baltics,CEB,2005,4.90989973946046,3.31717824448043,12.0311529429654,,,,,,3.22
Central Europe and the Baltics,CEB,2006,6.6405738972018,3.93032603841001,10.124914494498,,,,,,4.97
Central Europe and the Baltics,CEB,2007,6.33884003829688,4.83732928313989,7.80912922603523,,,,,,5.02
Central Europe and the Baltics,CEB,2008,3.96223002088354,6.3586638015237,6.60116715977237,,,,,,1.92
Central Europe and the Baltics,CEB,2009,-3.62223808148092,2.75320223914819,8.51650875155537,,,,,,0.16
Central Europe and the Baltics,CEB,2010,1.53847163388305,1.80117022137138,9.92718738959061,,,,,,0.18
Central Europe and the Baltics,CEB,2011,3.60057081921423,4.13027562645085,9.80960842319458,,,,,,0.1
Central Europe and the Baltics,CEB,2012,0.837973326874717,3.33492267693442,10.014837051229,,,,,,0.14
Central Europe and the Baltics,CEB,2013,0.667909229803371,1.4382978723404,10.076189699493,,,,,,0.11
Central Europe and the Baltics,CEB,2014,3.26192805394494,0.0538213132399802,8.87370489824698,,,,,,0.09
Central Europe and the Baltics,CEB,2015,4.0016836383322,-0.464499004645003,7.81260796234007,,,,,,0.13
Central Europe and the Baltics,CEB,2016,2.80724942330426,-0.0549995416705683,6.47626986745334,,,,,,0.39
Central Europe and the Baltics,CEB,2017,5.10713071566526,2.07593553673859,5.27719000843769,,,,,,1.0
Central Europe and the Baltics,CEB,2018,4.95337220818838,2.53445424186598,4.29483445753775,,,,,,1.83
Central Europe and the Baltics,CEB,2019,4.03232614160713,2.6645613342544,3.76072643211224,,,,,,2.16
Central Europe and the Baltics,CEB,2020,-3.30110758026468,1.67244096855756,4.3496421220328,,,,,,0.37
Central Europe and the Baltics,CEB,2021,6.57271679525719,3.83984491500146,4.44508031221282,,,,,,0.08
Central Europe and the Baltics,CEB,2022,4.03989151407053,14.6081439492433,3.96540582731722,,,,,,1.69
Central Europe and the Baltics,CEB,2023,0.720328299990356,9.44284140088564,4.01230416616797,,,,,,5.03
Central Europe and the Baltics,CEB,2024,2.09534007010555,2.75760909424279,4.00056350955849,,,,,,5.14
Central Europe and the Baltics,CEB,2025,2.36701156809835,3.81419531520146,4.14260588932297,,,,,,4.21
Chad,TCD,2000,-0.879681024156014,3.82260088086306,0.796,,710.207977031367,113752750.287429,,,6.24
Chad,TCD,2001,11.6581346550771,12.4312865279941,0.792,,732.397693260228,125450913.473422,,,3.88
Chad,TCD,2002,8.4912098197177,5.19181895195446,0.769,,693.713226496374,222510578.661822,,,1.67
Chad,TCD,2003,14.7216670123589,-1.75256941248655,0.725,,579.897426172466,191745202.611172,,,1.13
Chad,TCD,2004,33.6293718498522,-5.35540028884816,0.672,,527.338032291576,226603535.300678,,,1.35
Chad,TCD,2005,17.3325337352162,7.89036567462993,0.663,,527.258362649626,231282856.164012,,,3.22
Chad,TCD,2006,-0.54282957080251,8.03628897951331,0.716,,522.425624895176,632157876.917181,,,4.97
Chad,TCD,2007,4.20017418353298,-8.9747396200927,0.839,,478.633718476363,964338636.974652,,,5.02
Chad,TCD,2008,3.08119033854541,10.2969758221254,0.922,,446.000041432788,1355146208.38943,,,1.92
Chad,TCD,2009,-1.40828262637592,9.95242290748864,0.943,,470.293423341398,616701392.110048,,,0.16
Chad,TCD,2010,13.6738272725339,-2.07786574641866,0.911,,494.794262222947,632405291.277491,,,0.18
Chad,TCD,2011,4.49542967058827,2.0292405367826,0.92,,471.248625718937,951097160.643999,,,0.1
Chad,TCD,2012,9.06180392253447,7.51662364663833,0.886,,510.556338454251,1155659286.59738,,,0.14
Chad,TCD,2013,2.83821524730293,0.222671564624551,0.955,,493.899623852237,1183031943.77765,,,0.11
Chad,TCD,2014,2.06283074361411,1.6819731392567,0.984,,493.757329875312,1075906114.58729,,,0.09
Chad,TCD,2015,3.30415979779805,4.37712665065654,1.032,,591.21169798261,368916823.816674,,,0.13
Chad,TCD,2016,-4.12250332637034,-0.792440525236102,1.091,,592.605615063022,8184292.08845216,,,0.39
Chad,TCD,2017,-1.61746922820204,-1.5370996298084,1.132,,580.656749587858,8575237.41520016,,,1.0
Chad,TCD,2018,5.74111580758154,4.27462198610545,1.135,,555.446458398226,147750165.909777,,,1.83
Chad,TCD,2019,5.38282202874814,-0.971939175419401,1.077,,585.911013180369,310032032.850238,,,2.16
Chad,TCD,2020,-0.393646582380399,4.46414437232861,1.695,,575.586004510945,390675163.109219,,,0.37
Chad,TCD,2021,0.293442648033434,-0.77284437035914,1.53,,554.530675033104,211590754.917343,,,0.08
Chad,TCD,2022,4.12969897668356,5.78802687843616,1.081,,623.759700911182,1013220923.95659,,,1.69
Chad,TCD,2023,3.99861309461539,10.8363568399843,1.059,,606.569750165917,1049788251.30153,,,5.03
Chad,TCD,2024,4.95210484607125,8.89950732263754,1.053,,606.345297609063,1547604928.86707,,,5.14
Chad,TCD,2025,5.58988021765651,-3.9119812440659,1.057,,581.92848104034,,,,4.21
Channel Islands,CHI,2000,,,5.351,,0.660930833333333,,,,6.24
Channel Islands,CHI,2001,,,5.041,,0.694655,,,,3.88
Channel Islands,CHI,2002,,,5.313,,0.667223333333333,,,,1.67
Channel Islands,CHI,2003,,,5.644,,0.6124725,,,,1.13
Channel Islands,CHI,2004,,,5.848,,0.54618,,,,1.35
Channel Islands,CHI,2005,,,5.833,,0.549998333333333,,,,3.22
Channel Islands,CHI,2006,,,5.571,,0.543486666666667,,,,4.97
Channel Islands,CHI,2007,,,5.23,,0.499771666666667,,,,5.02
Channel Islands,CHI,2008,,,5.295,,0.54396625,,,,1.92
Channel Islands,CHI,2009,,,6.674,,0.641919263495996,,,,0.16
Channel Islands,CHI,2010,-3.60663231572742,,7.024,,0.647179345560165,,,,0.18
Channel Islands,CHI,2011,1.12504310895372,,7.244,,0.624140835740495,,,,0.1
Channel Islands,CHI,2012,-5.75366122139113,,8.028,,0.633046988857327,,,,0.14
Channel Islands,CHI,2013,0.493931120528785,,8.572,,0.639660577613477,,,,0.11
Channel Islands,CHI,2014,2.42710178482311,,8.319,,0.607729626878255,,,,0.09
Channel Islands,CHI,2015,0.374367083829384,,7.928,,0.654545478931426,,,,0.13
Channel Islands,CHI,2016,1.21302407657195,,7.469,,0.740634463697084,,,,0.39
Channel Islands,CHI,2017,1.80648131383585,,6.881,,0.776976682344123,,,,1.0
Channel Islands,CHI,2018,1.1222435658518,,6.344,,0.749531540259847,,,,1.83
Channel Islands,CHI,2019,1.57335596156342,,6.185,,0.783445110011929,,,,2.16
Channel Islands,CHI,2020,-8.89677926591959,,6.633,,0.779999576697153,,,,0.37
Channel Islands,CHI,2021,9.93680136985076,,6.643,,0.727064944688323,,,,0.08
Channel Islands,CHI,2022,5.34196140375869,,5.923,,0.811301715827773,,,,1.69
Channel Islands,CHI,2023,3.71500590367266,,5.928,,0.804538906734353,,,,5.03
Channel Islands,CHI,2024,,,6.031,,0.782414580986262,,,,5.14
Channel Islands,CHI,2025,,,6.169,,0.759473957338607,,,,4.21
Chile,CHL,2000,4.9716214882971,3.84327295706565,10.491,14.8433912347788,539.5875,15055115211.0232,13.1456400046218,-1.14568457860136,6.24
Chile,CHL,2001,3.15403492459967,3.56910053001467,10.39,11.8910098561076,634.938333333334,14399463580.6192,,-1.53703377110132,3.88
Chile,CHL,2002,3.20279913520113,2.48939816650705,10.168,7.75807289652374,688.936666666667,15343862166.6232,,-0.825565731667288,1.67
Chile,CHL,2003,4.72324526861041,2.8101787574361,9.765,6.17877873086097,691.3975,15842927419.0005,,0.214600395822681,1.13
Chile,CHL,2004,6.67425416822923,1.05473871403517,10.162,5.12700362788107,609.529166666667,15997301155.2013,,3.26056295397732,1.35
Chile,CHL,2005,5.83704571917758,3.05257621387849,9.34,6.67787900981346,559.7675,16933297690.4239,,1.91109059952903,3.22
Chile,CHL,2006,6.04999082563968,3.39201733699405,9.024,7.99948207856606,530.275,19396987006.6216,,5.49643732024025,4.97
Chile,CHL,2007,5.16823098528431,4.40779938398044,8.427,8.67125848644778,522.464166666667,16843397511.3296,,5.05557874807609,5.02
Chile,CHL,2008,3.78939280635238,8.71626873039607,9.285,13.261771366415,522.461035833334,23079229513.8107,,-4.18826982519764,1.92
Chile,CHL,2009,-1.11803723642878,0.353045178360937,11.313,7.25063476884463,560.85989484127,25292079030.7077,,1.43974883336493,0.16
Chile,CHL,2010,5.85165102224047,1.41071107954321,8.547,4.75482680518703,510.249166666667,27827450636.1978,,0.896881680744076,0.18
Chile,CHL,2011,6.22389678509138,3.34121694259302,7.492,9.03015252269429,483.6675,41943889984.8962,,-4.91713901662886,0.1
Chile,CHL,2012,6.15534001855494,3.00744840213047,6.79,10.0572624433615,486.471303391053,41649256237.5881,,-5.32849119001729,0.14
Chile,CHL,2013,3.30850824710085,1.7895555398459,6.361,9.26187678192101,495.272877645503,41093252538.759,,-4.77606541666959,0.11
Chile,CHL,2014,1.79264947139259,4.71867527854672,6.761,8.09805824839012,570.34821612744,40447379051.6687,,-3.46029991877659,0.09
Chile,CHL,2015,2.15194249981184,4.34877353217044,6.605,5.51492732291402,654.124084254196,38641176606.0315,,-2.73506821605392,0.13
Chile,CHL,2016,1.753038749071,3.78619355893118,6.926,5.58839657725206,676.957736044657,40493293729.5297,,-2.62065852365988,0.39
Chile,CHL,2017,1.35769537343957,2.18271846868519,7.257,4.55285507889072,648.833792598261,38981539753.7984,,-2.75779980852367,1.0
Chile,CHL,2018,3.99002947789977,2.43488981353057,7.623,4.17801925025561,641.276813066395,39858824174.8114,,-4.48367554777816,1.83
Chile,CHL,2019,0.644223402631923,2.55754475703327,7.493,,702.897422561529,40655524238.3282,,-5.21201190646601,2.16
Chile,CHL,2020,-6.1396969411886,3.04549084804326,10.934,,792.727206103169,39166118109.4101,,-1.96248572878056,0.37
Chile,CHL,2021,11.3374032409913,4.52456838259144,9.281,,758.955378658977,51252167799.6881,,-7.29452522459608,0.08
Chile,CHL,2022,2.06391864254198,11.643866711056,8.249,,873.314189543014,39102338845.0328,,-8.87430060140152,1.69
Chile,CHL,2023,0.677024831595858,7.58168251407962,9.013,,840.066526651499,46377347796.8251,,-3.10428872521174,5.03
Chile,CHL,2024,2.80512637106611,4.29763891572524,8.718,,943.572167421488,44403009394.3695,,-1.16817210444884,5.14
Chile,CHL,2025,2.45925474781374,4.21293601694293,8.974,,951.329454191033,49449773295.6302,,-1.21688011748722,4.21
China,CHN,2000,8.57357328926101,0.347811226864587,3.26,5.85,8.27850416666666,171763098225.843,,1.67667411710879,6.24
China,CHN,2001,8.32404695347056,0.719125609120114,3.8,5.85,8.27706833333333,220056777617.14,,1.28417196444636,3.88
China,CHN,2002,9.23604870383861,-0.731970902350244,4.24,5.31,8.2769575,297739475705.212,,2.37759984341841,1.67
China,CHN,2003,10.1138119025242,1.12760348729637,4.58,5.31,8.27703666666667,416199411548.593,,2.55665409110255,1.13
China,CHN,2004,10.1404291872206,3.82463743108159,4.49,5.58,8.27680083333333,622948544349.601,,3.47450259619584,1.35
China,CHN,2005,11.4535130030645,1.77641407667571,4.52,5.58,8.19431666666667,831409619695.566,,5.71199843031159,3.22
China,CHN,2006,12.6752842281595,1.6494309945586,4.43,6.12,7.97343833333333,1080755682869.9,,8.30532573537484,4.97
China,CHN,2007,14.1507710506103,4.81676767378834,4.35,7.47,7.6075325,1546364660543.37,,9.79958953536148,5.02
China,CHN,2008,9.66877608164454,5.92525137041092,4.59,5.31,6.948655,1966037431070.11,,9.01086996317632,1.92
China,CHN,2009,9.40610014336416,-0.728165250932898,4.72,5.31,6.83141605176666,2452899062067.79,,4.68740638141982,0.16
China,CHN,2010,10.5916903885704,3.17532475269199,4.53,5.81,6.77026902870939,2913711711315.37,,3.8402567341525,0.18
China,CHN,2011,9.46205248298186,5.55389892257493,4.55,6.56,6.46146132655007,3254674063563.49,,1.77399724587567,0.1
China,CHN,2012,7.8578201481217,2.61952432645541,4.58,6.0,6.31233282683186,3387512973773.81,,2.48328422404794,0.14
China,CHN,2013,7.77842954757257,2.62105001748115,4.6,6.0,6.19575834608231,3880368265252.93,,1.52111320885029,0.11
China,CHN,2014,7.46100735778161,1.92164162788521,4.63,5.6,6.14343409448867,3900039302991.09,,2.21130586371267,0.09
China,CHN,2015,6.98162255562367,1.43702380935655,4.65,4.35,6.22748867298455,3405253363888.14,,2.59752794949746,0.13
China,CHN,2016,6.7736886867727,2.00000182191943,4.56,4.35,6.6444778294468,3097658421378.4,,1.67018709565352,0.39
China,CHN,2017,6.89123916636191,1.59313600071436,4.47,4.35,6.75875508633597,3235681607213.04,,1.50488723669316,1.0
China,CHN,2018,6.757806142324,2.07479039965576,4.31,4.35,6.61595717735439,3168216331199.08,,0.170563391928727,1.83
China,CHN,2019,6.06737806333672,2.89923416358227,4.56,4.35,6.90838500992901,3222894578036.36,,0.619961080716059,2.16
China,CHN,2020,2.33950385203023,2.41942189457782,5.0,4.35,6.90076726944925,3357240875433.71,,1.49179592498582,0.37
China,CHN,2021,8.57038414981781,0.981015135544882,4.55,4.35,6.44897518024316,3427931394628.85,,1.6339546037037,0.08
China,CHN,2022,3.13385438394069,1.97357555739051,4.98,4.35,6.73715811237119,3306839412813.78,,2.20640460953834,1.69
China,CHN,2023,5.41600334492955,0.234836828893051,4.67,4.35,7.08399842343631,3449544415518.98,,1.40681103517507,5.03
China,CHN,2024,4.95830378788091,0.218128938439177,4.59,4.35,7.19749110789917,3456024808739.12,,2.46818591485776,5.14
China,CHN,2025,4.95994886240992,0.0595646916565403,4.615,,7.18984737402171,3748744952817.94,,3.76972243689338,4.21
Colombia,COL,2000,2.92486148176778,9.22534818585366,20.52,18.7866666666667,2087.91833333333,9005870484.66315,17.7090216802298,0.846461525527854,6.24
Colombia,COL,2001,1.67789830787579,7.96556090304834,15.04,20.72,2299.89333333333,10244081684.9202,,-1.05937674050926,3.88
Colombia,COL,2002,2.50398046659659,6.35150728778872,14.481,16.3267983308288,2504.68083333333,10844467604.5963,,-1.3162316381602,1.67
Colombia,COL,2003,3.91827190322513,7.1297886294186,13.221,15.187101145088,2877.54333333333,10920223457.177,52.535419533379,-0.963598625978888,1.13
Colombia,COL,2004,5.33302206759905,5.90402005546502,13.717,15.0830567168883,2628.36833333333,13536934555.3753,,-0.66148309595793,1.35
Colombia,COL,2005,4.82876110773741,5.05101962689696,11.062,14.5608333333333,2321.13166666667,14954554923.0026,,-1.33773107053946,3.22
Colombia,COL,2006,6.71686869844402,4.29342363628927,11.088,12.893913084832,2358.59460526316,15437167995.6523,,-1.8486662357596,4.97
Colombia,COL,2007,6.73819469090975,5.54438485815156,11.204,15.3818501011015,2077.81095833333,20951442986.8658,,-2.9819266093631,5.02
Colombia,COL,2008,3.28344618616541,6.99688495554511,11.273,17.1756231436697,1965.1375,23670593274.4212,65.2450803056946,-2.67924104556952,1.92
Colombia,COL,2009,1.13964864548062,4.20251661216482,12.066,13.0080746033842,2157.59833333333,24987458715.7225,68.9990033374936,-1.90692601755576,0.16
Colombia,COL,2010,4.49465897070922,2.27200227892008,11.153,9.38148993683401,1898.9975,28076156124.4625,72.4526699261111,-2.99583091222973,0.18
Colombia,COL,2011,6.94789198173555,3.4150334477625,10.288,11.2199184470583,1848.01666666667,31895547050.8778,62.8601328222053,-2.90611447190462,0.1
Colombia,COL,2012,3.91263576716115,3.16930188840055,9.959,12.5850402049247,1798.01166666667,36997795799.9643,65.227695883164,-3.14008013112593,0.14
Colombia,COL,2013,5.13399351995672,2.01699224310383,9.246,10.9855861710036,1868.895,43158795571.8365,67.1029119456429,-3.23615067105022,0.11
Colombia,COL,2014,4.49903000110972,2.89883787761738,8.799,10.8673350376127,2001.105,46809443348.4249,47.9761695160459,-5.19843119341791,0.09
Colombia,COL,2015,2.95590137527523,4.9898311584953,8.572,11.4499872575296,2741.78166666667,46222893468.525,53.2785874737167,-6.3723044223088,0.13
Colombia,COL,2016,2.08738250162794,7.51346024627675,8.922,14.6454318106769,3055.255,46173772892.6654,66.9071609125065,-4.4519506775159,0.39
Colombia,COL,2017,1.35936086788746,4.31431325695011,9.086,13.6858303184817,2951.48691120161,47131104746.7563,66.7272478472146,-3.18224191114871,1.0
Colombia,COL,2018,2.56432428277704,3.24056932930569,9.36,12.1148777449182,2955.70396997842,47887623364.3511,71.6505702481056,-4.20138344687969,1.83
Colombia,COL,2019,3.18685539245533,3.52301932741447,10.28,11.7690653821827,3281.62219381788,52652707434.7902,72.7038785770822,-4.5842751726606,2.16
Colombia,COL,2020,-7.18591413760859,2.52663500084706,15.983,9.85052425129014,3693.27583333333,58499477956.7248,91.1566069449736,-3.42772945914236,0.37
Colombia,COL,2021,10.8011981904878,3.49505757399448,13.898,9.3378484091001,3744.24416666667,58018679406.6873,80.4259616037106,-5.6351694946032,0.08
Colombia,COL,2022,7.32827729427979,10.1772313546166,10.541,15.8075088706303,4256.19416666667,56703971712.5605,70.2611599864283,-6.04054199360168,1.69
Colombia,COL,2023,0.841819555752039,11.7359044948689,9.591,21.0306368304862,4325.955,59040690523.7904,71.2127173058669,-2.26762349420469,5.03
Colombia,COL,2024,1.49330728771066,6.60908593728228,9.619,16.3744226380092,4074.43416666667,61897968642.424,71.1965371181288,-1.66760721722233,5.14
Colombia,COL,2025,2.64201548985928,5.14222911946201,8.29,14.3114389316572,4053.13583333333,65806277188.961,,-2.37924247045499,4.21
Comoros,COM,2000,-1.00701887109655,,4.4,12.0,532.65598277353,43370718.713776,,,6.24
Comoros,COM,2001,5.41959971808741,5.55459394816812,4.379,12.0,549.298269945143,62479684.9742352,,,3.88
Comoros,COM,2002,4.59768263263243,3.53304214308078,4.372,12.0,520.284919872278,80135345.6663709,,,1.67
Comoros,COM,2003,1.93442812313498,3.799081366719,4.559,11.8333333333333,434.923069629334,94540111.9561427,,-3.37217076421929,1.13
Comoros,COM,2004,3.10041210399676,4.47499289078107,4.571,11.0,395.503524218688,103991907.504963,,-3.33005782040402,1.35
Comoros,COM,2005,5.66520240193151,3.0133239505812,4.527,11.0,395.443771987232,86095117.2184943,,-4.09701964792287,3.22
Comoros,COM,2006,-1.75444679449394,3.37436360121204,4.482,10.5,391.819218671385,93890572.0897279,,-3.27357312325321,4.97
Comoros,COM,2007,0.803599788247752,4.46616710098132,4.474,10.5,358.975288857269,117643066.371415,,-3.97385796874896,5.02
Comoros,COM,2008,3.96461118871815,1.7007817628453,4.416,10.5,334.500031074591,112663906.888918,,-7.53469626604503,1.92
Comoros,COM,2009,3.24074074074075,4.36234829325719,4.303,10.5,352.720067506049,150899368.041147,,-4.35030280964664,0.16
Comoros,COM,2010,3.77776673684423,3.35475770328919,4.19,10.5,371.095696667202,146075888.489772,,-4.33221929296756,0.18
Comoros,COM,2011,4.14350668765977,1.8426630075619,4.12,10.5,353.4364692892,156064553.741795,,-5.42472388252804,0.1
Comoros,COM,2012,3.1684098843342,6.31474450315177,4.091,10.5,382.917253840688,195019557.081483,,-4.04970661419345,0.14
Comoros,COM,2013,4.46624729869704,-4.29487331536756,3.98,10.5,370.424717889175,174071467.956823,,,0.11
Comoros,COM,2014,2.10665760321017,7.54755379096711,3.984,10.5,370.317997406489,171159502.43982,,-3.78032970112087,0.09
Comoros,COM,2015,1.14735632260047,-0.11717388419007,4.031,10.5,443.408773486957,200562427.653927,,-0.256465657736018,0.13
Comoros,COM,2016,3.3204465548877,0.797517430888487,4.117,10.5,444.454211297254,159412124.098012,,-4.34858918733342,0.39
Comoros,COM,2017,3.81576287489548,-0.237362224154613,4.049,10.5,435.492562190889,207879895.509358,,-2.13204216493526,1.0
Comoros,COM,2018,3.64245114733689,2.15155084413033,3.975,10.5,416.584843798676,199213183.261238,,-2.83225012492641,1.83
Comoros,COM,2019,1.76078023564568,3.58213544469211,3.926,10.5,439.463110317875,202031707.232998,,-3.33166140326131,2.16
Comoros,COM,2020,-0.195556841918759,0.786641929499151,4.468,8.09375,430.720912236792,294339897.88933,,-1.79978941327918,0.37
Comoros,COM,2021,2.04245238320844,-0.0044179368234698,4.394,7.875,415.955849148122,329671751.96892,,-0.313759475099584,0.08
Comoros,COM,2022,2.45381174550259,12.5320314570999,3.879,8.03375,467.184261187176,283746116.067475,,-0.410149391838584,1.69
Comoros,COM,2023,3.1866131800554,8.37373955490996,3.833,,454.991236691823,324560634.116795,,-1.67952222045728,5.03
Comoros,COM,2024,3.30071498500033,5.05192609588218,3.815,,454.523861252,323945586.380687,,,5.14
Comoros,COM,2025,3.7544428489181,3.24909332306433,3.819,,435.376187289973,409067424.497452,,,4.21
"Congo, Dem. Rep.",COD,2000,-6.91092731714194,513.906843747535,3.245,,21.8183333273501,82500000.0,,,6.24
"Congo, Dem. Rep.",COD,2001,-2.10017302429294,359.936614264586,3.251,,206.61749994334,82500000.0,,,3.88
"Congo, Dem. Rep.",COD,2002,2.94776518253177,31.5225826025495,3.179,,346.484999904984,73858396.5161329,,,1.67
"Congo, Dem. Rep.",COD,2003,5.57782231227127,12.8739657187405,3.057,,405.17818323067,97757335.84787,,,1.13
"Congo, Dem. Rep.",COD,2004,6.73837393320788,3.99438400815971,2.976,,399.475791666667,236242009.298167,,,1.35
"Congo, Dem. Rep.",COD,2005,6.1351511550716,21.3168167229341,2.948,,473.908008333333,131200257.922625,,-3.08174753918885,3.22
"Congo, Dem. Rep.",COD,2006,5.10894433184896,13.0526949745101,3.174,46.4358333333333,468.278825,154503797.163646,,0.30870487289839,4.97
"Congo, Dem. Rep.",COD,2007,8.58332298445387,16.945100654195,3.404,47.0010183333333,516.749891666666,180677436.98623,,2.86805721465824,5.02
"Congo, Dem. Rep.",COD,2008,7.43333574200602,17.3013845700157,3.627,43.1541666666667,559.292508333333,77733370.4394543,,-0.664510638477548,1.92
"Congo, Dem. Rep.",COD,2009,0.541570197421564,2.79999999999982,3.882,65.4175,809.785833333333,1035381387.91635,,-6.03581629618423,0.16
"Congo, Dem. Rep.",COD,2010,8.61867717510543,7.10000000000037,4.098,56.5183333333333,905.913458333333,1299652041.01224,,-8.99566348265581,0.18
"Congo, Dem. Rep.",COD,2011,-0.403164081254445,15.316515913949,4.317,43.75340275,919.4913,1267500302.99162,,-4.85216679390097,0.1
"Congo, Dem. Rep.",COD,2012,8.66859360586926,9.72182806273364,4.485,28.4466666666667,919.755016666667,1632551644.22764,,-4.19742912084297,0.14
"Congo, Dem. Rep.",COD,2013,17.5159124688348,0.808223101487111,4.469,19.3660119047619,919.565907354881,1678465311.80225,,-8.90999507535482,0.11
"Congo, Dem. Rep.",COD,2014,7.30227750870263,1.24303889760803,4.436,18.6925,925.226282531997,1556982977.8414,,-4.49147540188532,0.09
"Congo, Dem. Rep.",COD,2015,6.35973756164829,0.74419899478147,4.441,19.3708333333333,925.984961280393,1215934551.45168,,-3.69282012359848,0.13
"Congo, Dem. Rep.",COD,2016,0.393832798154563,2.88585107289988,4.528,19.0458333333333,1010.30275716866,708160749.155332,,-3.89676371833081,0.39
"Congo, Dem. Rep.",COD,2017,4.24121047272719,,4.613,20.6208333333333,1464.41793163743,695398161.997957,,-3.30715525146266,1.0
"Congo, Dem. Rep.",COD,2018,6.07168870646615,,4.632,24.7483333333333,1622.52350162292,665272094.992908,,-3.58406179220142,1.83
"Congo, Dem. Rep.",COD,2019,0.555384294580819,,4.605,26.7358333333333,1647.76012727639,1194373484.64689,,-3.61447223411753,2.16
"Congo, Dem. Rep.",COD,2020,0.775427992354622,,5.355,25.9584937147496,1851.12216183261,747655324.338114,,-2.25334502004381,0.37
"Congo, Dem. Rep.",COD,2021,6.42961005647355,,5.289,23.2857241932595,1989.39147122828,3467115960.59408,,-0.994470839405088,0.08
"Congo, Dem. Rep.",COD,2022,9.31116944064918,,4.54,,2006.70821944055,4378100481.59101,14.9405246182608,-4.47028471935159,1.69
"Congo, Dem. Rep.",COD,2023,8.5334898318451,,4.469,,2340.03570436145,5104181646.5526,,-5.55915292797555,5.03
"Congo, Dem. Rep.",COD,2024,6.1025294442863,,4.421,,,,,-3.59163215084982,5.14
"Congo, Dem. Rep.",COD,2025,5.75924471639999,,4.434,,2693.24060103248,,,-4.33288123454985,4.21
"Congo, Rep.",COG,2000,7.5759803952642,-0.881991517025431,19.872,,710.207977031367,225059391.973169,,20.1289422019463,6.24
"Congo, Rep.",COG,2001,3.80260189913561,0.0559899218140583,19.88,,732.397693260228,71990506.3583461,,-1.01723380328061,3.88
"Congo, Rep.",COG,2002,4.58187006108889,4.37875971780873,19.644,,693.713226496374,35447852.891381,,-1.14076678309812,1.67
"Congo, Rep.",COG,2003,0.813264076303781,-0.631844987363156,19.877,,579.897426172466,39441158.0588261,,14.8882764007301,1.13
"Congo, Rep.",COG,2004,3.47663162118089,2.42976607961799,19.896,,527.338032291576,124471455.266244,,14.5085104569995,1.35
"Congo, Rep.",COG,2005,7.75575897806648,3.09449011456182,19.796,,527.258362649626,737537427.530678,,10.4641144260127,3.22
"Congo, Rep.",COG,2006,7.98623836334291,6.53784395299604,19.563,,522.425624895176,1848005218.09028,,1.53894345042081,4.97
"Congo, Rep.",COG,2007,-6.61399480441001,2.65464645060703,19.909,,478.633718476363,2183569352.93452,,-24.0002254918381,5.02
"Congo, Rep.",COG,2008,6.30637595585259,4.95875092023152,19.962,,446.000041432788,3881458050.91579,,7.46170443036968,1.92
"Congo, Rep.",COG,2009,11.6372888615758,4.41500374795223,19.844,,470.293423341398,3806250383.75173,60.2269417189103,-14.1030536085047,0.16
"Congo, Rep.",COG,2010,9.93126543095578,0.391525011227612,19.3,,494.794262222947,4446850565.67434,25.4826844740907,6.85413566856583,0.18
"Congo, Rep.",COG,2011,2.20591936286718,1.75958704273803,19.435,,471.248625718937,5641136195.74763,,13.2423472931453,0.1
"Congo, Rep.",COG,2012,9.94715314257564,5.01018773134471,19.491,,510.556338454251,5549563315.43625,,13.6849086384196,0.14
"Congo, Rep.",COG,2013,-0.712434451876447,4.63161619729461,19.845,,493.899623852237,5245011451.13999,,10.7855804840986,0.11
"Congo, Rep.",COG,2014,6.64606540928447,0.912139545450097,19.696,,493.757329875312,4926098059.12833,,3.79355485952657,0.09
"Congo, Rep.",COG,2015,0.415193061293763,3.16909796750829,20.02,,591.21169798261,2221497219.19564,,-37.2388274641582,0.13
"Congo, Rep.",COG,2016,-8.68524343913786,3.19056179723773,20.298,,592.605615063022,714352000.79598,,-32.8963883802867,0.39
"Congo, Rep.",COG,2017,-5.59477371915547,0.450063823285546,20.737,,580.656749587858,379984138.830498,,,1.0
"Congo, Rep.",COG,2018,-2.30431780125842,1.15277896375523,20.84,,555.446458398226,423617388.256644,,,1.83
"Congo, Rep.",COG,2019,1.12447391976529,2.20607305781525,20.494,,585.911013180369,988316008.036769,,11.6793050600101,2.16
"Congo, Rep.",COG,2020,-6.26777227963225,1.79537147083108,22.286,,575.586004510945,1140500574.79268,,12.5614280869547,0.37
"Congo, Rep.",COG,2021,1.01507036990908,1.7156427545126,21.998,,554.530675033104,828560334.612028,,11.5738751772006,0.08
"Congo, Rep.",COG,2022,1.47535613247133,3.04344334698478,20.131,,623.759700911182,835649476.998537,,,1.69
"Congo, Rep.",COG,2023,1.90686426346754,4.30174563591016,19.919,,606.569750165917,715391052.357981,,,5.03
"Congo, Rep.",COG,2024,2.09998918002519,3.09143630919166,19.895,,606.345297609063,758550233.065437,,,5.14
"Congo, Rep.",COG,2025,3.08292728120063,2.40069559361747,19.876,,581.92848104034,,,,4.21
Costa Rica,CRI,2000,3.80207210664838,10.9615496593622,5.08,24.8891666666667,308.186666666667,1318296304.08344,38.5018490721033,-4.55955829867216,6.24
Costa Rica,CRI,2001,3.49117013515725,11.2556157091172,6.051,23.8327694441667,328.870833333333,1330363591.32033,39.3351115689137,-3.21894998675566,3.88
Costa Rica,CRI,2002,3.41687615891895,9.16752048509119,6.396,26.4166666666667,359.81752688172,1502388943.15006,,-5.18779563788237,1.67
Costa Rica,CRI,2003,4.31718000096654,9.44758091616984,6.654,25.5833333333333,398.662222222222,1840008317.69764,,-5.20903351864042,1.13
Costa Rica,CRI,2004,4.42459978667458,12.3148150178852,6.445,23.4255555555556,437.935,1922625761.23684,,-3.62718274993895,1.35
Costa Rica,CRI,2005,3.97666631433462,13.7982949108987,6.749,24.6558333333333,477.786741487455,2313689169.31565,,-4.2915144063544,3.22
Costa Rica,CRI,2006,7.3266951372695,11.4705968149052,5.926,22.1883333333333,511.301817940348,3117011524.08568,,-4.13248458732498,4.97
Costa Rica,CRI,2007,8.21513209207497,9.35724456417157,4.557,12.7983333333333,516.617390232975,4115350419.03504,,-5.57495108448861,5.02
Costa Rica,CRI,2008,4.73817511214847,13.4244635507284,4.934,15.8275,526.23551344086,3800532461.63339,,-8.37792572781598,1.92
Costa Rica,CRI,2009,-0.87345608994562,7.84270167700654,7.824,19.7233333333333,573.287956733231,4066199745.09496,,-1.82328162343744,0.16
Costa Rica,CRI,2010,5.36034347722267,5.66275708420021,7.171,17.0908333333333,525.829200716846,4627252201.99218,,-3.22336387326463,0.18
Costa Rica,CRI,2011,4.40315921836142,4.87799830970702,9.518,16.1458333333333,505.664239919355,4755830027.91209,,-5.29681752584546,0.1
Costa Rica,CRI,2012,4.88259252932575,4.49545314354605,9.11,18.2125,502.901461981567,6856696345.8603,,-5.10481785109759,0.14
Costa Rica,CRI,2013,2.49476596233289,5.23133614174428,8.218,15.1883333333333,499.766832565284,7330880578.95384,,-4.77170631705961,0.11
Costa Rica,CRI,2014,3.54210997703849,4.51920098516954,8.499,14.9030555555556,538.317200279058,7211431939.58833,,-4.71600481576243,0.09
Costa Rica,CRI,2015,3.65208093006359,0.801982005099623,8.415,14.2333333333334,534.565769969278,7833931554.67419,,-3.40396455896803,0.13
Costa Rica,CRI,2016,4.20432320775184,-0.0174788505908217,8.085,11.6386111111111,544.73936722902,7573806767.99203,,-2.13651622982155,0.39
Costa Rica,CRI,2017,4.15769914676933,1.62590692991732,7.729,11.3651388888889,567.51309030978,7149834513.74318,,-3.616766363232,1.0
Costa Rica,CRI,2018,2.85285959760458,2.22111461526581,9.01,11.1232908801994,576.97250124808,7500924411.18614,,-2.98447393198414,1.83
Costa Rica,CRI,2019,2.70813912948329,2.09604635327807,10.807,8.74614960993387,587.294595686124,8937069411.20634,,-1.15966110290765,2.16
Costa Rica,CRI,2020,-4.14159340574358,0.724911478131376,16.432,6.63808237583333,584.900854962304,7231533677.41305,,-0.995397543119445,0.37
Costa Rica,CRI,2021,8.21817953969082,1.72647755109241,15.139,5.51221232,620.784720014081,6921168830.74903,,-3.32104567194296,0.08
Costa Rica,CRI,2022,5.46119455235068,8.27477490232654,11.325,7.36085073166667,647.135817631363,8554013584.20953,,-2.60681841454892,1.69
Costa Rica,CRI,2023,4.79187732359398,0.525193508693455,8.325,9.09653675666667,544.050775505632,13225042447.0425,,-1.4230013588633,5.03
Costa Rica,CRI,2024,4.08292444182048,-0.412853001047069,6.936,7.33487695166667,515.109771921403,14177018013.5179,,-0.867937963911082,5.14
Costa Rica,CRI,2025,4.56033547844829,-0.073671440596217,6.843,6.87789508,503.496832373272,17086422923.2621,,-0.667366755076482,4.21
Cote d'Ivoire,CIV,2000,-0.265789462275947,2.53077516737997,4.835,,710.207977031367,,,,6.24
Cote d'Ivoire,CIV,2001,-2.15401249077306,4.36152914007256,5.195,,732.397693260228,,,,3.88
Cote d'Ivoire,CIV,2002,-2.73052647441901,3.07726485157427,5.508,,693.713226496374,,,,1.67
Cote d'Ivoire,CIV,2003,-4.72586658630681,3.29680746974208,5.847,,579.897426172466,,,,1.13
Cote d'Ivoire,CIV,2004,3.18503822575397,1.45798835600741,5.915,,527.338032291576,,,,1.35
Cote d'Ivoire,CIV,2005,0.996065564854788,3.88583039886482,6.023,7.04916666666667,527.258362649626,,,0.165122856652972,3.22
Cote d'Ivoire,CIV,2006,2.81557859252327,2.46719148596915,6.017,4.73666666666667,522.425624895176,,,1.89621807045563,4.97
Cote d'Ivoire,CIV,2007,1.10142976793477,1.89200629349598,6.284,4.75166666666667,478.633718476363,,,-0.484088679670276,5.02
Cote d'Ivoire,CIV,2008,4.7826659787672,6.30852769152578,6.382,4.98416666666667,446.000041432788,,,1.33044255664336,1.92
Cote d'Ivoire,CIV,2009,3.60332156667053,1.01950457731138,6.573,4.9775,470.293423341398,,,4.79271756698353,0.16
Cote d'Ivoire,CIV,2010,6.84804939907013,1.2264561213548,6.607,5.11333333333333,494.794262222947,,,1.33095270108223,0.18
Cote d'Ivoire,CIV,2011,-5.37044724000579,4.9124339505245,7.144,5.25591666666667,471.248625718937,,,7.26612761772172,0.1
Cote d'Ivoire,CIV,2012,7.62041176451649,1.30451119915606,7.223,5.03916666666667,510.556338454251,,,-0.882958574823465,0.14
Cote d'Ivoire,CIV,2013,10.7602131311256,2.58117037252936,4.255,5.2875,493.899623852237,,,-1.48012277771383,0.11
Cote d'Ivoire,CIV,2014,9.37199994240375,0.448682076766141,3.274,5.33833333333333,493.757329875312,,,1.04562413672806,0.09
Cote d'Ivoire,CIV,2015,7.19494942728191,1.25149954781468,2.573,5.15416666666667,591.21169798261,,,-0.439534823506042,0.13
Cote d'Ivoire,CIV,2016,7.17275963956332,0.723178457513308,1.896,5.295,592.605615063022,,,-0.855798630849984,0.39
Cote d'Ivoire,CIV,2017,7.41076242592504,0.685881065304603,3.272,,580.656749587858,,,-1.99780015304642,1.0
Cote d'Ivoire,CIV,2018,4.84314605889178,0.401297817263547,2.852,,555.446458398226,,,-3.90363086723186,1.83
Cote d'Ivoire,CIV,2019,6.72137167584978,0.790855512053661,2.401,,585.911013180369,,,-2.23379059024848,2.16
Cote d'Ivoire,CIV,2020,0.699728593494228,2.41252617189053,2.588,,575.586004510945,,,-3.13243536755176,0.37
Cote d'Ivoire,CIV,2021,7.06253713446816,4.15919657911798,2.623,,554.530675033104,,,-3.94825311453384,0.08
Cote d'Ivoire,CIV,2022,6.39988362730921,5.23352856100843,2.31,,623.759700911182,,,-7.60520680486661,1.69
Cote d'Ivoire,CIV,2023,6.60000045209176,4.36972254867474,2.263,,606.569750165917,,,-8.05003680066956,5.03
Cote d'Ivoire,CIV,2024,6.0195346193922,3.45053028131019,2.273,,606.345297609063,,,-4.46811097764034,5.14
Cote d'Ivoire,CIV,2025,6.4999999999999,0.125038772593104,2.323,,581.92848104034,,,,4.21
Croatia,HRV,2000,2.94765913375998,4.61131554737801,16.064,12.0733333333333,8.27766641666667,3524350092.11558,,-1.52725198523811,6.24
Croatia,HRV,2001,3.11089328552634,3.77670246665889,15.822,9.54916666666667,8.341541,4703235109.76278,,-2.23832233480714,3.88
Croatia,HRV,2002,5.80141595577015,1.67178437393384,15.053,12.84,7.8716825,5884888203.90455,,-6.21034279481766,1.67
Croatia,HRV,2003,5.56842901730823,1.76733780760629,13.924,11.5766666666667,6.70496883333333,8190523097.99716,,-9.10677009409677,1.13
Croatia,HRV,2004,4.17049297825163,2.05539679050328,13.664,11.7452333333333,6.03434066666667,8758177307.55766,,-6.14983455198821,1.35
Croatia,HRV,2005,4.32819454299167,3.31717824448043,12.598,11.1911166666667,5.94923691666667,8800316451.1043,,-7.5359229243969,3.22
Croatia,HRV,2006,5.06986521577841,3.18982591472949,11.13,9.93333333333333,5.83779325,11487840810.6564,,-7.88444049141193,4.97
Croatia,HRV,2007,5.04884076732965,2.89928275583389,9.909,9.33083333333333,5.36453566666667,13674518992.7938,,-8.0157513023774,5.02
Croatia,HRV,2008,1.97176786914632,6.07696838798352,8.53,10.0691666666667,4.93503975,12957286637.2186,,-10.9283631681248,1.92
Croatia,HRV,2009,-6.81168973851901,2.37852845904671,9.202,11.5541666666667,5.28394641666667,14894514532.2478,,-6.55715378614147,0.16
Croatia,HRV,2010,-1.33616285467264,1.03055505333576,11.62,10.3766666666667,5.49801058333333,14132506400.1205,,-2.51842606374934,0.18
Croatia,HRV,2011,-0.111527124990047,2.27272727272722,13.678,9.68416666666667,5.34386975,14483805261.8585,,-1.6626282995842,0.1
Croatia,HRV,2012,-2.23702049605232,3.41207349081368,16.046,9.48083333333333,5.85029183333333,14807134321.34,,-0.361350846502068,0.14
Croatia,HRV,2013,-0.132561080066893,2.21658206429779,17.231,9.24666666666667,5.70488016666667,17766773440.2298,,-0.859043507575465,0.11
Croatia,HRV,2014,-0.559537666687092,-0.215196159576176,17.209,8.58,5.74816541666667,15423620715.6123,,0.393645362353837,0.09
Croatia,HRV,2015,2.32056679330526,-0.464499004645003,16.15,,6.85830375,14966894623.4156,,2.81601870409877,0.13
Croatia,HRV,2016,3.46613146011039,-1.12500000000002,13.015,,6.80599016666667,14244345198.2049,,2.46277827626193,0.39
Croatia,HRV,2017,3.2840626939789,1.12937210282347,11.078,,6.623831,18818215998.8714,,4.05062583497586,1.0
Croatia,HRV,2018,2.91107146210912,1.50012501041747,8.322,,6.27902525,19991304927.8836,,1.21879064714283,1.83
Croatia,HRV,2019,3.10247285336254,0.771820346498112,6.551,,6.62254516666667,20770636599.6909,,2.63941792603542,2.16
Croatia,HRV,2020,-8.31046995309319,0.154811374562106,7.389,,6.6140555,23253815166.0319,,-0.794765051844059,0.37
Croatia,HRV,2021,12.6312741312741,2.55450699642041,7.483,,6.36008316666667,28308830585.9313,,0.807925529114754,0.08
Croatia,HRV,2022,7.29479114889533,10.7805806758686,6.811,,7.1597415,29726299387.3297,,-3.68089506718043,1.69
Croatia,HRV,2023,3.76204092717136,7.94128177586822,6.121,,0.924839558470698,3175829868.24805,,0.742770464300461,5.03
Croatia,HRV,2024,3.82578440126859,2.97200477643626,5.0,,0.923889546117607,3335294932.65449,,-2.07644437837535,5.14
Croatia,HRV,2025,3.40307537181749,3.69153459605729,5.002,,0.88496895841236,4216234683.48051,,,4.21
Cuba,CUB,2000,5.9147601740486,,5.45,,,,,,6.24
Cuba,CUB,2001,3.18502990449461,,4.08,,,,,,3.88
Cuba,CUB,2002,1.42482126141282,,3.31,,,,,,1.67
Cuba,CUB,2003,3.79274022304334,,2.33,,,,,,1.13
Cuba,CUB,2004,5.77053807021559,,1.854,,,,,,1.35
Cuba,CUB,2005,11.2016564219094,,1.95,,,,,,3.22
Cuba,CUB,2006,12.0658631129953,,1.913,,,,,,4.97
Cuba,CUB,2007,7.26213696647943,,1.788,,,,,,5.02
Cuba,CUB,2008,4.11682804164681,,1.583,,,,,,1.92
Cuba,CUB,2009,1.4513054307407,,1.67,,,,,,0.16
Cuba,CUB,2010,2.39035229650723,,2.5,,,,,,0.18
Cuba,CUB,2011,2.80230083647626,,3.18,,,,,,0.1
Cuba,CUB,2012,3.01490028898772,,3.46,,,,,,0.14
Cuba,CUB,2013,2.74760256257211,,3.29,,,,,,0.11
Cuba,CUB,2014,1.04757663187654,,2.7,,,,,,0.09
Cuba,CUB,2015,4.4383335888395,,2.4,,,,,,0.13
Cuba,CUB,2016,0.512843095700745,,2.0,,,,,,0.39
Cuba,CUB,2017,1.80979178380274,,1.7,,,,,,1.0
Cuba,CUB,2018,2.24794852913217,,1.7,,,,,,1.83
Cuba,CUB,2019,-0.163087223606624,,1.705,,,,,,2.16
Cuba,CUB,2020,-10.9494359030206,,2.233,,,,,,0.37
Cuba,CUB,2021,1.25448735650322,,2.11,,,,,,0.08
Cuba,CUB,2022,1.77465227724316,,1.829,,,,,,1.69
Cuba,CUB,2023,-1.92937123169681,,1.73,,,,,,5.03
Cuba,CUB,2024,-1.06173273220524,,1.755,,,,,,5.14
Cuba,CUB,2025,,,1.746,,,,,,4.21
Curacao,CUW,2000,,,,,,,,,6.24
Curacao,CUW,2001,-0.695753704098053,1.79282868525896,,,,,,,3.88
Curacao,CUW,2002,0.397065216763636,0.391389432485324,,,,,,,1.67
Curacao,CUW,2003,0.288186681651752,1.63371391441571,,,,,,,1.13
Curacao,CUW,2004,0.208461073109362,1.37912138094799,,,,,,,1.35
Curacao,CUW,2005,0.676425345201665,4.11711711711708,,,,,,,3.22
Curacao,CUW,2006,1.63593468987035,3.1149952409795,,,,,,,4.97
Curacao,CUW,2007,2.46996322836787,2.99572039942908,,,,,,,5.02
Curacao,CUW,2008,2.18804308019168,6.8763239367776,,,,,,,1.92
Curacao,CUW,2009,-0.531308242338184,1.75331605427595,,,,,,,0.16
Curacao,CUW,2010,0.0823066088131412,2.77944261312587,,,,,,,0.18
Curacao,CUW,2011,0.50845748203723,2.3325315256217,,,1.79,,,-30.0160246256858,0.1
Curacao,CUW,2012,-0.34895082430242,3.18398746349455,,,1.79,,,-29.7077853235381,0.14
Curacao,CUW,2013,-0.635696907591139,1.33232086152117,,,1.79,,,-25.1892796282226,0.11
Curacao,CUW,2014,-0.637397373327133,1.4987396961643,,,1.79,,,-16.5331270154319,0.09
Curacao,CUW,2015,0.458151544160046,-0.476542049801405,,,1.79,,,-16.9786946075613,0.13
Curacao,CUW,2016,-1.06770848655277,-0.0472079848940293,,,1.79,,,-19.3487660234797,0.39
Curacao,CUW,2017,-1.2762081008495,1.58558801700345,,,1.79,,,-22.4080601133126,1.0
Curacao,CUW,2018,-2.10411133101029,2.58368756641814,,,1.79,,,-26.6788619613119,1.83
Curacao,CUW,2019,-3.20613230348162,2.62220783425059,,,1.79,,,-17.868762273522,2.16
Curacao,CUW,2020,-18.4384696124769,,,,1.79,,,-27.1790165284439,0.37
Curacao,CUW,2021,4.18371018614259,,,,1.79,,,-18.5705651650219,0.08
Curacao,CUW,2022,6.90600055461097,,,,1.79,,,-26.7518167207027,1.69
Curacao,CUW,2023,4.20199929761131,,,,1.79,,,-19.9513590637625,5.03
Curacao,CUW,2024,5.02690015475606,,,,1.79,,,,5.14
Curacao,CUW,2025,,,,,1.79,,,,4.21
Cyprus,CYP,2000,5.96530445494226,4.14165764702055,4.766,,0.622409116666667,1868515473.45376,,-4.88747484293358,6.24
Cyprus,CYP,2001,3.95256258200938,1.97304191729917,4.043,,0.643107026158333,2396061101.36783,,-3.09916834386668,3.88
Cyprus,CYP,2002,3.72297491128981,2.80115505180745,3.336,,0.610659989666667,3181358209.38615,,-3.32012511756836,1.67
Cyprus,CYP,2003,2.62329962315329,4.13906538686852,4.153,,0.517443261666667,3450932654.51066,,-2.00767143097125,1.13
Cyprus,CYP,2004,5.02627226665527,2.28621706801678,4.77,,0.46860055225,4113824037.25478,,-4.77327486436682,1.35
Cyprus,CYP,2005,4.85298762175586,2.56016132330235,5.481,,0.464070507161667,4429824566.75242,,-5.26682635799638,3.22
Cyprus,CYP,2006,4.71378358593959,2.30468732978553,4.593,,0.458915946916667,5942554137.32535,,-6.36794765544158,4.97
Cyprus,CYP,2007,5.09822614854798,2.37265183669718,3.946,,0.426125,6506542487.54211,,-7.63669144927275,5.02
Cyprus,CYP,2008,3.64698922103939,4.66900841902491,3.756,,0.679922680042729,1004746547.28045,,-14.3855413757168,1.92
Cyprus,CYP,2009,-2.01508203683694,0.326276652249793,5.594,,0.716957702016136,1281245251.30565,,-6.6707426714699,0.16
Cyprus,CYP,2010,2.28267100119788,2.43004084102251,6.359,,0.754308990105961,1141718898.06676,,-10.7622755690665,0.18
Cyprus,CYP,2011,0.416711868408683,3.2894493956421,7.942,,0.718413898653317,1187122352.5629,,-2.09343635107951,0.1
Cyprus,CYP,2012,-3.44738151374587,2.38905410042326,12.097,,0.778338120416812,1191085645.63035,,-3.86860122687543,0.14
Cyprus,CYP,2013,-6.58747751118347,-0.399357676464425,16.131,,0.752945122701996,916261841.409657,,-1.50316994662797,0.11
Cyprus,CYP,2014,-1.77605867728616,-1.35498885446315,16.277,,0.752728196932603,893890213.595586,,-4.07615514734757,0.09
Cyprus,CYP,2015,3.41892038889013,-2.0969976905312,15.026,,0.901296423367096,807868870.831619,,-0.244186380127821,0.13
Cyprus,CYP,2016,6.57359080924678,-1.42916666666665,13.006,,0.903421436257263,812488586.049063,,-3.87009444301685,0.39
Cyprus,CYP,2017,5.75083236554525,0.531766496174467,11.155,,0.885205508269372,887692448.704109,,-4.91227348737418,1.0
Cyprus,CYP,2018,6.27166360056404,1.43549119531759,8.504,,0.846772667108111,924201541.467494,,-3.74116240200316,1.83
Cyprus,CYP,2019,5.87559583386607,0.250370996758493,7.155,,0.893276257067409,1033463563.89138,,-5.52358914687599,2.16
Cyprus,CYP,2020,-3.22063018637567,-0.638422797978861,7.755,,0.875506396987998,1237326347.35603,,-9.70522206715598,0.37
Cyprus,CYP,2021,11.3975590801512,2.44608867175474,7.513,,0.84549413889045,1611044560.40988,,-5.56660011376225,0.08
Cyprus,CYP,2022,8.73854684881674,8.39548297993334,6.806,,0.949623753156941,1670555054.09173,,-6.97566849406385,1.69
Cyprus,CYP,2023,3.62045368236082,3.54134188751646,5.835,,0.924839558470698,1789237786.1808,,-9.70177901040075,5.03
Cyprus,CYP,2024,3.94076934447787,1.80023018624824,4.9,,0.923889546117607,2087252552.47629,,-8.15906556815552,5.14
Cyprus,CYP,2025,3.77325347982725,0.126528851920189,4.924,,0.88496895841236,2947568615.4458,,-6.2932370264495,4.21
Czechia,CZE,2000,4.010669619984,3.77538829151729,8.764,7.16225,38.5984166666667,13141569747.934,,-4.32605955808122,6.24
Czechia,CZE,2001,2.9172195289956,4.66267556988258,8.128,7.19641666666667,38.0353283333333,14463996053.1848,,-4.80305110479948,3.88
Czechia,CZE,2002,1.51345949139996,1.90298097019027,7.28,6.72416666666667,32.7385183333333,23707071208.3116,,-5.16274750389645,1.67
Czechia,CZE,2003,3.300836832613,0.118739205526815,7.777,5.94916666666667,28.209,26955067823.7587,,-5.76037419921864,1.13
Czechia,CZE,2004,4.73633969683438,2.76010781671153,8.298,6.0275,25.69975,28451131102.2748,,-3.70977039606133,1.35
Czechia,CZE,2005,6.37502886086791,1.85709789109228,7.927,5.77666666666667,23.9574166666667,29553532656.2902,,-2.0469317715426,3.22
Czechia,CZE,2006,6.62317299177447,2.53399258343633,7.141,5.59366602166667,22.5955833333333,31456871274.5685,,-2.55771892805224,4.97
Czechia,CZE,2007,5.48882595164517,2.8531243721117,5.316,5.78837958370079,20.2936666666667,34907225299.1543,,-4.70721210136984,5.02
Czechia,CZE,2008,2.61226807205139,6.3586638015237,4.392,6.25170833333333,17.0716666666667,37021634956.8126,,-1.86377838067906,1.92
Czechia,CZE,2009,-4.79832416684926,1.0193773532923,6.662,5.98995833333333,19.063,41608025692.2174,,-2.35286468331655,0.16
Czechia,CZE,2010,2.71466509907701,1.47272727272728,7.281,5.88783333333333,19.09825,42482660898.3128,,-3.48120039690542,0.18
Czechia,CZE,2011,1.77238085338473,1.9172191363555,6.712,5.71783333333333,17.6959166666667,40283016690.7132,,-2.16915378247341,0.1
Czechia,CZE,2012,-0.770668190622743,3.28762306610411,6.979,5.40672323724727,19.5775,44884691026.5825,,-1.50144944031701,0.14
Czechia,CZE,2013,-0.0418124160447491,1.4382978723404,6.953,4.96989301373891,19.5705833333333,56217652210.6233,,-0.519137991701547,0.11
Czechia,CZE,2014,2.24521219862635,0.343988589646794,6.108,4.64490546444001,20.7575,54495067818.3817,,0.217020094001343,0.09
Czechia,CZE,2015,4.95875848915604,0.309364548494975,5.048,4.28253332923938,24.59875,64490290734.1553,,0.446971205922034,0.13
Czechia,CZE,2016,2.58087013921376,0.683504209385703,3.952,3.9072462757748,24.4399166666667,85725304288.2449,,1.74734921729713,0.39
Czechia,CZE,2017,5.17356529967881,2.4505339846014,2.893,3.58974364323778,23.3763333333333,147976372277.252,,1.35301705500194,1.0
Czechia,CZE,2018,2.83030588267866,2.14949494949493,2.246,3.54161587741081,21.7299166666667,142511752519.564,,0.451859774047593,1.83
Czechia,CZE,2019,3.56577658128261,2.84787595918041,2.015,3.68603218349691,22.93225,149855634729.53,,0.356195094422181,2.16
Czechia,CZE,2020,-5.30487955463876,3.1612952849781,2.55,3.34430704292427,23.21025,166125554207.071,,1.78520080795831,0.37
Czechia,CZE,2021,4.02901832055149,3.83984491500146,2.803,3.20212533339961,21.6781666666667,173617578519.974,,-2.04624111898244,0.08
Czechia,CZE,2022,2.8471706583814,15.1001651468371,2.224,4.22500917823384,23.357,139981275466.87,,-4.52048439437013,1.69
Czechia,CZE,2023,0.0475803308973752,10.6612601372427,2.579,4.68277500627328,22.1980833333333,148378918433.596,,-0.125406557037842,5.03
Czechia,CZE,2024,1.25131096245923,2.43531202435314,2.6,4.71398151729159,23.2168333333333,146281239761.971,,1.69610102238123,5.14
Czechia,CZE,2025,2.58046673293437,2.45996367838865,2.825,4.66837231799845,21.882,176325883579.118,,0.624791974567142,4.21
Denmark,DNK,2000,3.72400899471576,2.90328203236461,4.476,,8.08314416666667,15695951232.7906,,1.37879989622757,6.24
Denmark,DNK,2001,0.95003224600012,2.33787000255263,4.164,,8.3228175,17702199723.0595,,2.94033572239732,3.88
Denmark,DNK,2002,0.456530018779986,2.42443661219695,4.274,,7.89471416666666,27719142484.4471,,1.93547973055908,1.67
Denmark,DNK,2003,0.441091006625101,2.07507820646506,5.398,,6.58767333333333,37997724766.112,,3.18790770063056,1.13
Denmark,DNK,2004,2.77635180744053,1.15435693124934,5.204,,5.99105666666667,40020822397.2049,,2.35760495195269,1.35
Denmark,DNK,2005,2.35960882992528,1.81781458291254,4.83,,5.99691,34028012496.5423,,4.1513787487385,3.22
Denmark,DNK,2006,3.81648769908172,1.92422138464584,3.897,,5.94677833333334,31083835098.4521,,3.33878587946735,4.97
Denmark,DNK,2007,0.987173815945127,1.69326586220324,3.801,,5.44370083333334,34318338718.0697,,1.51196754347491,5.02
Denmark,DNK,2008,-0.417178439991005,3.41626794258374,3.683,,5.09813083333334,42326707926.7705,,2.93344197648405,1.92
Denmark,DNK,2009,-4.97447905669058,1.30470991024336,6.409,,5.36086666666667,76617709422.3139,,3.67030898793201,0.16
Denmark,DNK,2010,1.58289703108802,2.31092436974786,7.746,,5.624075,76510022325.9157,,6.39689740721914,0.18
Denmark,DNK,2011,1.3108037609606,2.7586822605125,7.769,,5.36871153508772,84955222078.4165,,6.33895025513779,0.1
Denmark,DNK,2012,-0.0054323016167074,2.3979148566464,7.798,,5.79247553703916,89697829678.4591,,6.04077392997688,0.14
Denmark,DNK,2013,1.39267343161971,0.789071780078062,7.384,,5.61631168617622,88676584007.3309,,7.38438213074312,0.11
Denmark,DNK,2014,1.27799983192831,0.56402054044954,6.925,,5.61246666666667,75391887669.079,,8.33724641683406,0.09
Denmark,DNK,2015,2.10441456445301,0.452034153691575,6.278,,6.72790683129629,65185093406.2789,,8.03310119340131,0.13
Denmark,DNK,2016,3.07304549209093,0.250000000000031,5.989,,6.73171825724638,64215805619.9462,,7.15352413797132,0.39
Denmark,DNK,2017,3.05647723922718,1.14713216957602,5.833,,6.60289346561404,75244445865.8039,,7.43235705188883,1.0
Denmark,DNK,2018,1.8600074900921,0.813609467455631,5.131,,6.31461878666667,70942078373.7473,,6.32147869586373,1.83
Denmark,DNK,2019,1.71140093932736,0.75813157251162,5.018,,6.669446615,66835547933.6664,,7.51157692205497,2.16
Denmark,DNK,2020,-1.78010601831291,0.420711974110025,5.644,,6.54215220416667,72823350926.5649,,7.31174171634936,0.37
Denmark,DNK,2021,6.50025445756295,1.85304543989689,5.065,,6.2871130825,82235844735.9223,,8.60686861056623,0.08
Denmark,DNK,2022,0.443832614908331,7.6965669988926,4.434,,7.0761518625,96072552269.3927,,11.1530363234679,1.69
Denmark,DNK,2023,0.604587766175584,3.30517811237606,5.094,,6.88970258583334,109370841823.918,,11.0099443611464,5.03
Denmark,DNK,2024,3.47783593140312,1.37220049768926,5.358,,6.89448141666666,108405100882.539,,12.1952284849278,5.14
Denmark,DNK,2025,2.92843280014236,1.89367372703044,5.529,,6.62182508333333,127756364612.297,,,4.21
Djibouti,DJI,2000,,,26.664,,177.721,67804571.8253999,,6.04193525666741,6.24
Djibouti,DJI,2001,,1.74665224985434,26.597,,177.721,70308696.5701331,,12.0278460954718,3.88
Djibouti,DJI,2002,,0.63761955366632,26.589,,177.721,73707750.587314,,11.8252569135347,1.67
Djibouti,DJI,2003,,1.98196734627545,26.484,,177.721,100129582.48695,,12.7055171216025,1.13
Djibouti,DJI,2004,,3.12226204699352,26.441,,177.721,93939056.7034005,,0.473072861668427,1.35
Djibouti,DJI,2005,,3.10496640148299,26.448,,177.721,89264770.3170111,,2.8410579725105,3.22
Djibouti,DJI,2006,,3.48340699677866,26.382,,177.721,120326699.173782,,-2.15448790661934,4.97
Djibouti,DJI,2007,,4.96597654553301,26.292,,177.721,132137437.938871,,-20.2086361012124,5.02
Djibouti,DJI,2008,,11.9586206896552,26.183,,177.721,175495410.942988,,-22.5587851004156,1.92
Djibouti,DJI,2009,,1.67549587285963,26.325,,177.721,241831914.389104,,-6.77718840004505,0.16
Djibouti,DJI,2010,,3.95007875923886,26.368,,177.721,248997896.289132,,4.47357137871551,0.18
Djibouti,DJI,2011,,5.0687139477798,26.31,,177.721,244112095.169796,,-13.8678242864019,0.1
Djibouti,DJI,2012,,3.73120950756887,26.179,,177.721,248630000.267239,,-10.9311673573902,0.14
Djibouti,DJI,2013,,2.70603242872186,26.149,,177.721,424961509.881339,,-30.7512096888003,0.11
Djibouti,DJI,2014,7.19298728463697,1.34186494340162,26.16,,177.721,393148391.657684,,23.8932174835351,0.09
Djibouti,DJI,2015,7.30898563450799,-0.522166521445793,26.063,,177.721,364857284.064063,,29.4599511791353,0.13
Djibouti,DJI,2016,7.1234323372872,2.4025290543489,25.982,,177.721,407414266.733581,,-1.00034788975653,0.39
Djibouti,DJI,2017,5.458091517212,0.577285724560661,26.064,,177.721,556097628.852465,,-4.79510874009854,1.0
Djibouti,DJI,2018,4.77433934943193,0.138836400011405,26.18,,177.721,454193909.718601,,14.711779905443,1.83
Djibouti,DJI,2019,5.54508081154978,3.31763203299603,26.257,,177.721,501857934.384136,,18.2584391861665,2.16
Djibouti,DJI,2020,1.2021151728969,1.77900535643955,27.701,,177.721,686339280.94212,,11.6521171854969,0.37
Djibouti,DJI,2021,4.40715667561153,1.18086783934059,27.628,,177.721,588417559.788355,,-6.63481531701171,0.08
Djibouti,DJI,2022,5.16653702854374,5.17222088647606,26.272,,177.721,589437241.827389,,18.418217152052,1.69
Djibouti,DJI,2023,6.80733529403308,1.44905087029086,26.074,,177.721,502033555.759362,,18.5034837806032,5.03
Djibouti,DJI,2024,6.98048467276334,2.1120116728497,26.007,,177.721,348725427.269846,,14.6941756648345,5.14
Djibouti,DJI,2025,6.4954610524268,-0.313731799533481,26.015,,177.721,655743660.361958,,,4.21
Dominica,DMA,2000,2.3402193777688,0.856946805358483,,11.6808005322677,2.7,29372786.7374406,,-19.9386602693652,6.24
Dominica,DMA,2001,-0.0638434428881567,1.3038940346596,,11.1397494990693,2.7,31224517.7425111,,-11.6177894763262,3.88
Dominica,DMA,2002,-3.08742052359268,0.170055330197681,,10.9728957217648,2.7,45497423.6565735,,-8.85156806005728,1.67
Dominica,DMA,2003,5.80495468629533,1.45336800437251,,11.5007049422952,2.7,47735245.631936,,-6.04714179505931,1.13
Dominica,DMA,2004,4.09783662273917,2.39410982050298,,8.94144093203256,2.7,42321834.5559941,,-8.40775392872237,1.35
Dominica,DMA,2005,0.915286472779144,1.68190079877553,,9.91817590459821,2.7,49172196.72641,,-16.0912002305889,3.22
Dominica,DMA,2006,4.40077479812059,2.2023913263167,,9.50240122157026,2.7,63047100.2578612,,-6.98675382958055,4.97
Dominica,DMA,2007,5.3579375575878,3.63222129317821,,9.16801247233374,2.7,60522068.624978,,-17.2068339558124,5.02
Dominica,DMA,2008,7.12131217762231,6.35992183336295,,9.06404638816547,2.7,55150083.3599292,,-24.5182774836174,1.92
Dominica,DMA,2009,-1.13575145648322,0.0062635710706685,,10.0192940627616,2.7,75464032.6940291,,-19.6705453623388,0.16
Dominica,DMA,2010,-0.105610857694984,2.99936630549,,9.45501398850831,2.7,76099741.2908616,,-16.9329365473543,0.18
Dominica,DMA,2011,0.0427388878891435,1.1312313652648,,8.84037965492994,2.7,81120934.2699267,,-13.3467421657827,0.1
Dominica,DMA,2012,-0.15739179314221,1.3567714780886,,9.04298186920945,2.7,94562315.3820093,,-16.518817887546,0.14
Dominica,DMA,2013,0.0045039972976042,-0.0464116468805992,,9.07396001934442,2.7,87050886.0260666,,-17.0836404533407,0.11
Dominica,DMA,2014,2.33521742067693,0.799250372687492,,8.93663314196025,2.7,101447737.686139,,-6.21279255214797,0.09
Dominica,DMA,2015,-3.37338262476895,-0.84382698463833,,8.66866666666667,2.7,126225919.300594,,-6.56710220155756,0.13
Dominica,DMA,2016,1.44724556489263,0.141816225732312,,8.2775,2.7,221907763.515911,,-8.45275386663789,0.39
Dominica,DMA,2017,-7.5443637547282,0.296252889279487,,8.075,2.7,212292574.606832,,-10.2099529307271,1.0
Dominica,DMA,2018,2.964010610466,0.98919111918989,,7.81221991666667,2.7,191323608.30539,,-41.1963949394605,1.83
Dominica,DMA,2019,3.94809757938053,1.50462353858141,,7.53996066666667,2.7,155172395.260191,,-36.195148663409,2.16
Dominica,DMA,2020,-15.7064024545862,1.22026442242476,,6.89907858333333,2.7,165824163.308941,,-35.2351867100795,0.37
Dominica,DMA,2021,5.37983838954712,2.22891330700344,,6.29791625,2.7,190843317.142588,,-33.0604505678155,0.08
Dominica,DMA,2022,10.3968076616121,2.88490226829353,,6.53699175,2.7,204343039.949668,,-26.5615606888312,1.69
Dominica,DMA,2023,3.65221012208734,5.08677483158112,,5.935577,2.7,183530007.089389,,-40.3731052052086,5.03
Dominica,DMA,2024,2.052738472526,2.73620751873313,,5.83305675,2.7,155971242.017246,,-37.8042228948698,5.14
Dominica,DMA,2025,3.05243763087539,2.53385126107135,,5.77327125,2.7,164687978.337178,,-37.9871612550015,4.21
Dominican Republic,DOM,2000,4.65172550299128,7.72413566181616,6.432,26.7991666666667,16.1814576782866,632133042.125822,,-4.22327517754885,6.24
Dominican Republic,DOM,2001,2.46937023763239,8.88306848812961,7.262,24.2633333333333,16.690961523126,1104534582.92325,,-2.89354387031244,3.88
Dominican Republic,DOM,2002,4.48650367045651,5.22336769759447,6.779,26.055,17.5930436887674,474683747.711389,,-2.94021829945032,1.67
Dominican Republic,DOM,2003,-1.34935744782766,27.4497127394395,6.938,31.3916666666667,29.3699996161352,279543949.78349,,4.8412459657921,1.13
Dominican Republic,DOM,2004,2.58556667449577,51.4608598338065,6.303,32.6308333333333,41.9303145729387,826423250.968921,,4.66562998909679,1.35
Dominican Republic,DOM,2005,9.43178931977285,4.19020260472056,6.587,24.1091666666667,30.2828081770082,1929853894.76764,,-1.32180615715461,3.22
Dominican Republic,DOM,2006,9.17120650955299,7.57280523853074,5.654,19.475,33.300035201723,2275420935.30921,,-3.39866888826109,4.97
Dominican Republic,DOM,2007,7.41840577774235,6.14356655248047,5.158,15.8275,33.1718705755495,3044764601.31634,,-4.92727717051081,5.02
Dominican Republic,DOM,2008,3.26808671288212,10.6446210953712,4.764,19.945,34.5293609573506,2694510025.16655,,-9.39813947302595,1.92
Dominican Republic,DOM,2009,1.00345293018719,1.44215131834353,5.467,18.1358333333333,35.97186554526,3580178695.74604,,-4.77544466541589,0.16
Dominican Republic,DOM,2010,8.40114541209596,6.32993220146146,5.212,12.1366666666667,36.8212918670815,3874458746.77531,,-7.47847811387321,0.18
Dominican Republic,DOM,2011,3.19196227475523,5.79676809206533,6.087,15.55,38.0875848668099,4114429337.35283,,-7.52170967420317,0.1
Dominican Republic,DOM,2012,2.77567100848816,3.69449707884777,6.722,15.4825,39.3203008432258,3558641726.41412,,-6.55624631595726,0.14
Dominican Republic,DOM,2013,4.93473300709881,4.830950967408,7.351,13.5914005366667,41.7945034252297,4700626508.01792,,-4.10500018404707,0.11
Dominican Republic,DOM,2014,7.11122629673892,2.99864226125219,6.719,13.9025,43.5496726190476,4861785571.88809,,-3.23841188766659,0.09
Dominican Republic,DOM,2015,6.98771131236387,0.836746346724557,7.605,14.8766666666667,45.0454990740741,5266043354.25313,,-1.8040834790462,0.13
Dominican Republic,DOM,2016,6.71974078681295,1.61416607245223,7.284,15.0841666666667,46.0644439393939,6134227406.75062,,-1.07831727382895,0.39
Dominican Republic,DOM,2017,3.93386176401576,3.27955694678546,5.832,13.91,47.5343581962482,6872905749.30285,,-0.168331272949704,1.0
Dominican Republic,DOM,2018,7.09751640210159,3.56443426013508,5.861,12.5337,49.5099928571429,7717561574.1843,,-1.55480224260577,1.83
Dominican Republic,DOM,2019,4.8940301149584,1.81060377042959,6.356,12.4867666666667,51.2948583333333,8870942286.35982,,-1.33253119353172,2.16
Dominican Republic,DOM,2020,-7.92905234231061,3.78103179915517,6.126,10.9796416666667,56.5245333333334,10844812012.4981,,-1.69224227999815,0.37
Dominican Republic,DOM,2021,14.0124289062207,8.24300347981809,7.702,9.60830833333333,57.2211166666667,13124643488.9252,,-2.83108026347322,0.08
Dominican Republic,DOM,2022,5.23795652902595,8.81109209279587,5.504,11.85005,55.1409916666667,14522975012.3239,,-5.77106930088549,1.69
Dominican Republic,DOM,2023,2.19229848237939,4.78561281021135,5.555,14.4345416666667,56.1576,15546714438.2444,,-3.66805408423949,5.03
Dominican Republic,DOM,2024,4.95352204492849,3.30223338951227,5.312,15.2531,59.5651333333333,13471257812.8679,,-2.98151999182261,5.14
Dominican Republic,DOM,2025,2.11739113534632,3.8731176804813,5.092,,61.9865666666667,14779137046.966,,-1.16782797184784,4.21
Early-demographic dividend,EAR,2000,4.36510343272212,3.89952980284712,7.07281148454185,,,,,,6.24
Early-demographic dividend,EAR,2001,1.21366729754186,3.7508205747202,7.1563905809364,,,,,,3.88
Early-demographic dividend,EAR,2002,1.75465322460306,4.24026660688645,7.39006412287729,,,,,,1.67
Early-demographic dividend,EAR,2003,4.94950591739538,5.45293224327203,7.29621887458035,,,,,,1.13
Early-demographic dividend,EAR,2004,6.36586548140785,4.43526108410782,7.18946151700737,,,,,,1.35
Early-demographic dividend,EAR,2005,5.97001818863059,4.8217005071285,7.11332854467778,,,,,,3.22
Early-demographic dividend,EAR,2006,6.14264964315907,5.68713772607963,6.88954096317128,,,,,,4.97
Early-demographic dividend,EAR,2007,5.77038884068696,6.17781214809388,6.8238682430718,,,,,,5.02
Early-demographic dividend,EAR,2008,3.49041426700092,10.4469875128223,6.76572719306619,,,,,,1.92
Early-demographic dividend,EAR,2009,0.655851893556942,4.37376765455939,6.88223725605258,,,,,,0.16
Early-demographic dividend,EAR,2010,6.38059450478228,4.3974138315007,6.69836499671353,,,,,,0.18
Early-demographic dividend,EAR,2011,4.95819877551402,5.81149223300287,6.60736243902951,,,,,,0.1
Early-demographic dividend,EAR,2012,4.23328826662316,5.01827254237431,6.70184146782176,,,,,,0.14
Early-demographic dividend,EAR,2013,4.03848297590133,4.82778705505169,6.67711092742994,,,,,,0.11
Early-demographic dividend,EAR,2014,3.99422690284999,4.07392957476225,6.61419058154874,,,,,,0.09
Early-demographic dividend,EAR,2015,4.25265763904281,3.12900274473925,6.79324404164611,,,,,,0.13
Early-demographic dividend,EAR,2016,4.14710614319185,3.52317317628473,6.7341480328496,,,,,,0.39
Early-demographic dividend,EAR,2017,4.49000658496557,3.32817337461305,6.71806478492721,,,,,,1.0
Early-demographic dividend,EAR,2018,3.61280978921729,3.97561015740694,6.77526130131479,,,,,,1.83
Early-demographic dividend,EAR,2019,2.27263621294111,2.76252019386111,6.30970549335686,,,,,,2.16
Early-demographic dividend,EAR,2020,-4.28342682037605,2.96354992076065,7.36417086549936,,,,,,0.37
Early-demographic dividend,EAR,2021,7.50689561708779,4.12676744440695,6.74359581980053,,,,,,0.08
Early-demographic dividend,EAR,2022,6.02429179462496,7.19861615609867,5.64296814018676,,,,,,1.69
Early-demographic dividend,EAR,2023,4.12336017326531,5.88585897042164,5.11313521249178,,,,,,5.03
Early-demographic dividend,EAR,2024,3.86155873347995,3.28955985952768,5.14374777945389,,,,,,5.14
Early-demographic dividend,EAR,2025,4.3721639998719,3.20550474112603,5.15217207899997,,,,,,4.21
East Asia & Pacific,EAS,2000,5.53250269527052,1.59196917460972,3.56333033432491,,,,,,6.24
East Asia & Pacific,EAS,2001,3.26466618829393,3.57755452095074,3.96606605575514,,,,,,3.88
East Asia & Pacific,EAS,2002,4.44311397537385,1.88572000240366,4.26557821608325,,,,,,1.67
East Asia & Pacific,EAS,2003,4.92170965026801,2.28915662650607,4.47961803252938,,,,,,1.13
East Asia & Pacific,EAS,2004,5.8618875785827,3.23751394003321,4.42980737625595,,,,,,1.35
East Asia & Pacific,EAS,2005,5.95866760278074,3.03702332617012,4.47463469156014,,,,,,3.22
East Asia & Pacific,EAS,2006,6.52205902973589,3.93616259929866,4.351012904116,,,,,,4.97
East Asia & Pacific,EAS,2007,7.54059783352584,3.76400259181596,4.30429852915007,,,,,,5.02
East Asia & Pacific,EAS,2008,4.42839504983037,8.34208634920956,4.38194930101755,,,,,,1.92
East Asia & Pacific,EAS,2009,2.5280347869773,1.62173168533652,4.47420796985744,,,,,,0.16
East Asia & Pacific,EAS,2010,7.62507918660509,3.05730563962442,4.22455076502669,,,,,,0.18
East Asia & Pacific,EAS,2011,5.38208683103147,5.0214601462073,4.13091004622057,,,,,,0.1
East Asia & Pacific,EAS,2012,5.26477108258987,2.97190109848654,4.0605301268473,,,,,,0.14
East Asia & Pacific,EAS,2013,5.26825336357302,2.58268766141795,4.05303743028521,,,,,,0.11
East Asia & Pacific,EAS,2014,4.9189377834641,2.51087633253696,4.02541580416077,,,,,,0.09
East Asia & Pacific,EAS,2015,4.75890325549717,0.795279630579839,4.08987694775025,,,,,,0.13
East Asia & Pacific,EAS,2016,4.63114688285732,1.27699365720306,4.00393781457677,,,,,,0.39
East Asia & Pacific,EAS,2017,5.03667021498299,1.80034222468621,3.87456480348735,,,,,,1.0
East Asia & Pacific,EAS,2018,4.81200310102888,2.368549058067,3.75442452697159,,,,,,1.83
East Asia & Pacific,EAS,2019,4.04090596808282,1.71437095763401,3.82442011949597,,,,,,2.16
East Asia & Pacific,EAS,2020,-0.0906651751610497,0.846900734607273,4.29658340250273,,,,,,0.37
East Asia & Pacific,EAS,2021,6.48037639158159,2.47710241465447,4.06219092494546,,,,,,0.08
East Asia & Pacific,EAS,2022,3.05155877820648,5.51812928576938,4.10032254258298,,,,,,1.69
East Asia & Pacific,EAS,2023,4.07119548974431,4.25155508842779,3.86187012642211,,,,,,5.03
East Asia & Pacific,EAS,2024,3.72534172801831,2.27673550782623,3.80594106189668,,,,,,5.14
East Asia & Pacific,EAS,2025,3.99734138634533,1.9133344329508,3.80602951002153,,,,,,4.21
East Asia & Pacific (IDA & IBRD countries),TEA,2000,7.71852126042445,2.15851810619419,3.43001128152857,,,,,,6.24
East Asia & Pacific (IDA & IBRD countries),TEA,2001,6.98845090936314,4.27267024465105,3.85850449672084,,,,,,3.88
East Asia & Pacific (IDA & IBRD countries),TEA,2002,8.14910214520081,2.3431699096098,4.17741336740834,,,,,,1.67
East Asia & Pacific (IDA & IBRD countries),TEA,2003,9.0198981787084,3.23464817293925,4.428076738741,,,,,,1.13
East Asia & Pacific (IDA & IBRD countries),TEA,2004,9.15538288762043,4.53421374129692,4.42310310906886,,,,,,1.35
East Asia & Pacific (IDA & IBRD countries),TEA,2005,10.0453479369689,4.54036919634536,4.50383702137591,,,,,,3.22
East Asia & Pacific (IDA & IBRD countries),TEA,2006,11.0701698073483,4.63747436011764,4.3960838573092,,,,,,4.97
East Asia & Pacific (IDA & IBRD countries),TEA,2007,12.4514594274886,4.81023704342912,4.37680263860099,,,,,,5.02
East Asia & Pacific (IDA & IBRD countries),TEA,2008,8.64714723897988,10.3368269200353,4.45880440548548,,,,,,1.92
East Asia & Pacific (IDA & IBRD countries),TEA,2009,8.01813058739246,3.67503305540297,4.43923742826889,,,,,,0.16
East Asia & Pacific (IDA & IBRD countries),TEA,2010,9.8937176385907,3.61196234430296,4.17487787059342,,,,,,0.18
East Asia & Pacific (IDA & IBRD countries),TEA,2011,8.58526373940811,5.15900497684403,4.12377298395066,,,,,,0.1
East Asia & Pacific (IDA & IBRD countries),TEA,2012,7.58039439959404,3.02696391124796,4.06044851591873,,,,,,0.14
East Asia & Pacific (IDA & IBRD countries),TEA,2013,7.3170154101466,2.92758351575671,4.06245777272466,,,,,,0.11
East Asia & Pacific (IDA & IBRD countries),TEA,2014,7.02222532623085,3.37040697371653,4.05853741844698,,,,,,0.09
East Asia & Pacific (IDA & IBRD countries),TEA,2015,6.66374638813893,1.08648629940414,4.13377205147225,,,,,,0.13
East Asia & Pacific (IDA & IBRD countries),TEA,2016,6.50841250220505,1.75711158908291,4.0503221911626,,,,,,0.39
East Asia & Pacific (IDA & IBRD countries),TEA,2017,6.66638400332221,2.88291164981213,3.92821339454137,,,,,,1.0
East Asia & Pacific (IDA & IBRD countries),TEA,2018,6.53783889633732,2.91740978470444,3.81860609641702,,,,,,1.83
East Asia & Pacific (IDA & IBRD countries),TEA,2019,5.88481120447702,1.93321335810515,3.91155753249547,,,,,,2.16
East Asia & Pacific (IDA & IBRD countries),TEA,2020,1.34329202401489,2.3931623931624,4.38103635885362,,,,,,0.37
East Asia & Pacific (IDA & IBRD countries),TEA,2021,7.71993890573823,2.6124818577648,4.14006542894987,,,,,,0.08
East Asia & Pacific (IDA & IBRD countries),TEA,2022,3.5491103392587,5.82115811213955,4.24711639501186,,,,,,1.69
East Asia & Pacific (IDA & IBRD countries),TEA,2023,5.2600647393007,5.93194206291787,3.98514803684521,,,,,,5.03
East Asia & Pacific (IDA & IBRD countries),TEA,2024,4.95413752144529,2.20662023268446,3.91959262359653,,,,,,5.14
East Asia & Pacific (IDA & IBRD countries),TEA,2025,4.94449693162349,1.9133344329508,3.92396383247478,,,,,,4.21
East Asia & Pacific (excluding high income),EAP,2000,7.71948073910235,2.15851810619419,3.43334970499077,,,,,,6.24
East Asia & Pacific (excluding high income),EAP,2001,6.9886487140419,4.27267024465105,3.85578728070638,,,,,,3.88
East Asia & Pacific (excluding high income),EAP,2002,8.1495625514987,2.72277227722765,4.16950098114092,,,,,,1.67
East Asia & Pacific (excluding high income),EAP,2003,9.02065430556848,3.7036979752848,4.41684389931735,,,,,,1.13
East Asia & Pacific (excluding high income),EAP,2004,9.15582609885088,4.42677525782239,4.41127089940087,,,,,,1.35
East Asia & Pacific (excluding high income),EAP,2005,10.0457997513716,5.52861156446485,4.49019174546575,,,,,,3.22
East Asia & Pacific (excluding high income),EAP,2006,11.0706988715604,4.8663204883746,4.3836448453094,,,,,,4.97
East Asia & Pacific (excluding high income),EAP,2007,12.4522417096462,4.81676767378834,4.36462589942474,,,,,,5.02
East Asia & Pacific (excluding high income),EAP,2008,8.64761844843865,10.2266663272483,4.44442036989862,,,,,,1.92
East Asia & Pacific (excluding high income),EAP,2009,8.01868331119975,4.21903052064628,4.42509624520043,,,,,,0.16
East Asia & Pacific (excluding high income),EAP,2010,9.89414087548133,3.68901229670761,4.16370037437203,,,,,,0.18
East Asia & Pacific (excluding high income),EAP,2011,8.58533451743794,5.29573220295508,4.11479448813573,,,,,,0.1
East Asia & Pacific (excluding high income),EAP,2012,7.58043870245959,3.02696391124796,4.05276045051969,,,,,,0.14
East Asia & Pacific (excluding high income),EAP,2013,7.31723526739178,2.91354193603992,4.05506180796151,,,,,,0.11
East Asia & Pacific (excluding high income),EAP,2014,7.0222319266325,3.14299050879095,4.05030843985024,,,,,,0.09
East Asia & Pacific (excluding high income),EAP,2015,6.66372817923681,1.22393195511119,4.12458341898818,,,,,,0.13
East Asia & Pacific (excluding high income),EAP,2016,6.50852874508779,1.91731090233378,4.04312471702124,,,,,,0.39
East Asia & Pacific (excluding high income),EAP,2017,6.66666534648019,2.91263557371478,3.9216662036523,,,,,,1.0
East Asia & Pacific (excluding high income),EAP,2018,6.53800447051142,3.19834755924996,3.81235265554938,,,,,,1.83
East Asia & Pacific (excluding high income),EAP,2019,5.88489228328295,1.94257500833107,3.90432643103478,,,,,,2.16
East Asia & Pacific (excluding high income),EAP,2020,1.34340856610488,2.40629214387011,4.36943697408605,,,,,,0.37
East Asia & Pacific (excluding high income),EAP,2021,7.72023040471529,2.69891859529198,4.13328662810016,,,,,,0.08
East Asia & Pacific (excluding high income),EAP,2022,3.54917734794495,5.66964369895446,4.23491194246921,,,,,,1.69
East Asia & Pacific (excluding high income),EAP,2023,5.26014161362973,5.88585897042164,3.97712381690091,,,,,,5.03
East Asia & Pacific (excluding high income),EAP,2024,4.95407477892253,2.18151273615189,3.91370991631764,,,,,,5.14
East Asia & Pacific (excluding high income),EAP,2025,4.9444935536329,2.06264825470915,3.91810951483912,,,,,,4.21
Ecuador,ECU,2000,1.09180164720277,96.0963756926096,4.8,,1.0,1178958455.54319,,6.3435541480245,6.24
Ecuador,ECU,2001,4.20627185748789,37.6767454518094,4.252,,1.0,1073533298.23222,,-2.38325088255005,3.88
Ecuador,ECU,2002,4.92809549611376,12.4835980082095,4.825,,1.0,1004402765.69838,,-4.50586234491735,1.67
Ecuador,ECU,2003,2.88450036512064,7.92936487461556,5.662,,1.0,1165340428.48352,,-1.24920361685129,1.13
Ecuador,ECU,2004,6.83239736646514,2.74323198926704,5.002,,1.0,1439913954.63566,,-1.36219189560774,1.35
Ecuador,ECU,2005,5.39862243994342,2.1682770118372,3.779,,1.0,2147944603.19674,,1.17661120468016,3.22
Ecuador,ECU,2006,4.34113198577639,3.29874846258215,3.55,,1.0,2026480313.69129,,3.8080496541111,4.97
Ecuador,ECU,2007,1.90242859700484,2.27618478002121,3.142,,1.0,3520672992.45779,,3.78442738247704,5.02
Ecuador,ECU,2008,6.56492068224719,8.40009593987462,3.917,,1.0,4472854631.28031,,2.89405288656368,1.92
Ecuador,ECU,2009,1.0910129698311,5.15996829181047,4.608,,1.0,3792122231.6349,,0.520924336749102,0.16
Ecuador,ECU,2010,4.02913787986621,3.55437734567843,4.088,,1.0,2622493356.38252,,-2.32172616604528,0.18
Ecuador,ECU,2011,8.48147656332823,4.4745326579584,3.458,,1.0,2957999383.64451,,-0.506587087684932,0.1
Ecuador,ECU,2012,5.783212336172,5.10172180958666,3.235,,1.0,2486036143.68357,,-0.166909556494228,0.14
Ecuador,ECU,2013,7.21123653679159,2.72177577710371,3.083,,1.0,4345840333.46757,,-0.966037832420016,0.11
Ecuador,ECU,2014,4.22606520388456,3.58922016616663,3.48,,1.0,3941357097.57337,,-0.651047970913704,0.09
Ecuador,ECU,2015,0.119692109287612,3.96664623255358,3.616,,1.0,2487276599.56405,,-2.28484408591192,0.13
Ecuador,ECU,2016,-0.687954245877947,1.72826463324533,4.597,,1.0,4215553160.05677,,0.911358774426504,0.39
Ecuador,ECU,2017,5.97039880954841,0.417335588666825,3.836,,1.0,2169697856.6482,,-0.389582136613769,1.0
Ecuador,ECU,2018,1.04429460679607,-0.224103246005552,3.53,,1.0,2158694032.4143,,-1.54867529374696,1.83
Ecuador,ECU,2019,0.1654044646003,0.266012515466155,3.812,,1.0,2939049266.08469,,-0.539776584287139,2.16
Ecuador,ECU,2020,-9.24509619165865,-0.338872392562139,6.116,,1.0,7136589071.47075,,2.12980050698282,0.37
Ecuador,ECU,2021,9.42189269033631,0.133251386096389,4.504,,1.0,7912190379.51528,,2.84541289869901,0.08
Ecuador,ECU,2022,5.86842354862311,3.46616972213077,3.713,,1.0,8459270681.86545,,1.97168538429875,1.69
Ecuador,ECU,2023,1.8328406107788,2.21568764237058,3.51,,1.0,4441563798.69096,,2.06198915921791,5.03
Ecuador,ECU,2024,-1.94409022506859,1.54732515615369,3.453,,1.0,6907743954.50087,,5.68853936869322,5.14
Ecuador,ECU,2025,3.72594857272087,0.710469324989076,3.308,,1.0,9797930670.32856,,5.90700735541175,4.21
"Egypt, Arab Rep.",EGY,2000,6.37000382991766,2.68380535348546,8.98,13.2158333333333,3.47205,13785040867.624,,-0.972570273448986,6.24
"Egypt, Arab Rep.",EGY,2001,3.53525197391507,2.26975720475956,9.26,13.2916666666667,3.973,13598234040.4969,,-0.401718427655422,3.88
"Egypt, Arab Rep.",EGY,2002,2.39020402675627,2.73723855000334,10.01,13.7916666666667,4.49966666666667,14076054422.998,,0.730979150171549,1.67
"Egypt, Arab Rep.",EGY,2003,3.19345473756772,4.50777636319304,10.91,13.5333333333333,5.850875,14603576021.3741,,4.66231377245509,1.13
"Egypt, Arab Rep.",EGY,2004,4.09207161019908,11.270619332052,10.32,13.375,6.19624166666666,15338514716.8958,,4.97788419534309,1.35
"Egypt, Arab Rep.",EGY,2005,4.4717444710621,4.86939696871988,11.049,13.1416666666667,5.77883333333333,21856784928.5556,,2.34529559888579,3.22
"Egypt, Arab Rep.",EGY,2006,6.84383819369884,7.64452644526434,10.49,12.6,5.73316666666666,26006845068.1543,,2.45322162862231,4.97
"Egypt, Arab Rep.",EGY,2007,7.08782742675582,9.3189690579923,8.8,12.5083333333333,5.63543333333334,32214421786.3476,85.7885338345865,0.315552631578947,5.02
"Egypt, Arab Rep.",EGY,2008,7.15628356711522,18.3168316831684,8.517,12.325,5.4325,34330505048.3926,,-0.868821887213847,1.92
"Egypt, Arab Rep.",EGY,2009,4.67359980000663,11.7634954386443,9.087,11.975,5.54455330862977,34896678266.342,,-1.7707391095759,0.16
"Egypt, Arab Rep.",EGY,2010,5.14723485746742,11.2651882653185,8.757,11.0083333333333,5.6219429176105,37028506134.5559,,-2.05668307641306,0.18
"Egypt, Arab Rep.",EGY,2011,1.76457194806041,10.0649259874818,11.849,11.0333333333333,5.93282765151515,18637541110.4777,,-2.32378812632193,0.1
"Egypt, Arab Rep.",EGY,2012,2.22619979818487,7.11172943343083,12.597,12.0,6.05605833333333,15672467970.7728,,-2.49788021735236,0.14
"Egypt, Arab Rep.",EGY,2013,2.18546605363386,9.46971981064921,13.154,12.2916666666667,6.870325,16536236826.4074,,-1.22513249838744,0.11
"Egypt, Arab Rep.",EGY,2014,2.91591188052836,10.0702154687481,13.105,11.7083333333333,7.07760856060606,14926998051.7397,,-1.94849131455399,0.09
"Egypt, Arab Rep.",EGY,2015,4.37201907781687,10.370490343517,13.052,11.625,7.69125833333333,15858887325.7756,,-5.23529137853431,0.13
"Egypt, Arab Rep.",EGY,2016,4.34664345601914,13.813606214829,12.45,13.6,10.0254007885465,23642691705.9678,,-6.16465951871263,0.39
"Egypt, Arab Rep.",EGY,2017,4.18122099961562,29.5066083940039,11.767,18.175,17.7825335150636,36400242555.8255,,-3.19681566782461,1.0
"Egypt, Arab Rep.",EGY,2018,5.33110861887155,14.4014657807422,9.855,18.3166666666667,17.7672904218107,41839242990.7097,,-2.93164483711978,1.83
"Egypt, Arab Rep.",EGY,2019,5.55209307084222,9.15279959324804,7.851,16.1166666666667,16.7705818428763,44568837112.0669,,-3.20758543154938,2.16
"Egypt, Arab Rep.",EGY,2020,3.55016483883115,5.04493288977539,7.974,11.3666666666667,15.7591729166667,38972812936.6708,,-3.70903990583375,0.37
"Egypt, Arab Rep.",EGY,2021,3.29064601193245,5.21404940513043,7.441,9.425,15.6445272777113,39824388217.3615,,-4.38240299812001,0.08
"Egypt, Arab Rep.",EGY,2022,6.58784560870467,13.8956609775178,6.546,10.5833333333333,19.1604397412204,32143926008.4607,,-2.2100904275198,1.69
"Egypt, Arab Rep.",EGY,2023,3.76028052279247,33.8847763115546,6.753,17.7583333333333,30.6264136980311,33070180836.1374,,-3.17338763053558,5.03
"Egypt, Arab Rep.",EGY,2024,2.3991692678251,28.2705899322083,6.817,24.2916666666667,45.29926,44921341018.4659,,-5.68596234093524,5.14
"Egypt, Arab Rep.",EGY,2025,4.39201068570188,14.0735136645934,6.781,,49.2277558333333,48875494539.269,,-3.81547628555514,4.21
El Salvador,SLV,2000,1.12790697674419,2.27128756828723,6.96,,8.755,1901335075.18711,27.376408936306,-3.65297107423069,6.24
El Salvador,SLV,2001,0.879613659882722,3.7508205747202,6.96,,1.0,1723445184.95644,35.370552538118,-1.22368889754147,3.88
El Salvador,SLV,2002,1.57291844759789,1.86552503610077,6.2,,1.0,1633634982.7743,62.446945384262,-3.19917807931234,1.67
El Salvador,SLV,2003,1.56539303147618,2.1203909173333,6.9,,1.0,1986451866.18496,57.9112234090821,-5.30205130807915,1.13
El Salvador,SLV,2004,0.889404485692197,4.45194392395045,6.8,,1.0,1935975149.50117,56.5005963032977,-4.67674940955736,1.35
El Salvador,SLV,2005,2.68083009363194,4.69094870903769,7.22,,1.0,1851759755.47837,56.2158116750578,-4.22907878622942,3.22
El Salvador,SLV,2006,4.3369986028604,4.03712359429612,6.57,,1.0,1970971556.97128,50.5122222715281,-4.78478289538241,4.97
El Salvador,SLV,2007,1.84760220587859,4.57808572377153,6.41,,1.0,2302871088.9261,48.4823724778462,-7.15129248901495,5.02
El Salvador,SLV,2008,2.15440298282768,6.70792293515939,5.88,,1.0,2644386458.68893,48.4269376195663,-8.51825968802833,1.92
El Salvador,SLV,2009,-2.10876837627522,1.05595029731201,7.33,,1.0,3120881836.06699,58.1469205675387,-1.77368032991474,0.16
El Salvador,SLV,2010,2.15419536693635,1.17933576873673,4.893,,1.0,2881775238.84522,57.4942866187624,-2.88821622788295,0.18
El Salvador,SLV,2011,3.80688113429295,5.1289237668161,4.297,,1.0,2493022511.76904,54.5625709816415,-5.48105199392229,0.1
El Salvador,SLV,2012,2.82262371802327,1.72973481581383,3.843,,1.0,3176161719.68548,54.8523398142256,-5.79721503254672,0.14
El Salvador,SLV,2013,2.23562439198375,0.757669184522973,3.693,,1.0,2744899175.7377,62.3992767937371,-6.90474689247511,0.11
El Salvador,SLV,2014,1.70870628357073,1.14134467538233,4.154,,1.0,2693299223.48455,50.8379544344007,-5.37138698730118,0.09
El Salvador,SLV,2015,2.40000008852115,-0.731384487387957,3.998,,1.0,2786587496.10091,51.2784032678648,-3.2159293549397,0.13
El Salvador,SLV,2016,2.53906241135864,0.60404908699661,4.418,,1.0,3238334348.81609,52.0656561693955,-2.27403286613894,0.39
El Salvador,SLV,2017,2.24761908134138,1.0123540331558,4.385,,1.0,3567268275.79971,55.248518820306,-1.85990733613607,1.0
El Salvador,SLV,2018,2.4124442237792,1.09033000581892,4.006,,1.0,3568810597.97393,52.2142820084663,-3.30179306522223,1.83
El Salvador,SLV,2019,2.43747159065784,0.0753241350024612,4.17,,1.0,4445830632.52269,53.8790393562178,-0.421693578525018,2.16
El Salvador,SLV,2020,-7.893101359867,-0.371590212324095,5.008,,1.0,3082859548.1397,70.3842794023881,1.11030429654712,0.37
El Salvador,SLV,2021,11.9047617015957,3.46692585313082,4.327,,1.0,3426052270.22409,66.4690525886664,-4.30553038660689,0.08
El Salvador,SLV,2022,2.9546041089332,7.19861615609867,2.999,,1.0,2694849266.61349,74.0361423289722,-6.7264326245409,1.69
El Salvador,SLV,2023,3.35508721646165,4.04554694222477,2.992,,1.0,3079168947.08155,103.068544034741,-1.74191990334686,5.03
El Salvador,SLV,2024,2.5904637107794,0.853782292567288,3.261,,1.0,3704746691.22734,107.276633162011,-2.76497895911378,5.14
El Salvador,SLV,2025,3.90594189242583,0.257570528307203,3.303,,1.0,4816331848.37457,,-3.54162941770512,4.21
Equatorial Guinea,GNQ,2000,18.2137799569674,4.80228886901398,7.444,,710.207977031367,23008388.6354032,,,6.24
Equatorial Guinea,GNQ,2001,63.3798754250602,8.82538925854966,7.551,,732.397693260228,70851809.3335505,,,3.88
Equatorial Guinea,GNQ,2002,19.4628340359251,7.5924784983324,7.646,,693.713226496374,88540317.1327289,,,1.67
Equatorial Guinea,GNQ,2003,13.9552503163825,7.32354399351809,7.701,,579.897426172466,237691328.605159,,,1.13
Equatorial Guinea,GNQ,2004,37.9987268556423,4.21968787094834,7.658,,527.338032291576,944982405.389843,,,1.35
Equatorial Guinea,GNQ,2005,16.7487006053541,5.63163351357613,7.667,,527.258362649626,2102494662.13149,,,3.22
Equatorial Guinea,GNQ,2006,7.70491760658767,4.41589984169561,7.612,,522.425624895176,3066739318.60916,,,4.97
Equatorial Guinea,GNQ,2007,15.2821139194857,2.80373831775704,7.592,,478.633718476363,3845916299.732,,,5.02
Equatorial Guinea,GNQ,2008,17.7991091333811,6.55176691184535,7.571,,446.000041432788,4431191816.06264,,,1.92
Equatorial Guinea,GNQ,2009,1.34335628806095,4.69106567747375,7.702,,470.293423341398,3251937926.22841,,,0.16
Equatorial Guinea,GNQ,2010,-8.92417588851806,7.78916547991184,7.847,,494.794262222947,2346355216.01319,,,0.18
Equatorial Guinea,GNQ,2011,6.52392362989873,4.805389221557,7.837,,471.248625718937,3053840571.59284,,,0.1
Equatorial Guinea,GNQ,2012,8.31287184445641,3.65662048278806,7.761,,510.556338454251,4396979377.35143,,,0.14
Equatorial Guinea,GNQ,2013,-4.13319850131583,2.94887694639662,7.675,,493.899623852237,4566537481.10375,,,0.11
Equatorial Guinea,GNQ,2014,0.415066301596866,4.30999866149107,7.669,,493.757329875312,2906843390.77255,,,0.09
Equatorial Guinea,GNQ,2015,-9.11004114881537,1.67663085315988,7.778,,591.21169798261,1205154515.65311,,,0.13
Equatorial Guinea,GNQ,2016,-8.81641723219757,1.41193915479015,7.798,,592.605615063022,62307444.1358488,,,0.39
Equatorial Guinea,GNQ,2017,-5.66750850486686,0.74435474661241,7.843,,580.656749587858,45502925.1067976,,,1.0
Equatorial Guinea,GNQ,2018,-6.23654406734575,1.06007410662171,7.818,,555.446458398226,48929813.6121629,,,1.83
Equatorial Guinea,GNQ,2019,-5.48182537893445,1.53027528964189,7.917,,585.911013180369,40816834.5967152,,,2.16
Equatorial Guinea,GNQ,2020,-4.79108083383294,4.76669523944228,8.625,,575.586004510945,60833004.0225613,,,0.37
Equatorial Guinea,GNQ,2021,0.860269956382069,-0.0971007664640198,8.821,,554.530675033104,44271185.5880532,,,0.08
Equatorial Guinea,GNQ,2022,3.22350831658598,4.78671704710803,8.334,,623.759700911182,1457611930.34543,,,1.69
Equatorial Guinea,GNQ,2023,-7.4250553172124,2.85949506037322,8.218,,606.569750165917,1538461553.77119,,,5.03
Equatorial Guinea,GNQ,2024,0.39622552095193,2.92140227309103,8.293,,606.345297609063,1076807833.41514,,,5.14
Equatorial Guinea,GNQ,2025,-5.84678505700693,,8.337,,581.92848104034,,,,4.21
Eritrea,ERI,2000,-3.14198590251638,,5.656,,9.625,36131624.5351442,,-14.8161574838645,6.24
Eritrea,ERI,2001,8.75543552816325,,5.74,,11.3094520833333,50449873.4005356,,,3.88
Eritrea,ERI,2002,3.0054291917378,,5.794,,13.9581941666667,30282531.9211627,,,1.67
Eritrea,ERI,2003,-2.65551592487554,,5.79,,13.8778905833333,24707771.9703722,,,1.13
Eritrea,ERI,2004,1.45173556595506,,5.704,,13.7875,34746846.5868961,,,1.35
Eritrea,ERI,2005,2.57444955124846,,5.721,,15.3679166666667,27944199.0527694,,,3.22
Eritrea,ERI,2006,-0.969217110711355,,5.707,,15.375,23576837.334928,,,4.97
Eritrea,ERI,2007,1.42682221120323,,5.719,,15.375,32407629.6596727,,,5.02
Eritrea,ERI,2008,-9.78303001782456,,5.683,,15.375,56020972.2337436,,,1.92
Eritrea,ERI,2009,3.8765015275421,,5.757,,15.375,90010612.7740805,,,0.16
Eritrea,ERI,2010,2.19419034888082,,5.854,,15.375,114149602.728927,,,0.18
Eritrea,ERI,2011,8.67980010138049,,5.801,,15.375,115328815.906209,,,0.1
Eritrea,ERI,2012,,,5.692,,15.375,132764717.792848,,,0.14
Eritrea,ERI,2013,,,5.624,,15.375,133338047.50637,,,0.11
Eritrea,ERI,2014,,,5.637,,15.375,151753160.388458,,,0.09
Eritrea,ERI,2015,,,5.751,,15.375,145070693.229695,,,0.13
Eritrea,ERI,2016,,,5.772,,15.35,145371150.939987,,,0.39
Eritrea,ERI,2017,,,5.804,,15.075,143412422.685212,,,1.0
Eritrea,ERI,2018,,,5.756,,15.075,163033689.39269,,,1.83
Eritrea,ERI,2019,,,5.812,,15.075,191694416.403147,,,2.16
Eritrea,ERI,2020,,,6.375,,15.075,,,,0.37
Eritrea,ERI,2021,,,6.489,,15.075,,,,0.08
Eritrea,ERI,2022,,,6.033,,15.075,,,,1.69
Eritrea,ERI,2023,,,5.909,,15.075,,,,5.03
Eritrea,ERI,2024,,,5.947,,15.075,,,,5.14
Eritrea,ERI,2025,,,5.978,,15.075,,,,4.21
Estonia,EST,2000,10.0876385800462,4.01848952508763,13.36,,16.9686366666667,922839655.58726,,-5.25815799294369,6.24
Estonia,EST,2001,5.88074589534277,5.74827981651373,13.134,,17.4780715333333,822453577.648307,,-5.19375871381402,3.88
Estonia,EST,2002,6.93300082616575,3.57191270164027,10.026,,16.6117916666667,1003157301.27034,,-10.5743364533738,1.67
Estonia,EST,2003,7.59630181032645,1.33499116549955,11.288,,13.8564114045105,1376698670.15844,,-12.9205377766597,1.13
Estonia,EST,2004,6.80070110758655,3.04811107523416,10.248,,12.5955635879843,1791730276.65348,,-11.9829822415601,1.35
Estonia,EST,2005,9.52305386462066,4.07971423199849,8.033,,12.5837865859395,1947311946.75443,,-8.63305003795737,3.22
Estonia,EST,2006,9.76257131206653,4.43762042389213,5.915,,12.4654837577722,2786325227.45502,,-14.9718681033252,4.97
Estonia,EST,2007,7.57091879311882,6.60132603055637,4.592,,11.4338529961624,3269362367.43126,,-14.8020314240803,5.02
Estonia,EST,2008,-5.12531154308803,10.3623580313683,5.455,,10.6944430938413,3971834388.52859,,-8.85851078522049,1.92
Estonia,EST,2009,-14.6302225427906,-0.0784083112809768,13.548,,11.2574308850767,3980641012.81399,,2.6775190631377,0.16
Estonia,EST,2010,2.4497502063999,2.97204512015694,16.707,,11.8068482348947,2567138087.1289,,1.74366049478647,0.18
Estonia,EST,2011,7.60697458913162,4.9819013145361,12.328,,0.718413898653317,207115695.548506,,1.30548764458293,0.1
Estonia,EST,2012,3.67201872506541,3.93339987296985,10.021,,0.778338120416812,300659803.183268,,-1.85807259126916,0.14
Estonia,EST,2013,1.75649379621869,2.78056658954988,8.631,,0.752945122701996,314406126.749955,,-0.133143040301748,0.11
Estonia,EST,2014,3.32278988182702,-0.10617514652171,7.352,,0.752728196932603,436832954.50453,,0.518408483980374,0.09
Estonia,EST,2015,1.83815262882932,-0.49232600654737,6.412,,0.901296423367096,414798362.438981,,1.46327360938589,0.13
Estonia,EST,2016,3.09301920751959,0.148684907627373,6.882,,0.903421436257263,352140743.414626,,0.996247381037253,0.39
Estonia,EST,2017,5.63467248963991,3.41723549488054,5.807,,0.885205508269372,345036507.941262,,1.69970978175346,1.0
Estonia,EST,2018,3.69969756161726,3.43632688420446,5.412,,0.846772667108111,755005588.304243,,0.56376163135316,1.83
Estonia,EST,2019,3.72664943466884,2.27725931243522,4.514,,0.893276257067409,1426439025.48627,,2.00905944057614,2.16
Estonia,EST,2020,-2.88380751483778,-0.44453109767983,6.956,,0.875506396987998,1996892748.8784,,-2.7306242700292,0.37
Estonia,EST,2021,8.25488044580031,4.65316673847473,6.178,,0.84549413889045,2371477144.82894,,-3.78107390163544,0.08
Estonia,EST,2022,-1.22616966587796,19.3982634080616,5.571,,0.949623753156941,2216592399.41163,,-3.11354022792263,1.69
Estonia,EST,2023,-2.74421914571231,9.15922507983982,6.378,,0.924839558470698,2593268903.75936,,-1.25901453576846,5.03
Estonia,EST,2024,-0.0900428648493801,3.5194118998392,7.6,,0.923889546117607,2074505152.71104,,-1.25778430854441,5.14
Estonia,EST,2025,0.584308464789387,4.82920753628342,8.313,,0.88496895841236,2438823527.1556,,-0.148810923389456,4.21
Eswatini,SWZ,2000,1.76017328388222,12.2085358545844,24.547,14.0,6.93982833333333,351794140.719257,,-2.70238391314617,6.24
Eswatini,SWZ,2001,1.41221393287066,5.94210982281648,25.24,13.25,8.60918083333333,271776570.233601,,0.598910535464894,3.88
Eswatini,SWZ,2002,4.0886479398829,12.0197154699232,25.771,15.25,10.5407466666667,275844476.909858,,2.38216911954967,1.67
Eswatini,SWZ,2003,4.53865525672528,7.28999999999999,26.259,14.625,7.56474916666667,277512201.613466,,4.15889604093632,1.13
Eswatini,SWZ,2004,3.61711931922247,3.44533507316614,26.716,11.2916666666667,6.4596925,323561615.646859,,2.63067140122666,1.35
Eswatini,SWZ,2005,5.99228289096037,4.77400404553712,27.221,10.625,6.35932833333333,243897157.253523,,-3.31336100189478,3.22
Eswatini,SWZ,2006,6.72880946564094,5.30463946338728,27.693,11.1666666666667,6.77154916666667,372529356.202649,,-6.11526332672521,4.97
Eswatini,SWZ,2007,4.31772144872362,8.07608827861589,28.24,13.1666666666667,7.045365,774192962.828771,,-1.93276556706589,5.02
Eswatini,SWZ,2008,1.44055358727118,12.6574601863915,27.891,14.8333333333333,8.26122333333333,751935734.699347,,-7.14591112347183,1.92
Eswatini,SWZ,2009,1.43311134247756,7.44823423445754,27.488,11.375,8.47367415824888,958869319.489231,,-11.7528556394377,0.16
Eswatini,SWZ,2010,3.82443487429767,4.50923691774369,26.856,9.75,7.32122196115288,756344144.775586,12.9613211155748,-8.90472208675336,0.18
Eswatini,SWZ,2011,1.83973625916165,6.10742714590251,26.105,9.0,7.26113213232735,600507428.767504,12.7705717318626,-5.9649333225146,0.1
Eswatini,SWZ,2012,4.09048190124592,8.93964682788212,25.226,8.75,8.20996862659331,740960093.303333,13.2587988833004,5.05366904415604,0.14
Eswatini,SWZ,2013,4.09458522119226,5.62130623468948,24.556,8.5,9.65505606913526,762540937.776334,,10.9113844873232,0.11
Eswatini,SWZ,2014,2.05738179246586,5.68134885776447,23.931,8.625,10.8526555687831,690755431.118014,14.3086225605816,11.9504856315641,0.09
Eswatini,SWZ,2015,1.70425806017289,4.95124493704919,23.431,9.04166666666667,12.7589308811644,547997264.064542,16.3848798476003,13.6462188835414,0.13
Eswatini,SWZ,2016,2.94916821059911,7.8472745908568,22.718,10.25,14.7096108855267,564314115.627588,20.5460181439876,7.9902465271262,0.39
Eswatini,SWZ,2017,3.52095345987983,6.22137528933118,24.543,10.75,13.3238014244992,563119751.253452,21.886341638627,6.1129365155531,1.0
Eswatini,SWZ,2018,0.0653956557843571,4.81506167461513,26.471,10.3125,13.2339264715833,440685903.013845,27.1148162836527,1.30781570062784,1.83
Eswatini,SWZ,2019,6.43186888691574,2.59801620311077,28.222,10.125,14.4517892288824,440314152.603377,29.8019704155602,3.81510661336773,2.16
Eswatini,SWZ,2020,-2.95183453409287,,32.978,7.95833333333333,16.4702558654325,545564174.123745,38.3588929573653,6.55291656984156,0.37
Eswatini,SWZ,2021,4.23621913615419,,34.153,7.25,14.7834351395784,572281510.898637,35.7240338783132,2.60694672482633,0.08
Eswatini,SWZ,2022,0.386070835562705,,36.472,8.5,16.3622830559282,452351748.185594,,-2.96992116038183,1.69
Eswatini,SWZ,2023,3.53257662836211,,34.61,10.8333333333333,18.4535924917449,479261051.167947,,2.1357603698575,5.03
Eswatini,SWZ,2024,3.03162462475916,,34.643,10.875,18.3176868310856,536572585.913259,,1.6121572847945,5.14
Eswatini,SWZ,2025,4.1939175580556,,34.202,,17.8889209208377,,,,4.21
Ethiopia,ETH,2000,6.07321748125295,0.662458109266482,3.499,10.8916666666667,8.21725833333333,362554236.557217,,0.163268897783398,6.24
Ethiopia,ETH,2001,8.30130632267965,-8.23784453391137,3.16,10.8651666666667,8.45749166666667,489895094.883338,,-4.53620596538169,3.88
Ethiopia,ETH,2002,1.51472570667433,0.675089102170801,3.054,8.661,8.56775,965896480.119228,,-1.74046524518375,1.67
Ethiopia,ETH,2003,-2.16135972256865,13.6740452028272,3.008,7.0,8.59968333333333,955608348.106304,,-1.58150719828577,1.13
Ethiopia,ETH,2004,13.5726031401471,3.32737047894847,2.776,7.0,8.63558333333333,1496784362.17874,,-6.59189372254429,1.35
Ethiopia,ETH,2005,11.8187659491625,9.96997123512892,2.497,7.0,8.66644166666667,1042595212.18723,,-12.6419842587598,3.22
Ethiopia,ETH,2006,10.8347270679373,12.2994763114825,2.337,7.0,8.69861583333333,867438393.591878,,-11.6871605564419,4.97
Ethiopia,ETH,2007,11.4561670019891,17.2404008340898,2.337,7.5,8.96595,1289865496.28638,,-4.20144598076542,5.02
Ethiopia,ETH,2008,10.7885216870332,44.3566858766952,2.326,8.0,9.59974166666667,870502510.194579,,-6.67139557726763,1.92
Ethiopia,ETH,2009,8.8025531990487,8.48364404530282,2.326,,11.7775996725,1780874214.24059,,-6.75348362103612,0.16
Ethiopia,ETH,2010,12.5505383347633,8.14926402965082,2.295,,14.4095898080066,2241164555.88825,,-2.1222608717343,0.18
Ethiopia,ETH,2011,11.1782962297008,33.2499598823344,2.27,,16.8992257595275,2837310958.4935,,-3.30367964138339,0.1
Ethiopia,ETH,2012,8.64781163513926,23.600417677317,2.252,,17.7047613782674,2301655547.62419,,-7.10674868080212,0.14
Ethiopia,ETH,2013,10.5822700502552,7.46402192944517,2.251,,18.6266289575478,2363513607.3673,10.733283781495,-6.36626399169653,0.11
Ethiopia,ETH,2014,10.2574929627477,6.89001951597192,2.361,,19.585789907695,3525244981.05226,26.9372797365191,-10.3781721184148,0.09
Ethiopia,ETH,2015,10.3924630141307,9.56889955968623,2.442,,20.57684875,3835287576.46954,27.9431250379303,-12.1838327178753,0.13
Ethiopia,ETH,2016,9.43348265981905,6.62813337230924,2.556,,21.7315472222222,3030943950.63996,29.0056817322355,-11.5449209376397,0.39
Ethiopia,ETH,2017,9.56418965754014,10.6871150284238,2.665,,23.8661044574125,3045571314.79781,30.0951138170263,-7.76343039992897,1.0
Ethiopia,ETH,2018,6.81614778557282,13.8330356586661,2.811,,27.4293865941667,3987464165.90059,32.5332245901733,-5.53324917435327,1.83
Ethiopia,ETH,2019,8.36408573111346,15.8096321719344,2.928,,29.06975,2992704274.84051,31.4488445666124,-5.47194445069538,2.16
Ethiopia,ETH,2020,6.05953089248577,20.3563468559061,3.998,,34.9271654040404,3046114358.80765,,-2.75526110013781,0.37
Ethiopia,ETH,2021,5.64153069324176,26.8395221557722,3.935,,43.73377831884,1644005887.02273,,-4.13241831248994,0.08
Ethiopia,ETH,2022,5.32175988485454,33.8898797100898,3.386,,51.7562150334169,1191712941.06266,,-4.19066632561125,1.69
Ethiopia,ETH,2023,6.59424599054353,30.2188278135278,3.375,,54.6009480676569,2028214254.61106,,-3.52359702026291,5.03
Ethiopia,ETH,2024,7.61277447616879,21.0377460577711,3.357,,82.6013363504764,3784387425.19121,,-2.53176480495898,5.14
Ethiopia,ETH,2025,9.7715182202934,13.2296432836809,3.323,,,,,,4.21
Euro area,EMU,2000,3.90347314568078,3.04210080667792,9.62410987839098,,1.08270508132602,351979822071.882,,,6.24
Euro area,EMU,2001,2.19003494343926,2.92949244324104,8.68043359773922,,1.11653308564462,346050008184.583,,,3.88
Euro area,EMU,2002,0.961839553423374,2.46532319171165,8.88672719145059,,1.05755899623965,383932923077.543,,,1.67
Euro area,EMU,2003,0.767586747443971,2.09847219146919,9.12146121246139,,0.88404792718493,387350656564.326,,,1.13
Euro area,EMU,2004,2.32594393008132,2.22567916428894,9.348951357228,,0.803921647747618,382789632831.183,,,1.35
Euro area,EMU,2005,1.79011534612007,2.56016132330235,9.16921983218386,,0.803800192161442,377529937016.727,,,3.22
Euro area,EMU,2006,3.33733486627055,2.77378006481472,8.4404790481661,,0.796432730949102,429171451915.006,,,4.97
Euro area,EMU,2007,3.02499371345013,2.5106656524034,7.52316793797376,,0.729672399984083,510182906141.806,,,5.02
Euro area,EMU,2008,0.432969401075084,4.15279708110293,7.50283392231425,,0.679922680042729,522439861821.438,,,1.92
Euro area,EMU,2009,-4.47805035961746,0.506308827696504,9.57439638727687,,0.716957702016136,660334751778.785,,,0.16
Euro area,EMU,2010,2.1158694775215,1.52551602118248,10.1761738210052,,0.754308990105961,787897995554.545,,,0.18
Euro area,EMU,2011,1.77884441456963,3.2894493956421,10.2805136631252,,0.718413898653317,847726435343.261,,,0.1
Euro area,EMU,2012,-0.913859085753131,2.59741386039003,11.4328240980269,,0.778338120416812,909437841338.521,,,0.14
Euro area,EMU,2013,-0.168322337087545,1.21999342274306,12.0184063277941,,0.752945122701996,748400035597.623,,,0.11
Euro area,EMU,2014,1.45371535311074,0.199343826570844,11.6207304139349,,0.752728196932603,745741427667.849,,,0.09
Euro area,EMU,2015,2.14894477032594,-0.104633261008479,10.8477448563899,,0.901296423367096,701552553007.993,,,0.13
Euro area,EMU,2016,1.80681433573471,0.148684907627373,9.98608545604403,,0.903421436257263,741790800990.739,,,0.39
Euro area,EMU,2017,2.62315671239708,1.38145871407216,9.01311660134066,,0.885205508269372,802685567836.537,,,1.0
Euro area,EMU,2018,1.78229304985051,1.70349794744479,8.089323082041,,0.846772667108111,822526232328.578,,,1.83
Euro area,EMU,2019,1.63208944796722,1.44565976888253,7.44468187207381,,0.893276257067409,914226843967.921,,,2.16
Euro area,EMU,2020,-6.04374915754508,0.219064904841985,7.78262585986041,,0.875506396987998,1077845989724.43,,,0.37
Euro area,EMU,2021,6.44349747359811,2.52692009066166,7.69446992680361,,0.84549413889045,1196503656782.69,,,0.08
Euro area,EMU,2022,3.66468497532753,8.54686993188458,6.72976967374639,,0.949623753156941,1185667028071.55,,,1.69
Euro area,EMU,2023,0.460070365687699,5.94643667725823,6.52267389015226,,0.924839558470698,1267634549019.0,,,5.03
Euro area,EMU,2024,0.938707263867073,2.2564981433876,6.34778064605911,,0.923889546117607,1449054959888.77,,,5.14
Euro area,EMU,2025,1.41107242318353,2.46705543774613,6.28355946264135,,0.88496895841236,2106154642318.54,,,4.21
Europe & Central Asia,ECS,2000,4.39968133524387,3.77538829151729,9.68483091902418,,,,,,6.24
Europe & Central Asia,ECS,2001,2.23142716888731,4.26287228873702,9.0564200675213,,,,,,3.88
Europe & Central Asia,ECS,2002,1.57910519144795,2.78615988589507,9.07870920871455,,,,,,1.67
Europe & Central Asia,ECS,2003,1.82009404804488,2.34864169582758,9.11346744115473,,,,,,1.13
Europe & Central Asia,ECS,2004,3.18158585712092,2.82947796214662,9.05651425282142,,,,,,1.35
Europe & Central Asia,ECS,2005,2.73707462832897,2.60932308197748,8.7318165816003,,,,,,3.22
Europe & Central Asia,ECS,2006,3.89587162590162,3.19288637808747,8.17297527475334,,,,,,4.97
Europe & Central Asia,ECS,2007,3.7038360333961,2.91598261872853,7.24696438985174,,,,,,5.02
Europe & Central Asia,ECS,2008,1.02523144667981,6.05974046339706,7.16897078667497,,,,,,1.92
Europe & Central Asia,ECS,2009,-4.40809425015892,1.53607650014278,9.05895187341576,,,,,,0.16
Europe & Central Asia,ECS,2010,2.63832249163517,2.42447361791627,9.11732766770857,,,,,,0.18
Europe & Central Asia,ECS,2011,2.32357528634286,3.8561124468282,8.8511592613399,,,,,,0.1
Europe & Central Asia,ECS,2012,0.320243354807246,2.77333854051576,9.07096034933149,,,,,,0.14
Europe & Central Asia,ECS,2013,0.876266761669413,1.73403963519162,9.26791651199215,,,,,,0.11
Europe & Central Asia,ECS,2014,1.94365333398217,0.620490636732421,8.94532051297809,,,,,,0.09
Europe & Central Asia,ECS,2015,2.07832382006356,0.36804684232536,8.55823248897774,,,,,,0.13
Europe & Central Asia,ECS,2016,1.90825385031148,0.388838296895799,8.07810956714781,,,,,,0.39
Europe & Central Asia,ECS,2017,2.96168679697557,1.91558846458249,7.48554226672131,,,,,,1.0
Europe & Central Asia,ECS,2018,2.18261664657453,2.01321972250342,6.87656497801786,,,,,,1.83
Europe & Central Asia,ECS,2019,1.83149788108096,1.76373586528841,6.62369460842729,,,,,,2.16
Europe & Central Asia,ECS,2020,-5.37584934879737,1.19998396936019,7.09507940679226,,,,,,0.37
Europe & Central Asia,ECS,2021,6.82460720354004,3.19017771027094,6.90011121093882,,,,,,0.08
Europe & Central Asia,ECS,2022,3.42810235027954,11.1136121878761,5.8460641099346,,,,,,1.69
Europe & Central Asia,ECS,2023,1.04695405528739,7.12042212089904,5.55238526456095,,,,,,5.03
Europe & Central Asia,ECS,2024,1.61092975636407,2.75760909424279,5.37221817940181,,,,,,5.14
Europe & Central Asia,ECS,2025,1.703297097267,3.74577316751945,5.35931988514529,,,,,,4.21
Europe & Central Asia (IDA & IBRD countries),TEC,2000,7.37530383700147,13.1808905865731,11.0183192610913,,,,,,6.24
Europe & Central Asia (IDA & IBRD countries),TEC,2001,2.65918222948618,7.85753852196592,10.7447066639553,,,,,,3.88
Europe & Central Asia (IDA & IBRD countries),TEC,2002,4.99079319794743,5.6989904786131,10.5396612637819,,,,,,1.67
Europe & Central Asia (IDA & IBRD countries),TEC,2003,6.18506307871878,4.7215533660534,10.3043605492778,,,,,,1.13
Europe & Central Asia (IDA & IBRD countries),TEC,2004,7.87398994088686,6.88205438981899,9.96727145258182,,,,,,1.35
Europe & Central Asia (IDA & IBRD countries),TEC,2005,6.63985652194599,7.57999929125766,9.31364245463686,,,,,,3.22
Europe & Central Asia (IDA & IBRD countries),TEC,2006,7.86762732683354,6.99712903535591,8.7030435256555,,,,,,4.97
Europe & Central Asia (IDA & IBRD countries),TEC,2007,7.62876967431964,8.40253419005893,7.59407523011705,,,,,,5.02
Europe & Central Asia (IDA & IBRD countries),TEC,2008,4.49351299322045,10.4441283764885,7.37988688857846,,,,18.0473795385368,,1.92
Europe & Central Asia (IDA & IBRD countries),TEC,2009,-4.67925961129608,3.46672373207793,9.09793178837198,,,,22.4352244059219,,0.16
Europe & Central Asia (IDA & IBRD countries),TEC,2010,4.69523800480289,6.14255360247248,8.67633640799942,,,,21.0086121963045,,0.18
Europe & Central Asia (IDA & IBRD countries),TEC,2011,5.88037781104649,7.66862955607738,8.10364260938392,,,,20.067323666994,,0.1
Europe & Central Asia (IDA & IBRD countries),TEC,2012,3.46791933031466,3.37349808387405,7.63560375277808,,,,19.3484055852702,,0.14
Europe & Central Asia (IDA & IBRD countries),TEC,2013,3.37336805240554,3.38485646137119,7.69053724382223,,,,17.9933321545157,,0.11
Europe & Central Asia (IDA & IBRD countries),TEC,2014,2.30298411904455,2.53187831406913,7.62801272694854,,,,20.2548888081964,,0.09
Europe & Central Asia (IDA & IBRD countries),TEC,2015,1.46022367131448,3.86763469978395,7.60801134268431,,,,21.8109865717343,,0.13
Europe & Central Asia (IDA & IBRD countries),TEC,2016,1.89511334774663,1.19887282892596,7.43861188713932,,,,22.5985503460496,,0.39
Europe & Central Asia (IDA & IBRD countries),TEC,2017,4.37963852941809,3.13106248590115,7.09014958895511,,,,23.3866310700199,,1.0
Europe & Central Asia (IDA & IBRD countries),TEC,2018,3.81479272946348,2.611223782638,6.64992815855912,,,,23.0666764524179,,1.83
Europe & Central Asia (IDA & IBRD countries),TEC,2019,2.83114768378128,2.67599202639893,6.70220366105967,,,,24.4606794578521,,2.16
Europe & Central Asia (IDA & IBRD countries),TEC,2020,-1.44509752100556,2.73249209419427,7.20291679357834,,,,30.8405329565661,,0.37
Europe & Central Asia (IDA & IBRD countries),TEC,2021,7.59725679517675,5.10641129002836,6.78803635122713,,,,28.6153496865834,,0.08
Europe & Central Asia (IDA & IBRD countries),TEC,2022,1.97113681599863,13.8522590144267,5.62584537984402,,,,25.2300509730058,,1.69
Europe & Central Asia (IDA & IBRD countries),TEC,2023,3.8319198777364,9.36187249769015,5.0769631792025,,,,24.1702828963708,,5.03
Europe & Central Asia (IDA & IBRD countries),TEC,2024,4.03167528195137,4.23056936260083,4.71563232155562,,,,,,5.14
Europe & Central Asia (IDA & IBRD countries),TEC,2025,2.84310557858637,5.10146571652018,4.62126731959311,,,,,,4.21
Europe & Central Asia (excluding high income),ECA,2000,6.7961142740299,15.9408124351877,10.7462183942089,,,,,,6.24
Europe & Central Asia (excluding high income),ECA,2001,0.0867845934586313,8.35413777161344,10.6408534193536,,,,,,3.88
Europe & Central Asia (excluding high income),ECA,2002,6.38607865831898,5.58783730000794,10.702874375174,,,,,,1.67
Europe & Central Asia (excluding high income),ECA,2003,6.60632485976573,4.95061559256828,10.290974644155,,,,,,1.13
Europe & Central Asia (excluding high income),ECA,2004,9.59739774214208,6.92165787428847,10.1363077374344,,,,,,1.35
Europe & Central Asia (excluding high income),ECA,2005,8.52828763224443,7.87957982963887,9.62072328847468,,,,,,3.22
Europe & Central Asia (excluding high income),ECA,2006,8.24200882931629,7.663026931994,9.15632666629247,,,,,,4.97
Europe & Central Asia (excluding high income),ECA,2007,7.18873517265573,8.59146682238969,8.61312246579108,,,,,,5.02
Europe & Central Asia (excluding high income),ECA,2008,3.1201208361221,11.4275575758332,8.58123430648126,,,,34.505083832063,,1.92
Europe & Central Asia (excluding high income),ECA,2009,-3.44364453642794,3.43674527945797,10.1856136243961,,,,42.0061709440137,,0.16
Europe & Central Asia (excluding high income),ECA,2010,7.12840858949988,6.77774669133379,9.54059516043394,,,,35.5749130883505,,0.18
Europe & Central Asia (excluding high income),ECA,2011,8.35834122654838,7.8583333333334,8.88391871872232,,,,34.3745643450357,,0.1
Europe & Central Asia (excluding high income),ECA,2012,4.09057228077401,3.31605566687647,8.60097981057876,,,,32.8677445168104,,0.14
Europe & Central Asia (excluding high income),ECA,2013,6.55722402169654,4.59787897363136,8.56358395138192,,,,29.1700189511222,,0.11
Europe & Central Asia (excluding high income),ECA,2014,3.25564045264228,3.06881210379543,8.96073635337147,,,,31.5347700883326,,0.09
Europe & Central Asia (excluding high income),ECA,2015,3.4855285083172,4.02768573742726,8.9610543144391,,,,32.2486390344176,,0.13
Europe & Central Asia (excluding high income),ECA,2016,2.85797309720172,2.13492713939121,9.03756351375215,,,,33.0093502628573,,0.39
Europe & Central Asia (excluding high income),ECA,2017,6.00896760124667,4.60357355778867,8.94336027365094,,,,32.1834478656868,,1.0
Europe & Central Asia (excluding high income),ECA,2018,3.78753357770429,2.56572880132719,8.61159005290134,,,,31.6602314031611,,1.83
Europe & Central Asia (excluding high income),ECA,2019,2.61922676231219,2.64328192719554,9.11807057814077,,,,33.3359635064452,,2.16
Europe & Central Asia (excluding high income),ECA,2020,0.29079640989535,2.74615078213777,9.26814225066227,,,,40.9992084548247,,0.37
Europe & Central Asia (excluding high income),ECA,2021,9.27987062914227,6.91756771076075,8.95407922243149,,,,39.3503158458057,,0.08
Europe & Central Asia (excluding high income),ECA,2022,3.11188050867233,13.8875841659221,7.71538545377934,,,,33.6478367011133,,1.69
Europe & Central Asia (excluding high income),ECA,2023,5.05062997543834,9.07365149809048,7.17961712726961,,,,31.8664230237431,,5.03
Europe & Central Asia (excluding high income),ECA,2024,4.05695234474402,4.6705297488997,6.90688667537961,,,,,,5.14
Europe & Central Asia (excluding high income),ECA,2025,4.20093767131738,5.62208788068338,6.84424613953164,,,,,,4.21
European Union,EUU,2000,3.93358559614036,3.15076707022596,9.6992067646065,,,,,,6.24
European Union,EUU,2001,2.1611431481209,3.37396832213867,9.20662418982846,,,,,,3.88
European Union,EUU,2002,1.09769181928139,2.42443661219695,9.5656358156472,,,,,,1.67
European Union,EUU,2003,0.936973000922009,2.09199838997655,9.70782702151941,,,,,,1.13
European Union,EUU,2004,2.59990360700064,2.28621706801678,9.86057517861666,,,,,,1.35
European Union,EUU,2005,1.98358585869511,2.48769665164081,9.63100586720302,,,,,,3.22
European Union,EUU,2006,3.56754016308207,2.66631494577077,8.68896256105534,,,,,,4.97
European Union,EUU,2007,3.14184136141643,2.5106656524034,7.5031053820411,,,,,,5.02
European Union,EUU,2008,0.617970690465611,4.16497193524779,7.24163431745465,,,,,,1.92
European Union,EUU,2009,-4.31208500171391,0.839262246793805,9.21120412957521,,,,,,0.16
European Union,EUU,2010,2.1818021924601,1.53112270420919,9.87327234610775,,,,,,0.18
European Union,EUU,2011,1.96059583488466,3.2894493956421,9.92888294564936,,,,,,0.1
European Union,EUU,2012,-0.764412939041037,2.66284165508011,10.8758482088061,,,,,,0.14
European Union,EUU,2013,-0.0330372559639187,1.21999342274306,11.3511730368596,,,,,,0.11
European Union,EUU,2014,1.63271198328248,0.199343826570844,10.8255885011473,,,,,,0.09
European Union,EUU,2015,2.37195113797821,-0.0616446800641672,10.0165353301996,,,,,,0.13
European Union,EUU,2016,1.91997902907598,0.183334861123765,9.1056944627421,,,,,,0.39
European Union,EUU,2017,2.81810835521954,1.42910743319306,8.13208945121752,,,,,,1.0
European Union,EUU,2018,2.04641967934145,1.7386086198818,7.24247265095853,,,,,,1.83
European Union,EUU,2019,1.87525498889181,1.63052260754335,6.67705052747452,,,,,,2.16
European Union,EUU,2020,-5.57888122067428,0.476498852725065,7.05471356704802,,,,,,0.37
European Union,EUU,2021,6.37773717070797,2.55450699642041,7.02659354012655,,,,,,0.08
European Union,EUU,2022,3.56455510630462,8.83369886749452,6.16137258045926,,,,,,1.69
European Union,EUU,2023,0.4380089249495,6.29942487419125,6.02643653344515,,,,,,5.03
European Union,EUU,2024,1.08657885620458,2.43531202435314,5.92300803762815,,,,,,5.14
European Union,EUU,2025,1.53795434836212,2.46705543774613,5.92604538207809,,,,,,4.21
Faroe Islands,FRO,2000,,,,,8.08314416666667,,,9.29520327119273,6.24
Faroe Islands,FRO,2001,,,,,8.3228175,,,12.6005348141705,3.88
Faroe Islands,FRO,2002,,,,,7.89471416666666,,,9.86123616311528,1.67
Faroe Islands,FRO,2003,,,,,6.58767333333333,,,-0.436767986416422,1.13
Faroe Islands,FRO,2004,,,,,5.99105666666667,,,7.52016809211848,1.35
Faroe Islands,FRO,2005,,,,,5.99691,,,1.77191405060488,3.22
Faroe Islands,FRO,2006,,,,,5.94677833333334,,,1.05271652622566,4.97
Faroe Islands,FRO,2007,,,,,5.44370083333334,,,-3.44459491477146,5.02
Faroe Islands,FRO,2008,,,,,5.09813083333334,,,-1.22813096268354,1.92
Faroe Islands,FRO,2009,-4.55329824103478,,,,5.36086666666667,,,-1.07294449559976,0.16
Faroe Islands,FRO,2010,-0.379817991218616,,,,5.624075,,,6.18734358043311,0.18
Faroe Islands,FRO,2011,3.56636317884431,,,,5.36871153508772,,,7.75436992619401,0.1
Faroe Islands,FRO,2012,7.08148344487884,,,,5.79247553703916,,,,0.14
Faroe Islands,FRO,2013,5.85614389735763,,,,5.61631168617622,,,,0.11
Faroe Islands,FRO,2014,5.43214206841004,,,,5.61246666666667,,,,0.09
Faroe Islands,FRO,2015,0.958001934486234,,,,6.72790683129629,,,,0.13
Faroe Islands,FRO,2016,1.38644795938293,,,,6.73171825724638,,,,0.39
Faroe Islands,FRO,2017,3.51201367488443,,,,6.60289346561404,,,,1.0
Faroe Islands,FRO,2018,2.76370952267429,,,,6.31461878666667,,,,1.83
Faroe Islands,FRO,2019,4.53851028676189,,,,6.669446615,,,,2.16
Faroe Islands,FRO,2020,-1.63732118017028,,,,6.54215220416667,,,,0.37
Faroe Islands,FRO,2021,5.06636291600633,,,,6.2871130825,,,,0.08
Faroe Islands,FRO,2022,3.86099981669155,,,,7.0761518625,,,,1.69
Faroe Islands,FRO,2023,3.15873872329266,,,,6.88970258583334,,,,5.03
Faroe Islands,FRO,2024,0.843716851362103,,,,6.89448141666666,,,,5.14
Faroe Islands,FRO,2025,,,,,6.62182508333333,,,,4.21
Fiji,FJI,2000,-1.69999776168213,1.09216459977388,4.697,8.3975,2.128625,412013921.196278,,-1.51980018386888,6.24
Fiji,FJI,2001,2.00000027123612,4.27267024465105,4.692,8.34457575862199,2.27660294602613,366383704.088453,,-4.09110110593278,3.88
Fiji,FJI,2002,3.19999861722759,0.762032085561206,4.772,8.0525,2.1867833500115,358935030.765189,,0.858878837529479,1.67
Fiji,FJI,2003,0.999998995078172,4.17274777763034,4.74,7.6024969476534,1.89576838179997,423606706.258186,,-2.28236251772105,1.13
Fiji,FJI,2004,5.30000086613597,2.82748519391201,4.7,7.16924874091492,1.73310167837133,483077920.013932,,-9.27687175758032,1.35
Fiji,FJI,2005,0.699999592969263,2.36576453830434,3.886,6.77996099984964,1.69104621571552,321301681.977879,,-6.89584542628476,3.22
Fiji,FJI,2006,1.85248357237371,2.49083638787079,3.957,7.34996258823935,1.73126493278745,313300288.992363,,-16.4488939915362,4.97
Fiji,FJI,2007,-0.8506533546566,4.80370641306989,4.109,9.0055873301356,1.61041379610359,528272571.075917,,-11.4545752332219,5.02
Fiji,FJI,2008,1.03279368777636,7.73227857918422,4.187,7.99726954431673,1.59403441077344,322181205.007235,,-14.9382363262539,1.92
Fiji,FJI,2009,-1.38603752085589,3.13103559015967,4.309,7.85341601530875,1.95809503538886,570005077.946111,,-4.31924967284107,0.16
Fiji,FJI,2010,2.95467268842502,3.68901229670761,4.345,7.48964734611671,1.91850867822547,720523356.765858,,-4.7591968754889,0.18
Fiji,FJI,2011,2.70514231228027,7.278117827085,4.406,7.46605819217571,1.79088383126012,833453464.169776,,-5.16119192694595,0.1
Fiji,FJI,2012,1.41131415220703,3.42337523401979,4.375,7.00306444698518,1.78989281741094,918737740.198408,,-1.43404429081021,0.14
Fiji,FJI,2013,4.7342203729816,2.91354193603992,4.356,6.10472546158864,1.84147661706532,941999998.251962,,-9.71178073518759,0.11
Fiji,FJI,2014,5.60351397766961,0.519306474579107,4.323,5.76111099677945,1.88734535831922,916228000.745634,,-5.77781240557738,0.09
Fiji,FJI,2015,4.50120064471365,1.37488542621447,4.288,5.78930050894162,2.09762981633101,918959350.368621,,-3.47299248987542,0.13
Fiji,FJI,2016,2.44565202449249,3.86322538221278,4.319,5.85132363726061,2.09469593918508,908823039.760341,,-3.60696936050467,0.39
Fiji,FJI,2017,5.35336434979577,3.34757834757831,4.418,5.74051096179291,2.06687530381454,1116363704.4475,,-6.639070882176,1.0
Fiji,FJI,2018,3.812350939512,4.08147637644543,4.523,5.67732659254776,2.08737978924997,947653331.857671,,-8.44729845329712,1.83
Fiji,FJI,2019,-0.581946590349759,1.79388647514555,4.661,6.02745671637929,2.16039311531464,1043304264.01736,,-11.7772709740163,2.16
Fiji,FJI,2020,-17.1835352599354,-1.70014167847318,5.054,6.18490255198124,2.16880492424242,1081812964.94674,,-12.131158843021,0.37
Fiji,FJI,2021,-4.3459619989752,1.53454853751592,5.225,5.94242130030892,2.07063333333333,1517816546.24939,,-7.20401590434096,0.08
Fiji,FJI,2022,17.7451269773594,6.07882431529725,5.403,5.43188908929798,2.2014069869585,1556777405.71406,,-15.5083711760819,1.69
Fiji,FJI,2023,9.44245856738313,2.97544080604539,5.316,4.97070088792201,2.250125,1548302837.62548,,-6.61225780515817,5.03
Fiji,FJI,2024,3.53085896076352,3.89084237884105,5.361,4.56427488660838,2.2683,1599606710.18293,,-7.78080984551748,5.14
Fiji,FJI,2025,3.19546862124029,-1.38326833934224,5.347,,2.29903333333333,1658916057.47344,,,4.21
Finland,FIN,2000,5.75373770498848,3.04210080667792,11.134,,1.08270508132602,8409731733.14767,,8.35697521580217,6.24
Finland,FIN,2001,2.64026205699308,2.57844080098903,10.29,,1.11653308564462,8419388662.79125,,9.32832355563527,3.88
Finland,FIN,2002,1.68732644358099,1.5712201278938,10.423,,1.05755899623965,9825470847.61377,,8.61479200191203,1.67
Finland,FIN,2003,2.01179992738312,0.877440386254729,10.469,,0.88404792718493,11172946882.4705,,4.97591224324578,1.13
Finland,FIN,2004,4.00537952277651,0.187120559084474,10.358,,0.803921647747618,12913570496.8033,,6.35919059517118,1.35
Finland,FIN,2005,2.77730918518017,0.623874450025224,9.602,,0.803800192161442,11331633301.0062,,3.79909504985157,3.22
Finland,FIN,2006,4.01957326515895,1.56666380704379,8.935,,0.796432730949102,7498639358.46346,,3.94307577889212,4.97
Finland,FIN,2007,5.31280176694145,2.5106656524034,6.854,,0.729672399984083,8380474053.47307,,4.08024653201486,5.02
Finland,FIN,2008,0.784431235717051,4.06595355358383,6.369,,0.679922680042729,8353577867.1211,,2.46705484055195,1.92
Finland,FIN,2009,-8.07603116552393,-9.17360424903996e-07,8.249,,0.716957702016136,11428834791.927,,2.10030839228353,0.16
Finland,FIN,2010,3.1682879121621,1.18413523154651,8.394,,0.754308990105961,9547427724.74528,,1.39274108679821,0.18
Finland,FIN,2011,2.39039455396828,3.4168075425521,7.781,,0.718413898653317,10276057418.071,,-1.55989641961033,0.1
Finland,FIN,2012,-1.52284013040689,2.80833622561574,7.689,,0.778338120416812,11082344912.0095,,-2.25407429115713,0.14
Finland,FIN,2013,-0.979741024949618,1.4782861568881,8.193,,0.752945122701996,11272356806.1603,,-1.87586111811564,0.11
Finland,FIN,2014,-0.4780684247837,1.0411962117843,8.663,,0.752728196932603,10679250780.1178,,-1.40306958808626,0.09
Finland,FIN,2015,0.466503766322674,-0.207928839905177,9.376,,0.901296423367096,10016275637.3125,,-0.91248550363006,0.13
Finland,FIN,2016,2.57193414898754,0.356684500891695,8.818,,0.903421436257263,10465361380.0017,,-1.98213896057961,0.39
Finland,FIN,2017,3.30337003591039,0.754015047084438,8.64,,0.885205508269372,10506846391.9314,,-0.613710516292876,1.0
Finland,FIN,2018,1.19297759742292,1.08382098409296,7.361,,0.846772667108111,10309164187.4718,,-1.63811271947478,1.83
Finland,FIN,2019,1.34973845741737,1.02409392963431,6.695,,0.893276257067409,11426621292.5879,,-0.154995291001249,2.16
Finland,FIN,2020,-2.49103605535707,0.290554555653239,7.759,,0.875506396987998,13479975777.3892,,0.529983303828097,0.37
Finland,FIN,2021,2.67634641498897,2.19457432339998,7.617,,0.84549413889045,16744106303.3566,,0.326640931588568,0.08
Finland,FIN,2022,0.763041912763526,7.12350773301412,6.719,,0.949623753156941,16036363939.0545,,-2.50692650482939,1.69
Finland,FIN,2023,-1.28973484453397,6.25064322154763,7.149,,0.924839558470698,16928692296.6914,,-0.926076349882943,5.03
Finland,FIN,2024,0.374566568538427,1.56568906231616,8.4,,0.923889546117607,17992892153.4528,,-0.432631418354181,5.14
Finland,FIN,2025,0.173444509584499,0.337874659400574,9.461,,0.88496895841236,22457097709.867,,1.33573789571074,4.21
France,FRA,2000,4.14099996402915,1.67595988720928,10.218,,1.08270508132602,63728079967.5087,,1.1848394944316,6.24
France,FRA,2001,1.89946701186636,1.63478079549599,8.61,,1.11653308564462,58637344263.961,,1.5298994522382,3.88
France,FRA,2002,1.06775027069419,1.92341228727064,8.702,,1.05755899623965,61696755317.4324,,1.18270439802011,1.67
France,FRA,2003,0.967827182558352,2.09847219146919,8.306,,0.88404792718493,70762382918.7419,,0.871063406872808,1.13
France,FRA,2004,2.86825052501032,2.14208964640239,8.914,,0.803921647747618,77353273268.9504,,0.434470120439983,1.35
France,FRA,2005,1.88856584109286,1.74586936380487,8.882,,0.803800192161442,74359915676.4761,,-0.0065091917770309,3.22
France,FRA,2006,2.71406448755236,1.67512449608726,8.832,,0.796432730949102,98239163382.5086,,0.0221896585541475,4.97
France,FRA,2007,2.53048188351066,1.4879980595386,8.008,,0.729672399984083,115487080914.377,,-0.328279950461903,5.02
France,FRA,2008,0.380171435849121,2.81286194914785,7.386,,0.679922680042729,103306201680.133,,-0.962244945077225,1.92
France,FRA,2009,-2.82455153714783,0.0876204781574653,9.122,,0.716957702016136,131785833333.227,,-0.818480147786109,0.16
France,FRA,2010,2.00032476039051,1.53112270420919,9.279,,0.754308990105961,165852088071.189,,-0.832545468638349,0.18
France,FRA,2011,2.43757653729007,2.11159795175,9.228,,0.718413898653317,168490291143.589,,-1.02802797917579,0.1
France,FRA,2012,0.183835264973013,1.9541953161351,9.841,,0.778338120416812,184521825603.75,,-1.22530807843013,0.14
France,FRA,2013,0.781756446231,0.863715497861804,9.913,,0.752945122701996,145161108178.662,,-0.59799045690811,0.11
France,FRA,2014,0.997832947295251,0.50775882293799,10.273,,0.752728196932603,143977104333.434,,-0.96273369938115,0.09
France,FRA,2015,1.06675474783462,0.0375143805125182,10.354,,0.901296423367096,138198984338.294,,-0.334528437032909,0.13
France,FRA,2016,0.860031075424033,0.183334861123765,10.057,,0.903421436257263,145866068770.183,,-0.538632351885894,0.39
France,FRA,2017,2.08361485997399,1.03228275064681,9.409,,0.885205508269372,156322431109.247,,-0.47461518521567,1.0
France,FRA,2018,1.64590872395887,1.85081508315493,9.018,,0.846772667108111,166483400196.79,,-0.735670615255372,1.83
France,FRA,2019,2.02744646419237,1.10825492288294,8.415,,0.893276257067409,189006435295.488,,0.587362764575748,2.16
France,FRA,2020,-7.44064589948231,0.476498852725065,8.009,,0.875506396987998,224236417867.711,,-2.00313613657686,0.37
France,FRA,2021,6.88233783360239,1.64233141038394,7.871,,0.84549413889045,244280333397.895,,0.244238511780543,0.08
France,FRA,2022,2.71676264185913,5.22236748369725,7.303,,0.949623753156941,242415618842.022,,-1.43234855251881,1.69
France,FRA,2023,1.43921494437743,4.8783572650844,7.335,,0.924839558470698,240791742784.254,,-1.04301703799496,5.03
France,FRA,2024,1.19046798275883,1.99904942291463,7.4,,0.923889546117607,282857363313.825,,0.0851279883251641,5.14
France,FRA,2025,0.840949955479587,0.943770212469976,7.542,,0.88496895841236,428208373515.726,,-0.274343403515968,4.21
French Polynesia,PYF,2000,3.24541101308193,,11.583,,129.201037953271,,,,6.24
French Polynesia,PYF,2001,-0.341595578089056,,11.665,,133.237791216225,,,,3.88
French Polynesia,PYF,2002,0.846181482808589,,11.71,,126.200312871571,,,0.152944141111643,1.67
French Polynesia,PYF,2003,2.1269288487261,,11.751,,105.494942032458,,,-2.41927473004379,1.13
French Polynesia,PYF,2004,0.971259129987544,,11.702,,95.9333368925229,,,3.33918047231439,1.35
French Polynesia,PYF,2005,0.309973476180005,,11.722,,95.9188433909485,,,0.153096372292576,3.22
French Polynesia,PYF,2006,0.889584117597607,,11.768,,95.0396717197982,,,2.71856320416727,4.97
French Polynesia,PYF,2007,1.70497563803002,,11.74,,87.0730479331812,,,4.09227840409068,5.02
French Polynesia,PYF,2008,0.0067675506631275,,11.76,,81.1363292780549,,,-6.03579073273941,1.92
French Polynesia,PYF,2009,-4.23139183069446,,11.963,,85.5557814096789,,,-2.5963824275816,0.16
French Polynesia,PYF,2010,-2.4660641898174,,12.133,,90.0129741146296,,,-0.294406118669795,0.18
French Polynesia,PYF,2011,-2.96195745427229,,12.257,,85.7295518299287,,,2.82663363720287,0.1
French Polynesia,PYF,2012,-0.927537712532072,,12.134,,92.8804110841429,,,1.37240717988221,0.14
French Polynesia,PYF,2013,0.398801414346934,,12.027,,89.8502214987385,,,3.27354524979354,0.11
French Polynesia,PYF,2014,0.593554452942286,,11.894,,89.8243353779009,,,4.29649738932559,0.09
French Polynesia,PYF,2015,1.80334081452726,,11.794,,107.553234404315,,,5.46732880455944,0.13
French Polynesia,PYF,2016,2.30219823670438,,11.727,,107.806815805024,,,7.49427461409959,0.39
French Polynesia,PYF,2017,4.29263363103487,,11.595,,105.633078151149,,,,1.0
French Polynesia,PYF,2018,1.80687498305207,,11.599,,101.046821879543,,,,1.83
French Polynesia,PYF,2019,2.68946658143334,,11.591,,106.588933804405,,,,2.16
French Polynesia,PYF,2020,-10.5738138632489,,12.963,,104.710608186968,,,,0.37
French Polynesia,PYF,2021,3.36590242421546,,12.558,,100.880222566186,,,,0.08
French Polynesia,PYF,2022,2.9373470716322,,11.793,,113.474367224106,,,,1.69
French Polynesia,PYF,2023,2.77284077155413,,11.613,,110.34717131744,,,,5.03
French Polynesia,PYF,2024,1.12638897730247,,11.613,,110.306338907421,,,,5.14
French Polynesia,PYF,2025,,,11.662,,105.864431541948,,,,4.21
Gabon,GAB,2000,-1.88296639760897,0.504920025834859,17.848,,710.207977031367,193613824.335929,,19.7027587812577,6.24
Gabon,GAB,2001,2.13523342197423,2.13762052701465,17.827,,732.397693260228,13399793.737124,,10.2998522952722,3.88
Gabon,GAB,2002,-0.249033168543434,0.0366828893971394,17.376,,693.713226496374,144051938.52431,,6.33560263979825,1.67
Gabon,GAB,2003,2.2473300115045,2.23535313551536,17.126,,579.897426172466,201927545.206198,,11.7614768617876,1.13
Gabon,GAB,2004,0.689543058464849,0.40820530743925,17.108,,527.338032291576,449046100.892114,,11.8977404655294,1.35
Gabon,GAB,2005,2.67620333310926,3.70833333333304,16.91,,527.258362649626,675149856.166232,,20.6930568792579,3.22
Gabon,GAB,2006,-2.80657835569052,-1.4094013660098,17.805,,522.425624895176,1121592475.619,,,4.97
Gabon,GAB,2007,6.00810802487668,5.03031883679951,18.257,,478.633718476363,1237944497.62597,,22.0639363873959,5.02
Gabon,GAB,2008,-3.30843064878751,5.26430145575285,19.212,,446.000041432788,1934656663.35387,,24.5939589011604,1.92
Gabon,GAB,2009,0.130331119816617,1.88570754577918,19.76,,470.293423341398,1993241390.30824,,6.63781868280595,0.16
Gabon,GAB,2010,7.08988731455126,1.46154402720469,20.39,,494.794262222947,1735883130.08267,,17.0685059551217,0.18
Gabon,GAB,2011,7.09175334258654,1.26331707837421,19.895,,471.248625718937,2157316878.94114,,14.30205454341,0.1
Gabon,GAB,2012,5.25107691750407,2.65241828695626,19.661,,510.556338454251,2351562306.82131,,11.5176523304205,0.14
Gabon,GAB,2013,5.63869900338696,0.505441058915615,19.736,,493.899623852237,3003573133.33984,,8.31242147608324,0.11
Gabon,GAB,2014,4.31496444107469,4.69045751826284,19.873,,493.757329875312,2478480387.52702,,6.10892058354702,0.09
Gabon,GAB,2015,3.8788993950789,-0.338795188753406,19.943,,591.21169798261,1863120980.87031,,0.980288664808838,0.13
Gabon,GAB,2016,2.09144220829562,2.10670712784054,20.117,,592.605615063022,789346604.519222,,,0.39
Gabon,GAB,2017,0.472642030911146,2.65192583143902,20.307,,580.656749587858,965054219.212038,,,1.0
Gabon,GAB,2018,0.83791658082157,4.74906652083221,20.459,,555.446458398226,1321051088.57443,,,1.83
Gabon,GAB,2019,3.92080879452831,2.46456756151187,20.371,,585.911013180369,1371973832.67956,,,2.16
Gabon,GAB,2020,-1.8377610635094,1.35276110675333,21.279,,575.586004510945,1386494674.6587,,,0.37
Gabon,GAB,2021,1.46795731508091,1.0869074651941,21.223,,554.530675033104,1304391855.46928,,,0.08
Gabon,GAB,2022,3.03761449525692,4.23124798274579,20.319,,623.759700911182,1415483890.94364,,,1.69
Gabon,GAB,2023,2.43893665041031,3.62901534185376,20.161,,606.569750165917,1447408422.70298,,,5.03
Gabon,GAB,2024,3.39403899521831,1.17311998381218,20.091,,606.345297609063,638788434.429856,,,5.14
Gabon,GAB,2025,2.47287961498321,1.76766609003481,20.154,,581.92848104034,,,,4.21
"Gambia, The",GMB,2000,5.50000021632955,0.8449695667737,9.722,24.0,12.7876250950944,109431118.885128,,,6.24
"Gambia, The",GMB,2001,5.80000024323377,4.49259609239754,9.64,24.0,15.6871583333333,106013174.398906,,,3.88
"Gambia, The",GMB,2002,-3.25000014970206,8.60912474386327,10.039,24.0,19.917825,106877406.671452,,,1.67
"Gambia, The",GMB,2003,6.86999962173842,17.0328665431988,9.991,29.3333333333333,28.5305083333333,59306559.0279377,,0.541196571889132,1.13
"Gambia, The",GMB,2004,7.05000000064635,14.2067432845569,9.948,36.5,30.0300833333333,83774361.4655419,,-3.15228070444893,1.35
"Gambia, The",GMB,2005,-2.35172936176019,4.83862177543157,9.92,34.9166666666667,28.5754333333333,98312848.5390224,,-4.22219702002328,3.22
"Gambia, The",GMB,2006,-0.555580977246521,2.0565034236599,10.241,29.75,28.065725,120615997.843097,,-6.22324623229532,4.97
"Gambia, The",GMB,2007,3.04324950829739,5.36913473801957,10.425,27.9166666666667,24.8734333333333,142784444.74383,,-6.19477968023257,5.02
"Gambia, The",GMB,2008,6.25590553394287,4.4436549094501,10.065,27.0,22.19235,116517122.951593,,-0.402650265042615,1.92
"Gambia, The",GMB,2009,6.6657243078367,4.56150687670983,9.778,27.0,26.6443612042313,224175097.050901,,1.93110412724461,0.16
"Gambia, The",GMB,2010,5.90833580968288,5.04968075857402,9.673,27.0,28.0119536626841,201627626.678787,,1.13391181749086,0.18
"Gambia, The",GMB,2011,-8.13044422315659,4.7958826618311,10.276,28.0,29.4615200601576,223241852.815921,,-7.67135227929094,0.1
"Gambia, The",GMB,2012,5.24156924630741,4.25432199813899,10.346,28.0,32.0771338886217,236241441.119079,,-6.55707152697875,0.14
"Gambia, The",GMB,2013,2.872768790327,5.69912989637382,9.454,28.0,35.9575868341651,210553598.677805,,-7.05935659160072,0.11
"Gambia, The",GMB,2014,-1.40738249510954,5.94799935696626,8.191,28.5,41.7329616505126,159330829.415719,,-6.87758719722139,0.09
"Gambia, The",GMB,2015,4.0580738039996,6.8084549457961,7.226,,42.5062080923725,111040203.229818,,-3.90228061316891,0.13
"Gambia, The",GMB,2016,1.94335965478776,7.22879272057922,6.244,,43.3725276731819,87635582.4178872,,-5.1279664746384,0.39
"Gambia, The",GMB,2017,4.8226112492757,8.03418974545911,5.097,29.0,46.6089094621101,169969976.48625,,-6.32875593450885,1.0
"Gambia, The",GMB,2018,7.23489033258579,6.52096823946573,4.055,28.0,48.1517806379073,191773260.9803,,-8.08332529672772,1.83
"Gambia, The",GMB,2019,6.22205315994859,7.11567625631192,4.481,28.0,50.0624613684222,256957421.665427,,-2.04445221575257,2.16
"Gambia, The",GMB,2020,0.591487287873974,5.93127636562441,5.84,28.0,51.5016603661723,387046403.563775,,-4.77621848558059,0.37
"Gambia, The",GMB,2021,5.25596878816744,7.37034758876618,6.213,19.5,51.4844438783833,652670952.247777,,-4.31333160293426,0.08
"Gambia, The",GMB,2022,5.49299823010114,11.5131198380505,6.067,19.0,54.9234673586679,568244498.422457,,-4.09350427164043,1.69
"Gambia, The",GMB,2023,5.91679576551141,16.9742129632327,6.479,20.75,61.0963330077956,577028229.488264,,-5.03989672361149,5.03
"Gambia, The",GMB,2024,5.55126065805138,11.5610532897511,6.48,22.0,67.661238258942,628849157.476695,,-4.14959872463031,5.14
"Gambia, The",GMB,2025,5.89309208233146,,6.521,22.0,71.2893818242692,,,,4.21
Georgia,GEO,2000,1.84038117927339,4.06396201382596,10.82,,1.97616666666667,115965903.57973,58.5196339627013,-5.75310242328276,6.24
Georgia,GEO,2001,4.80729867243699,4.64604442058634,11.16,,2.07301666666667,161941585.492552,56.0323643991609,-6.12197073672488,3.88
Georgia,GEO,2002,5.47402488700408,5.58783730000794,12.59,,2.195675,202176074.067156,55.4493025751073,-6.38774221286113,1.67
Georgia,GEO,2003,11.0570310020104,0.837734531536568,11.51,23.755375,2.14565,196198029.710394,45.5074088345535,-9.57586165079388,1.13
Georgia,GEO,2004,5.79268292682926,5.65632636191132,12.62,22.087125,1.91665,386676416.886773,36.9156072188349,-6.94983213970616,1.35
Georgia,GEO,2005,9.59113832853026,8.24709043114158,13.81,17.5508916666667,1.812675,478637800.597655,29.2292335361289,-10.8511554489972,3.22
Georgia,GEO,2006,9.42148081189909,9.16096508394497,13.57,17.0602583333333,1.78043333333333,930833393.916797,23.090087672862,-15.3810743163939,4.97
Georgia,GEO,2007,12.5755698246405,9.24489745592404,13.28,17.0861166666667,1.67049166666667,1361156503.59962,19.2040626581459,-19.5819311413511,5.02
Georgia,GEO,2008,2.42161440960641,9.99948761552747,17.87,18.0441333333333,1.49079166666667,1480157559.2564,23.4732554299105,-21.9709187774567,1.92
Georgia,GEO,2009,-3.65075229596822,1.7275146113791,20.71,17.8663166666667,1.67048709677419,2110323626.28935,30.8567774936061,-10.5986282901093,0.16
Georgia,GEO,2010,6.24640865303363,7.11017897486099,20.203,15.845075,1.78234166666667,2263794873.28055,31.4208316402546,-9.6468391223966,0.18
Georgia,GEO,2011,7.9343365253078,8.5429333333333,19.632,14.9951666666667,1.68649543010753,2818191101.12737,27.6972297789187,-11.9098234516365,0.1
Georgia,GEO,2012,6.57883101954195,-0.943658853270964,19.653,14.80845,1.65125833333333,2872949024.40383,28.1048141377209,-11.1441786727056,0.14
Georgia,GEO,2013,5.13288531209382,-0.512058410947092,19.416,13.5948916043986,1.66335,2823383516.08606,28.9477658041046,-5.45445307967912,0.11
Georgia,GEO,2014,4.09049059581743,3.06881210379543,17.439,11.9097117693843,1.76566666666667,2699169280.07028,30.3921568627451,-9.9308784427995,0.09
Georgia,GEO,2015,3.35102350265353,4.00357820695097,16.506,12.4884754630803,2.26934166666667,2520721328.46961,36.0003473428274,-11.6071164150782,0.13
Georgia,GEO,2016,3.45021517996871,2.13492713939121,16.604,12.6209166666667,2.366725,2756383662.9152,39.4788389461877,-12.2417329389245,0.39
Georgia,GEO,2017,5.15990261658827,6.03531725272117,13.939,11.4853833333333,2.50954166666667,3038762324.25157,38.8413159167876,-7.95124743463903,1.0
Georgia,GEO,2018,6.062036412677,2.6152447139767,12.667,11.1193916666667,2.53411083333333,3289463516.7195,38.2238727024287,-6.65935234039704,1.83
Georgia,GEO,2019,5.38071926589951,4.85289821696723,11.565,10.8164,2.818145,3505823162.30974,44.723685798174,-5.9937484904192,2.16
Georgia,GEO,2020,-6.2904717853839,5.2024648897534,11.734,11.8008,3.10901666666667,3913274194.81288,65.193315792645,-12.4222857463116,0.37
Georgia,GEO,2021,10.6442336580969,9.56691433824769,11.785,12.5104916666667,3.22155833333333,4270945063.01792,54.7271260127791,-10.2864489440196,0.08
Georgia,GEO,2022,10.9585321385624,11.8981654203198,11.621,13.655325,2.9162,4886343005.58234,42.9693933571232,-2.58183727549166,1.69
Georgia,GEO,2023,7.83220126555726,2.48776056578715,11.549,16.0082436245448,2.62795833333333,5002255638.46392,43.4063813624702,-5.52924307584786,5.03
Georgia,GEO,2024,9.67979379712661,1.10971758022096,11.557,14.9367295752734,2.72061666666667,4447216641.42079,40.0993201678867,-5.29948694239513,5.14
Georgia,GEO,2025,7.46161504152039,3.8692132193969,12.097,15.7857039169038,2.74264166666667,6157188673.62864,,-2.6492778580462,4.21
Germany,DEU,2000,2.8765231247659,1.44026838719741,7.917,,1.08270508132602,87496869035.2706,,-1.76650413580914,6.24
Germany,DEU,2001,1.63614170690956,1.98385731334471,7.773,,1.11653308564462,82131887553.9413,,-0.447670510485843,3.88
Germany,DEU,2002,-0.228255715793637,1.42080615551526,8.482,,1.05755899623965,89142540697.4245,,1.71466761160357,1.67
Germany,DEU,2003,-0.529801394291297,1.03422218628562,9.779,,0.88404792718493,96835206408.4991,,1.25843057921389,1.13
Germany,DEU,2004,1.16208684507278,1.66573696655992,10.727,,0.803921647747618,97169968440.5447,,4.26675296375958,1.35
Germany,DEU,2005,0.885485292551564,1.54691114751328,11.193,,0.803800192161442,101675919831.833,,4.39898942956011,3.22
Germany,DEU,2006,3.86668241523209,1.57742642840563,10.277,,0.796432730949102,111637059518.339,,5.52590473247801,4.97
Germany,DEU,2007,2.8891174138025,2.29834400700951,8.732,,0.729672399984083,135932292207.152,,6.5154572948782,5.02
Germany,DEU,2008,0.887902330743628,2.62837981637219,7.508,,0.679922680042729,138564426162.199,,5.40768664904885,1.92
Germany,DEU,2009,-5.54455451920674,0.312739007368447,7.88,,0.716957702016136,179040277106.549,,5.66039528537592,0.16
Germany,DEU,2010,4.13463778522758,1.1038103778926,7.043,,0.754308990105961,215977935889.943,,5.58814592773644,0.18
Germany,DEU,2011,3.75796884489337,2.07517283735874,5.967,,0.718413898653317,234104084887.41,,6.09171549435117,0.1
Germany,DEU,2012,0.463512036709204,2.00848884782956,5.372,,0.778338120416812,248856490285.756,,7.01984446991475,0.14
Germany,DEU,2013,0.396995583779145,1.50472330251876,5.316,,0.752945122701996,198535165663.607,,6.55719316810853,0.11
Germany,DEU,2014,2.18018602168017,0.906794000434246,4.979,,0.752728196932603,193484758847.919,,7.19411093057004,0.09
Germany,DEU,2015,1.66300602334775,0.514426137125456,4.612,,0.901296423367096,173730930555.425,,8.09671429040112,0.13
Germany,DEU,2016,2.22222216259371,0.491747008445174,4.104,,0.903421436257263,184031339953.397,,8.90236036837271,0.39
Germany,DEU,2017,2.797906720551,1.50949485109628,3.781,,0.885205508269372,199983070123.869,,8.07873526112888,1.0
Germany,DEU,2018,1.13569604599849,1.73216879766942,3.384,,0.846772667108111,198027061675.403,,8.43761219902204,1.83
Germany,DEU,2019,0.977734697038784,1.44565976888253,3.163,,0.893276257067409,224027961016.415,,7.87471222403173,2.16
Germany,DEU,2020,-4.13191443239947,0.144877925813982,3.881,,0.875506396987998,268408603348.679,,6.34782686016016,0.37
Germany,DEU,2021,3.90999994204108,3.06666666666673,3.594,,0.84549413889045,295736219413.598,,6.92006966375342,0.08
Germany,DEU,2022,1.8092581243061,6.87257438551097,3.137,,0.949623753156941,293913690186.797,,4.11376375249819,1.69
Germany,DEU,2023,-0.869647578573321,5.94643667725823,3.071,,0.924839558470698,322699586274.527,,5.50327392607703,5.03
Germany,DEU,2024,-0.495851897260366,2.2564981433876,3.4,,0.923889546117607,377935141356.243,,5.89380863529108,5.14
Germany,DEU,2025,0.239578342117881,2.17178770949721,3.711,,0.88496895841236,572201958133.157,,4.50585617378113,4.21
Ghana,GHA,2000,3.70000008164408,40.240933123914,10.456,,0.544919175868766,308900898.386218,,-7.75495051706689,6.24
Ghana,GHA,2001,4.00000012807919,41.509496287803,9.615,,0.716305157808996,375936405.544189,,-8.04286187367619,3.88
Ghana,GHA,2002,4.49999955900331,9.36093239560313,8.711,,0.792417084313167,636059799.997825,,-1.70668468981884,1.67
Ghana,GHA,2003,5.200000133101,29.7729797160384,7.728,,0.866764326525345,1470061309.67805,,1.33224533437262,1.13
Ghana,GHA,2004,5.59999999077445,18.0427388232565,6.758,,0.899494854007063,1749729259.35718,,-6.64520344576759,1.35
Ghana,GHA,2005,5.90000381855104,15.4389920155908,5.816,,0.905209485833333,1897057040.26241,,-10.280631865678,3.22
Ghana,GHA,2006,6.39991260618034,11.6791839392492,4.897,,0.915106799166667,2268926566.51141,,-5.05660776463669,4.97
Ghana,GHA,2007,4.34681910440079,10.7342665456292,5.104,,0.932619195,2218311347.67966,,-9.58130961421888,5.02
Ghana,GHA,2008,9.14979893831817,16.494639613412,5.144,,1.052275,2014205287.49439,,-11.6021635051277,1.92
Ghana,GHA,2009,4.84448705175076,19.2469482220857,5.362,,1.40496666666667,3691822335.02409,,-7.28314283327412,0.16
Ghana,GHA,2010,7.89971194051621,10.7333898354915,5.384,,1.42998333333333,5158151628.84547,,-8.5327330566748,0.18
Ghana,GHA,2011,14.0471235803149,8.7284593709302,4.213,,1.520625,5913600037.24248,,-9.00258173366364,0.1
Ghana,GHA,2012,9.2927894063005,11.1863409441067,3.126,,1.82486666666667,5835098328.20187,,-11.9009237632839,0.14
Ghana,GHA,2013,7.31252501678145,11.6661923071729,2.173,,1.98135,5587739126.3869,,-9.07624953901069,0.11
Ghana,GHA,2014,2.85624016330883,15.4896160333318,4.403,,2.896575,5563709271.19552,,-6.75690272053076,0.09
Ghana,GHA,2015,2.12075933817334,17.1499695007878,6.806,,3.71464166666667,5742645886.29529,,-5.7116156025854,0.13
Ghana,GHA,2016,3.37346574966936,17.4546347070868,5.256,,3.90981666666667,5866729596.16504,,-5.04424020618629,0.39
Ghana,GHA,2017,8.12889488100956,12.3719215507048,3.369,,4.35053333333333,7015187159.64987,,-3.31643027470143,1.0
Ghana,GHA,2018,6.20007768127284,7.80876516610703,3.204,,4.585325,6294851564.02725,,-3.03986602950099,1.83
Ghana,GHA,2019,6.5077747939152,7.14364003330857,3.067,,5.21736666666667,7563210340.92838,,-2.72699375813964,2.16
Ghana,GHA,2020,0.513941670628171,9.88728956269944,3.178,,5.59570833333333,7884091538.70727,,-3.04816313374944,0.37
Ghana,GHA,2021,5.07646643533542,9.9710886750444,3.2,,5.8057,9916916899.67781,,-2.8205574143058,0.08
Ghana,GHA,2022,3.80484978178042,31.2558951049016,2.87,,8.2724,5205457212.278,,-2.33126484632356,1.69
Ghana,GHA,2023,3.14009100080186,38.1069656296501,2.829,,11.0204083333333,3623904994.58702,,-0.911884130701339,5.03
Ghana,GHA,2024,5.84746854280382,22.8483281157842,2.82,,14.1819416666667,4472457558.56406,,1.91923157284388,5.14
Ghana,GHA,2025,5.95441714756899,14.2046755548989,2.979,,12.556825,,,8.22096928515243,4.21
Gibraltar,GIB,2000,,,,,0.660930833333333,,,,6.24
Gibraltar,GIB,2001,,,,,0.694655,,,,3.88
Gibraltar,GIB,2002,,,,,0.667223333333333,,,,1.67
Gibraltar,GIB,2003,,,,,0.6124725,,,,1.13
Gibraltar,GIB,2004,,,,,0.54618,,,,1.35
Gibraltar,GIB,2005,,,,,0.549998333333333,,,,3.22
Gibraltar,GIB,2006,,,,,0.543486666666667,,,,4.97
Gibraltar,GIB,2007,,,,,0.499771666666667,,,,5.02
Gibraltar,GIB,2008,,,,,0.54396625,,,,1.92
Gibraltar,GIB,2009,,,,,0.641919263495996,,,,0.16
Gibraltar,GIB,2010,,,,,0.647179345560165,,,,0.18
Gibraltar,GIB,2011,,,,,0.624140835740495,,,,0.1
Gibraltar,GIB,2012,,,,,0.633046988857327,,,,0.14
Gibraltar,GIB,2013,,,,,0.639660577613477,,,,0.11
Gibraltar,GIB,2014,,,,,0.607729626878255,,,,0.09
Gibraltar,GIB,2015,,,,,0.654545478931426,,,,0.13
Gibraltar,GIB,2016,,,,,0.740634463697084,,,,0.39
Gibraltar,GIB,2017,,,,,0.776976682344123,,,,1.0
Gibraltar,GIB,2018,,,,,0.749531540259847,,,,1.83
Gibraltar,GIB,2019,,,,,0.783445110011929,,,,2.16
Gibraltar,GIB,2020,,,,,0.779999576697153,,,,0.37
Gibraltar,GIB,2021,,,,,0.727064944688322,,,,0.08
Gibraltar,GIB,2022,,,,,0.811301715827773,,,,1.69
Gibraltar,GIB,2023,,,,,0.804538906734353,,,,5.03
Gibraltar,GIB,2024,,,,,0.782414580986262,,,,5.14
Gibraltar,GIB,2025,,,,,0.759473957338608,,,,4.21
Greece,GRC,2000,4.13782699405849,3.1511816249383,11.345,,365.398560833333,14594006578.5544,,-7.80647954386926,6.24
Greece,GRC,2001,4.65041459442163,3.37396832213867,10.764,,1.11653308564462,6244166654.25855,,-7.1208377005018,3.88
Greece,GRC,2002,4.68313727063017,3.62935871878874,10.346,,1.05755899623965,9431530975.46333,,-6.38625728965696,1.67
Greece,GRC,2003,5.79682274294369,3.53065027765552,9.839,,0.88404792718493,5801377074.94914,,-6.50626060536124,1.13
Greece,GRC,2004,5.37786634595851,2.8988481075817,10.628,,0.803921647747618,2707782609.03229,,-5.74201400267069,1.35
Greece,GRC,2005,1.18350635493289,3.54507273335078,10.074,,0.803800192161442,2287009892.67273,,-7.51860335220304,3.22
Greece,GRC,2006,6.44339762487436,3.19594684144545,8.906,,0.796432730949102,2849953559.42375,,-10.9919390863757,4.97
Greece,GRC,2007,3.50686976639459,2.89500321516578,8.351,,0.729672399984083,3647605325.12089,,-14.1869570945958,5.02
Greece,GRC,2008,0.0574740238200775,4.15279708110293,7.664,,0.679922680042729,3489670238.03477,,-14.6094922064777,1.92
Greece,GRC,2009,-4.11927606715011,1.21007269197809,9.546,,0.716957702016136,5486122597.59939,,-10.9982860428605,0.16
Greece,GRC,2010,-5.6937412158003,4.71298907760388,12.719,,0.754308990105961,6352405963.38906,,-10.2094499511211,0.18
Greece,GRC,2011,-9.87677875300243,3.3298532335065,17.973,,0.718413898653317,6743416891.38217,,-10.0976272377955,0.1
Greece,GRC,2012,-8.33113421099992,1.50152696177758,24.731,,0.778338120416812,7255024354.91007,,-2.58418506053025,0.14
Greece,GRC,2013,-2.27211699888024,-0.921269454256994,27.686,,0.752945122701996,5763071364.05671,,-2.13029886404193,0.11
Greece,GRC,2014,0.792225060962835,-1.31226096405506,26.708,,0.752728196932603,6236284818.73247,,-1.43786972023485,0.09
Greece,GRC,2015,-0.228301892172851,-1.73588804765284,24.981,,0.901296423367096,6027606781.10376,,-1.50311562368341,0.13
Greece,GRC,2016,-0.0317947678412054,-0.825653978390973,23.514,,0.903421436257263,6851247713.21209,,-2.30350655253684,0.39
Greece,GRC,2017,1.47312472702352,1.12125452031419,21.413,,0.885205508269372,7803722132.38225,,-2.38344142611836,1.0
Greece,GRC,2018,2.06467207892409,0.62562141345364,19.179,,0.846772667108111,7578500698.89502,,-3.55679128954824,1.83
Greece,GRC,2019,2.27718065334808,0.253007522038157,17.045,,0.893276257067409,8507452886.82209,,-2.11808020939794,2.16
Greece,GRC,2020,-9.19623149726978,-1.24798355581405,15.899,,0.875506396987998,11931180004.6485,,-7.12181074881185,0.37
Greece,GRC,2021,8.65449786002131,1.22382501019854,14.656,,0.84549413889045,14447242598.1807,,-7.1523233874729,0.08
Greece,GRC,2022,5.52198580589408,9.64525981280632,12.426,,0.949623753156941,12061425398.4158,,-10.8779875356728,1.69
Greece,GRC,2023,2.13591131996631,3.46480128513405,11.023,,0.924839558470698,13608620628.7708,,-6.77841375377557,5.03
Greece,GRC,2024,2.0865743380603,2.74101875679486,10.02,,0.923889546117607,15221750195.0005,,-7.10950344070576,5.14
Greece,GRC,2025,2.07306882481713,2.48209745378857,8.54,,0.88496895841236,24047515202.452,,,4.21
Greenland,GRL,2000,7.10159688181619,,,,8.08314416666667,,,,6.24
Greenland,GRL,2001,1.26903507902787,,,,8.3228175,,,,3.88
Greenland,GRL,2002,-0.971177310665553,,,,7.89471416666667,,,,1.67
Greenland,GRL,2003,4.43004572118211,,,,6.58767333333333,,,,1.13
Greenland,GRL,2004,6.90658283676629,,,,5.99105666666667,,,,1.35
Greenland,GRL,2005,4.98749177090193,,,,5.99691,,,,3.22
Greenland,GRL,2006,5.55569490080012,,,,5.94677833333333,,,,4.97
Greenland,GRL,2007,2.3524379811805,,,,5.44370083333333,,,,5.02
Greenland,GRL,2008,6.1661327018619,,,,5.09813083333333,,,,1.92
Greenland,GRL,2009,0.865952328886948,,,,5.36086666666667,,,,0.16
Greenland,GRL,2010,1.73582505889665,,,,5.624075,,,,0.18
Greenland,GRL,2011,-0.496519391959083,,,,5.36871153508772,,,,0.1
Greenland,GRL,2012,1.39419335955625,,,,5.79247553703916,,,,0.14
Greenland,GRL,2013,-1.29828069335511,,,,5.61631168617622,,,,0.11
Greenland,GRL,2014,4.7421356730152,,,,5.61246666666667,,,,0.09
Greenland,GRL,2015,-2.52931802394475,,,,6.7279068312963,,,,0.13
Greenland,GRL,2016,4.68195410972302,,,,6.73171825724638,,,,0.39
Greenland,GRL,2017,0.0527281828800312,,,,6.60289346561404,,,,1.0
Greenland,GRL,2018,0.62306542854094,,,,6.31461878666667,,,,1.83
Greenland,GRL,2019,2.83217756798683,,,,6.669446615,,,,2.16
Greenland,GRL,2020,0.250789762104304,,,,6.54215220416667,,,,0.37
Greenland,GRL,2021,1.63409410992996,,,,6.2871130825,,,,0.08
Greenland,GRL,2022,2.00455580865604,,,,7.0761518625,,,,1.69
Greenland,GRL,2023,0.865961986998158,,,,6.88970258583334,,,,5.03
Greenland,GRL,2024,,,,,6.89448141666666,,,,5.14
Greenland,GRL,2025,,,,,6.62182508333333,,,,4.21
Grenada,GRD,2000,4.88795213650562,2.18181818181821,,11.5991975555663,2.7,57660000.0,,-21.9966277175389,6.24
Grenada,GRD,2001,-2.02390004072058,3.14099305202543,,10.1867211949273,2.7,63941398.7402541,,-25.1924121595876,3.88
Grenada,GRD,2002,3.43732352954147,1.06721547992874,,11.3092285846433,2.7,87842777.412338,,-24.5623129443556,1.67
Grenada,GRD,2003,9.46397343076491,2.15492809908679,,12.0482151558632,2.7,83225917.7043554,,-26.355141755599,1.13
Grenada,GRD,2004,-0.647450316084857,2.3129167822611,,10.184842378691,2.7,121728059.742647,,-21.9094311537963,1.35
Grenada,GRD,2005,13.2761883306272,3.475806937554,,10.0650792583996,2.7,94252920.2097209,,-36.197096036622,3.22
Grenada,GRD,2006,-3.99532824427482,4.25195321977967,,9.85230165386714,2.7,99961392.6337931,,-35.3579767652674,4.97
Grenada,GRD,2007,6.12345094741467,3.85882922469653,,9.75594317205468,2.7,110569734.763708,,-29.2906558652577,5.02
Grenada,GRD,2008,0.947542624907697,8.0332732765034,,9.52898492988282,2.7,105341634.311796,,-26.310483241865,1.92
Grenada,GRD,2009,-6.61328134799545,-0.308654779585642,,10.9930534805853,2.7,129078999.922631,,-16.922787751426,0.16
Grenada,GRD,2010,-0.511146187173722,3.43650905943351,,10.5750130912526,2.7,119154979.881368,,-19.4482994535287,0.18
Grenada,GRD,2011,0.764773550338731,3.0334728033474,,10.6859790060702,2.7,120710917.736335,,-18.6656495604378,0.1
Grenada,GRD,2012,-1.15483816409801,2.41077704021862,,9.72590000699411,2.7,119485006.792475,,-14.9830707473176,0.14
Grenada,GRD,2013,2.35109801677905,-0.0439997864828058,,9.27020682532407,2.7,150571015.878707,,-17.0640979875269,0.11
Grenada,GRD,2014,7.34212396037948,-0.98360305555498,,9.18598040160867,2.7,169949409.726941,,-9.08236900654943,0.09
Grenada,GRD,2015,6.44522314693144,-0.515448031435329,,8.96258333333333,2.7,197973503.320903,,-10.6165101004821,0.13
Grenada,GRD,2016,3.7396039558691,1.65038994431573,,8.635,2.7,207689282.825893,,-8.84957467526885,0.39
Grenada,GRD,2017,4.43867566948151,0.908458255874249,,8.3125,2.7,199125887.285472,,-11.4635306675494,1.0
Grenada,GRD,2018,4.36144039364797,0.804102313277033,,7.835705,2.7,233815853.807382,,-12.7578936321221,1.83
Grenada,GRD,2019,0.676511738873756,0.598149764736022,,7.57102791666667,2.7,236325345.085472,,-10.3282132272823,2.16
Grenada,GRD,2020,-13.7566222572107,-0.740732597045498,,6.83319808333333,2.7,293320432.166449,,-16.1060034218251,0.37
Grenada,GRD,2021,4.6977240232674,1.21951193916838,,6.5453035,2.7,348259248.620045,,-14.3794506270627,0.08
Grenada,GRD,2022,7.31023806981959,2.5805392590792,,6.438381,2.7,371767322.523094,,-12.127765960022,1.69
Grenada,GRD,2023,4.52657497450693,2.69612269814564,,6.9300195,2.7,404129916.314621,,-20.295039117819,5.03
Grenada,GRD,2024,2.3996478454327,1.08615365134737,,6.8868315,2.7,423263143.568031,,-21.8875634999164,5.14
Grenada,GRD,2025,4.41201,0.610311975893833,,6.8607225,2.7,408148184.577921,,-23.1306438970907,4.21
Guam,GUM,2000,,,15.32,,1.0,,,,6.24
Guam,GUM,2001,,,13.213,,1.0,,,,3.88
Guam,GUM,2002,,,11.39,,1.0,,,,1.67
Guam,GUM,2003,0.879314134974734,,9.693,,1.0,,,,1.13
Guam,GUM,2004,6.49378949662236,,7.7,,1.0,,,,1.35
Guam,GUM,2005,3.64231634949867,,7.0,,1.0,,,,3.22
Guam,GUM,2006,-3.65251727541954,,7.4,,1.0,,,,4.97
Guam,GUM,2007,0.717213114754102,,8.3,,1.0,,,,5.02
Guam,GUM,2008,2.03458799593082,,8.892,,1.0,,,,1.92
Guam,GUM,2009,0.438683948155543,,9.3,,1.0,,,,0.16
Guam,GUM,2010,2.26325193567601,,8.2,,1.0,,,,0.18
Guam,GUM,2011,0.0776548243059523,,13.3,,1.0,,,,0.1
Guam,GUM,2012,2.13385063045585,,12.2,,1.0,,,,0.14
Guam,GUM,2013,1.69040835707501,,11.5,,1.0,,,,0.11
Guam,GUM,2014,1.79305192379529,,7.6,,1.0,,,,0.09
Guam,GUM,2015,0.825688073394488,,6.9,,1.0,,,,0.13
Guam,GUM,2016,0.18198362147406,,5.4,,1.0,,,,0.39
Guam,GUM,2017,0.890099909173486,,5.418,,1.0,,,,1.0
Guam,GUM,2018,-0.828231904933389,,5.45,,1.0,,,,1.83
Guam,GUM,2019,2.52360203340596,,5.405,,1.0,,,,2.16
Guam,GUM,2020,-10.5188595714539,,6.241,,1.0,,,,0.37
Guam,GUM,2021,2.0581832574708,,6.0,,1.0,,,,0.08
Guam,GUM,2022,5.09986426216793,,5.383,,1.0,,,,1.69
Guam,GUM,2023,,,5.262,,1.0,,,,5.03
Guam,GUM,2024,,,5.252,,1.0,,,,5.14
Guam,GUM,2025,,,5.569,,1.0,,,,4.21
Guatemala,GTM,2000,3.6088687174876,5.97757734737136,2.143,20.8816666666667,7.76315916666667,1805677836.93431,16.9838230125753,-5.44146333041507,6.24
Guatemala,GTM,2001,2.33257486608854,7.28587366610138,2.251,18.9575,7.8585925,2352244046.49423,20.2690233179284,-6.80733057120201,3.88
Guatemala,GTM,2002,3.83928708556792,8.13263054281054,2.254,16.8641666666667,7.821645,2373309197.37449,18.692477319178,-6.04021558283228,1.67
Guatemala,GTM,2003,2.56037766801896,5.60347675434469,2.807,14.9783333333333,7.94084666666667,2924966747.99472,21.0384409661569,-4.81631890533671,1.13
Guatemala,GTM,2004,3.13791683609193,7.57862247309729,2.971,13.8108333333333,7.94649583333333,3522289948.24634,22.1444573926966,-4.93864901451057,1.35
Guatemala,GTM,2005,3.27602692588886,9.1086498571922,3.059,13.0333333333333,7.63394416666667,3777008774.18746,21.6021201382389,-4.63346885034308,3.22
Guatemala,GTM,2006,5.35139778711536,6.56085282795384,2.96,12.7625,7.60263083333333,4055245980.59448,22.2347729614565,-5.12367991314268,4.97
Guatemala,GTM,2007,6.33771869016203,6.82161753590326,2.847,12.8366666666667,7.67330416666667,4314534130.36889,21.986997531652,-5.31937540284176,5.02
Guatemala,GTM,2008,3.29352400028485,11.355761126315,2.898,13.3916666666667,7.56002833333333,4653932355.47204,20.383408037295,-4.03483780515023,1.92
Guatemala,GTM,2009,0.476898106596394,1.85910254733028,3.22,13.8491666666667,8.16155541666667,5204831199.87506,23.3939731993278,0.194641494950958,0.16
Guatemala,GTM,2010,2.88417542800377,3.8595090983316,3.497,13.3416666666667,8.05777083333333,5948553459.3899,24.8169594138567,-1.88548550474234,0.18
Guatemala,GTM,2011,4.16390688293349,6.214123930671,3.169,13.43,7.78541833333334,6174185213.17611,24.5639597782709,-3.37024214653633,0.1
Guatemala,GTM,2012,2.97470856847661,3.78180754679678,2.765,13.4866666666667,7.83360541666667,6693770270.58643,24.7007424112068,-3.72480170275581,0.14
Guatemala,GTM,2013,3.69476814623695,4.34337131279521,3.017,13.5975,7.85681375,7269204343.62925,25.2099619740494,-4.22440069065832,0.11
Guatemala,GTM,2014,4.44397825774911,3.4183616966296,2.717,13.7733333333333,7.73223333333333,7330866098.16639,,-3.30031992366676,0.09
Guatemala,GTM,2015,4.09217170075418,2.3887203283955,2.506,13.2275,7.654815,7745916506.07283,,-1.24431005683082,0.13
Guatemala,GTM,2016,2.6778031930216,4.44844199942827,2.583,13.1016666666667,7.59993708333333,9152627961.3824,,0.964776364019979,0.39
Guatemala,GTM,2017,3.0798512212244,4.42453655182546,2.462,13.0541666666667,7.34793875,11765104230.8297,,1.19614067972898,1.0
Guatemala,GTM,2018,3.40687328176345,3.75186186704508,2.283,12.9233333333333,7.51916458333333,12583121641.7733,,0.885829296285522,1.83
Guatemala,GTM,2019,4.01789830861587,3.69998398008605,2.193,12.7408333333333,7.69669833333333,14784046764.6684,,2.36029015844232,2.16
Guatemala,GTM,2020,-1.78555117570465,3.21444062197345,2.965,12.5258333333333,7.72165,18463562201.5352,,5.04131108756311,0.37
Guatemala,GTM,2021,8.04170398855833,4.26105127422813,2.174,12.1875,7.73438833333333,20934881434.6135,,2.16690668305723,0.08
Guatemala,GTM,2022,4.15492196609047,6.88512823344287,3.051,11.9233333333333,7.74824375,20414938168.4224,,1.16732918749078,1.69
Guatemala,GTM,2023,3.52430434049013,6.20657592272126,2.344,11.9616666666667,7.83197416666667,21311089849.3863,,3.07969665980261,5.03
Guatemala,GTM,2024,3.71558453779777,2.86992752918294,2.613,12.395,7.7585375,24412418011.7846,,2.88674747767197,5.14
Guatemala,GTM,2025,4.28003207921405,1.48841591086169,2.604,12.8533333333333,7.68012458333333,32753590398.8181,,,4.21
Guinea,GIN,2000,2.50306056299607,,4.586,19.375,1746.86991666667,167593505.228716,,-3.20759051700664,6.24
Guinea,GIN,2001,3.65834646929586,,4.584,12.875,1950.55833333333,208565056.912718,,-1.44260287136746,3.88
Guinea,GIN,2002,5.16460946696631,,4.549,,1975.84375,263312234.455712,,-4.64074253447312,1.67
Guinea,GIN,2003,1.24860125923698,,4.628,,1984.93125,281862972.114615,,-3.68667076245062,1.13
Guinea,GIN,2004,2.34011731288737,,4.709,,2243.93125,111780254.653341,,-3.06276375818202,1.35
Guinea,GIN,2005,2.99727256275818,31.3733025877534,4.814,,3644.33333333333,96326734.1634157,,-3.74410214282105,3.22
Guinea,GIN,2006,1.18960211693242,34.6952705997072,4.863,,5148.75,39685709.6499568,,-5.2452359968981,4.97
Guinea,GIN,2007,6.81747111070281,18.1755656108597,4.787,,4197.75200416667,46811611.5648928,,-7.23648388311734,5.02
Guinea,GIN,2008,4.13301615965833,23.065612938798,4.803,,4601.69100416667,55670498.0675828,,-6.29234168357033,1.92
Guinea,GIN,2009,-1.12264204848687,4.68438868976504,4.914,,4801.0832375,414058705.546063,,-6.005146411906,0.16
Guinea,GIN,2010,4.81336016967553,15.0502688559001,5.018,,5726.07102083333,301523167.014616,,-4.7697025907998,0.18
Guinea,GIN,2011,5.61211177430975,21.3169268542577,5.024,,6658.03125833333,947127105.96962,,-17.1165293375314,0.1
Guinea,GIN,2012,5.91528626133322,15.2262941038638,4.874,,6985.82902633333,762924793.394676,,-13.5979829951241,0.14
Guinea,GIN,2013,3.94568708624053,11.8875884481828,4.944,,6907.8780695,853882934.802791,,-14.2034724942303,0.11
Guinea,GIN,2014,3.69655311664086,6.1505055670642,5.044,,7014.11877725,983969561.325927,,-11.1827727004958,0.09
Guinea,GIN,2015,3.82591056949435,11.7800825029834,5.15,,7485.51674166667,654264223.613139,,-11.6007986964145,0.13
Guinea,GIN,2016,10.82062719659,8.17268112275132,4.997,,8967.92707958333,840496671.437212,,-31.9328390727135,0.39
Guinea,GIN,2017,10.3000053427355,8.91435947913097,4.86,,9088.31949623166,980319295.402435,,5.03018582642409,1.0
Guinea,GIN,2018,6.35849192736715,9.82761701259191,4.835,,9011.13417725194,1242328572.91057,,-1.60638873400794,1.83
Guinea,GIN,2019,5.61691446889876,9.47001039253012,5.018,,9183.87586390984,1379136556.90392,,-2.34042432173531,2.16
Guinea,GIN,2020,4.70459096113575,10.6016203387167,6.007,,9565.08218343833,1499116032.51595,,19.0560604764664,0.37
Guinea,GIN,2021,5.5823328114905,12.5972882566934,5.815,,,2183067127.24737,,27.1761588078073,0.08
Guinea,GIN,2022,3.97240784200721,10.4930409984424,5.174,,,2109566460.25546,,16.8265386883899,1.69
Guinea,GIN,2023,5.54172668627702,7.80497591927973,5.141,,,1887171051.40105,,8.48425837744304,5.03
Guinea,GIN,2024,5.35004659049265,8.12313914948596,5.132,,,1345598715.8962,,-1.56673613616474,5.14
Guinea,GIN,2025,7.44709668357611,3.54630163142885,5.163,,,,,,4.21
Guinea-Bissau,GNB,2000,1.10027815777423,8.63632094930278,3.358,,710.207977031367,,,,6.24
Guinea-Bissau,GNB,2001,4.7859716500482,3.34812265527108,2.958,,732.397693260228,,,-2.69821108512442,3.88
Guinea-Bissau,GNB,2002,3.65393603642713,3.30012175283752,3.146,,693.713226496374,,,-0.271719275957978,1.67
Guinea-Bissau,GNB,2003,-0.285931052286514,-3.50258551103421,3.169,,579.897426172466,,,-0.0519018620590297,1.13
Guinea-Bissau,GNB,2004,1.17189152277038,0.883302696930943,3.226,,527.338032291576,,,2.38148745518108,1.35
Guinea-Bissau,GNB,2005,6.55977111846077,3.32919922802856,3.184,,527.258362649626,,,-1.63867591635847,3.22
Guinea-Bissau,GNB,2006,2.66650493269572,1.95473717628916,3.143,4.73666666666667,522.425624895176,,,-6.3132458528375,4.97
Guinea-Bissau,GNB,2007,2.55982647078751,4.61743772241997,3.125,4.75166666666667,478.633718476363,,,-4.06952969493394,5.02
Guinea-Bissau,GNB,2008,4.52457514610252,10.4600731354706,3.157,4.98416666666667,446.000041432788,,,-3.02102465076755,1.92
Guinea-Bissau,GNB,2009,2.44795106098685,-1.65139733620775,3.163,4.9775,470.293423341398,,,-5.34847492021888,0.16
Guinea-Bissau,GNB,2010,5.60536311358261,2.51785140171701,3.121,5.11333333333333,494.794262222947,,,-7.52999517168867,0.18
Guinea-Bissau,GNB,2011,8.08504167173554,5.046102263202,3.072,5.25591666666667,471.248625718937,,,-1.21431910534762,0.1
Guinea-Bissau,GNB,2012,-1.71286958446419,2.13054580274503,3.135,5.03916666666667,510.556338454251,,,-7.93224654147768,0.14
Guinea-Bissau,GNB,2013,3.25607190852087,1.20712555668405,3.173,5.2875,493.899623852237,,,-4.73187653933365,0.11
Guinea-Bissau,GNB,2014,0.964525745841428,-1.50924460570494,3.285,5.33833333333333,493.757329875312,,,0.555849591467734,0.09
Guinea-Bissau,GNB,2015,6.1340893623123,1.47672048910485,3.168,5.15416666666667,591.21169798261,,,1.81726336561494,0.13
Guinea-Bissau,GNB,2016,5.4326782650304,1.50312055861088,3.139,5.295,592.605615063022,,,1.36293739261607,0.39
Guinea-Bissau,GNB,2017,4.66367943913264,1.69111461822298,3.089,,580.656749587858,,,0.263885195365577,1.0
Guinea-Bissau,GNB,2018,3.76145359637003,0.381324702790992,3.127,,555.446458398226,,,-3.48324795461302,1.83
Guinea-Bissau,GNB,2019,5.32749571119344,0.24660026814783,2.413,,585.911013180369,,,-7.98200773254712,2.16
Guinea-Bissau,GNB,2020,2.89149979806913,1.14000939393222,2.887,,575.586004510945,,,-2.26872986569478,0.37
Guinea-Bissau,GNB,2021,5.0173096003907,2.24248879577658,3.016,,554.530675033104,,,-0.740601759118056,0.08
Guinea-Bissau,GNB,2022,5.45776090019501,9.39075933985203,2.666,,623.759700911182,,,-7.89982582823182,1.69
Guinea-Bissau,GNB,2023,4.63052364601562,7.10220928557059,2.632,,606.569750165917,,,-7.71246538828742,5.03
Guinea-Bissau,GNB,2024,4.40920107183611,3.76555825770114,2.647,,606.345297609063,,,-7.35889637109665,5.14
Guinea-Bissau,GNB,2025,5.81813762310792,0.874929691038717,2.673,,581.92848104034,,,,4.21
Guyana,GUY,2000,-1.36380390261873,6.14854333024872,11.917,17.3016666666667,182.43,304956640.973324,,-11.5341241520002,6.24
Guyana,GUY,2001,2.2795216592191,2.62741314203333,11.796,17.0075,187.320833333333,287255329.338608,,-12.7638520939434,3.88
Guyana,GUY,2002,1.13262696199476,5.34101521377408,11.81,16.325,190.665,284472829.483164,,-8.57971395005412,1.67
Guyana,GUY,2003,-0.632225388266377,5.98097814066473,11.529,14.9919047619048,193.878333333333,276387312.120453,,-6.00217518033652,1.13
Guyana,GUY,2004,1.56335211034042,4.66846622369881,11.281,14.5416666666667,198.3075,231844788.060818,,-2.52795588989275,1.35
Guyana,GUY,2005,-1.95095759501714,6.92554303890158,11.085,14.5408333333333,199.875,251872586.363899,,-11.6705382324577,3.22
Guyana,GUY,2006,5.12960934773,6.67715790410028,10.7,14.5409722222222,200.188333333333,279636390.847379,,-7.59053846582146,4.97
Guyana,GUY,2007,7.19123624057457,12.2001544446648,10.84,14.6108333333333,202.346666666667,313007749.406008,,-6.06659550320194,5.02
Guyana,GUY,2008,1.75522349592019,8.10202206969276,11.018,14.5825,203.633333333333,355913639.674072,,-10.6229329472303,1.92
Guyana,GUY,2009,3.61150847218585,2.95230096381001,11.307,14.5414083333333,203.95,631410304.731452,,-7.28409727303008,0.16
Guyana,GUY,2010,4.13844160137342,4.3005534033896,11.632,14.5417,203.635833333333,782063529.783998,,-7.1762463185401,0.18
Guyana,GUY,2011,5.19625156051602,4.4073041447003,11.811,14.4514027777778,204.0175,801777696.093639,,-10.0853362607878,0.1
Guyana,GUY,2012,5.27633062046809,2.39057526653742,12.029,13.8611111111111,204.358333333333,864028135.128365,,-9.02441909942374,0.14
Guyana,GUY,2013,3.65338433338232,1.9111250917408,12.296,13.5,205.394166666667,783621040.872284,,-10.9417365700277,0.11
Guyana,GUY,2014,1.68649445019584,0.683700250354637,12.637,12.8333333333333,206.449166666667,667925088.815999,,-9.33174702245427,0.09
Guyana,GUY,2015,0.687404590619494,-0.865401289233742,13.009,12.8333305555555,206.5,531887027.917001,,-0.907095962415786,0.13
Guyana,GUY,2016,3.80745626378814,0.826177341246544,13.263,13.0,206.5,580981472.737257,,3.37225553747118,0.39
Guyana,GUY,2017,3.73449154571284,1.94571617739331,13.466,13.0,206.5,565363504.401139,,-2.56042552466991,1.0
Guyana,GUY,2018,4.44091288475967,1.25128567037044,13.627,13.0,207.716666666667,518509369.454311,,-26.677311081907,1.83
Guyana,GUY,2019,5.35284003535665,2.11238986774464,13.172,10.4791666666667,208.5,573446281.433525,,-57.1070048116683,2.16
Guyana,GUY,2020,43.479651716849,0.722434045501787,15.308,9.46527777777779,208.5,680634183.680422,,-11.6095974967976,0.37
Guyana,GUY,2021,20.0599975568418,4.50619858925893,14.576,8.875,208.5,790784502.119024,,-16.9076142307927,0.08
Guyana,GUY,2022,63.3346343654855,6.93346066500816,11.907,8.41666666666667,208.5,917877051.389658,,28.8207770246115,1.69
Guyana,GUY,2023,33.795011115873,2.82159393090811,11.917,8.375,208.5,895275181.194153,,13.902228797549,5.03
Guyana,GUY,2024,43.8192726391966,2.90379501424778,11.874,8.375,208.5,1009772163.61402,,,5.14
Guyana,GUY,2025,19.3360097091818,3.32982339132475,11.962,8.23263888888889,208.5,1356212379.05664,,,4.21
Haiti,HTI,2000,0.870059259424892,9.33322197565603,8.443,16.4937499999999,21.1706666666667,182507938.09891,,-1.67621475073065,6.24
Haiti,HTI,2001,-0.342747883252144,13.31672224251,9.728,17.8499999999999,24.4290833333333,141791473.952002,,-2.08307988263304,3.88
Haiti,HTI,2002,1.05182013450109,7.03287406224601,11.008,17.9375,29.2504833333333,82171313.9951751,,-1.43332565140445,1.67
Haiti,HTI,2003,3.48077973188326,28.6995777887374,12.151,23.209375,42.3667583333334,62581880.5006275,,-0.882895522214382,1.13
Haiti,HTI,2004,-1.3178567596495,21.0318339277222,13.415,25.2,38.3520333333333,189071925.394247,,-1.02474624447533,1.35
Haiti,HTI,2005,3.07217337664731,13.973008326384,14.559,23.2,40.44855,219055947.35269,,0.100253910234458,3.22
Haiti,HTI,2006,1.76875060288195,11.3452152244299,15.866,26.3666666666667,40.4085166666666,367815246.98156,,-1.11312873282486,4.97
Haiti,HTI,2007,4.70652994008303,6.55722772638066,16.8,23.0833333333333,36.8614166666667,582010074.440742,,-0.929422111465849,5.02
Haiti,HTI,2008,2.6580323082747,15.2817744823772,16.204,17.8108333333333,39.1075916666667,705361460.24731,,-1.96314882897523,1.92
Haiti,HTI,2009,5.89037894844316,0.393886040173341,15.398,17.3291666666667,41.1976083333333,1092529058.80375,,-1.05359702519352,0.16
Haiti,HTI,2010,-5.65151153448299,4.82734190074673,15.244,17.4816666666667,39.7974,1934159446.98169,,-0.85860185595704,0.18
Haiti,HTI,2011,5.09821354410036,6.33279483849042,14.506,11.61,40.5228219393745,1923168994.80294,,-2.48774144631427,0.1
Haiti,HTI,2012,0.502424403581585,5.01804155429246,14.1,8.93416666666667,41.9497229523156,2210669134.4783,,-3.14501833525929,0.14
Haiti,HTI,2013,4.32478411472874,4.76502404779142,13.704,8.7225,43.4627833333333,2444136223.79645,,-3.76338389441216,0.11
Haiti,HTI,2014,2.88877250863379,3.43816659958601,13.808,10.7733333333333,45.2159808923792,1960922745.72932,,-4.95582102756805,0.09
Haiti,HTI,2015,1.40000000859727,6.73184069658997,13.785,12.9233333333333,50.7064266739439,1902499197.97709,,-1.82345284080223,0.13
Haiti,HTI,2016,1.81246807847532,11.5029073942666,13.902,13.2325,63.3358183698924,2081778585.31217,,-1.6908478904356,0.39
Haiti,HTI,2017,2.51027134544685,10.6800887242584,13.932,12.7491666666667,64.7696802849928,2316457386.78663,,-2.15252938271163,1.0
Haiti,HTI,2018,1.66781095484656,12.4814111170435,13.934,13.1025,68.0317539812812,2273981843.67693,,-2.89019632961826,1.83
Haiti,HTI,2019,-1.72309699839232,18.7037825672506,14.095,14.1216666666667,88.8149661769193,2355488437.86306,,-1.12265260280797,2.16
Haiti,HTI,2020,-3.30550546965893,22.7963113642528,15.573,14.6341666666667,93.5098072136213,2590258526.98275,,0.355302483558182,0.37
Haiti,HTI,2021,-1.79823988931486,16.8415240198785,15.296,13.3475,89.2266365116304,2457439221.85644,,0.422336531055296,0.08
Haiti,HTI,2022,-1.68198396897978,33.98393194707,14.54,13.12,115.630715521746,2173397186.29319,,-2.44594832666715,1.69
Haiti,HTI,2023,-1.86388420254838,36.8135162780854,14.459,14.2141666666667,141.035912702189,2583016532.68436,,-3.48716065487916,5.03
Haiti,HTI,2024,-4.18495104762965,26.9490564091987,14.609,13.3766666666667,131.810991666667,2714226653.6402,,-0.598367468302653,5.14
Haiti,HTI,2025,-2.71291075761471,28.6427976686095,14.944,13.0083333333333,130.626409210526,3393059214.4675,,,4.21
Heavily indebted poor countries (HIPC),HPC,2000,2.87546253463213,4.16540442290283,5.14154508627694,,,,,,6.24
Heavily indebted poor countries (HIPC),HPC,2001,3.66886843342178,4.60374621964682,5.07110613621308,,,,,,3.88
Heavily indebted poor countries (HIPC),HPC,2002,3.91152167292262,3.8957052575849,5.03903619896395,,,,,,1.67
Heavily indebted poor countries (HIPC),HPC,2003,4.02482247486702,5.30238773219936,4.99178021799851,,,,,,1.13
Heavily indebted poor countries (HIPC),HPC,2004,5.76682428125785,4.47499289078107,4.85136488879186,,,,,,1.35
Heavily indebted poor countries (HIPC),HPC,2005,5.53118064970333,8.16954604881263,4.68922289072775,,,,,,3.22
Heavily indebted poor countries (HIPC),HPC,2006,5.72439626364614,6.73993060387505,4.59642816898817,,,,,,4.97
Heavily indebted poor countries (HIPC),HPC,2007,5.48012948924681,7.25410841304887,4.54506136589078,,,,,,5.02
Heavily indebted poor countries (HIPC),HPC,2008,5.62193432550791,10.6597978997424,4.5262370792047,,,,,,1.92
Heavily indebted poor countries (HIPC),HPC,2009,3.47294778967044,4.36234829325719,4.57407582008614,,,,,,0.16
Heavily indebted poor countries (HIPC),HPC,2010,6.20754117512882,4.69889064976232,4.78571428120254,,,,,,0.18
Heavily indebted poor countries (HIPC),HPC,2011,4.15364240429574,6.4293968107234,4.74535045997051,,,,,,0.1
Heavily indebted poor countries (HIPC),HPC,2012,4.04293845307305,6.31474450315177,4.56094900790948,,,,,,0.14
Heavily indebted poor countries (HIPC),HPC,2013,6.16437839840991,5.16189898581494,4.27857896799128,,,,,,0.11
Heavily indebted poor countries (HIPC),HPC,2014,5.45421217506326,4.40535234185293,4.29007836108981,,,,,,0.09
Heavily indebted poor countries (HIPC),HPC,2015,4.90646824015406,3.55075967356746,4.42098675547524,,,,,,0.13
Heavily indebted poor countries (HIPC),HPC,2016,4.30006123912206,4.38389195513915,4.36188759881032,,,,,,0.39
Heavily indebted poor countries (HIPC),HPC,2017,5.06377966448277,4.5783374121255,4.36920088303381,,,,,,1.0
Heavily indebted poor countries (HIPC),HPC,2018,4.18286148680316,3.01748181031406,4.33410256985773,,,,,,1.83
Heavily indebted poor countries (HIPC),HPC,2019,4.20365615145262,2.83514555687506,4.32898652284681,,,,,,2.16
Heavily indebted poor countries (HIPC),HPC,2020,0.003077720499121,3.47617372722187,5.02089641432522,,,,,,0.37
Heavily indebted poor countries (HIPC),HPC,2021,4.35683661926664,4.37012190478157,4.93715177073133,,,,,,0.08
Heavily indebted poor countries (HIPC),HPC,2022,4.89961676353468,9.65914753785069,4.43373072825994,,,,,,1.69
Heavily indebted poor countries (HIPC),HPC,2023,3.48241783540763,7.12697482131851,4.19910039388827,,,,,,5.03
Heavily indebted poor countries (HIPC),HPC,2024,5.12099358552982,4.60621098127101,4.1513349312603,,,,,,5.14
Heavily indebted poor countries (HIPC),HPC,2025,5.82575819723698,3.40373458279055,4.14304356025997,,,,,,4.21
High income,,2000,4.29688509034949,2.71943995691976,7.02330313623046,,,,,,6.24
High income,,2001,1.57447034113088,2.62741314203333,6.87071224329616,,,,,,3.88
High income,,2002,1.64870786725287,2.11628413580454,7.19400136875408,,,,,,1.67
High income,,2003,2.27744541607615,2.06537075200125,7.31975182069287,,,,,,1.13
High income,,2004,3.50847170614612,2.20673661423657,7.09580038296239,,,,,,1.35
High income,,2005,3.0112867819375,2.65848484065262,6.78167259931937,,,,,,3.22
High income,,2006,3.26145278133725,2.72004750529275,6.3039356566465,,,,,,4.97
High income,,2007,2.91590165049769,2.85289842680654,5.69663126724595,,,,,,5.02
High income,,2008,0.692267787743873,4.66900841902491,5.93249084408943,,,,,,1.92
High income,,2009,-3.36258268929106,1.61510464058236,8.04050429042724,,,,,,0.16
High income,,2010,3.04683444307592,2.13371996141622,8.18131945166258,,,,,,0.18
High income,,2011,2.00784908171023,3.4137454766178,7.81133658494185,,,,,,0.1
High income,,2012,1.50928803370365,2.71011917735495,7.72288058823355,,,,,,0.14
High income,,2013,1.61422769521758,1.50472330251876,7.63564838816418,,,,,,0.11
High income,,2014,2.21112181112177,1.0411962117843,7.03903527191047,,,,,,0.09
High income,,2015,2.36450358189597,0.330027165141066,6.55114180038431,,,,,,0.13
High income,,2016,1.83965907046031,0.394769306686392,6.11023166310052,,,,,,0.39
High income,,2017,2.49197626247846,1.58909413567799,5.57808653810898,,,,,,1.0
High income,,2018,2.4045350031779,1.88110755567036,5.0794494069113,,,,,,1.83
High income,,2019,1.90035790608474,1.61520141548374,4.76095962548232,,,,,,2.16
High income,,2020,-3.86618363020789,0.598986330824643,6.46030036409899,,,,,,0.37
High income,,2021,5.97111332006301,2.51837109614213,5.56341269080663,,,,,,0.08
High income,,2022,3.1058606935064,7.53107834634288,4.50967974234969,,,,,,1.69
High income,,2023,1.79534582183456,4.73151302622883,4.33657934041449,,,,,,5.03
High income,,2024,1.96948428510512,2.38158383281173,4.36900295139978,,,,,,5.14
High income,,2025,1.90733502746166,2.34898778499373,4.40673460951033,,,,,,4.21
Honduras,HND,2000,9.61221879337278,11.0480349344976,3.883,26.8241666666667,14.840625,1318911702.08956,,-7.07233719340069,6.24
Honduras,HND,2001,2.72319327321379,9.67415556864781,4.0,23.7641666666667,15.476825,1421477787.98415,,-6.25613323410572,3.88
Honduras,HND,2002,3.75433786119939,7.6905097203429,4.02,22.6914278141648,16.4370583333333,1531434578.91108,,-3.58312677859623,1.67
Honduras,HND,2003,4.54703805165397,7.67416639397743,5.3,20.804133607232,17.3524916666667,1438959955.79707,,-6.71681853158575,1.13
Honduras,HND,2004,6.23230296069102,8.11379097093383,5.99,19.8764001803099,18.209725,1979756033.05793,,-7.70512924930615,1.35
Honduras,HND,2005,6.05059922215973,8.80906074819817,4.909,18.8310833333333,18.8323416666667,2338186932.81308,,-3.1191412568269,3.22
Honduras,HND,2006,6.56724355177587,5.57775207654292,3.574,17.4366666666667,18.8952083333333,2642084905.68856,,-3.50496253709121,4.97
Honduras,HND,2007,6.18832716678008,6.93621470895786,3.211,16.605,18.8951,2545868542.49309,,-9.02947363444767,5.02
Honduras,HND,2008,4.23160011009342,11.4034270813932,3.156,17.9366666666667,18.9037583333333,2491985114.90881,,-15.3428520557686,1.92
Honduras,HND,2009,-2.43162787988011,5.49634273772203,3.292,19.445,18.8951,2109755373.29455,,-3.81596304131541,0.16
Honduras,HND,2010,3.73114034433009,4.69889064976232,4.119,18.8646641666667,18.8951,2701658713.56721,,-5.07642907628295,0.18
Honduras,HND,2011,3.83569066207505,6.7622795731476,4.474,18.5575316666667,18.9171416666667,2783412545.8905,,-7.95391811894249,0.1
Honduras,HND,2012,4.12868774866939,5.19618615531848,3.755,18.4506991666667,19.5022495121615,2531802698.50519,,-8.53140502862293,0.14
Honduras,HND,2013,2.79155975746801,5.16189898581494,5.646,20.0808666666667,20.3537791666667,3008344136.25706,,-9.52729388609889,0.11
Honduras,HND,2014,3.0580805621437,6.12924930313031,7.078,20.6122183333333,20.9871583333333,3458313625.72098,,-6.94516636573267,0.09
Honduras,HND,2015,3.84007997093951,3.15783117980915,6.147,20.6575666666667,21.945175,3754265677.88215,,-4.67090141649466,0.13
Honduras,HND,2016,3.89297219726413,2.72461223295289,6.727,19.3319391666667,22.835018390426,3813545536.14649,,-3.14341400861299,0.39
Honduras,HND,2017,4.84291391050387,3.93436084442037,5.528,19.2586933333333,23.4870839434552,4708097401.41206,,-1.24589511291671,1.0
Honduras,HND,2018,3.84499476966735,4.34734937777536,5.648,17.8041666666667,23.9027282925432,4769082161.53781,,-6.57234650779592,1.83
Honduras,HND,2019,2.55963434592314,4.36587159819274,5.698,17.3391666666667,24.5085389148926,5744253369.31693,,-2.65600856407128,2.16
Honduras,HND,2020,-8.96508223267296,3.46841177951171,10.982,17.0091666666667,24.5818805172846,8138457727.65673,,2.85135257343249,0.37
Honduras,HND,2021,12.5652843771279,4.48087963413446,8.506,15.9658333333333,24.0166553242681,8666862380.88312,,-5.4643429246452,0.08
Honduras,HND,2022,4.14356194013767,9.08963911525032,8.774,14.6070354831009,24.4858737291131,8410394831.45325,,-6.86234245630112,1.69
Honduras,HND,2023,3.57584760454412,6.66325180347463,6.07,14.3986403668225,24.6016468236818,7543352779.92798,,-4.21839287405186,5.03
Honduras,HND,2024,3.63240745450875,4.60621098127101,4.91,15.9990681802525,24.7992824415521,8036257488.95927,,-4.36882938701959,5.14
Honduras,HND,2025,3.75143102801252,4.59657982325258,4.92,18.5835047339888,25.9526748179551,10204178100.1231,,2.36278673646188,4.21
"Hong Kong SAR, China",HKG,2000,7.66344398397743,-3.68550368550369,4.92,9.27083333333333,7.79116666666667,107560388150.0,,4.39495330629626,6.24
"Hong Kong SAR, China",HKG,2001,0.560867137855524,-1.65816326530609,5.09,6.84375,7.79875,111173525500.0,,6.1342321083476,3.88
"Hong Kong SAR, China",HKG,2002,1.6567016736435,-2.98313878080415,7.28,5.10416666666667,7.79891666666667,111918964250.0,,7.89242487198891,1.67
"Hong Kong SAR, China",HKG,2003,3.05635886663597,-2.67379679144394,7.86,5.0,7.78675,118388035750.0,,10.7870611277598,1.13
"Hong Kong SAR, China",HKG,2004,8.70006555836002,-0.274725274725253,6.74,5.02083333333333,7.788,123569257524.0,,9.94811890844344,1.35
"Hong Kong SAR, China",HKG,2005,7.38815395153696,0.826446280991827,5.58,6.20833333333333,7.77733333333333,124278371000.0,,11.8823196567725,3.22
"Hong Kong SAR, China",HKG,2006,7.03264766297669,2.00025160397534,4.77,7.91666666666667,7.76783333333333,133210591900.0,,12.6877195301892,4.97
"Hong Kong SAR, China",HKG,2007,6.46482809096842,2.03502713369511,4.01,7.5625,7.80141666666666,152692861250.0,,13.0222250225228,5.02
"Hong Kong SAR, China",HKG,2008,2.12793685154209,4.30315484104921,3.56,5.3125,7.78683333333333,182527273250.0,,14.9909891618182,1.92
"Hong Kong SAR, China",HKG,2009,-2.45909150468412,0.579441418472608,5.26,5.0,7.75175,255840862500.0,,9.88359042348121,0.16
"Hong Kong SAR, China",HKG,2010,6.76770683250318,2.29289088604673,4.329,5.0,7.76916666666667,,,7.00327306349559,0.18
"Hong Kong SAR, China",HKG,2011,4.81466801092733,5.3052489299392,3.422,5.0,7.784,285398502220.272,,5.55641787886821,0.1
"Hong Kong SAR, China",HKG,2012,1.70032214482865,4.05390950903844,3.285,5.0,7.75641666666666,317362272179.561,,1.57916253447198,0.14
"Hong Kong SAR, China",HKG,2013,3.10155262780289,4.33799342105267,3.4,5.0,7.756,311209660700.802,,1.52003210528648,0.11
"Hong Kong SAR, China",HKG,2014,2.76241378329884,4.42364532019699,3.296,5.0,7.75408333333333,328516955803.693,,1.39201098734822,0.09
"Hong Kong SAR, China",HKG,2015,2.38780116013344,2.99084819322581,3.314,5.0,7.75175,358772789814.908,,3.31756278823981,0.13
"Hong Kong SAR, China",HKG,2016,2.17544820327555,2.40930743862224,3.392,5.0,7.76225,386293451174.891,,3.95440937584328,0.39
"Hong Kong SAR, China",HKG,2017,3.79610937243891,1.49387243939522,3.124,5.0,7.79325,431441967070.678,,4.57729182218876,1.0
"Hong Kong SAR, China",HKG,2018,2.84690922660509,2.40613432046534,2.805,5.04166666666667,7.8385,424619925347.188,,3.73603565842398,1.83
"Hong Kong SAR, China",HKG,2019,-1.67242865968056,2.88320853773996,2.917,5.10416666666667,7.83591666666667,441349592235.762,,5.85365354996684,2.16
"Hong Kong SAR, China",HKG,2020,-6.54479640529367,0.2509620210808,5.808,5.0,7.75725,491775722027.416,,6.9941218948511,0.37
"Hong Kong SAR, China",HKG,2021,6.45443038333934,1.56875834445922,5.174,5.0,7.77325,496867134129.408,,11.8330568374943,0.08
"Hong Kong SAR, China",HKG,2022,-3.68528359281325,1.88136707196853,4.318,5.10416666666667,7.83141666666666,424029810371.016,,10.1833824243169,1.69
"Hong Kong SAR, China",HKG,2023,3.15034461759902,2.09660511249089,2.949,5.77083333333333,7.82958333333333,425554111033.182,,8.49295855308808,5.03
"Hong Kong SAR, China",HKG,2024,2.62936861207362,1.72972119105914,2.988,5.73958333333333,7.80383333333334,,,13.3384324463252,5.14
"Hong Kong SAR, China",HKG,2025,3.48764886355949,1.43633540372673,2.799,5.17708333333333,7.79708333333333,,,,4.21
Hungary,HUN,2000,4.40937501806403,9.80361016908125,6.563,12.6,282.179166666667,11217315165.5179,61.6159572531064,-8.82808863842537,6.24
Hungary,HUN,2001,4.06202617226026,9.11680911680911,5.671,12.1166666666667,286.49,10755092580.6117,59.8612785648418,-6.11450861059176,3.88
Hungary,HUN,2002,4.73006530805553,5.26544821583985,5.608,10.1688765035317,257.886666666667,10383091414.6763,59.6833271190358,-6.44836058797406,1.67
Hungary,HUN,2003,3.93877761242727,4.66101694915254,5.79,9.60342391546246,224.306666666667,12793544668.5651,60.5731508002625,-8.26371787576549,1.13
Hungary,HUN,2004,4.96312536156307,6.74434679569469,5.832,12.8245260157791,202.745833333333,15965389147.5829,63.7677193421039,-9.08123363089425,1.35
Hungary,HUN,2005,4.30028318461673,3.56151711378352,7.189,8.54094532697993,199.5825,18602833677.5891,65.8167847155483,-9.8868101970247,3.22
Hungary,HUN,2006,3.93393162712054,3.93032603841001,7.494,8.07941498799324,210.39,21589904536.919,68.8174002831763,-7.28544270320023,4.97
Hungary,HUN,2007,0.332354337878925,7.9587451654491,7.406,9.08594749573091,183.625833333333,24052210871.1505,69.6770160641219,-7.2863644008897,5.02
Hungary,HUN,2008,0.993437085479655,6.0425125388106,7.817,10.1816677384355,172.113333333333,33873898857.8996,73.3327228037818,-7.26832036226062,1.92
Hungary,HUN,2009,-6.7401660845502,4.21171171171171,10.03,11.036862215741,202.341666666667,44181292716.986,81.9727102365894,-1.21974951373382,0.16
Hungary,HUN,2010,1.06795068152046,4.85555795691956,11.172,7.58692511347841,207.944166666667,44988182851.216,81.9782851366397,-0.188218208390541,0.18
Hungary,HUN,2011,1.91670916599742,3.9299209893507,11.029,8.32038166635833,201.055,48831918088.5214,91.2838583706876,0.428842717780173,0.1
Hungary,HUN,2012,-1.33948446518181,5.65214517088646,11.003,9.00154451059167,225.104166666667,44670620404.4239,95.209254283133,1.0790451227521,0.14
Hungary,HUN,2013,2.03216990678146,1.73319984983101,10.177,6.30391235390834,223.695,46508013997.58,95.9738781592431,2.99109062228033,0.11
Hungary,HUN,2014,4.33435364113967,-0.227566270988219,7.725,4.44753432715834,232.601666666667,42019881301.2031,100.093027733158,0.747477578049872,0.09
Hungary,HUN,2015,3.65981615406955,-0.0616446800641672,6.813,2.90249069046667,279.3325,33124288325.6273,98.3779020318993,2.11856059497338,0.13
Hungary,HUN,2016,2.43864141309342,0.394769306686392,5.115,2.08907111213333,281.523333333333,25824253667.337,98.6243511146021,4.40234047330024,0.39
Hungary,HUN,2017,4.12418389451805,2.34824281150154,4.156,1.48114342166667,274.433333333333,28002680652.4484,93.7843161146645,1.71954655139942,1.0
Hungary,HUN,2018,5.60613813768876,2.85024792594646,3.667,1.47096759300833,270.211666666667,31366581856.0416,88.0341072816668,0.340906702488933,1.83
Hungary,HUN,2019,5.07718495088933,3.33858635382008,3.411,1.79243378790833,290.66,31831003374.707,84.5853805934757,-0.606737568975121,2.16
Hungary,HUN,2020,-4.33872540024058,3.32674385766738,4.248,1.95768913324167,307.996666666667,41349416012.5512,97.2770501317352,-1.03428088875148,0.37
Hungary,HUN,2021,7.22291580811137,5.11096534382855,4.021,2.9645376181,303.140833333333,43483375179.1178,88.7340289766468,-4.28505680487642,0.08
Hungary,HUN,2022,4.15238057779229,14.6081439492433,3.583,10.6554314535917,372.595833333333,41218685384.2451,77.9862613165307,-8.78389100676721,1.69
Hungary,HUN,2023,-0.817107370513455,17.1249659678737,4.096,15.3020823180167,353.088333333333,45718623573.4135,82.3716217217806,-0.0079800202445819,5.03
Hungary,HUN,2024,0.709070599066038,3.70370370370369,4.5,9.12671515640833,365.690833333333,46422357553.8952,81.9885115322258,1.84213300452467,5.14
Hungary,HUN,2025,0.509542309726868,4.41198445905562,4.521,8.01151582250833,353.14,59094575606.7599,,1.6548423815673,4.21
IBRD only,IBD,2000,5.91015942330233,4.68757013735526,6.5378671665525,,,,,,6.24
IBRD only,IBD,2001,3.65234065611351,5.39883985897829,6.68806846107529,,,,,,3.88
IBRD only,IBD,2002,4.51342025362746,4.1500586166472,6.90119517399481,,,,,,1.67
IBRD only,IBD,2003,5.89113199130702,4.09500376698844,6.97665523180592,,,,,,1.13
IBRD only,IBD,2004,7.73158628732457,4.69938972474513,6.81767500872433,,,,,,1.35
IBRD only,IBD,2005,7.25070696076966,4.90328350926892,6.7433312220245,,,,,,3.22
IBRD only,IBD,2006,8.3308609740977,5.64087772156342,6.51847415278713,,,,,,4.97
IBRD only,IBD,2007,8.95753247947854,5.43249256550149,6.33250535472639,,,,,,5.02
IBRD only,IBD,2008,5.93831598884324,9.41346312169848,6.30181703865489,,,,,,1.92
IBRD only,IBD,2009,2.78964048472359,3.73014786563159,6.61644359608536,,,,,,0.16
IBRD only,IBD,2010,7.76445831496306,4.11211139315219,6.38041154792517,,,,,,0.18
IBRD only,IBD,2011,6.34796525091978,5.55389892257493,6.26592646975982,,,,,,0.1
IBRD only,IBD,2012,5.46243794859487,4.2795142691943,6.18009390756913,,,,,,0.14
IBRD only,IBD,2013,5.21442724745644,3.89555152647667,6.18706162531591,,,,,,0.11
IBRD only,IBD,2014,4.78001444086,3.50379093139812,6.16790791106399,,,,,,0.09
IBRD only,IBD,2015,4.31854010648796,3.09551722027242,6.30417535482962,,,,,,0.13
IBRD only,IBD,2016,4.44703872345713,2.12081713361588,6.41617806380602,,,,,,0.39
IBRD only,IBD,2017,5.16179362572515,3.32389447576097,6.39131744182123,,,,,,1.0
IBRD only,IBD,2018,4.86157952405858,3.20720069534783,6.28190637378299,,,,,,1.83
IBRD only,IBD,2019,3.98803326580348,2.51105615927257,6.06655916125813,,,,,,2.16
IBRD only,IBD,2020,-1.28694758331594,2.41513094083414,6.95128407575739,,,,,,0.37
IBRD only,IBD,2021,7.62447663420478,4.27166381536798,6.31312953704222,,,,,,0.08
IBRD only,IBD,2022,3.76945565506477,9.10437983075437,5.56994264084484,,,,,,1.69
IBRD only,IBD,2023,4.63911789010562,5.87451911590197,5.11483631019168,,,,,,5.03
IBRD only,IBD,2024,4.4256614810418,3.54713144937457,5.02160062447022,,,,,,5.14
IBRD only,IBD,2025,4.30532305518705,3.68256369784336,4.97728646218035,,,,,,4.21
IDA & IBRD total,IBT,2000,5.74178772143685,4.18234633956545,6.13816528121627,,,,,,6.24
IDA & IBRD total,IBT,2001,3.69028242428584,5.00743290822373,6.25511128517531,,,,,,3.88
IDA & IBRD total,IBT,2002,4.60038023716238,3.8957052575849,6.42004833349401,,,,,,1.67
IDA & IBRD total,IBT,2003,5.8006835934344,4.52733824219011,6.47146966831216,,,,,,1.13
IDA & IBRD total,IBT,2004,7.64643413599444,4.46346840736576,6.31917928815113,,,,,,1.35
IDA & IBRD total,IBT,2005,7.16135249237688,6.08218729535043,6.23544419009254,,,,,,3.22
IDA & IBRD total,IBT,2006,8.14150113123003,6.12556615620285,6.01942694309996,,,,,,4.97
IDA & IBRD total,IBT,2007,8.7124686527373,6.14356655248047,5.86213546063134,,,,,,5.02
IDA & IBRD total,IBT,2008,5.86781200796165,10.2783937621135,5.84641495837857,,,,,,1.92
IDA & IBRD total,IBT,2009,2.96850587643233,3.9989545184994,6.10349138905202,,,,,,0.16
IDA & IBRD total,IBT,2010,7.63752183781108,4.15672722680174,5.89357507981921,,,,,,0.18
IDA & IBRD total,IBT,2011,6.16961844156367,5.79301069011207,5.80496166155309,,,,,,0.1
IDA & IBRD total,IBT,2012,5.30457218076941,5.00686319367273,5.80125250741964,,,,,,0.14
IDA & IBRD total,IBT,2013,5.23089944476254,4.3411548980431,5.76329271095437,,,,,,0.11
IDA & IBRD total,IBT,2014,4.82932919233134,3.52566203758282,5.72458407935885,,,,,,0.09
IDA & IBRD total,IBT,2015,4.25326636645823,3.12900274473925,5.89281637093057,,,,,,0.13
IDA & IBRD total,IBT,2016,4.35480936392952,2.81495791361944,5.9532852798488,,,,,,0.39
IDA & IBRD total,IBT,2017,5.07330968455011,3.33787586109568,5.97437329582885,,,,,,1.0
IDA & IBRD total,IBT,2018,4.82460273989518,3.08668284239473,5.91052378397874,,,,,,1.83
IDA & IBRD total,IBT,2019,3.98475924215585,2.6806827895334,5.76754375212112,,,,,,2.16
IDA & IBRD total,IBT,2020,-1.32331489746059,2.8981937602627,6.61408029513375,,,,,,0.37
IDA & IBRD total,IBT,2021,7.35158119263311,4.25936417542868,6.14426628538333,,,,,,0.08
IDA & IBRD total,IBT,2022,3.8271063174832,9.08963911525032,5.38688118322023,,,,,,1.69
IDA & IBRD total,IBT,2023,4.52590057203417,6.09114152504141,4.95229978677743,,,,,,5.03
IDA & IBRD total,IBT,2024,4.42022565074735,3.62770736940927,4.87492589830662,,,,,,5.14
IDA & IBRD total,IBT,2025,4.33570580325535,3.51074539609587,4.84350017425836,,,,,,4.21
IDA blend,IDB,2000,3.52567030243445,2.79910741834291,3.82333592364451,,,,,,6.24
IDA blend,IDB,2001,3.97205000094026,4.31709969236181,3.72882194919706,,,,,,3.88
IDA blend,IDB,2002,6.38124671767559,2.95584372642747,3.53946096491474,,,,,,1.67
IDA blend,IDB,2003,4.52441763529291,2.91413470059479,3.42217572676054,,,,,,1.13
IDA blend,IDB,2004,7.38136879873696,2.82748519391201,3.27695586964826,,,,,,1.35
IDA blend,IDB,2005,5.97335107962856,3.475806937554,3.2286448044491,,,,,,3.22
IDA blend,IDB,2006,5.73601373606596,4.25195321977967,3.13594252329219,,,,,,4.97
IDA blend,IDB,2007,5.44679223336013,4.41099704193489,3.01249783655869,,,,,,5.02
IDA blend,IDB,2008,4.20775016278579,8.0332732765034,3.04378002820466,,,,,,1.92
IDA blend,IDB,2009,5.89629202688857,1.01950457731138,3.09853098089253,,,,,,0.16
IDA blend,IDB,2010,5.95474815245542,3.3434265756174,3.14320402026914,,,,,,0.18
IDA blend,IDB,2011,4.26532898947684,4.47388342165023,3.19533203358853,,,,,,0.1
IDA blend,IDB,2012,4.54052627515023,4.17763587102515,4.08486021677751,,,,,,0.14
IDA blend,IDB,2013,5.73609715250456,2.58117037252936,3.70433029886193,,,,,,0.11
IDA blend,IDB,2014,5.8248246616925,1.20139964481058,3.3801313878636,,,,,,0.09
IDA blend,IDB,2015,3.9277692964975,1.37488542621447,4.00215322009935,,,,,,0.13
IDA blend,IDB,2016,2.37410124286114,1.65038994431573,3.73137542358032,,,,,,0.39
IDA blend,IDB,2017,2.82463712924834,1.14765339305816,4.34851254345894,,,,,,1.0
IDA blend,IDB,2018,3.8983413977238,2.48030843191907,4.76275439835545,,,,,,1.83
IDA blend,IDB,2019,3.06868522671206,1.9999797664804,5.0804070213856,,,,,,2.16
IDA blend,IDB,2020,-3.22553173097771,2.1039488213608,5.79415278844651,,,,,,0.37
IDA blend,IDB,2021,4.36009454869888,3.46677876951929,5.813781237265,,,,,,0.08
IDA blend,IDB,2022,4.82256296455954,6.64110132423665,4.7445653467311,,,,,,1.69
IDA blend,IDB,2023,2.87508782353444,4.56457719814894,4.36958257524396,,,,,,5.03
IDA blend,IDB,2024,4.11563151662068,3.45053028131019,4.43949809013088,,,,,,5.14
IDA blend,IDB,2025,4.57673954149303,2.40069559361747,4.42715825954522,,,,,,4.21
IDA only,IDX,2000,4.36228900362401,4.08876261680312,4.73287488547404,,,,,,6.24
IDA only,IDX,2001,4.24080621347814,4.7148963468961,4.77529106040507,,,,,,3.88
IDA only,IDX,2002,4.67188322019085,4.60574757807992,4.84933668416053,,,,,,1.67
IDA only,IDX,2003,5.15164613105814,5.70700931874738,4.86883782766902,,,,,,1.13
IDA only,IDX,2004,6.03016611583492,4.66846622369881,4.7859524360758,,,,,,1.35
IDA only,IDX,2005,6.40577451885788,7.20288349647587,4.6516678563648,,,,,,3.22
IDA only,IDX,2006,6.37650965376993,6.73026291414056,4.46410290906953,,,,,,4.97
IDA only,IDX,2007,6.46657788107126,7.13981139139829,4.50752544150733,,,,,,5.02
IDA only,IDX,2008,5.92600680729333,11.4846669599236,4.60439548603495,,,,,,1.92
IDA only,IDX,2009,4.17188333765178,4.53017659132801,4.6806678937123,,,,,,0.16
IDA only,IDX,2010,6.45708563967116,4.82734190074673,4.54322123586762,,,,,,0.18
IDA only,IDX,2011,3.98715488656238,6.7395240045165,4.57016379793951,,,,,,0.1
IDA only,IDX,2012,2.36503313187852,6.05143662139967,4.57527350048646,,,,,,0.14
IDA only,IDX,2013,5.10918682572196,5.16189898581494,4.51023719758888,,,,,,0.11
IDA only,IDX,2014,4.9923958045545,4.40535234185293,4.53885193995517,,,,,,0.09
IDA only,IDX,2015,3.01701813615682,3.40274327737188,4.66516707695412,,,,,,0.13
IDA only,IDX,2016,4.18372892932952,3.74103082110771,4.65649793185176,,,,,,0.39
IDA only,IDX,2017,5.22907858100467,4.31421134623784,4.63010594547981,,,,,,1.0
IDA only,IDX,2018,4.85450921076745,3.01748181031406,4.57603095021492,,,,,,1.83
IDA only,IDX,2019,4.82130049368115,3.09261003373251,4.58715903592676,,,,,,2.16
IDA only,IDX,2020,-0.335170512912143,3.94180326908065,5.36883540058505,,,,,,0.37
IDA only,IDX,2021,3.64269213685422,4.37012190478157,5.4758211874645,,,,,,0.08
IDA only,IDX,2022,4.31005230149408,9.57337118555953,4.84575036237372,,,,,,1.69
IDA only,IDX,2023,3.3073554888398,7.12142371831339,4.47548995238531,,,,,,5.03
IDA only,IDX,2024,4.57659622486648,4.25632834866278,4.3967369419449,,,,,,5.14
IDA only,IDX,2025,4.86860827326892,3.55071913108936,4.43073240687791,,,,,,4.21
IDA total,IDA,2000,3.93079800607958,3.86106534185509,4.41879573758311,,,,,,6.24
IDA total,IDA,2001,4.10358606262203,4.41977245881146,4.41300801781456,,,,,,3.88
IDA total,IDA,2002,5.54353841534332,3.82293995768478,4.39538296144678,,,,,,1.67
IDA total,IDA,2003,4.82926508246241,5.30297697364859,4.36679845445489,,,,,,1.13
IDA total,IDA,2004,6.72263368276644,4.37623907077312,4.26095308105496,,,,,,1.35
IDA total,IDA,2005,6.18279726300197,6.83633265892877,4.15643920973113,,,,,,3.22
IDA total,IDA,2006,6.04689219145386,6.2410332814282,4.0014311767834,,,,,,4.97
IDA total,IDA,2007,5.94330560127922,6.55722772638066,3.98489680875933,,,,,,5.02
IDA total,IDA,2008,5.04846721772508,10.7156661309681,4.05687082523928,,,,,,1.92
IDA total,IDA,2009,5.03177027953473,4.32909396037581,4.1230776222485,,,,,,0.16
IDA total,IDA,2010,6.20453015280762,4.3005534033896,4.04830534732675,,,,,,0.18
IDA total,IDA,2011,4.12668093578495,6.33279483849042,4.08445007343374,,,,,,0.1
IDA total,IDA,2012,3.45766587825051,5.59607014268585,4.40051440115524,,,,,,0.14
IDA total,IDA,2013,5.42734561353254,4.88516387595471,4.22340373585698,,,,,,0.11
IDA total,IDA,2014,5.41564567632231,3.52566203758282,4.1251730610122,,,,,,0.09
IDA total,IDA,2015,3.48188857013798,3.15783117980915,4.42667989026364,,,,,,0.13
IDA total,IDA,2016,3.25606924193475,3.21988689395718,4.32363603508757,,,,,,0.39
IDA total,IDA,2017,4.00703084076721,3.85067166284727,4.52920643847786,,,,,,1.0
IDA total,IDA,2018,4.37406543309571,2.84578376094084,4.64268643897519,,,,,,1.83
IDA total,IDA,2019,3.94468113264645,2.74447528387472,4.76341458315545,,,,,,2.16
IDA total,IDA,2020,-1.76868159241481,3.47617372722187,5.52030439819486,,,,,,0.37
IDA total,IDA,2021,3.99322003260568,4.17270582217659,5.59743166548829,,,,,,0.08
IDA total,IDA,2022,4.56135207487173,8.6807215073403,4.80930057278539,,,,,,1.69
IDA total,IDA,2023,3.09487183510299,7.10220928557059,4.4365457830767,,,,,,5.03
IDA total,IDA,2024,4.35048943307154,3.89084237884105,4.41260437296088,,,,,,5.14
IDA total,IDA,2025,4.72576659326165,3.36462189317825,4.42940600465558,,,,,,4.21
Iceland,ISL,2000,4.90518213950493,5.13647123245144,1.936,16.8,78.6159466666667,405074266.016599,57.5281607671929,-9.90092821228739,6.24
Iceland,ISL,2001,3.84093935332692,6.40508550386868,1.874,17.95,97.4246033333333,355376118.48792,59.6429980173993,-4.46418784541978,3.88
Iceland,ISL,2002,0.542286728290463,5.1970223021663,2.988,15.3666666666667,91.6616666666667,461532295.232005,55.714632803046,1.35331007867555,1.67
Iceland,ISL,2003,2.28136971847135,2.05566329753744,3.997,11.95,76.7089825,818644873.119899,53.8074063105902,-4.81453736951882,1.13
Iceland,ISL,2004,7.62260520494142,3.15819324298459,4.031,12.0166666666667,70.1916666666667,1074203553.34615,47.8003800930389,-9.96753224056791,1.35
Iceland,ISL,2005,7.02934061160924,3.98704782806593,2.547,14.7775286625066,62.9816666666667,1068602214.11431,83.2677822586796,-15.5493858867543,3.22
Iceland,ISL,2006,5.67161248703039,6.68707906136667,2.83,17.9089798240678,70.18,2342225223.0951,85.9662539768117,-22.6640150645584,4.97
Iceland,ISL,2007,8.74132941862472,5.05155736492143,2.251,19.2908142790323,64.055,2631913597.34891,83.0821198008625,-13.6329211934758,5.02
Iceland,ISL,2008,1.69961072411662,12.6943942775877,2.946,20.1461747797644,87.9479166666667,3570697294.05494,128.506321494882,-22.9534270277154,1.92
Iceland,ISL,2009,-8.32146414938261,12.0031298461743,7.22,18.9876587233745,123.638381413044,3882623015.92261,145.104759933745,-8.86751863700181,0.16
Iceland,ISL,2010,-2.22181843777449,5.39673113167484,7.564,10.2570286966844,122.241811205165,5788562800.11708,148.777767489614,-5.89839823423039,0.18
Iceland,ISL,2011,1.37999669197329,4.0010266434312,7.028,7.69807247344557,115.954039762284,8548042323.47084,155.158764944293,-4.48003338933172,0.1
Iceland,ISL,2012,1.16931174934061,5.18589988750698,6.0,8.3243387717752,125.082787013769,4191506843.5824,150.774647210171,-2.8528256872604,0.14
Iceland,ISL,2013,3.59695697128252,3.8722792374824,5.376,8.15166666666667,122.179121320458,4237652258.59372,139.919746812041,6.81968727360494,0.11
Iceland,ISL,2014,1.91381613095174,2.04461481539342,4.897,7.7425,116.767352506899,4177067541.46937,134.408470670298,4.94536463319528,0.09
Iceland,ISL,2015,3.76859020213645,1.63305558181335,3.979,7.61,131.918708431432,5040573412.30604,116.155544806503,6.302353095712,0.13
Iceland,ISL,2016,6.21808764670307,1.69692761997734,2.978,8.23666666666667,120.811548065239,7225621330.32653,101.938031553476,9.09605366960114,0.39
Iceland,ISL,2017,3.48506704155555,1.76041559180605,2.742,7.25583333333333,106.839572014,6566175919.51031,89.2469810873099,4.93029350539423,1.0
Iceland,ISL,2018,4.66077036232377,2.68291768267392,2.704,6.955,108.300176306626,6321213331.79507,80.6816491232151,4.44167966704129,1.83
Iceland,ISL,2019,1.13821227336888,3.01397179156061,3.507,6.95,122.606773601907,6782387111.82889,89.0165347839031,7.36415870134103,2.16
Iceland,ISL,2020,-6.64587810456635,2.84792401518657,5.478,5.75871241217229,135.421711629205,6419314385.06349,98.4737480563637,1.89912365465565,0.37
Iceland,ISL,2021,5.18057190719905,4.44423970189746,6.029,5.40415749831761,126.988860204557,7078849095.85852,94.3257130314702,-2.57256903046464,0.08
Iceland,ISL,2022,8.85729897856851,8.30875511558912,3.789,7.59730075370325,135.27990200138,5887412717.94843,85.0901362266873,-1.87532680194109,1.69
Iceland,ISL,2023,5.0322597376242,8.73630299937298,3.518,11.5309721139305,137.942952429967,5808710368.479,80.0942484071315,-1.20461319981755,5.03
Iceland,ISL,2024,-1.2828764442695,5.85683849970072,3.6,12.4573766403134,137.958025978154,6402950468.75603,,-3.24001683583074,5.14
Iceland,ISL,2025,1.27946207863934,4.09085056006515,3.625,11.008035068816,128.441487054951,7732180037.18594,,-3.47939799960139,4.21
India,IND,2000,3.84099115686554,4.0094359104519,7.589,12.2916666666667,44.941605,41059061574.6632,55.0042464964554,-0.982342580017138,6.24
India,IND,2001,4.82396626397303,3.77929312235637,7.611,12.0833333333333,47.1864141666667,49050841138.7213,59.0179097968845,0.290495460210208,3.88
India,IND,2002,3.80397532120038,4.29715203929562,7.681,11.9166666666667,48.6103191666667,71607865093.6969,62.5527712945573,1.37093793900847,1.67
India,IND,2003,7.86038147545045,3.80585899528853,7.633,11.4583333333333,46.5832841666667,103737208055.967,62.1900538960464,1.44355773291234,1.13
India,IND,2004,7.92293661307978,3.76725173477517,7.598,10.9166666666667,45.3164666666666,131631143125.845,62.5929767433885,0.110018010197154,1.35
India,IND,2005,7.92343062131789,4.24634362031924,7.551,10.75,44.099975,137824828256.285,62.2265261001737,-1.25350400207393,3.22
India,IND,2006,8.06073257305057,5.79652337561634,7.553,11.1875,45.3070083333333,178049790065.97,59.6667302762217,-0.988988302952292,4.97
India,IND,2007,7.66081506510766,6.37288135593231,7.562,13.0208333333333,41.3485333333333,276578100117.408,57.4975363892468,-0.663717648772609,5.02
India,IND,2008,3.08669805950082,8.34926704907575,7.629,13.3125,43.5051833333333,257422725614.879,57.2922142809949,-2.58337749259838,1.92
India,IND,2009,7.8618888330338,10.8823529411764,7.636,12.1875,48.4052666666666,284682887897.586,55.2564461117969,-1.95146209111802,0.16
India,IND,2010,8.49758470165625,11.9893899204245,7.631,8.33335,45.7258121212121,300480168786.346,51.5919103003897,-3.25348368945179,0.18
India,IND,2011,5.24131620024293,8.9117933648336,7.609,10.1666666666667,46.6704666666667,298739463090.872,51.5565536600977,-3.42928468606061,0.1
India,IND,2012,5.45638755164772,9.47899691419793,7.645,10.6041666666667,53.4372333333333,300425517446.546,50.6780305618952,-5.00488971805303,0.14
India,IND,2013,6.38610640091713,10.0178784746104,7.678,10.2916666666667,58.5978454166667,298092478740.581,50.3118273627008,-2.64566711733892,0.11
India,IND,2014,7.41022760516977,6.66565671867899,7.656,10.25,61.0295144607843,325081035127.891,49.9009248748319,-1.33950896483453,0.09
India,IND,2015,7.99625378567987,4.90697344127249,7.629,10.0083333333333,64.1519444632786,353319061013.224,49.9647183856551,-1.06754907167965,0.13
India,IND,2016,8.25630550176662,4.94821634062134,7.611,9.6725,67.1953128073894,361694321972.036,47.6337555915272,-0.52788060603752,0.39
India,IND,2017,6.79538341902422,3.32817337461305,7.626,9.50833333333333,65.1215686450659,412613792019.924,47.5836093800197,-1.43948820320989,1.0
India,IND,2018,6.45385134495295,3.93882646691643,7.652,9.45416666666667,68.3894670935422,399167159226.682,46.5224986659322,-2.42697545810527,1.83
India,IND,2019,3.87143694070524,3.72950573539123,6.51,9.46625,70.4203405359551,463469902152.507,,-1.04961203910072,2.16
India,IND,2020,-5.77772470687303,6.6234367762853,7.859,9.15,74.0995668836052,590227359928.896,,1.22362111042791,0.37
India,IND,2021,9.68959249191741,5.13140747176364,6.38,8.69833333333333,73.9180128154351,638484779930.836,,-1.05524166809383,0.08
India,IND,2022,7.6093649776932,6.69903414079858,4.822,8.56714285714286,78.6044905829916,567298153917.14,,-2.43238270956779,1.69
India,IND,2023,7.210224629335,5.64914318907925,4.172,,82.5992764460784,627792750126.715,,-0.912777939495827,5.03
India,IND,2024,7.09927893176518,4.95303550973661,4.173,,83.669281580941,643042560625.541,,-0.851289719084462,5.14
India,IND,2025,7.56666179284244,2.39884954182294,4.219,,87.1584483507393,700073798240.701,,-0.416854153498652,4.21
Indonesia,IDN,2000,4.9200677470169,3.68862037056682,6.077,18.455,8421.775,29352929561.4768,,4.84306452849134,6.24
Indonesia,IDN,2001,3.64346644721492,11.5001160550887,6.082,18.5475,10260.85,28103636180.3382,,4.30104853135351,3.88
Indonesia,IDN,2002,4.49947539085764,11.9001200338414,6.604,18.945,9311.19166666667,32033585247.4441,32.2241265309989,3.99852690784087,1.67
Indonesia,IDN,2003,4.78036912167654,6.75731256333564,6.657,16.935,8577.13333333334,36256203641.5962,29.7173962466428,3.45304287667862,1.13
Indonesia,IDN,2004,5.03087394501685,6.06406189133648,7.303,14.1241666666667,8938.85,36310733909.3168,,0.608561329917371,1.35
Indonesia,IDN,2005,5.69257130383384,10.4532001873347,7.945,14.0508333333333,9704.74166666666,34730799049.2525,,0.0970882462390686,3.22
Indonesia,IDN,2006,5.50095178520348,13.108670985346,7.551,15.9791666666667,9159.31666666667,42597040281.5939,,2.97870868013903,4.97
Indonesia,IDN,2007,6.34502222667214,6.40656087966005,8.06,13.8616666666667,9141.0,56935744023.296,,2.42726412696792,5.02
Indonesia,IDN,2008,6.01370360009123,10.2266663272483,7.208,13.5983333333333,9698.9625,51640625721.3198,34.2250282105616,0.0246933252771075,1.92
Indonesia,IDN,2009,4.62887118256153,4.38641311792074,6.106,14.4983333333333,10389.9375,66118917968.1398,29.997306381567,1.9697705622352,0.16
Indonesia,IDN,2010,6.22385418062366,5.13420639015885,5.614,13.2516666666667,9090.43333333333,96210980584.0428,,0.681277286848337,0.18
Indonesia,IDN,2011,6.16978420771008,5.35604849112582,5.153,12.4033333333333,8770.43333333333,110136597662.435,,0.188703954012605,0.1
Indonesia,IDN,2012,6.03005065305615,4.2795142691943,4.468,11.795,9386.62916666667,112797627833.066,,-2.66027359471414,0.14
Indonesia,IDN,2013,5.5572636889101,6.41249457900391,4.336,11.6575,10461.24,99386826239.0833,,-3.18996482895809,0.11
Indonesia,IDN,2014,5.006668425755,6.39492882396559,4.049,12.605,11865.2112962963,111862594561.997,,-3.08816907525921,0.09
Indonesia,IDN,2015,4.87632230022123,6.36312061196646,4.514,12.6625,13389.4129365079,105928847088.719,,-2.03504192745969,0.13
Indonesia,IDN,2016,5.03306918280177,3.52580452815451,4.301,11.8883333333333,13308.3268020542,116369601851.059,,-1.81915089251384,0.39
Indonesia,IDN,2017,5.06978590134916,3.80879857691949,3.783,11.0733333333333,13380.8338788891,130215330382.957,,-1.59465689989364,1.0
Indonesia,IDN,2018,5.17429153955024,3.19834755924996,4.387,10.5366666666667,14236.9387734818,120660974090.95,,-2.93907291477017,1.83
Indonesia,IDN,2019,5.01928768046282,3.03058460941661,3.59,10.3658333333333,14147.6713605454,129186464020.188,,-2.7056619813955,2.16
Indonesia,IDN,2020,-2.06551182934165,1.91983527270793,4.255,9.54416666666667,14582.2034678177,135915917616.263,,-0.418606247736126,0.37
Indonesia,IDN,2021,3.70288562827751,1.56007882983334,3.827,8.9225,14308.1439011897,144907809744.209,,0.295885914526078,0.08
Indonesia,IDN,2022,5.30719722664799,4.20946463714784,3.462,8.52,14849.8539362105,137222356128.227,,1.00182875104005,1.69
Indonesia,IDN,2023,5.04883117855516,3.66938654859761,3.308,8.92666666666667,15236.8846620506,146358992701.848,,-0.148899596516736,5.03
Indonesia,IDN,2024,5.03257477088519,2.18151273615189,3.301,8.79568784927158,15855.4482866711,155708275547.574,,-0.614730078804115,5.14
Indonesia,IDN,2025,5.10808904438025,1.9133344329508,3.237,8.50158323159017,16477.8651797836,156542507869.671,,-0.105263812011573,4.21
"Iran, Islamic Rep.",IRN,2000,5.84552747578209,14.4767513188567,11.698,,1764.85606929191,,,11.3886353724179,6.24
"Iran, Islamic Rep.",IRN,2001,2.39217271207868,11.2742471332117,12.362,,1753.98568465785,,,,3.88
"Iran, Islamic Rep.",IRN,2002,8.07882927975243,14.3359337378404,12.8,,6907.03445561653,,,,1.67
"Iran, Islamic Rep.",IRN,2003,8.6392983972006,16.4680116244792,11.529,,8193.88751916667,,,,1.13
"Iran, Islamic Rep.",IRN,2004,4.33666597851041,14.7615086970672,10.3,16.65,8613.98942075,,,,1.35
"Iran, Islamic Rep.",IRN,2005,3.18980408728824,13.433118008508,11.813,16.0,8963.95890666667,,,,3.22
"Iran, Islamic Rep.",IRN,2006,4.99979526181222,10.0158982511924,11.519,14.0,9170.9428775,,,,4.97
"Iran, Islamic Rep.",IRN,2007,8.15577352358517,17.3410404624277,10.772,12.0,9281.15182833334,,,,5.02
"Iran, Islamic Rep.",IRN,2008,0.250856553493634,25.4105090311987,10.63,12.0,9428.52826083333,,,,1.92
"Iran, Islamic Rep.",IRN,2009,1.00738545790475,13.5515548281506,12.113,12.0,9864.30245626821,,,,0.16
"Iran, Islamic Rep.",IRN,2010,5.79793830169604,10.0893629287979,13.679,12.0,10254.176470289,,,,0.18
"Iran, Islamic Rep.",IRN,2011,2.6457179180628,26.2933856738608,12.491,11.0,10616.3066439076,,,,0.1
"Iran, Islamic Rep.",IRN,2012,-3.74717139864109,27.2568127242908,12.275,11.0,12175.5472222222,,,,0.14
"Iran, Islamic Rep.",IRN,2013,-1.52197920494184,36.6030355191029,10.595,11.0,18414.4480100374,,,,0.11
"Iran, Islamic Rep.",IRN,2014,4.98477506709476,16.6065532357449,10.68,14.0,25941.6641445972,,,,0.09
"Iran, Islamic Rep.",IRN,2015,-1.42488493937503,12.4846815611533,11.166,14.21,29011.4913770529,,,,0.13
"Iran, Islamic Rep.",IRN,2016,8.8150866425182,7.24542548952979,12.618,18.0,30914.8524362967,,,,0.39
"Iran, Islamic Rep.",IRN,2017,3.02685468694025,8.04492437660278,12.232,,33226.2981524127,,,,1.0
"Iran, Islamic Rep.",IRN,2018,-3.74796015711334,18.0141183371874,12.195,,40864.329009777,,,,1.83
"Iran, Islamic Rep.",IRN,2019,-2.36143538770575,39.9073455697784,10.74,,42000.0,,,,2.16
"Iran, Islamic Rep.",IRN,2020,4.44180865358672,30.5941390387295,9.687,,42000.0,,,,0.37
"Iran, Islamic Rep.",IRN,2021,4.13089685034471,43.3890162681514,9.282,,42000.0,,,,0.08
"Iran, Islamic Rep.",IRN,2022,4.35281087521344,43.4884641742179,9.085,,42000.0,,,,1.69
"Iran, Islamic Rep.",IRN,2023,5.33235116079808,44.5791857572797,8.129,,42000.0,,,,5.03
"Iran, Islamic Rep.",IRN,2024,3.66312057949303,32.455871402917,8.146,,,,,,5.14
"Iran, Islamic Rep.",IRN,2025,-2.82597163290347,42.1712244965444,8.301,,,,,,4.21
Iraq,IRQ,2000,16.7961344439661,4.97896213183731,8.038,,2002.40340735354,6744700000.0,,,6.24
Iraq,IRQ,2001,1.76660876568174,16.3740814963262,8.249,,2002.40491037037,6744700000.0,,,3.88
Iraq,IRQ,2002,-8.20370481187175,19.316694601979,8.619,,2002.37270286683,6744700000.0,,,1.67
Iraq,IRQ,2003,-36.6567804383165,33.6162105992383,8.959,,,6744700000.0,,,1.13
Iraq,IRQ,2004,53.3855472887501,26.9619068193271,8.715,13.2675,1453.41666666667,7906697188.07561,,,1.35
Iraq,IRQ,2005,1.67522863586828,36.9594809201871,8.57,13.4166666666667,1472.0,12200841776.8325,,-6.66212529091974,3.22
Iraq,IRQ,2006,5.63829915220637,53.230962911428,8.411,14.375,1467.41666666667,20051759952.3188,,4.11591917217398,4.97
Iraq,IRQ,2007,1.88853936243953,-10.0674925768978,8.646,18.7833333333333,1254.56721858704,31454864112.3409,,17.4694327663084,5.02
Iraq,IRQ,2008,8.22810710383277,12.6628528269228,8.466,19.215,1193.08333333333,50101816705.6195,,21.6088001159731,1.92
Iraq,IRQ,2009,3.37929909442771,6.87361547212555,8.415,16.1558333333333,1170.0,44332623237.8471,,-1.01067925411065,0.16
Iraq,IRQ,2010,6.40256484471193,2.42986826837753,8.267,14.3458333333333,1170.0,50622117150.4267,,4.68412757383414,0.18
Iraq,IRQ,2011,7.546471200426,5.6040514426601,8.193,14.1308333333333,1170.0,61033121083.648,,14.065166727563,0.1
Iraq,IRQ,2012,13.9364301737537,6.0890964159516,7.965,13.8675,1166.16666666667,70327019949.4173,,13.5507635163078,0.14
Iraq,IRQ,2013,7.62828592298754,1.87949800749416,9.222,13.575,1166.0,77747258749.8263,,6.85843921497559,0.11
Iraq,IRQ,2014,2.26368817563613,2.23597407904726,10.59,12.6033333333333,1166.0,66281655807.2322,,6.94151191976759,0.09
Iraq,IRQ,2015,2.60676642939541,1.39333028780268,10.865,12.2925,1167.33333333333,53992019678.9023,27.3918908850844,-1.65602101285884,0.13
Iraq,IRQ,2016,13.7873730187089,0.556521397155548,10.82,,1182.0,45298562240.8151,29.4760678291372,1.29416694062961,0.39
Iraq,IRQ,2017,-1.81975035118309,0.184058898847553,13.02,,1184.0,49315419400.3988,35.8630061595051,7.95462137277485,1.0
Iraq,IRQ,2018,2.63385099105624,0.367441488936828,13.458,,1182.75,64719421423.3098,27.438248367378,15.1162785714327,1.83
Iraq,IRQ,2019,5.5137905789381,-0.198965380023882,14.096,,1182.0,68017647833.6447,,6.74664580876131,2.16
Iraq,IRQ,2020,-12.0367930960454,0.574162679425856,15.766,,1192.0,54424472658.0154,,-3.48598226553262,0.37
Iraq,IRQ,2021,1.5021807095434,6.04186489058043,16.173,,1450.0,64231022302.7097,,11.7148037882244,0.08
Iraq,IRQ,2022,7.95904804990212,4.9947659638103,15.41,,1450.0,97009236971.5221,,20.1861883343541,1.69
Iraq,IRQ,2023,0.517705525140073,4.35835351089595,15.239,,1312.5,112232897713.46,,10.5528397110428,5.03
Iraq,IRQ,2024,-1.54525198319173,2.6116961151764,15.293,,1300.0,100690954781.588,,2.99186896502489,5.14
Iraq,IRQ,2025,-2.15574219066178,0.303454715219382,15.485,,,,,,4.21
Ireland,IRL,2000,9.40352476399653,5.57763269940387,4.318,,1.08270508132602,5407973929.95672,,,6.24
Ireland,IRL,2001,5.30582133514299,4.85280279607477,3.684,,1.11653308564462,5635200931.02061,,,3.88
Ireland,IRL,2002,5.89936506079005,4.62820512820515,4.216,,1.05755899623965,5475153289.17602,,,1.67
Ireland,IRL,2003,3.01383869396012,3.49221909079765,4.478,,0.88404792718493,4151959058.80564,,,1.13
Ireland,IRL,2004,6.78813990621356,2.17854605730523,4.491,,0.803921647747618,2907974283.48967,,,1.35
Ireland,IRL,2005,5.73978202625278,2.45654692931639,4.237,,0.803800192161442,868977916.826458,,-3.37203846174545,3.22
Ireland,IRL,2006,4.98785364537615,3.93576114001354,4.355,,0.796432730949102,831899692.260454,,-3.3862109692366,4.97
Ireland,IRL,2007,5.31011830898613,4.88574537540802,4.98,,0.729672399984083,925477308.062552,,-5.12758716999565,5.02
Ireland,IRL,2008,-4.48407081043062,4.03568834941391,6.774,,0.679922680042729,1038963263.28527,,-5.55568075659423,1.92
Ireland,IRL,2009,-5.09578277913846,-4.44754686876746,12.609,,0.716957702016136,2150685637.46953,,-2.11779729016476,0.16
Ireland,IRL,2010,1.68297175486512,-0.918388645376774,14.534,,0.754308990105961,2113857313.58187,,1.04615152452603,0.18
Ireland,IRL,2011,1.60886648916944,2.5489783020855,15.354,,0.718413898653317,1694805970.72862,,1.173984139213,0.1
Ireland,IRL,2012,-0.40502941658977,1.69474116680366,15.451,,0.778338120416812,1707531869.31488,,-3.39701735632397,0.14
Ireland,IRL,2013,2.1929375750029,0.515099484900573,13.735,,0.752945122701996,1635949833.04167,,2.39991550786299,0.11
Ireland,IRL,2014,9.38579335130922,0.190916398713745,11.858,,0.752728196932603,1749390343.43075,,2.07694324359567,0.09
Ireland,IRL,2015,24.6239856364006,-0.330959783371788,9.908,,0.901296423367096,2203153449.1223,,6.1720383024774,0.13
Ireland,IRL,2016,1.22271661130947,0.0201247735963237,8.374,,0.903421436257263,3589332627.17956,,-1.19161269456651,0.39
Ireland,IRL,2017,10.1088576065965,0.362173038229378,6.713,,0.885205508269372,4412516406.9231,,1.64860491292148,1.0
Ireland,IRL,2018,7.68865937437435,0.471130713712916,5.741,,0.846772667108111,5222681912.93714,,4.53318492198398,1.83
Ireland,IRL,2019,4.97288003766816,0.937842961189274,4.95,,0.893276257067409,5732541811.18075,,-20.557569947865,2.16
Ireland,IRL,2020,7.15369505735335,-0.326183651280033,5.623,,0.875506396987998,7463044894.51104,,-6.72117635432937,0.37
Ireland,IRL,2021,16.2581881158197,2.34034113447044,6.357,,0.84549413889045,13246996093.19,,12.2773633997729,0.08
Ireland,IRL,2022,7.51113888415304,7.82945736434105,4.465,,0.949623753156941,13039213740.6945,,8.83145214804832,1.69
Ireland,IRL,2023,-2.53637409313261,6.29942487419125,4.243,,0.924839558470698,12904387778.1845,,7.88616983666686,5.03
Ireland,IRL,2024,2.59946721553708,2.11344999577317,4.3,,0.923889546117607,12698067021.8083,,17.3995604849009,5.14
Ireland,IRL,2025,12.3375990291434,2.21044788475857,4.632,,0.88496895841236,13659404386.8068,,,4.21
Isle of Man,IMN,2000,5.30000152552805,,,,0.660930833333333,,,,6.24
Isle of Man,IMN,2001,5.39999903126116,,,,0.694655,,,,3.88
Isle of Man,IMN,2002,6.19999819490684,,,,0.667223333333333,,,,1.67
Isle of Man,IMN,2003,5.99999968812641,,,,0.6124725,,,,1.13
Isle of Man,IMN,2004,5.20000310402496,,,,0.54618,,,,1.35
Isle of Man,IMN,2005,5.89999933576675,,,,0.549998333333333,,,,3.22
Isle of Man,IMN,2006,7.69999871253432,,,,0.543486666666667,,,,4.97
Isle of Man,IMN,2007,7.50000022988817,,,,0.499771666666667,,,,5.02
Isle of Man,IMN,2008,4.90000100081545,,,,0.54396625,,,,1.92
Isle of Man,IMN,2009,2.10000027181374,,,,0.641919263495996,,,,0.16
Isle of Man,IMN,2010,3.39999842395957,,,,0.647179345560165,,,,0.18
Isle of Man,IMN,2011,1.99999938207415,,,,0.624140835740495,,,,0.1
Isle of Man,IMN,2012,7.30389108511717,,,,0.633046988857327,,,,0.14
Isle of Man,IMN,2013,4.14186158753493,,,,0.639660577613477,,,,0.11
Isle of Man,IMN,2014,5.15509983748599,,,,0.607729626878255,,,,0.09
Isle of Man,IMN,2015,-0.385866882198087,,,,0.654545478931426,,,,0.13
Isle of Man,IMN,2016,6.95230284899407,,,,0.740634463697084,,,,0.39
Isle of Man,IMN,2017,2.83775807093689,,,,0.776976682344123,,,,1.0
Isle of Man,IMN,2018,2.2133975392251,,,,0.749531540259847,,,,1.83
Isle of Man,IMN,2019,0.254877847398262,,,,0.783445110011929,,,,2.16
Isle of Man,IMN,2020,-8.83681697473475,,,,0.779999576697153,,,,0.37
Isle of Man,IMN,2021,3.83783632334639,,,,0.727064944688322,,,,0.08
Isle of Man,IMN,2022,-4.16847722466753,,,,0.811301715827773,,,,1.69
Isle of Man,IMN,2023,-2.03524496955581,,,,0.804538906734353,,,,5.03
Isle of Man,IMN,2024,,,,,0.782414580986262,,,,5.14
Isle of Man,IMN,2025,,,,,0.759473957338608,,,,4.21
Israel,ISR,2000,8.59152200608253,1.03263640999489,11.102,,4.07733333333333,23281206067.5375,,-2.36500425391523,6.24
Israel,ISR,2001,0.270471415054473,1.12302839116721,11.812,,4.20565,23378584659.0995,,-2.59539018083479,3.88
Israel,ISR,2002,-0.152880392675172,5.80234589468429,12.888,,4.737825,24082878018.1415,,-2.28341493296423,1.67
Israel,ISR,2003,1.43455918035305,0.70763061681807,13.505,,4.55413333333333,26315098306.4398,,-0.548526889573223,1.13
Israel,ISR,2004,4.64944459908543,-0.421595034547416,13.029,,4.48198333333333,27094382252.5438,,0.838946900869193,1.35
Israel,ISR,2005,4.35256427740218,1.34070328119492,11.342,,4.4877,28059414574.2218,,2.2211659659088,3.22
Israel,ISR,2006,5.59106550120008,2.05407914587443,10.707,,4.45580833333334,29153237863.99,,3.28688457879505,4.97
Israel,ISR,2007,6.31307137087018,0.466226972936065,9.379,,4.10808294905577,28518505747.3626,,2.15414696320513,5.02
Israel,ISR,2008,3.2158134842205,4.52744765138651,7.704,,3.58802119408369,42513241646.733,,0.42592870301179,1.92
Israel,ISR,2009,1.22017480850096,3.3676231727125,9.534,,3.93233547791667,60611355180.6685,,2.83178873308842,0.16
Israel,ISR,2010,5.54470607068944,2.70270270270273,8.48,,3.738975,70907310771.311,,2.69529305304405,0.18
Israel,ISR,2011,5.51341969081251,3.48837209302323,7.139,,3.5781293062201,74874110293.4968,,0.959067083330991,0.1
Israel,ISR,2012,2.40993765217618,1.67553715750052,6.762,,3.85592182539683,75907618700.9338,,-0.314623011758788,0.14
Israel,ISR,2013,4.09013743330735,1.58976347421476,6.137,4.4176971883925,3.61075833333333,81785518232.8201,,2.24341717352294,0.11
Israel,ISR,2014,3.718144149431,0.467557251908503,5.789,3.90743164221445,3.577925,86101256622.4878,,3.46609589435316,0.09
Israel,ISR,2015,2.23599889603805,-0.617342577642765,5.176,3.45940579970678,3.88683333333333,90575018408.045,,4.58765202586123,0.13
Israel,ISR,2016,4.53601939236572,-0.535168195718695,4.723,3.42015574375788,3.84056666666667,95446290281.5568,,3.17038576605097,0.39
Israel,ISR,2017,4.34394518932547,0.249807840123008,4.14,3.49731030066808,3.59955554812834,113009532488.062,,3.15479466919919,1.0
Israel,ISR,2018,4.05349952888294,0.805060379528526,3.917,3.47760649522146,3.59055812689938,115265900520.851,,2.42234792973375,1.83
Israel,ISR,2019,3.57898762923605,0.817645940292794,3.731,3.53355862696966,3.56452734661093,126007828810.341,,2.90102068119121,2.16
Israel,ISR,2020,-1.80206927953466,-0.575254620897756,4.169,3.30802353223165,3.44240585198793,173292120893.254,,3.74007474912289,0.37
Israel,ISR,2021,9.33534690236249,1.47965474722561,4.812,3.1007500688235,3.23019832251082,212933655186.265,,3.021613608537,0.08
Israel,ISR,2022,6.36407234798706,4.41162725488371,3.695,2.95817645390829,3.35961440158189,194231433877.693,,2.68995260709171,1.69
Israel,ISR,2023,2.06272504731618,4.22522603168918,3.371,,3.6673747160226,204660857567.016,,3.06182357194891,5.03
Israel,ISR,2024,0.953618469238535,3.07480889805025,3.595,,3.69971964970892,214543676669.814,,2.85372348964758,5.14
Israel,ISR,2025,2.93114966387968,3.0414132155654,3.489,,3.45189166666667,229486904238.885,,1.39698911798375,4.21
Italy,ITA,2000,3.88209885062652,2.53768532095002,10.834,7.02274166666667,1.08270508132602,47201146787.795,,-0.270230356072508,6.24
Italy,ITA,2001,2.00643329837733,2.78516542713554,9.599,7.28775,1.11653308564462,46215583156.0919,,0.15478537448926,3.88
Italy,ITA,2002,0.26992966378873,2.46532319171165,9.211,6.53650833333333,1.05755899623965,55621728398.7297,,-0.489738960441859,1.67
Italy,ITA,2003,0.0665538088732092,2.6725555277285,8.869,5.83035,0.88404792718493,63263645220.8155,,-0.766212290849885,1.13
Italy,ITA,2004,1.4740217064723,2.20673661423657,7.866,5.50616666666667,0.803921647747618,62386140318.1329,,-0.4953081424742,1.35
Italy,ITA,2005,0.762410677306491,1.9852929852798,7.73,5.313935,0.803800192161442,65954006492.1648,,-0.896244191801554,3.22
Italy,ITA,2006,1.79947992234244,2.09084391012754,6.777,5.62177916666667,0.796432730949102,75773325816.1903,,-1.44603855867144,4.97
Italy,ITA,2007,1.46229205289291,1.82974112202403,6.076,6.3347,0.729672399984083,94108647218.6732,,-1.35566295251184,5.02
Italy,ITA,2008,-1.02313851177097,3.34783258401022,6.723,6.83731,0.679922680042729,105649105827.66,,-2.68669173430211,1.92
Italy,ITA,2009,-5.30515401233991,0.774768131387381,7.749,4.75666666666667,0.716957702016136,131496916615.743,,-1.77411764067094,0.16
Italy,ITA,2010,1.52910573247101,1.52551602118248,8.363,4.03166666666667,0.754308990105961,158478306213.386,,-3.24412215335914,0.18
Italy,ITA,2011,0.695463154440176,2.78063272879323,8.359,4.59916666666667,0.718413898653317,169872360984.741,,-2.74163808728921,0.1
Italy,ITA,2012,-3.12523877282996,3.04136333226775,10.655,5.2225,0.778338120416812,181670318701.146,,-0.215238993496647,0.14
Italy,ITA,2013,-1.81802510749792,1.21999342274306,12.149,5.14416666666667,0.752945122701996,145724509188.872,,1.03825599780866,0.11
Italy,ITA,2014,-0.0013876173045446,0.241047429826756,12.683,4.86666666666667,0.752728196932603,142756493254.503,,1.70979552518119,0.09
Italy,ITA,2015,0.885667635240807,0.0387903996579733,11.896,4.12925,0.901296423367096,130592432979.515,,1.23326652485505,0.13
Italy,ITA,2016,1.23622108511661,-0.09401665691575,11.688,3.49616666666667,0.903421436257263,135133283786.776,,2.46140246001819,0.39
Italy,ITA,2017,1.60369995294101,1.22653316645812,11.211,3.00083333333333,0.885205508269372,151120440050.073,,2.47968309636806,1.0
Italy,ITA,2018,0.826646712344115,1.13748763600391,10.538,2.68,0.846772667108111,152361936421.553,,2.57144669559437,1.83
Italy,ITA,2019,0.429162533780342,0.611246943765304,9.884,2.6025,0.893276257067409,175397954131.108,,3.23388196417885,2.16
Italy,ITA,2020,-8.86822122185345,-0.13770757391651,9.192,2.32833333333333,0.875506396987998,210687330553.17,,3.9369545603398,0.37
Italy,ITA,2021,8.93106210800055,1.87378325762481,9.497,2.02591666666667,0.84549413889045,227478327159.257,,2.03966459401319,0.08
Italy,ITA,2022,4.82117669913565,8.20128991161718,8.069,2.264455,0.949623753156941,224580577612.139,,-1.83039811478156,1.69
Italy,ITA,2023,0.922796543670316,5.62219442195901,7.627,4.89248125,0.924839558470698,247396414253.983,,0.251900586596722,5.03
Italy,ITA,2024,0.783039135276795,0.982373023061417,6.5,5.25244583333333,0.923889546117607,290547420426.359,,1.09768567168063,5.14
Italy,ITA,2025,0.539583636778445,1.5316682765282,6.391,4.07304808333333,0.88496895841236,434014519754.791,,1.14685456424844,4.21
Jamaica,JAM,2000,0.87870355044231,8.17108356120225,6.752,23.3483333333333,42.9857,1053690047.86883,98.3341557109605,-4.07992636835457,6.24
Jamaica,JAM,2001,1.34492956615135,6.8019093078759,6.641,20.6075,45.99625,1900541274.65785,117.535033564029,-8.25255531148696,3.88
Jamaica,JAM,2002,1.99729094191295,7.07635009310985,6.616,18.5016666666667,48.4159416666667,1645099135.07986,127.777467033609,-11.0508689241364,1.67
Jamaica,JAM,2003,3.66631759041991,10.0869565217391,6.534,18.8866666666667,57.74087375,1194860262.03599,127.433255587593,-8.20081771864531,1.13
Jamaica,JAM,2004,1.32372510450574,13.5545023696682,6.539,18.1375,61.1972,1846479130.37806,122.008068595913,-4.92950870317959,1.35
Jamaica,JAM,2005,0.893797935409893,15.0528658875905,6.577,17.3608333333333,62.2807149440837,2169806025.78395,121.00247616654,-9.52805454519088,3.22
Jamaica,JAM,2006,2.89912534481287,8.56106408706157,6.605,17.6425,65.7438575396826,2318429013.89466,117.698811478754,-9.91484107251583,4.97
Jamaica,JAM,2007,1.43195403769627,9.24482067275562,6.607,17.1975,69.1921618494152,1878513938.68574,112.989990199089,-15.9234659804591,5.02
Jamaica,JAM,2008,-0.811736702186792,22.0228384991843,6.666,16.8258333333333,72.7562034061521,1772712407.05834,120.339824591656,-20.3748078735041,1.92
Jamaica,JAM,2009,-4.34530185828071,9.59224598930482,7.314,16.4320115952232,87.8941198106535,2075840757.89434,134.678769793404,-9.3024726659181,0.16
Jamaica,JAM,2010,-1.45714720850386,12.6105519975603,7.63,20.4544535988841,87.1961463300915,2501094875.87813,136.224334891016,-7.06479945013375,0.18
Jamaica,JAM,2011,1.73037627006349,7.555856465809,8.034,19.5092792933096,85.8934632022765,2281909630.03741,133.978459775192,-14.283409237551,0.1
Jamaica,JAM,2012,-0.613636042132399,6.87397708674309,8.695,17.6282722449123,88.7498023876452,1996447947.35127,137.934669887058,-9.72634702774032,0.14
Jamaica,JAM,2013,0.517686011311724,9.34150076569673,9.698,17.7164575640672,100.39788320358,1818363782.17835,135.885094993632,-9.51223858387759,0.11
Jamaica,JAM,2014,0.689822359762587,8.27407886231419,9.046,17.2170086447286,110.934527811188,2473010904.82092,132.413890497651,-8.01738727219535,0.09
Jamaica,JAM,2015,0.92148712399856,3.69154228855725,8.825,16.9765058224301,116.969776646049,2913835195.89151,118.195358706681,-2.87431658057775,0.13
Jamaica,JAM,2016,2.76043761369557,2.35102197485846,8.634,16.4885271204668,125.095034603174,3291468022.15921,115.889445482292,-0.291717768383903,0.39
Jamaica,JAM,2017,2.29303371291363,4.37839864991561,7.399,14.9051219370492,127.964544179198,3781167558.10295,96.136723606367,-2.5183339037553,1.0
Jamaica,JAM,2018,2.51584458612513,3.73663882152163,5.47,14.0940737331496,128.87151906466,3532039680.05605,,-1.39317798037996,1.83
Jamaica,JAM,2019,1.80943147301357,3.90510000865872,4.987,12.9984552678412,133.31211833796,3631089258.40452,85.7693465475141,-1.77745675976269,2.16
Jamaica,JAM,2020,-8.30441923583135,5.2267777929352,6.501,12.0613787623239,142.402832756013,3938028780.65402,97.8664003352989,-1.04604876207358,0.37
Jamaica,JAM,2021,5.70467978309095,5.86278242801063,5.188,11.4933333333333,150.790105943026,4837564537.17809,,0.934998829682957,0.08
Jamaica,JAM,2022,6.43930323656186,10.3495688391272,4.083,11.405,153.426816475659,4520481084.67503,,-0.725013690307513,1.69
Jamaica,JAM,2023,2.74634433906714,6.47413734662063,3.022,11.6516666666667,154.158779031722,4868643492.7225,,2.65622781756862,5.03
Jamaica,JAM,2024,-0.535039063867487,5.41194447981659,3.151,11.9964329707509,156.439540115298,5632916052.14541,,3.08347028977771,5.14
Jamaica,JAM,2025,0.0816454877745656,4.00459048079239,3.286,12.1411696530584,159.096428305753,6303188596.9515,,,4.21
Japan,JPN,2000,2.97832688768516,-0.676578683595175,4.748,2.06716666666667,107.765498333333,361639097011.665,,2.59184009101983,6.24
Japan,JPN,2001,0.284608556379041,-0.740055504162738,5.02,1.96941666666667,121.5289475,401957624245.241,,1.94241825757612,3.88
Japan,JPN,2002,0.0849888050363319,-0.923494026942321,5.386,1.86491666666667,125.388019166667,469618129427.641,,2.56388731159672,1.67
Japan,JPN,2003,1.38010935830795,-0.256541816316025,5.251,1.82208333333333,115.933464166667,673554461758.647,,3.047625783072,1.13
Japan,JPN,2004,2.11294823723127,-0.0085733882031027,4.734,1.76658333333333,108.192569166667,844667163385.489,,3.68297677752484,1.35
Japan,JPN,2005,1.8482813374834,-0.282946068764391,4.446,1.67691666666667,110.218211666667,846895906145.13,,3.48923328988267,3.22
Japan,JPN,2006,1.54630843078741,0.249355116079085,4.192,1.66483333333333,116.299311666667,895321278049.835,,3.7579723483952,4.97
Japan,JPN,2007,1.72837912865577,0.060039454498669,3.888,1.88325,117.753529166667,973296740492.651,,4.57839452711194,5.02
Japan,JPN,2008,-1.16662209355141,1.3800788616492,4.002,1.9095,103.359493968254,1030762755205.19,,2.75407955979761,1.92
Japan,JPN,2009,-5.9359411383964,-1.35283672951719,5.068,1.72333333333333,93.5700890870456,1051654952502.29,,2.72970030740046,0.16
Japan,JPN,2010,4.13645589222239,-0.728243207517779,5.102,1.59833333333333,87.779875,1104563760972.06,,3.80082624691884,0.18
Japan,JPN,2011,-0.20035785332982,-0.27245561610124,4.55,1.50091666666667,79.8070198321892,1295838676317.29,,2.06383124200042,0.1
Japan,JPN,2012,1.64893452981225,-0.0440645104432602,4.358,1.4075,79.7904554170065,1268085524238.3,,0.949145258884222,0.14
Japan,JPN,2013,1.99727653399265,0.335037912184741,4.038,1.30375,97.5956582776385,1266851401020.24,,0.879664701194644,0.11
Japan,JPN,2014,0.905915486065865,2.75922671353253,3.589,1.21916666666667,105.944781034025,1260680310062.82,,0.72910539728354,0.09
Japan,JPN,2015,1.79997735783475,0.795279630579839,3.385,1.14283333333333,121.044025684011,1233097790281.8,,3.00967361767901,0.13
Japan,JPN,2016,0.704986495111257,-0.127258844489754,3.132,1.04475,108.792900046834,1216518779919.68,,3.85588282294837,0.39
Japan,JPN,2017,1.62345062245441,0.484199796126385,2.822,0.994,112.166141081871,1264140980383.63,,4.03254042163651,1.0
Japan,JPN,2018,0.834143845965585,0.989094598021848,2.467,,110.42317934106,1270467038786.78,,3.43924007536728,1.83
Japan,JPN,2019,-0.308496921143259,0.46877615938395,2.351,,109.009665900863,1322443255598.64,,3.36672218972423,2.16
Japan,JPN,2020,-4.28327942675573,-0.024995834027731,2.809,,106.774582262437,1390808939303.36,,2.8911777788158,0.37
Japan,JPN,2021,3.56419531474475,-0.233352779398264,2.808,,109.754323839417,1405748991418.92,,3.76057343034324,0.08
Japan,JPN,2022,1.33164750653741,2.49770278172255,2.614,,131.498140443764,1227573263129.26,,2.0281112293848,1.69
Japan,JPN,2023,0.720785304749811,3.26813365933163,2.6,,140.49110006234,1294636035263.82,,3.61127531871255,5.03
Japan,JPN,2024,-0.240084236041696,2.73853681635241,2.5,,151.366291302752,1230666979042.45,,4.62202410018024,5.14
Japan,JPN,2025,1.19311288444599,3.17253034260248,2.451,,149.657926890952,1371402218767.58,,4.86496093471918,4.21
Jordan,JOR,2000,4.24571192079151,0.66688092559796,13.7,11.7991666666667,0.709,3441302675.1737,93.7109707103206,0.325990723323388,6.24
Jordan,JOR,2001,5.26995757513606,1.77220437351017,14.7,10.9358333333333,0.708983174066667,3174221852.98524,90.8265631629398,-0.267729842032371,3.88
Jordan,JOR,2002,5.78380792679309,1.83299389002049,15.3,10.1791666666667,0.708999833333333,4116412745.00553,85.0740359140418,5.23147049546403,1.67
Jordan,JOR,2003,4.16166755544363,1.62999999999998,14.5,9.29666666666667,0.709,5365764578.60337,88.9183393971254,11.7553354258968,1.13
Jordan,JOR,2004,8.56721424236906,3.36186821476601,14.626,8.25666666666667,0.709,5446636728.33555,89.0222348564437,0.343467252781521,1.35
Jordan,JOR,2005,8.1465948107994,3.49368534619531,14.8,7.60666666666667,0.709,5461160795.78652,79.9498072958681,-18.0414274312333,3.22
Jordan,JOR,2006,8.09297527811921,6.25172466656443,14.0,8.17833333333333,0.709,6982163598.46786,72.6249133521929,-11.4627147425135,4.97
Jordan,JOR,2007,8.17616995204655,4.74390639021648,13.1,8.67666666666667,0.708999766666667,7924938971.1265,69.9595261843331,-16.800812979254,5.02
Jordan,JOR,2008,7.22038637280149,13.9712310012729,12.7,9.0275,0.70966655,8918475754.26497,48.6412166466507,-8.00749721112248,1.92
Jordan,JOR,2009,5.11667226950634,-0.739069743144777,12.9,9.24666666666667,0.71,12135159071.4804,52.9146732930112,-4.52688493361161,0.16
Jordan,JOR,2010,2.6377158262256,4.84551875852116,12.5,9.02416666666667,0.71,13632983538.0758,53.6976148986448,-6.23104500049183,0.18
Jordan,JOR,2011,2.90729315392207,4.1624416292779,12.9,8.71333333333333,0.71,12094960533.4281,54.6533539921518,-9.05634436432946,0.1
Jordan,JOR,2012,2.40465716535539,4.5152295667099,12.2,8.78083333333333,0.71,8830598045.45112,59.3141954208064,-13.5170565963848,0.14
Jordan,JOR,2013,2.72311205964112,4.82462314269537,12.6,9.01,0.71,13826035948.1698,67.06858007012,-9.25155039516621,0.11
Jordan,JOR,2014,3.32287328047509,2.89947905006057,11.9,8.99,0.71,16047206176.5456,70.6443937300729,-6.43399981653877,0.09
Jordan,JOR,2015,2.52261671092148,-0.876851359704049,13.075,8.47666666666667,0.71,16571894982.6299,71.7796063259609,-8.18461267567615,0.13
Jordan,JOR,2016,2.11166806967252,-0.778430463054142,15.275,8.115,0.71,15543454210.4578,67.6360044106235,-8.81657895710529,0.39
Jordan,JOR,2017,2.50770398070352,3.32389447576097,18.12,8.39333333333333,0.71,15571115321.1352,68.8793778757207,-9.64699161865138,1.0
Jordan,JOR,2018,1.85383415616927,4.46231108475481,18.257,8.66166666666667,0.71,14580237971.8722,,-6.24582575623598,1.83
Jordan,JOR,2019,1.85633006592765,0.761514047265601,16.801,8.665,0.71,15400591352.5233,72.5959011118428,-1.58889950651918,2.16
Jordan,JOR,2020,-1.15257534158022,0.333294350628378,19.213,7.48083333333333,0.71,16961505361.5263,69.2598335214597,-5.22619044169868,0.37
Jordan,JOR,2021,3.75201276755828,1.34609377243118,19.837,7.01583333333333,0.71,19089364753.8241,90.3915021239108,-7.33213017137509,0.08
Jordan,JOR,2022,2.7468615450031,4.22915568897117,18.2,7.36833333333333,0.71,18198223674.0612,91.9482623432231,-7.39189539188183,1.69
Jordan,JOR,2023,3.12900102017251,2.08486986327134,16.62,8.97833333333333,0.71,19068901690.6261,93.6205554347008,-3.25589967062863,5.03
Jordan,JOR,2024,2.55605891810194,1.55659611283953,16.693,8.48,0.71,21939099361.5116,,-5.33366328480029,5.14
Jordan,JOR,2025,2.82660839845745,1.76646490894206,16.535,8.09583333333333,0.71,26557371377.9991,,,4.21
Kazakhstan,KAZ,2000,9.80000000214156,13.1808905865731,12.75,,142.133333333333,2098969798.52754,,2.00256762828012,6.24
Kazakhstan,KAZ,2001,13.4999999984358,8.35413777161344,10.43,,146.735833333333,2505883853.35119,,-6.27245039510067,3.88
Kazakhstan,KAZ,2002,9.79999999960842,5.83692452105643,9.33,,153.279166666667,3140845035.29359,,-4.15780223333077,1.67
Kazakhstan,KAZ,2003,9.30000000033759,6.4382181011894,8.78,,149.575833333333,4962118089.70349,,-0.884199244172019,1.13
Kazakhstan,KAZ,2004,9.60000000136854,6.88205438981899,8.4,,136.035,9276665297.36289,,0.777323158524582,1.35
Kazakhstan,KAZ,2005,9.69999999922682,7.57999929125766,8.13,,132.88,7069707373.51453,,0.627462667764142,3.22
Kazakhstan,KAZ,2006,10.7,8.72169386091726,7.79,,126.089430555555,19127059971.5814,,-1.01568463503606,4.97
Kazakhstan,KAZ,2007,8.89999999999405,10.8468362075557,7.26,,122.554166666667,17641023629.5821,,-4.54619329218056,5.02
Kazakhstan,KAZ,2008,3.30000000021091,17.139899777207,6.63,,120.299166666667,19883105671.2443,,0.964821810457097,1.92
Kazakhstan,KAZ,2009,1.19999999942873,7.31607858288578,6.55,,147.496666666667,23183086500.6457,,-0.116464485829439,0.16
Kazakhstan,KAZ,2010,7.30000000329814,7.40046356341396,5.77,,147.355,28264709322.8924,9.52296325134078,1.80897140296935,0.18
Kazakhstan,KAZ,2011,7.40000000144188,8.4529046617679,5.39,,146.620833333333,29215275560.7757,8.80131007226425,7.30301403639311,0.1
Kazakhstan,KAZ,2012,4.79999999528297,5.19568369035073,5.29,,149.1125,28299368221.4887,10.4981138465889,1.26375902394522,0.14
Kazakhstan,KAZ,2013,5.99999999671084,5.94283871648418,5.2,,152.129166666667,24691645318.1413,10.8406391538642,1.91316832797548,0.11
Kazakhstan,KAZ,2014,4.20000000566705,6.84944977003358,5.06,,179.191666666667,29250310667.5371,12.6469696266918,-1.28837366004242,0.09
Kazakhstan,KAZ,2015,1.20000000053288,6.67828585615236,4.93,,221.728333333333,27854795818.7629,19.307916061599,-5.4122312771503,0.13
Kazakhstan,KAZ,2016,1.09999999910173,14.3610942386248,4.96,,342.16,29603056785.2248,16.7694252748762,-5.07331546745494,0.39
Kazakhstan,KAZ,2017,4.10000000257358,7.44266321306792,4.9,,326.001022727273,30746770568.3835,16.9303582595661,-2.05429721551443,1.0
Kazakhstan,KAZ,2018,4.09999999309841,6.16366247577762,4.85,,344.705833333333,30976612438.5176,21.9922369362835,-0.984581633983154,1.83
Kazakhstan,KAZ,2019,4.50000000091883,5.33356098916669,4.8,,382.747310606061,28957509931.0023,18.4830469477519,-3.8684220835049,2.16
Kazakhstan,KAZ,2020,-2.49999999628,6.71815454861458,4.89,,412.953333333333,35638096635.119,23.7157605024381,-6.46182057750936,0.37
Kazakhstan,KAZ,2021,4.29999999729456,8.04147134028401,5.568,,425.9075,34377998805.6455,22.4120405815457,-1.35935671668035,0.08
Kazakhstan,KAZ,2022,3.19999999970734,15.0278644440851,4.86,,460.165,35076053023.0673,21.3547830101811,2.85432700775768,1.69
Kazakhstan,KAZ,2023,5.09999999973641,14.5275597825952,4.835,,456.165,35964591353.82,20.8858497183933,-3.16389675969422,5.03
Kazakhstan,KAZ,2024,4.99999999996936,8.69082156104494,4.833,,468.9625,45807523139.2563,,-2.32054721716038,5.14
Kazakhstan,KAZ,2025,6.5,11.3879454675914,4.771,,521.035,66068640110.4733,,-4.06579066364776,4.21
Kenya,KEN,2000,0.599695390807426,9.98002515350979,2.884,22.3391666666667,76.1755416666667,897865882.028211,,-1.5693516563302,6.24
Kenya,KEN,2001,3.77990649795343,5.73859814341467,2.876,19.6658333333333,78.563195,1064987676.82776,,-2.46632258412886,3.88
Kenya,KEN,2002,0.546859530175595,1.96130821739162,2.916,18.4533333333333,78.7491416666667,1068140537.34882,,-0.894975876340372,1.67
Kenya,KEN,2003,2.93247554570904,9.81569062979654,2.869,16.5733333333333,75.9355694444445,1482117158.64118,,0.888450320310784,1.13
Kenya,KEN,2004,5.10429977629738,11.6240355442426,2.844,12.5316666666667,79.1738760642135,1519538696.93683,,-0.818703017571569,1.35
Kenya,KEN,2005,5.90666607980057,10.3127783574683,2.739,12.8825,75.5541094514311,1799087912.82813,,-1.34655849731384,3.22
Kenya,KEN,2006,6.47249430015484,14.4537342081708,2.673,13.6355339080567,72.1008350178622,2416073242.93319,,-1.97646990538246,4.97
Kenya,KEN,2007,6.85072976998784,9.75888023027529,2.642,13.340343675809,67.3176381242857,3355419015.79063,,-3.2293696026957,5.02
Kenya,KEN,2008,0.232282744812977,26.2398166445063,2.751,14.0169393773033,69.175319816226,2878951355.48375,,-5.52329630288282,1.92
Kenya,KEN,2009,3.30693981631089,9.23412592394652,2.816,14.8045412422178,77.352012297579,3849500808.92698,,-3.98728888063669,0.16
Kenya,KEN,2010,8.05847360290906,3.96138889115385,2.793,14.3715,79.2331517045454,4320858499.01272,,-5.21669389712653,0.18
Kenya,KEN,2011,5.1211061197056,14.0224913014704,2.699,15.0467599904394,88.8107699710456,4265145709.81446,,-8.14880935200664,0.1
Kenya,KEN,2012,4.56867961444982,9.37777003547598,2.678,19.7234066533954,84.5296017573529,5711831324.95431,,-7.47587166159349,0.14
Kenya,KEN,2013,3.7978483925754,5.71749357037733,2.762,17.3134576914047,86.1228788982654,6598881868.91412,,-7.85152228564967,0.11
Kenya,KEN,2014,5.02011100232484,6.87815499275949,2.767,16.5139307062948,87.9221638089727,7874414432.36248,,-9.34004850596924,0.09
Kenya,KEN,2015,4.96772112759767,6.58215429284779,2.762,16.086613785739,98.1784533265271,7514864907.05536,,-6.30459656347733,0.13
Kenya,KEN,2016,4.21351706814744,6.29724953814625,2.757,16.5596306460545,101.504369498594,7553884912.6237,,-5.3970086381703,0.39
Kenya,KEN,2017,3.83795817364721,8.00564967709945,3.542,13.6675725164372,103.410004519014,7325420063.33911,,-6.99683322084959,1.0
Kenya,KEN,2018,5.64794640709219,4.6898064677633,4.284,13.0607588353757,101.301574049018,8164380806.22987,,-5.41106679141752,1.83
Kenya,KEN,2019,5.11415885767801,5.23963795764792,5.014,12.4411328875146,101.99129838935,9115806005.21186,,-5.23852935907811,2.16
Kenya,KEN,2020,-0.272766327438816,5.40516207933392,5.613,11.9957846171539,106.450780158517,8297263558.90541,,-3.2691100706529,0.37
Kenya,KEN,2021,7.59048947333467,6.10793603659176,5.693,12.0799983467507,109.637746592367,9490896580.9297,,-4.59900811539261,0.08
Kenya,KEN,2022,4.85998104287999,7.65986268272224,5.565,12.3358409030593,117.865989201682,7969488013.00049,,-4.19995258299621,1.69
Kenya,KEN,2023,5.71999241214208,7.67139634029402,5.409,13.588501716128,139.846383759617,7341776189.84466,,-2.54552534327702,5.03
Kenya,KEN,2024,4.66019594571891,4.48978854243448,5.487,16.5931072517574,134.822483279332,10066607177.351,,-1.28724447407872,5.14
Kenya,KEN,2025,4.63261093844984,4.06912878540729,5.449,,129.302572099377,12394288741.4979,,,4.21
Kiribati,KIR,2000,6.74266531257052,,,,1.72482666666667,,,,6.24
Kiribati,KIR,2001,-3.14412917759699,,,,1.9334425,,,,3.88
Kiribati,KIR,2002,1.44715494184476,,,,1.8405625,,,,1.67
Kiribati,KIR,2003,-1.57546689217141,,,,1.54191416666667,,,,1.13
Kiribati,KIR,2004,-0.608967597152244,,,,1.3597525,,,,1.35
Kiribati,KIR,2005,1.29243029465849,,,,1.30947333333333,,,,3.22
Kiribati,KIR,2006,5.77693449836185,,,,1.3279734405,,,-8.61367209745661,4.97
Kiribati,KIR,2007,3.05507981566669,3.59252131266417,,,1.1950725,,,-1.81771092225336,5.02
Kiribati,KIR,2008,-2.98473121631831,13.6653995252441,,,1.19217833333333,,,-3.56909081035612,1.92
Kiribati,KIR,2009,0.536801194648319,9.81643884508657,,,1.28218881008452,,,-11.8173446051314,0.16
Kiribati,KIR,2010,1.2259519892488,-3.89955040651649,,,1.09015948638677,,,0.117605372215471,0.18
Kiribati,KIR,2011,3.26372719532225,1.4974097987597,,,0.969463201496735,,,-8.82892000785835,0.1
Kiribati,KIR,2012,5.80365974645258,-3.04586292775571,,,0.965801030658708,,,1.74877248462283,0.14
Kiribati,KIR,2013,7.73092188699647,-1.488059084681,,,1.03584309652054,,,-5.02222084357955,0.11
Kiribati,KIR,2014,1.26366268044595,2.10398520925043,,,1.10936329281692,,,27.9829857767121,0.09
Kiribati,KIR,2015,11.2653209431294,0.572015743634256,,,1.33109026245502,,,29.3632121885461,0.13
Kiribati,KIR,2016,7.08803465778669,1.91731090233378,,,1.34521397601947,,,9.30878870504903,0.39
Kiribati,KIR,2017,3.71200171622053,0.355520888546828,,,1.30475807671592,,,31.6106147102959,1.0
Kiribati,KIR,2018,3.42465753424656,0.564030491493476,,,1.33841214646451,,,32.8981165971109,1.83
Kiribati,KIR,2019,3.31125827814569,-1.81307995302947,,,1.43850654421382,,,40.0284245338672,2.16
Kiribati,KIR,2020,-1.28205128205127,2.5532455441463,,,1.45308511847016,,,32.265989182257,0.37
Kiribati,KIR,2021,8.44155844155846,2.05361676773907,,,1.33122425957081,,,7.09435848086612,0.08
Kiribati,KIR,2022,5.08982035928143,5.34595440908904,,,1.44166445896522,,,-11.9916642674789,1.69
Kiribati,KIR,2023,3.13390313390313,9.28307374517721,,,1.50519106560508,,,-1.75438499584723,5.03
Kiribati,KIR,2024,4.69613259668509,2.45545072159028,,,1.51535803855596,,,-17.3510233551176,5.14
Kiribati,KIR,2025,4.22163588390501,,,,1.5519978866485,,,-17.5670301008263,4.21
"Korea, Dem. People's Rep.",PRK,2000,,,3.653,,,,,,6.24
"Korea, Dem. People's Rep.",PRK,2001,,,3.676,,,,,,3.88
"Korea, Dem. People's Rep.",PRK,2002,,,3.644,,,,,,1.67
"Korea, Dem. People's Rep.",PRK,2003,,,3.668,,,,,,1.13
"Korea, Dem. People's Rep.",PRK,2004,,,3.62,,,,,,1.35
"Korea, Dem. People's Rep.",PRK,2005,,,3.576,,,,,,3.22
"Korea, Dem. People's Rep.",PRK,2006,,,3.55,,,,,,4.97
"Korea, Dem. People's Rep.",PRK,2007,,,3.547,,,,,,5.02
"Korea, Dem. People's Rep.",PRK,2008,,,3.48,,,,,,1.92
"Korea, Dem. People's Rep.",PRK,2009,,,3.48,,,,,,0.16
"Korea, Dem. People's Rep.",PRK,2010,,,3.419,,,,,,0.18
"Korea, Dem. People's Rep.",PRK,2011,,,3.516,,,,,,0.1
"Korea, Dem. People's Rep.",PRK,2012,,,3.542,,,,,,0.14
"Korea, Dem. People's Rep.",PRK,2013,,,3.567,,,,,,0.11
"Korea, Dem. People's Rep.",PRK,2014,,,3.509,,,,,,0.09
"Korea, Dem. People's Rep.",PRK,2015,,,3.523,,,,,,0.13
"Korea, Dem. People's Rep.",PRK,2016,,,3.574,,,,,,0.39
"Korea, Dem. People's Rep.",PRK,2017,,,3.498,,,,,,1.0
"Korea, Dem. People's Rep.",PRK,2018,,,3.409,,,,,,1.83
"Korea, Dem. People's Rep.",PRK,2019,,,3.439,,,,,,2.16
"Korea, Dem. People's Rep.",PRK,2020,,,3.624,,,,,,0.37
"Korea, Dem. People's Rep.",PRK,2021,,,3.692,,,,,,0.08
"Korea, Dem. People's Rep.",PRK,2022,,,3.457,,,,,,1.69
"Korea, Dem. People's Rep.",PRK,2023,,,3.463,,,,,,5.03
"Korea, Dem. People's Rep.",PRK,2024,,,3.539,,,,,,5.14
"Korea, Dem. People's Rep.",PRK,2025,,,3.545,,,,,,4.21
"Korea, Rep.",KOR,2000,9.2018583880479,2.25916580080157,4.063,8.545,1130.3625,96250965793.1312,,1.7039361599544,6.24
"Korea, Rep.",KOR,2001,4.72593560322356,4.06657587897792,3.699,7.70833333333333,1290.79,102875399954.157,,0.381489475071825,3.88
"Korea, Rep.",KOR,2002,7.74399895319569,2.76226210296599,3.046,6.76916666666667,1251.6025,121497596257.726,,0.625539996245813,1.67
"Korea, Rep.",KOR,2003,3.07472661826947,3.51487451459939,3.348,6.23666666666667,1191.64583333333,155471714191.457,,1.55223664563709,1.13
"Korea, Rep.",KOR,2004,5.1836368597334,3.59066298882578,3.42,5.90416666666667,1146.24916666667,199195487365.144,,3.55783305096389,1.35
"Korea, Rep.",KOR,2005,4.35823667337156,2.75379162735039,3.482,5.59333333333333,1024.32833333333,210552008738.697,,1.25636444462509,3.22
"Korea, Rep.",KOR,2006,5.24500550580342,2.24234028518921,3.254,5.9875,955.340833333333,239148089520.925,,0.191275272898578,4.97
"Korea, Rep.",KOR,2007,5.8419633918717,2.53457382137932,3.013,6.55166666666667,929.375833333333,262532669802.854,,0.857760495298849,5.02
"Korea, Rep.",KOR,2008,3.00440451679569,4.67389655533408,2.959,7.16833333333333,1100.12583333333,201544913438.771,,0.160592800145373,1.92
"Korea, Rep.",KOR,2009,0.81986175641795,2.7564965449393,3.363,5.64916666666667,1277.24583333333,270437145807.698,,3.36575830090763,0.16
"Korea, Rep.",KOR,2010,6.98166138853071,2.93928652655686,3.324,5.51166666666667,1156.46,292143494466.557,,2.34320897623578,0.18
"Korea, Rep.",KOR,2011,3.6880320602952,4.0259650043609,2.992,5.7575,1108.23333333333,306934526876.42,,1.27290610804572,0.1
"Korea, Rep.",KOR,2012,2.54766550568242,2.18707104433314,2.812,5.39583333333333,1126.80666666667,327724415843.319,31.0184112293818,3.65378622367594,0.14
"Korea, Rep.",KOR,2013,3.2913959543442,1.30134754547413,3.067,4.64333333333333,1094.9825,345694098075.172,33.3707589515616,5.38513504027402,0.11
"Korea, Rep.",KOR,2014,3.21468019683108,1.27477446401322,3.082,4.26333333333333,1052.84,362834692845.466,34.8171173128439,5.33522703805369,0.09
"Korea, Rep.",KOR,2015,2.92029267301234,0.70633177245575,3.546,3.53333333333333,1130.9525,366707257929.029,35.7105611200011,6.82937629347486,0.13
"Korea, Rep.",KOR,2016,3.17152748983935,0.971685739912168,3.65,3.3675,1160.7675,370154204332.626,36.1498684786294,6.20103649558332,0.39
"Korea, Rep.",KOR,2017,3.433191763972,1.94433230786366,3.653,3.47666666666666,1131.00083333333,388804901513.924,35.4459831845843,4.39896168114518,1.0
"Korea, Rep.",KOR,2018,3.17611568177327,1.47583935002645,3.824,3.6625,1100.16333333333,403082233385.987,35.5200546750178,4.24648147146115,1.83
"Korea, Rep.",KOR,2019,2.31380210595475,0.383000303608136,3.746,3.44583333333333,1165.3575,408819161841.749,37.6954834097738,3.40802631398853,2.16
"Korea, Rep.",KOR,2020,-0.700242317542106,0.537288023411737,3.931,2.80166666666667,1180.26583333333,443462937570.176,43.775799174588,4.38648608581777,0.37
"Korea, Rep.",KOR,2021,4.61296795454287,2.49833333333339,3.639,2.88416666666667,1143.95166666667,463281305723.059,45.8328934501884,4.31851487245382,0.08
"Korea, Rep.",KOR,2022,2.72756456708991,5.08951365062842,2.857,4.2925,1291.44666666667,423365991593.016,47.6110651856141,1.29147917850335,1.69
"Korea, Rep.",KOR,2023,1.58301467403629,3.5974562502901,2.675,5.18916666666667,1305.6625,420930029064.025,48.5543799702909,1.76334472698699,5.03
"Korea, Rep.",KOR,2024,2.00361101838986,2.32174328643542,2.784,4.72666666666667,1363.375,418218648901.669,47.8141426119509,5.33081628105267,5.14
"Korea, Rep.",KOR,2025,1.00701840291242,2.12309421458659,2.683,4.1925,1422.44083333333,436572785443.925,,6.57207036660681,4.21
Kosovo,XKX,2000,,,,,,57409059.0,,,6.24
Kosovo,XKX,2001,,,,,,261071775.0,,,3.88
Kosovo,XKX,2002,,,,,1.05755899623965,353572354.0,,,1.67
Kosovo,XKX,2003,,-1.08481262327414,,,0.884047927184961,535598272.0,,,1.13
Kosovo,XKX,2004,,-1.06472696605525,,14.7883458536289,0.803921647747605,423533771.0,,,1.35
Kosovo,XKX,2005,,-1.38518913159299,,14.4213906366274,0.803800192161416,328569606.0,,,3.22
Kosovo,XKX,2006,,0.621646938601728,,14.4943726228665,0.796432730949096,471097660.0,,,4.97
Kosovo,XKX,2007,,4.35849695328369,,14.5738707277441,0.729672399984088,959856438.0,,,5.02
Kosovo,XKX,2008,,9.35041764658178,,14.8333562686325,0.679922680042729,932825224.0,,-13.0296166128496,1.92
Kosovo,XKX,2009,5.03485413839893,-2.41026401661229,,14.3897652181858,0.716957702016136,830415016.302636,,-10.3735215536054,0.16
Kosovo,XKX,2010,4.93995095961395,3.48050763735842,,14.3658333333333,0.754308990105979,813352079.514421,,-12.6780402019831,0.18
Kosovo,XKX,2011,6.31981022896761,7.3364177131527,,13.775,0.718413898653322,717327041.234403,,-13.3320936926298,0.1
Kosovo,XKX,2012,1.71219595890548,2.47673782156533,,12.6658333333333,0.778338120416812,958335407.209021,,-6.16059133481013,0.14
Kosovo,XKX,2013,5.34079911900278,1.76732428354892,,11.82,0.752945122702002,956742702.963359,,-3.58059276519861,0.11
Kosovo,XKX,2014,3.34880478431623,0.428957808324092,,10.615,0.752728196932591,783153103.764853,,-7.09051913483544,0.09
Kosovo,XKX,2015,5.91623128345211,-0.536929392740659,,8.32,0.901296423367096,770550134.507563,,-8.69442977292998,0.13
Kosovo,XKX,2016,5.57177504731632,0.273169431045468,,7.4468,0.903421436257288,637797614.527441,,-7.9344293109623,0.39
Kosovo,XKX,2017,4.82565565298054,1.48823430592319,,6.8327,0.88520550826938,819582674.409873,,-5.26347862162579,1.0
Kosovo,XKX,2018,3.40663227056285,1.05379773654991,,6.65405833333333,0.846772667108096,881167306.173397,,-7.6217333874861,1.83
Kosovo,XKX,2019,4.75680057007834,2.67599202639893,,,0.893215581479226,965831893.179934,,-5.66174815490071,2.16
Kosovo,XKX,2020,-5.34027547826166,0.198227922994854,,,0.877475207233012,1095367616.61861,,-6.99601125987905,0.37
Kosovo,XKX,2021,10.7456560819583,3.35369139207997,,,0.845376564367945,1244319385.1658,,-8.69466510438221,0.08
Kosovo,XKX,2022,4.27849895827543,11.5805104542012,,,0.950915533962108,1247751320.33903,,-9.41107172718694,1.69
Kosovo,XKX,2023,4.06762701436438,4.94432438791283,,,0.924709622987356,1245423955.07842,,-7.18596643738428,5.03
Kosovo,XKX,2024,4.5730971681166,1.61944994559476,,,0.924367447270267,1310096686.95658,,-8.32346840516263,5.14
Kosovo,XKX,2025,3.59217142544483,3.85953869869506,,,0.887144250370588,1516143666.30716,,-8.09995878318881,4.21
Kuwait,KWT,2000,4.69458187079211,1.81294613887089,0.8,8.86666666666667,0.306751583333333,7779055735.12478,,38.8987849354702,6.24
Kuwait,KWT,2001,0.213332576499354,1.29999999999999,0.8,7.884275,0.306681666666667,10599228051.4041,,23.8570352760579,3.88
Kuwait,KWT,2002,3.01428315192251,0.888450148074907,1.1,6.48220833333333,0.303914251666667,10078199079.2847,,11.1829070467622,1.67
Kuwait,KWT,2003,17.3260204175143,0.961350293542112,1.3,5.41685833333333,0.298011521083333,8636260734.28501,,19.6850434098774,1.13
Kuwait,KWT,2004,10.2402980586354,1.24856443679889,1.7,5.63663333333333,0.2947,9353825022.43273,,26.0905307506551,1.35
Kuwait,KWT,2005,10.6090449840228,4.14297583631023,1.455,7.49825833333333,0.292,10165102734.7153,,37.2166556465422,3.22
Kuwait,KWT,2006,7.51477300024021,3.05701339166722,1.3,8.57895,0.290176225,14179782169.7327,,44.6169422787984,4.97
Kuwait,KWT,2007,5.99157551059315,5.48494983277596,1.5,8.53628333333334,0.284213958333333,18776552864.7304,,36.0539760535066,5.02
Kuwait,KWT,2008,2.47975694278544,10.5827097865144,1.75,7.61299166666667,0.268828366666667,19320771658.4914,,40.8735629968814,1.92
Kuwait,KWT,2009,-7.07605643073411,4.60959548447787,1.64,6.157775,0.287785416666667,23028171515.8341,,27.3403414829886,0.16
Kuwait,KWT,2010,-2.37054804425912,4.49640287769787,1.82,5.42165833333334,0.286606591666667,24801842016.4147,,32.0485537270105,0.18
Kuwait,KWT,2011,9.62863419534361,4.8394034987095,2.051,5.19309166666667,0.275978944444444,29681701459.822,,42.9408981326277,0.1
Kuwait,KWT,2012,6.62587485078971,3.25514600287211,2.227,4.98379166666667,0.279935558333333,33109896469.2245,,45.4600006397631,0.14
Kuwait,KWT,2013,1.14946552780648,2.68229684085039,2.465,4.56130833333333,0.283589441666667,32410244556.9514,,39.89983649926,0.11
Kuwait,KWT,2014,0.500914669444924,2.90892672858625,2.9,4.26845,0.284567141666667,35175442351.7033,,33.1790758712171,0.09
Kuwait,KWT,2015,0.592770817217982,3.27170166092133,2.2,4.2949,0.300852025,30960893267.6336,,7.49155631840309,0.13
Kuwait,KWT,2016,2.92607584256388,3.19839776658374,2.16,4.47658333333333,0.302137441178496,33936274928.4313,,0.586532843484052,0.39
Kuwait,KWT,2017,-4.71222270495362,2.17183298510006,2.23,4.69493333333333,0.303349758333333,36889754716.8625,,6.42748123295125,1.0
Kuwait,KWT,2018,2.74333045031415,0.543133148199567,2.202,4.827,0.301956493524177,40282453060.4129,,17.3456575415954,1.83
Kuwait,KWT,2019,2.26381706595791,1.09184802655856,2.213,4.8111,0.303611163035755,43668410965.0783,,21.4792265638837,2.16
Kuwait,KWT,2020,-4.81731593381585,2.101729548274,3.489,4.13990833333333,0.306233121756716,52918606999.3546,,19.8384588490022,0.37
Kuwait,KWT,2021,1.67213054307859,3.42362947609188,2.97,3.70596666666667,0.301643110769949,49525016980.8271,,23.5545486012366,0.08
Kuwait,KWT,2022,6.75866711966617,3.98064961990313,2.133,3.912775,0.306250154417753,52461721622.8115,,34.3743300781264,1.69
Kuwait,KWT,2023,-1.64087799968877,3.64216403030709,2.08,4.92779166666667,0.30718535125088,52619359334.9437,,31.0620887768465,5.03
Kuwait,KWT,2024,-1.47401818168846,2.89855072463762,2.151,5.17131666666667,0.306690648597046,50727942998.1333,,29.025293802042,5.14
Kuwait,KWT,2025,2.731825804492,2.36195936682045,2.181,5.03093333333334,0.306454776364578,51737963291.5741,,22.6972052506544,4.21
Kyrgyz Republic,KGZ,2000,5.44333663288322,18.7007342838023,2.143,56.4730303030303,47.7038333333333,261849461.304369,,-5.55490834350205,6.24
Kyrgyz Republic,KGZ,2001,5.32162141190466,6.9196798942304,2.273,40.0918808777429,48.3779583333333,286507193.633658,,-1.2453482434873,3.88
Kyrgyz Republic,KGZ,2002,-0.0173246130360667,2.13420986310243,2.416,35.8884535005225,46.9370666666667,317331858.0288,,-1.82590999500267,1.67
Kyrgyz Republic,KGZ,2003,7.03029319731168,2.97461295184355,2.548,24.0508359456635,43.648375,399268624.124879,,-2.19733510264456,1.13
Kyrgyz Republic,KGZ,2004,7.02681242497607,4.11065084723381,2.68,23.3423898004309,42.6499416666667,564545759.325871,,1.32375512838834,1.35
Kyrgyz Republic,KGZ,2005,-0.175515404044219,4.3386739184431,2.816,21.4988225662995,41.0118205059348,612352822.699198,,-1.52182901572015,3.22
Kyrgyz Republic,KGZ,2006,3.10289874199981,5.55212333162542,2.962,23.0722114342722,40.1528999454205,817170020.005819,,-10.0953913600934,4.97
Kyrgyz Republic,KGZ,2007,8.54287477507607,10.2301032660484,3.094,23.2185739270376,37.3162568055556,1176500793.52509,,-5.98595362572478,5.02
Kyrgyz Republic,KGZ,2008,8.40161604861429,24.5201024234102,3.207,25.9058333333333,36.5745916666667,1225137055.69584,,-13.8763673181829,1.92
Kyrgyz Republic,KGZ,2009,2.88629457537731,6.83656248105368,3.343,26.6529960866008,42.9041083333333,1584332498.17031,,-4.31423765842018,0.16
Kyrgyz Republic,KGZ,2010,-0.471566596791618,7.96772225579684,3.503,23.7199692393219,45.9642614008139,1720378724.05245,,-9.89833859355209,0.18
Kyrgyz Republic,KGZ,2011,5.95627429693504,16.6363262731495,3.644,23.7789112384906,46.1439013172043,1831422015.50304,,-7.69730261933363,0.1
Kyrgyz Republic,KGZ,2012,-0.0881501998439376,2.76844236540957,3.786,22.9963340905902,47.0044791422568,2066679059.29408,,-15.5252325924145,0.14
Kyrgyz Republic,KGZ,2013,10.9154694528045,6.61375202358082,3.881,21.3243111079534,48.4380590087726,2238390587.93532,,-13.7754189892496,0.11
Kyrgyz Republic,KGZ,2014,4.02403863083252,7.5342472977589,4.02,20.1335217758898,53.654058312852,1957488936.70541,53.8893270176244,-17.4244156605429,0.09
Kyrgyz Republic,KGZ,2015,3.87582544512439,6.50331838993384,4.138,23.6301125786122,64.4621082725294,1777941002.20899,72.4565575830671,-15.7592478411185,0.13
Kyrgyz Republic,KGZ,2016,4.33585592190116,0.388838296895799,4.294,24.5318680766991,69.9140658252997,1967811282.96594,60.4735108680683,-11.628233310749,0.39
Kyrgyz Republic,KGZ,2017,4.73993722377884,3.1753098637994,4.425,19.8191860496034,68.866667859063,2177013757.29635,60.9182286766387,-6.95269622627314,1.0
Kyrgyz Republic,KGZ,2018,3.75791013557165,1.54266145238436,4.559,19.5131820149386,68.840320327701,2156976620.3674,51.6567858407378,-11.6275560440076,1.83
Kyrgyz Republic,KGZ,2019,4.60062565707598,1.13362257718804,5.45,18.9967536717482,69.7893491807476,2428567693.63364,51.3325378370411,-11.3840798908834,2.16
Kyrgyz Republic,KGZ,2020,-7.14897757727955,6.32542296338078,5.945,17.0357659286485,77.3461127039303,2811615193.09799,67.9562222931595,4.52522127933728,0.37
Kyrgyz Republic,KGZ,2021,5.50700762671923,11.9050398185147,5.149,16.6226604984585,84.6408220065285,2982533267.78709,56.3623694600643,-7.97583742281609,0.08
Kyrgyz Republic,KGZ,2022,8.96750520041391,13.9229093174176,4.767,18.6649646194159,84.1162225704045,2798508309.69425,47.085480540382,-42.3794795657648,1.69
Kyrgyz Republic,KGZ,2023,9.0132928339342,10.7532770416742,3.498,19.1058652071561,87.8561255862776,3236844683.24645,40.54198900827,-44.9281659368624,5.03
Kyrgyz Republic,KGZ,2024,11.5397119406559,4.99760701207323,3.491,19.783640031297,87.1503126405883,5088723593.73523,38.7180366994573,-22.6410105179248,5.14
Kyrgyz Republic,KGZ,2025,11.0960203357132,8.21496013406325,3.526,,,,,,4.21
Lao PDR,LAO,2000,5.79878232861959,25.0846414281315,2.045,32.0,7887.64333333333,144286276.317585,,-0.489256566266576,6.24
Lao PDR,LAO,2001,5.75141287983195,7.81180794783471,1.881,26.1666666666667,8954.58333333333,156822241.427009,,-3.80683721990308,3.88
Lao PDR,LAO,2002,5.91874368370564,10.6313446323333,1.775,29.3333333333333,10056.3333333333,226409478.102904,,0.47045153495805,1.67
Lao PDR,LAO,2003,6.06700230344272,15.4893529233525,1.639,30.5,10569.0375,283273040.748973,,-1.46818009608596,1.13
Lao PDR,LAO,2004,6.35769548008234,10.4622667314208,1.498,29.25,10585.375,296221795.438601,,-7.53199402235116,1.35
Lao PDR,LAO,2005,7.10756836811267,7.16541759946639,1.35,26.8333333333333,10655.1666666667,327051177.281925,,-6.35287280117623,3.22
Lao PDR,LAO,2006,8.61926620832807,6.54559439052787,1.199,30.0,10153.6240754273,483003280.421735,,2.17967841617852,4.97
Lao PDR,LAO,2007,7.59682880054878,4.66197269469701,1.068,28.5,9602.72881820274,730865696.307765,,3.30099767237269,5.02
Lao PDR,LAO,2008,7.82490276337012,7.62880887577516,0.944,24.0,8740.18140302543,901686245.323899,,1.42375423290882,1.92
Lao PDR,LAO,2009,7.50177491225853,0.141187674980385,0.835,24.775,8511.35116305693,1023354193.77418,,-1.04359478297296,0.16
Lao PDR,LAO,2010,8.52690551739717,5.98254521550082,0.708,22.6125,8254.16302973342,1208082725.82125,,0.410966616116085,0.18
Lao PDR,LAO,2011,8.03865268023725,7.5689885610998,0.96,,8029.2625550619,1192801276.69501,,-2.35798203498442,0.1
Lao PDR,LAO,2012,8.02609843461283,4.2551267783209,1.208,,8006.58203188054,1293088589.02477,,-7.33751463250306,0.14
Lao PDR,LAO,2013,8.02630022699017,6.37142717782947,1.469,,7833.22998982965,1083878167.71889,,-7.82702813174138,0.11
Lao PDR,LAO,2014,7.61196343979319,4.12924306873771,1.733,,8042.42157002354,1233427355.6935,,-14.4922715355557,0.09
Lao PDR,LAO,2015,7.27006584373785,1.27735427102992,2.006,,8127.61059846586,1068907282.66709,,-15.7184889292205,0.13
Lao PDR,LAO,2016,7.02283625501138,1.59691227583204,2.634,,8124.36675616228,916030473.782855,,-8.70356040600567,0.39
Lao PDR,LAO,2017,6.8925308726989,0.825478607568026,3.268,,8244.84318921019,1125475868.42048,,-7.3797065798585,1.0
Lao PDR,LAO,2018,6.24796000755872,2.04039266890201,2.897,,8401.33476613966,980441052.937056,,-9.08923603390856,1.83
Lao PDR,LAO,2019,5.4577350924848,3.32255881256925,2.531,,8679.40909309671,1110905148.66408,,-7.04124343564556,2.16
Lao PDR,LAO,2020,0.503031829018681,5.10407262959919,2.349,,9045.78783382479,1894600080.96868,,-1.60378619154945,0.37
Lao PDR,LAO,2021,2.52835100486102,3.75562036658877,2.08,,9697.91578947368,1950518267.75273,,2.29262780940358,0.08
Lao PDR,LAO,2022,2.70742652643155,22.9562225132056,1.209,,14035.2266926511,1576038534.74606,,-2.96567805589965,1.69
Lao PDR,LAO,2023,3.74568140158232,31.2301341732646,1.186,,17688.8735909054,1769745792.21118,,2.55329592767602,5.03
Lao PDR,LAO,2024,4.13019264438475,23.1305695942588,1.174,,20167.3313803145,2213001000.16953,,3.21986797869176,5.14
Lao PDR,LAO,2025,4.53760564766725,7.74226936553695,1.187,,,,,,4.21
Late-demographic dividend,LTE,2000,7.02510902300111,4.10280983042326,5.29485034456226,,,,,,6.24
Late-demographic dividend,LTE,2001,5.19901909234986,4.64604442058634,5.47907914783063,,,,,,3.88
Late-demographic dividend,LTE,2002,6.04936102271625,2.80115505180745,5.66563235164984,,,,,,1.67
Late-demographic dividend,LTE,2003,6.87823190586745,3.23464817293925,5.90243541524635,,,,,,1.13
Late-demographic dividend,LTE,2004,8.20688513231677,3.85730391367399,5.70845578270121,,,,,,1.35
Late-demographic dividend,LTE,2005,7.79435016326815,4.14297583631023,5.63125210477498,,,,,,3.22
Late-demographic dividend,LTE,2006,9.29615941664146,4.3655220300907,5.38097826380605,,,,,,4.97
Late-demographic dividend,LTE,2007,10.2086065678187,5.43875883876556,5.11709007503548,,,,,,5.02
Late-demographic dividend,LTE,2008,6.95968815694457,8.95598705177784,5.14867990448764,,,,,,1.92
Late-demographic dividend,LTE,2009,3.74599698849585,3.04166827698484,5.57785428299668,,,,,,0.16
Late-demographic dividend,LTE,2010,8.01408752578922,3.29777961339846,5.25181815855478,,,,,,0.18
Late-demographic dividend,LTE,2011,7.1689562967987,4.37073559939223,5.11922021804218,,,,,,0.1
Late-demographic dividend,LTE,2012,5.88568857687208,3.31605566687647,5.02938218164513,,,,,,0.14
Late-demographic dividend,LTE,2013,5.62973223892911,2.68229684085039,5.01097351607565,,,,,,0.11
Late-demographic dividend,LTE,2014,5.27993047692303,2.04461481539342,4.93887259586478,,,,,,0.09
Late-demographic dividend,LTE,2015,4.70954361182743,1.5579071134626,5.11139944235291,,,,,,0.13
Late-demographic dividend,LTE,2016,4.44982415289267,1.10920805807027,5.2806539060794,,,,,,0.39
Late-demographic dividend,LTE,2017,5.26224829988129,2.17727572689262,5.27038544833334,,,,,,1.0
Late-demographic dividend,LTE,2018,5.44116105376224,2.4744634711843,5.05006029808032,,,,,,1.83
Late-demographic dividend,LTE,2019,4.74723356857159,2.16993433856378,5.19591640696366,,,,,,2.16
Late-demographic dividend,LTE,2020,0.235409361022192,1.93694126694223,5.93153762506637,,,,,,0.37
Late-demographic dividend,LTE,2021,7.59396655185003,3.49505757399448,5.50538471355182,,,,,,0.08
Late-demographic dividend,LTE,2022,3.28975241103197,9.10437983075437,5.19342173354142,,,,,,1.69
Late-demographic dividend,LTE,2023,4.43253867675644,5.86910359896119,4.795456897897,,,,,,5.03
Late-demographic dividend,LTE,2024,4.52553873018407,2.90379501424778,4.59750117083053,,,,,,5.14
Late-demographic dividend,LTE,2025,4.45332355682564,3.74577316751945,4.49833547120506,,,,,,4.21
Latin America & Caribbean,LCN,2000,3.62290324933474,4.60822998872598,9.4445224692252,,,,,,6.24
Latin America & Caribbean,LCN,2001,0.531799559144957,4.05508061344645,9.04975653454107,,,,,,3.88
Latin America & Caribbean,LCN,2002,0.218218821588195,3.95011663721593,9.38790662648606,,,,,,1.67
Latin America & Caribbean,LCN,2003,2.21067339617767,3.73373566167644,9.25661869657505,,,,,,1.13
Latin America & Caribbean,LCN,2004,5.72011461630102,4.38032286534608,8.75018243421292,,,,,,1.35
Latin America & Caribbean,LCN,2005,4.0926769732141,4.44057565687913,8.23739951394743,,,,,,3.22
Latin America & Caribbean,LCN,2006,5.26208115771729,4.25195321977967,7.61413600233204,,,,,,4.97
Latin America & Caribbean,LCN,2007,5.2877791396708,4.57808572377153,7.22630490484512,,,,,,5.02
Latin America & Caribbean,LCN,2008,3.68881572228068,8.1081081081078,6.83921032197309,,,,,,1.92
Latin America & Caribbean,LCN,2009,-2.30254101109895,2.50049988756384,7.81478715032184,,,,,,0.16
Latin America & Caribbean,LCN,2010,6.15136362667808,3.49128872618809,7.21826756521545,,,,,,0.18
Latin America & Caribbean,LCN,2011,4.39575762072283,4.87799830970702,6.71534566285068,,,,,,0.1
Latin America & Caribbean,LCN,2012,2.64583304322979,3.78180754679678,6.42118292240463,,,,,,0.14
Latin America & Caribbean,LCN,2013,2.71733038737128,2.5286478853837,6.37856594564285,,,,,,0.11
Latin America & Caribbean,LCN,2014,1.19675253046894,3.38341272749477,6.18310613899892,,,,,,0.09
Latin America & Caribbean,LCN,2015,0.239853960080666,1.86148302863371,6.67695891386519,,,,,,0.13
Latin America & Caribbean,LCN,2016,-0.730974962811146,1.65038994431573,7.73682468877475,,,,,,0.39
Latin America & Caribbean,LCN,2017,1.55352771899284,2.19201010962985,8.02820612705932,,,,,,1.0
Latin America & Caribbean,LCN,2018,1.22291785556858,2.37951733360489,7.93331984460849,,,,,,1.83
Latin America & Caribbean,LCN,2019,0.317364964426716,2.18225589066245,8.00061467672947,,,,70.6884318194605,,2.16
Latin America & Caribbean,LCN,2020,-6.85943781930433,1.49389017299587,10.214072797585,,,,77.6816372304702,,0.37
Latin America & Caribbean,LCN,2021,7.07608139571873,3.87805442411131,9.14468412313157,,,,69.1116526047367,,0.08
Latin America & Caribbean,LCN,2022,4.09058657203177,8.08552554700602,6.93153207639263,,,,,,1.69
Latin America & Caribbean,LCN,2023,2.20678468368602,4.63202285403356,6.19254754786298,,,,,,5.03
Latin America & Caribbean,LCN,2024,2.25497168830525,3.46497037946077,5.86943289832019,,,,,,5.14
Latin America & Caribbean,LCN,2025,2.32153204967842,2.30758626602756,5.45907691012021,,,,,,4.21
Latin America & Caribbean (excluding high income),LAC,2000,3.62342322715857,7.05702729099891,9.43023989036824,,,,,,6.24
Latin America & Caribbean (excluding high income),LAC,2001,0.238359583765259,6.58482368511314,8.98514907364224,,,,,,3.88
Latin America & Caribbean (excluding high income),LAC,2002,0.063236481052968,5.12704751455371,9.33585929151463,,,,,,1.67
Latin America & Caribbean (excluding high income),LAC,2003,2.10899402237202,5.45293224327203,9.20720625106016,,,,,,1.13
Latin America & Caribbean (excluding high income),LAC,2004,5.60352299253309,5.29621445194822,8.70252011336982,,,,,,1.35
Latin America & Caribbean (excluding high income),LAC,2005,4.16007347500616,4.87098416796732,8.18339925036928,,,,,,3.22
Latin America & Caribbean (excluding high income),LAC,2006,5.36660487562762,4.26717463390264,7.55497236157597,,,,,,4.97
Latin America & Caribbean (excluding high income),LAC,2007,5.40989294955034,5.84397570531601,7.18560904807712,,,,,,5.02
Latin America & Caribbean (excluding high income),LAC,2008,3.77542199431176,9.23316888222976,6.7530751478709,,,,,,1.92
Latin America & Caribbean (excluding high income),LAC,2009,-2.44468420542675,2.59194673430567,7.67986013495104,,,,,,0.16
Latin America & Caribbean (excluding high income),LAC,2010,6.42272825881251,3.8595090983316,7.13684615492128,,,,,,0.18
Latin America & Caribbean (excluding high income),LAC,2011,4.41721328660691,5.79676809206533,6.63768103519111,,,,,,0.1
Latin America & Caribbean (excluding high income),LAC,2012,2.44060941447695,4.11150981070289,6.35784018295865,,,,,,0.14
Latin America & Caribbean (excluding high income),LAC,2013,2.72471630094604,2.76789666082002,6.33724541486795,,,,,,0.11
Latin America & Caribbean (excluding high income),LAC,2014,1.11641330983845,3.43816659958601,6.11295170625168,,,,,,0.09
Latin America & Caribbean (excluding high income),LAC,2015,0.0699385356183484,3.15783117980915,6.6503628849075,,,,,,0.13
Latin America & Caribbean (excluding high income),LAC,2016,-0.977477793493975,2.8217078474766,7.76472151764398,,,,,,0.39
Latin America & Caribbean (excluding high income),LAC,2017,1.58746258230468,3.36296514855608,8.06804526490034,,,,,,1.0
Latin America & Caribbean (excluding high income),LAC,2018,1.15229755041935,3.40250179472038,7.9491088470884,,,,,,1.83
Latin America & Caribbean (excluding high income),LAC,2019,0.182794027991264,2.50460959460401,8.0031866353429,,,,71.0076212740685,,2.16
Latin America & Caribbean (excluding high income),LAC,2020,-6.79640022295334,2.52663500084706,10.1125058323335,,,,77.9141737259414,,0.37
Latin America & Caribbean (excluding high income),LAC,2021,6.85451332312384,4.27166381536798,9.08714668261223,,,,69.225814253977,,0.08
Latin America & Caribbean (excluding high income),LAC,2022,3.97595959337909,8.81109209279587,6.83824311969363,,,,66.4556422570735,,1.69
Latin America & Caribbean (excluding high income),LAC,2023,2.12680994822227,5.08677483158112,6.06496995571875,,,,69.3314987924686,,5.03
Latin America & Caribbean (excluding high income),LAC,2024,1.99001515816749,3.83540271728533,5.7278348014991,,,,70.4071834699304,,5.14
Latin America & Caribbean (excluding high income),LAC,2025,2.21490070818977,3.1702688841681,5.28646121885159,,,,,,4.21
Latin America & the Caribbean (IDA & IBRD countries),TLA,2000,3.59812186214749,4.76382472733251,9.52894893986909,,,,,,6.24
Latin America & the Caribbean (IDA & IBRD countries),TLA,2001,0.314501871853068,5.30722081028547,9.1432735656305,,,,,,3.88
Latin America & the Caribbean (IDA & IBRD countries),TLA,2002,0.171881489199649,4.24026660688645,9.50084872810719,,,,,,1.67
Latin America & the Caribbean (IDA & IBRD countries),TLA,2003,2.27451039953415,4.54690012118718,9.38382565258049,,,,,,1.13
Latin America & the Caribbean (IDA & IBRD countries),TLA,2004,5.64708523651846,4.45194392395045,8.88029213614675,,,,,,1.35
Latin America & the Caribbean (IDA & IBRD countries),TLA,2005,4.19398022317677,4.6992773903564,8.34365571129642,,,,,,3.22
Latin America & the Caribbean (IDA & IBRD countries),TLA,2006,5.37481873645092,4.29342363628927,7.7076777430645,,,,,,4.97
Latin America & the Caribbean (IDA & IBRD countries),TLA,2007,5.45666137062888,5.54438485815156,7.31214733545694,,,,,,5.02
Latin America & the Caribbean (IDA & IBRD countries),TLA,2008,3.85426414207737,8.40009593987462,6.91574463042059,,,,,,1.92
Latin America & the Caribbean (IDA & IBRD countries),TLA,2009,-2.34912629613164,2.76408913513633,7.89406164784247,,,,,,0.16
Latin America & the Caribbean (IDA & IBRD countries),TLA,2010,6.42164085310479,4.00811816256667,7.26042689855492,,,,,,0.18
Latin America & the Caribbean (IDA & IBRD countries),TLA,2011,4.56412247168292,5.46284592944072,6.73516198738484,,,,,,0.1
Latin America & the Caribbean (IDA & IBRD countries),TLA,2012,2.71792459208542,4.14457284086402,6.43477941830029,,,,,,0.14
Latin America & the Caribbean (IDA & IBRD countries),TLA,2013,2.8059330343136,2.74483621896186,6.39401761164224,,,,,,0.11
Latin America & the Caribbean (IDA & IBRD countries),TLA,2014,1.24870826294293,3.4282641481078,6.20935559864304,,,,,,0.09
Latin America & the Caribbean (IDA & IBRD countries),TLA,2015,0.189496368114675,2.92482169718974,6.72924741273479,,,,,,0.13
Latin America & the Caribbean (IDA & IBRD countries),TLA,2016,-0.748991632597836,2.53781710390567,7.82039688517988,,,,,,0.39
Latin America & the Caribbean (IDA & IBRD countries),TLA,2017,1.62136105748272,2.8227580554717,8.12865999426483,,,,,,1.0
Latin America & the Caribbean (IDA & IBRD countries),TLA,2018,1.30772581346528,2.32414485367921,8.03589728630349,,,,,,1.83
Latin America & the Caribbean (IDA & IBRD countries),TLA,2019,0.295159946142377,2.09604635327807,8.10633851896146,,,,70.7260661315583,,2.16
Latin America & the Caribbean (IDA & IBRD countries),TLA,2020,-6.78167389936947,1.76751592356698,10.355452107179,,,,77.6779808688501,,0.37
Latin America & the Caribbean (IDA & IBRD countries),TLA,2021,7.27596087772766,4.26105127422813,9.26330031941499,,,,69.0754204193326,,0.08
Latin America & the Caribbean (IDA & IBRD countries),TLA,2022,4.12386672781881,8.27477490232654,7.01556949606688,,,,66.2747535367956,,1.69
Latin America & the Caribbean (IDA & IBRD countries),TLA,2023,2.28058560829545,4.70881783212245,6.26268991297245,,,,69.2187486675237,,5.03
Latin America & the Caribbean (IDA & IBRD countries),TLA,2024,2.27782988064618,3.62770736940927,5.9308852770292,,,,70.3345988159568,,5.14
Latin America & the Caribbean (IDA & IBRD countries),TLA,2025,2.356382434447,2.30758626602756,5.50986634654456,,,,,,4.21
Latvia,LVA,2000,5.84102642353959,2.65425477796048,14.211,,0.6065,919162856.263873,,-3.74561890268537,6.24
Latvia,LVA,2001,6.46057826727287,2.48704003555464,13.821,,0.627916666666667,1217482763.04159,,-6.11482755314463,3.88
Latvia,LVA,2002,7.66548778586991,1.93887573855886,13.829,,0.618191666666667,1326623371.85243,,-5.65255950802706,1.67
Latvia,LVA,2003,8.42913257059108,2.94264752948478,12.061,,0.571475,1536170567.92942,,-7.55280447496837,1.13
Latvia,LVA,2004,8.72514341727928,6.19238547197429,11.708,,0.540233333333333,2020863043.46184,,-12.1485756630769,1.35
Latvia,LVA,2005,11.6153178557457,6.74845027893124,10.033,,0.564716666666667,2359714949.18389,,-12.1765171311226,3.22
Latvia,LVA,2006,12.825017846905,6.53619908765872,7.03,,0.560408333333333,4511469902.07914,,-22.1217320133029,4.97
Latvia,LVA,2007,10.4145372792714,10.0929775849169,6.052,,0.513791666666667,5760724075.1811,,-21.8446033162048,5.02
Latvia,LVA,2008,-3.38871665849958,15.4023191064986,7.739,,0.480816666666667,5243938989.04795,,-13.1348906245122,1.92
Latvia,LVA,2009,-16.0400195313042,3.53410672858934,17.515,,0.50555,6902262691.31899,,8.0143942795783,0.16
Latvia,LVA,2010,-3.66125859554762,-1.08463595015155,19.482,,0.530475,7605713123.87978,,1.75850166439734,0.18
Latvia,LVA,2011,3.03634482668815,4.37073559939223,16.206,,0.501233333333333,6378031224.81066,,-3.55024462389465,0.1
Latvia,LVA,2012,7.30524057200897,2.25778924374585,15.047,,0.546875,7524707959.69827,,-3.86974112964085,0.14
Latvia,LVA,2013,2.09609028156248,-0.029454778257828,11.867,,0.529391666666667,7895272079.61742,,-2.8855289884358,0.11
Latvia,LVA,2014,2.0949597710559,0.620490636732421,10.846,,0.752728196932603,3228078824.94263,,-1.54126838976541,0.09
Latvia,LVA,2015,3.78336712084972,0.174242243625186,9.873,,0.901296423367096,3445996161.48029,,-0.126358311809163,0.13
Latvia,LVA,2016,2.55168601974034,0.140633334505327,9.643,,0.903421436257263,3511946854.90789,,1.75657365769608,0.39
Latvia,LVA,2017,3.39894872623931,2.93036312374665,8.715,,0.885205508269372,4613455660.77037,,1.53282603585065,1.0
Latvia,LVA,2018,4.30971286294503,2.53445424186598,7.412,,0.846772667108111,4370730735.82853,,-0.384114199278582,1.83
Latvia,LVA,2019,0.675372771884227,2.81140920075624,6.312,,0.893276257067409,4479621403.97313,,-0.173662933662394,2.16
Latvia,LVA,2020,-3.46922750780554,0.219064904841985,8.098,,0.875506396987998,5289640347.50005,,3.09270300452462,0.37
Latvia,LVA,2021,6.94254173062592,3.27582937431165,7.513,,0.84549413889045,5491144972.57496,,-4.13643816293473,0.08
Latvia,LVA,2022,1.90853419029801,17.3102830198815,6.815,,0.949623753156941,4460033442.8517,,-5.47922926578539,1.69
Latvia,LVA,2023,-0.941606068823631,8.9380462331663,6.465,,0.924839558470698,4956647380.01986,,-3.88711545837935,5.03
Latvia,LVA,2024,-0.0370556648288982,1.26579885828729,6.9,,0.923889546117607,5140826261.28181,,-1.56330652007996,5.14
Latvia,LVA,2025,2.13786855731288,3.74577316751945,6.568,,0.88496895841236,6099392942.08427,,-3.37722025998636,4.21
Least developed countries: UN classification,LDC,2000,4.27162166008603,3.89952980284712,4.69058823718314,,,,,,6.24
Least developed countries: UN classification,LDC,2001,4.89969883950137,4.7148963468961,4.72380835168631,,,,,,3.88
Least developed countries: UN classification,LDC,2002,5.42131301685002,4.46426400734842,4.81408543577446,,,,,,1.67
Least developed countries: UN classification,LDC,2003,5.15507357801441,6.48943208673338,4.88937432863617,,,,,,1.13
Least developed countries: UN classification,LDC,2004,6.54512671878777,4.53421374129692,4.84650569132879,,,,,,1.35
Least developed countries: UN classification,LDC,2005,7.40493742253388,7.5640806170987,4.78646677820371,,,,,,3.22
Least developed countries: UN classification,LDC,2006,6.85952136605701,6.85246617854622,4.66764776059219,,,,,,4.97
Least developed countries: UN classification,LDC,2007,7.25732555977916,7.78556896236768,4.72894569655668,,,,,,5.02
Least developed countries: UN classification,LDC,2008,6.45508913329797,11.010388006835,4.78702697123613,,,,,,1.92
Least developed countries: UN classification,LDC,2009,4.22570820722019,4.56150687670983,4.8829128853627,,,,,,0.16
Least developed countries: UN classification,LDC,2010,6.365655151586,5.04968075857402,4.75811575185378,,,,,,0.18
Least developed countries: UN classification,LDC,2011,3.04728800769018,6.61038986512481,4.85771679502528,,,,,,0.1
Least developed countries: UN classification,LDC,2012,3.29372099348686,6.31474450315177,4.84635217073716,,,,,,0.14
Least developed countries: UN classification,LDC,2013,6.06991554579403,5.52412877994266,4.78988464462384,,,,,,0.11
Least developed countries: UN classification,LDC,2014,5.34524804033678,4.40535234185293,4.74956834449145,,,,,,0.09
Least developed countries: UN classification,LDC,2015,2.75018770897304,3.40274327737188,4.8279816293117,,,,,,0.13
Least developed countries: UN classification,LDC,2016,3.79797989969202,5.34414600997244,4.89297336347609,,,,,,0.39
Least developed countries: UN classification,LDC,2017,4.50257523548829,4.5725365531752,4.95341590091408,,,,,,1.0
Least developed countries: UN classification,LDC,2018,4.65270171918264,3.46147484973729,4.87754288880162,,,,,,1.83
Least developed countries: UN classification,LDC,2019,4.82459913567837,3.32255881256925,4.87497607678154,,,,,,2.16
Least developed countries: UN classification,LDC,2020,-0.181011978205504,4.33296874711709,5.60086950090988,,,,,,0.37
Least developed countries: UN classification,LDC,2021,2.75579291386683,4.15649125482107,5.73711716533604,,,,,,0.08
Least developed countries: UN classification,LDC,2022,4.71510989192116,9.45801281304023,5.05335918611166,,,,,,1.69
Least developed countries: UN classification,LDC,2023,3.05090811063616,7.12697482131851,4.70150733081641,,,,,,5.03
Least developed countries: UN classification,LDC,2024,3.87232968748361,4.6850965426577,4.63280465033072,,,,,,5.14
Least developed countries: UN classification,LDC,2025,4.30000841303122,3.36462189317825,4.66754018615311,,,,,,4.21
Lebanon,LBN,2000,1.34187161970405,,8.641,18.1508333333333,1507.5,8474638463.32523,,,6.24
Lebanon,LBN,2001,3.83966927702973,,8.499,17.1891666666667,1507.5,7563692926.9086,,,3.88
Lebanon,LBN,2002,3.42314982843781,,8.248,16.5825,1507.5,10404665641.9342,,-23.7091629307817,1.67
Lebanon,LBN,2003,3.22709826879041,,8.061,13.4316666666667,1507.5,16367322525.1835,,-25.5858580911917,1.13
Lebanon,LBN,2004,6.67944461641103,,7.85,10.8083333333333,1507.5,15773807067.1425,,-20.8205658199381,1.35
Lebanon,LBN,2005,2.68577931016345,,8.249,10.64,1507.5,16617970571.4448,,-12.7829830371367,3.22
Lebanon,LBN,2006,1.54951500083213,,8.679,10.26,1507.5,19238867061.3302,,-5.06914682104357,4.97
Lebanon,LBN,2007,9.31062252641144,,8.98,10.2558333333333,1507.5,20598783915.2772,,-6.4637503869807,5.02
Lebanon,LBN,2008,9.06912826789082,,7.666,9.96416666666667,1507.5,28265312109.5729,,-14.0893224912248,1.92
Lebanon,LBN,2009,10.232155577776,1.19509671165543,6.355,9.56833333333334,1507.5,39131823320.779,,-19.0424176351022,0.16
Lebanon,LBN,2010,7.97513555844932,3.98347941855833,6.768,8.33666666666667,1507.5,44475631354.516,,-19.6443379596193,0.18
Lebanon,LBN,2011,0.86733987855277,4.97148571692384,7.352,7.5275,1507.5,47859468419.4962,,-13.8340690487529,0.1
Lebanon,LBN,2012,2.56479133680038,6.58147447683677,7.952,7.24916666666667,1507.5,52530986898.8942,,-23.4382140171445,0.14
Lebanon,LBN,2013,3.8278734986016,4.82101956297399,8.477,7.34833333333334,1507.5,47855927547.6784,,-25.5114319532074,0.11
Lebanon,LBN,2014,2.48406010500743,1.8546042134091,8.84,7.27416666666667,1507.5,50668863616.6926,,-26.2298655609816,0.09
Lebanon,LBN,2015,0.462320792597581,-3.74914524799629,9.312,7.09083333333333,1507.5,48531390536.9734,,-17.1077378092157,0.13
Lebanon,LBN,2016,1.55454940856943,-0.783359624361508,9.794,8.35083333333333,1507.5,53905512885.564,,-20.4780237123596,0.39
Lebanon,LBN,2017,0.903028464073813,4.32135218303191,10.258,8.29333333333333,1507.5,55411532096.3304,,-22.8822040339123,1.0
Lebanon,LBN,2018,-1.88470575631651,6.07698907889607,10.755,9.095,1507.5,52380608542.3956,,-24.3470417876755,1.83
Lebanon,LBN,2019,-6.91492472851026,3.00538949390383,11.301,10.5133333333333,1507.5,52213484574.221,,-21.828092491848,2.16
Lebanon,LBN,2020,-21.3998996914321,84.8643330472041,13.252,,1507.5,42440403086.5713,,-8.76184199911137,0.37
Lebanon,LBN,2021,-7.00123862514116,154.756096023393,12.715,,1507.5,35239219335.7146,,-19.6978128626341,0.08
Lebanon,LBN,2022,-0.621678970663112,171.205491336641,11.105,,1507.5,32512880021.5268,,-34.606227109401,1.69
Lebanon,LBN,2023,-0.760584470257314,221.341644023365,10.985,,13875.625,27489698131.497,,-28.103669636709,5.03
Lebanon,LBN,2024,-7.07989192861814,45.2430422716718,,,89500.0,33301277509.6206,,,5.14
Lebanon,LBN,2025,,14.597595869611,,,89500.0,,,,4.21
Lesotho,LSO,2000,3.87554677576694,6.13197538722696,16.169,17.1116666666667,6.93982833333333,417891096.032125,,-8.6703357592323,6.24
Lesotho,LSO,2001,3.56158183392093,-9.61615353858472,16.081,16.5541666666667,8.60918083333334,386488996.575835,,3.45948826928833,3.88
Lesotho,LSO,2002,0.723836067167127,33.812578338126,16.079,17.11,10.5407466666667,406370215.02663,,8.18759668831339,1.67
Lesotho,LSO,2003,4.55977716384528,6.62916357146762,16.056,16.015,7.56474916666667,460333705.204936,,-1.48520681497293,1.13
Lesotho,LSO,2004,1.69237417358596,5.02342068616285,16.154,12.375,6.4596925,501504280.465691,,1.75904831470622,1.35
Lesotho,LSO,2005,3.46612222755311,3.43788423057443,16.031,11.7166666666667,6.35932833333333,519110911.299774,,5.68794455057766,3.22
Lesotho,LSO,2006,4.23009522805209,6.07271879734293,16.054,12.1608333333333,6.77154916666667,658401554.709079,,11.9989367597937,4.97
Lesotho,LSO,2007,4.18791409957151,8.01243669043409,15.942,14.1316666666667,7.045365,1002760338.36274,,18.1419183617744,5.02
Lesotho,LSO,2008,5.52341966978646,10.7156661309681,15.851,16.1869444444444,8.26122333333333,971530251.526022,37.5171853858454,15.7113939585122,1.92
Lesotho,LSO,2009,-1.25375779920832,-16.8596910540644,16.115,13.0,8.47367415824888,1502248532.21839,41.6905722621989,-2.94530645950599,0.16
Lesotho,LSO,2010,5.26967078056286,-2.40524254598706,16.068,11.2225,7.32122196115288,1485976652.76529,29.563599276758,-11.0020417569816,0.18
Lesotho,LSO,2011,4.61641394528752,5.0366305210156,16.115,10.4291666666667,7.26113213232735,903895914.949344,27.1308905908949,-11.8566683946226,0.1
Lesotho,LSO,2012,6.33408374679448,6.05143662139967,15.761,10.1191666666667,8.20996862659332,999498707.573326,32.1837873350535,-18.7652520307529,0.14
Lesotho,LSO,2013,1.79252555575545,4.86511899496385,15.926,9.92,9.65505606913526,1060172209.08261,33.208634984126,-10.7579867652524,0.11
Lesotho,LSO,2014,1.71054990545476,5.37028961008587,16.066,10.3394444444444,10.8526555687831,1081271062.14794,33.0174927862044,-8.42016664486879,0.09
Lesotho,LSO,2015,3.12406678044546,3.21844513655931,16.223,10.57,12.7589308811644,997431660.022089,33.1383846153849,-5.73228396984584,0.13
Lesotho,LSO,2016,3.60890731687714,6.59650490696543,16.138,11.5758333333333,14.7096108855267,925195318.767947,42.0604324864983,-10.5017567713342,0.39
Lesotho,LSO,2017,-3.13817493733471,4.447699373763,16.379,11.5808333333333,13.3238014244992,657668309.28208,37.368022786851,-9.01074725417763,1.0
Lesotho,LSO,2018,-1.48063315848241,4.7518030162474,16.614,11.3541666666667,13.2339264715833,728527649.979486,32.8447143461545,-5.62372777156264,1.83
Lesotho,LSO,2019,-1.41799383085205,5.18708359197982,16.876,11.3335833333333,14.4484270548333,774095190.47731,32.1670318908686,-7.45753439541607,2.16
Lesotho,LSO,2020,-8.15595785459911,4.97809676252309,18.385,8.97555555555556,16.4591053903333,730280379.220373,2.99271686140967,-5.89018411717255,0.37
Lesotho,LSO,2021,2.26670961833291,6.04774591950676,18.214,8.20875,14.7786782139167,798207194.327049,,-8.12794759731639,0.08
Lesotho,LSO,2022,2.38778020186284,8.27180389943028,16.623,8.984375,16.3558534845,771278260.396463,,-11.417455276866,1.69
Lesotho,LSO,2023,1.69433177608774,6.34221743124953,16.348,11.0833333333333,18.4502441785,854088923.807729,,-7.11569496022506,5.03
Lesotho,LSO,2024,5.22503380336101,6.10544624245032,16.34,11.2083333333333,18.3286575505,1007862057.19677,,3.73488863491482,5.14
Lesotho,LSO,2025,1.98256080770996,4.27011140706666,16.315,,17.8887489855833,,,-0.153144614537761,4.21
Liberia,LBR,2000,28.6159342546183,,2.018,20.5266666666667,40.9025,267707.367815772,,,6.24
Liberia,LBR,2001,2.92027476569781,,2.104,22.14,48.591908993784,480275.980603404,,,3.88
Liberia,LBR,2002,3.76301761700071,14.1596470116325,2.222,20.205,61.7541666666667,3298470.65155747,,,1.67
Liberia,LBR,2003,-30.145132727942,10.3302881236823,2.42,17.0566666666667,59.3788333333333,7376738.87371289,,,1.13
Liberia,LBR,2004,2.61984689477413,7.82908704883235,2.424,18.0952325038288,54.9058333333333,18742650.4077665,,-17.8067908816868,1.35
Liberia,LBR,2005,5.28121245309295,10.8343588481414,2.413,17.0333333333333,57.0958333333333,25395460.7689592,,-19.34103075285,3.22
Liberia,LBR,2006,8.04390997190059,7.34144608278558,2.28,15.5025,58.0133333333333,71989512.763969,,-15.4436442263208,4.97
Liberia,LBR,2007,9.53527536282282,11.3918966807102,2.232,15.0461512347723,61.2722222222222,119359165.225347,,-16.2534531227223,5.02
Liberia,LBR,2008,7.14569112811476,17.489448642993,2.221,14.3980288602552,63.2075,160860063.211478,,-20.5275176083252,1.92
Liberia,LBR,2009,5.30054050291531,7.42764305914919,2.241,14.1866666666667,68.2866666666666,372457051.883517,,-15.6782479232001,0.16
Liberia,LBR,2010,6.09982524004147,7.28992796890218,2.266,14.2425,71.4033333333333,442033413.934885,,-42.7136316998038,0.18
Liberia,LBR,2011,8.20076822497064,8.488167518494,2.211,13.7508333333333,72.2266666666667,506827130.971263,,-52.4853470186805,0.1
Liberia,LBR,2012,7.99381444555367,6.83178703418548,2.146,13.5183333333333,73.5147720797721,574181706.182312,,-59.9955509929,0.14
Liberia,LBR,2013,8.68728781639683,7.577306817414,2.08,13.4893929815199,77.52,589723179.795312,,-32.8209688370027,0.11
Liberia,LBR,2014,0.701393100287518,9.86111285574904,2.079,13.5016666666667,83.8925,498992032.99135,,-19.9198359881725,0.09
Liberia,LBR,2015,-0.0185649695590939,7.74869687621322,2.557,13.6066666666667,86.1883665716999,560742588.406987,,5.3024253714189,0.13
Liberia,LBR,2016,-1.5549586174878,8.83424868336488,3.081,13.59,94.4272435897436,586024559.973529,,-8.12261279894881,0.39
Liberia,LBR,2017,2.45515592012239,12.4196323907138,3.067,13.2501851851852,112.706666666667,585997776.606726,,-16.6798323783013,1.0
Liberia,LBR,2018,1.15757512207355,23.5635148953742,3.058,,144.055575801282,332150947.81251,,-19.6944373252366,1.83
Liberia,LBR,2019,-2.46729763532686,26.9662760197878,3.071,,186.429744551072,297070852.933414,,-19.6832166735006,2.16
Liberia,LBR,2020,-2.98249127649473,16.9557241496255,4.102,,191.517957643463,340965880.534905,,-10.3043027389936,0.37
Liberia,LBR,2021,4.98671283481617,7.81559385858648,3.844,,166.153700752442,700828780.06308,,-2.83280554425972,0.08
Liberia,LBR,2022,4.80810517290655,7.59298486560313,2.956,,152.933756840022,599660417.529907,,-8.71094478928875,1.69
Liberia,LBR,2023,4.68375688761311,10.0944535665552,2.905,,174.955982783514,441429534.738618,,-11.5068290648574,5.03
Liberia,LBR,2024,4.02185464964835,8.21497439118964,2.914,,191.306666666667,367711666.748042,,2.50632277204121,5.14
Liberia,LBR,2025,5.01656107992214,8.31564329402952,2.884,,,338800671.9524,,,4.21
Libya,LBY,2000,3.6792704082,-2.90000000000024,19.275,7.0,0.512189613308333,13729870472.1936,,16.3831818181818,6.24
Libya,LBY,2001,-1.76283887062603,-8.81393752145546,19.239,7.0,0.605064253623333,16079034167.688,,9.76779674418605,3.88
Libya,LBY,2002,-0.958897332849631,-9.79764705882356,19.281,7.0,1.27067917397333,15892271986.3199,,3.38835921882208,1.67
Libya,LBY,2003,13.0160372478013,-2.19115191986647,19.074,7.0,1.29294412808415,21513345090.3657,,12.9522903033908,1.13
Libya,LBY,2004,4.46163899648637,-2.19756774055898,18.938,6.08333333333333,1.30496614426767,27714111996.5342,,13.9362270373209,1.35
Libya,LBY,2005,11.8707565226151,2.65020576131657,18.66,6.125,1.30838482391592,41879958087.0983,,31.5730378883291,3.22
Libya,LBY,2006,6.50052541959279,1.45926876202722,18.805,6.33333333333333,1.31357162479067,62228722605.3908,,36.8920600318477,4.97
Libya,LBY,2007,6.22998278561838,6.25098782993553,18.771,6.0,1.26264486767833,83259979623.8923,,41.906588061326,5.02
Libya,LBY,2008,-0.162048238799883,10.3607288954998,19.041,6.0,1.22356239341867,96334974982.7632,,41.1733179906877,1.92
Libya,LBY,2009,-4.4001817631021,2.45990025609954,19.29,6.0,1.25353448862568,103753849656.653,,15.426446023908,0.16
Libya,LBY,2010,5.0272476723775,2.79989500109265,19.321,6.0,1.26678941001316,106144249630.96,,22.2877634810811,0.18
Libya,LBY,2011,-50.3385151384986,15.5184815317562,19.504,6.0,1.22415249460346,110538560730.736,,6.62746278785412,0.1
Libya,LBY,2012,86.8267484395784,6.05980392156855,19.03,6.0,1.26165963821484,124647554175.811,,25.7575733312092,0.14
Libya,LBY,2013,-17.9979615745681,2.60581802719517,19.311,6.0,1.27169182111774,119714241460.03,,0.0127403569483039,0.11
Libya,LBY,2014,-23.0428058282215,2.43294141599233,19.295,6.0,1.27240206718888,93615450486.7895,,-33.1750366593745,0.09
Libya,LBY,2015,-0.842656252118843,10.4022933588151,19.69,,1.38120985962103,77649594284.0862,,-19.1840709119308,0.13
Libya,LBY,2016,-1.4909411172622,25.853874212446,19.559,,1.39036867889833,70191441968.8814,,-9.42697758493981,0.39
Libya,LBY,2017,32.4918021862688,25.8036184788337,19.053,,1.3938200108235,79417877682.1686,,6.59107791644499,1.0
Libya,LBY,2018,7.9413678529104,13.1702038536722,18.865,,1.36496666666667,85335649782.1665,,14.7041123833162,1.83
Libya,LBY,2019,-11.1960828853386,-2.16217883470591,19.087,,1.39826289736928,84663589516.8684,,6.95550505080755,2.16
Libya,LBY,2020,-29.4552967282824,1.44703656998741,19.651,,1.38866668346465,79656428064.8913,,-10.2022684905863,0.37
Libya,LBY,2021,28.2996823429147,2.86833027751015,19.779,,4.514425,82262074686.351,,16.1147728474926,0.08
Libya,LBY,2022,-8.29981811198795,4.51030149235695,19.238,,4.813175,86683417844.2693,,22.2155432064068,1.69
Libya,LBY,2023,10.2000497852517,2.3731753143518,18.713,,4.81288333333334,92427294786.8624,,4.23506448409627,5.03
Libya,LBY,2024,1.89995052025442,2.12615766885021,19.085,,4.83220833333333,92893708178.1604,,,5.14
Libya,LBY,2025,13.3717080516958,1.84166666666702,18.758,,5.30256666666666,104656885592.809,,,4.21
Liechtenstein,LIE,2000,3.22019308239609,,,,1.6888425,,,,6.24
Liechtenstein,LIE,2001,-0.733092455297992,,,,1.687615,,,,3.88
Liechtenstein,LIE,2002,-0.993919947159299,,,,1.5586075,,,,1.67
Liechtenstein,LIE,2003,-1.93756534125014,,,,1.34665083333333,,,,1.13
Liechtenstein,LIE,2004,3.03917210306501,,,,1.24349583333333,,,,1.35
Liechtenstein,LIE,2005,4.82807677743524,,,,1.24517666666667,,,,3.22
Liechtenstein,LIE,2006,8.64496857267281,,,,1.25384333333333,,,,4.97
Liechtenstein,LIE,2007,3.325963509369,,,,1.20036583333333,,,,5.02
Liechtenstein,LIE,2008,1.79808847836411,,,,1.08309,,,,1.92
Liechtenstein,LIE,2009,-1.15748291975636,,,,1.08814169630268,,,,0.16
Liechtenstein,LIE,2010,,,,,1.04290564573352,,,,0.18
Liechtenstein,LIE,2011,,,,,0.888042028223281,,,,0.1
Liechtenstein,LIE,2012,,,,,0.937684480709349,,,,0.14
Liechtenstein,LIE,2013,,,,,0.926903547758285,,,,0.11
Liechtenstein,LIE,2014,,,,,0.916151047283613,,,,0.09
Liechtenstein,LIE,2015,,,,,0.962381328004354,,,,0.13
Liechtenstein,LIE,2016,,,,,0.985394394244835,,,,0.39
Liechtenstein,LIE,2017,,,,,0.984691666666667,,,,1.0
Liechtenstein,LIE,2018,,,,,0.977891666666667,,,,1.83
Liechtenstein,LIE,2019,,,,,0.993709166666667,,,,2.16
Liechtenstein,LIE,2020,,,,,0.938965,,,,0.37
Liechtenstein,LIE,2021,,,,,0.913845833333333,,,,0.08
Liechtenstein,LIE,2022,,,,,0.9548325,,,,1.69
Liechtenstein,LIE,2023,,,,,0.89849,,,,5.03
Liechtenstein,LIE,2024,,,,,0.880440833333333,,,,5.14
Liechtenstein,LIE,2025,,,,,0.831355833333333,,,,4.21
Lithuania,LTU,2000,3.41862206571636,0.981615478857598,15.931,,4.0,1362679200.14878,,-5.84291644362833,6.24
Lithuania,LTU,2001,6.48412665187908,1.36712030817819,16.84,,4.0,1669177340.95004,,-4.67813526904782,3.88
Lithuania,LTU,2002,6.71983945103626,0.281506610345575,13.008,,3.67695833333333,2413140713.55608,,-5.04608050801904,1.67
Lithuania,LTU,2003,10.5518959629574,-1.13430854990247,12.874,,3.06086666666667,3449667625.09856,,-6.79642419021811,1.13
Lithuania,LTU,2004,6.50203536075556,1.16410252104671,10.684,,2.78059166666667,3593962685.5297,,-7.78077111235873,1.35
Lithuania,LTU,2005,7.7314467577492,2.65848484065262,8.325,,2.774025,3815556164.65712,,-7.33728028606649,3.22
Lithuania,LTU,2006,7.39548122468629,3.73912004060664,5.78,,2.752225,5772525484.49407,,-10.6838036897227,4.97
Lithuania,LTU,2007,11.0779282578673,5.73717382799842,4.25,,2.523725,7711952180.98187,,-15.3448035059388,5.02
Lithuania,LTU,2008,2.59946154605602,10.9258856241655,5.826,,2.357075,6442845969.40104,,-13.5865555459022,1.92
Lithuania,LTU,2009,-14.8386117894848,4.45304456518535,13.785,,2.48403333333333,6623187500.76033,,2.24459117154569,0.16
Lithuania,LTU,2010,0.427199566550769,1.31921362055463,17.814,,2.60633333333333,6598353673.96232,,0.19796045399168,0.18
Lithuania,LTU,2011,6.32363664821298,4.13027562645085,15.39,,2.4811,8201664834.38473,,-3.68690525403636,0.1
Lithuania,LTU,2012,4.38290584355157,3.08998277055417,13.365,,2.68629166666667,8529340677.06854,,-1.606838534778,0.14
Lithuania,LTU,2013,4.04691318575325,1.04747937065344,11.77,,2.60100833333333,8072525980.62758,,1.70747298429575,0.11
Lithuania,LTU,2014,3.7725437958099,0.103758009433708,10.698,,2.60029166666667,8729460563.48084,,3.54699194706827,0.09
Lithuania,LTU,2015,2.83280643343234,-0.884097405500596,9.12,,0.901296423367096,1697150153.84852,,-2.51745557937896,0.13
Lithuania,LTU,2016,2.67192215053329,0.905525075460342,7.862,,0.903421436257263,2599864854.6003,,-1.01460897973493,0.39
Lithuania,LTU,2017,4.61224310312809,3.72288862303707,7.073,,0.885205508269372,4449678813.3316,,1.08697261761581,1.0
Lithuania,LTU,2018,4.91836780106811,2.69792779208394,6.147,,0.846772667108111,5770956096.50459,,0.30999692492013,1.83
Lithuania,LTU,2019,4.67735183530451,2.33450937988027,6.255,,0.893276257067409,5085045225.2078,,3.73752991159912,2.16
Lithuania,LTU,2020,0.0428158336981426,1.19989444983569,8.487,,0.875506396987998,4846519049.92043,,7.22470104088844,0.37
Lithuania,LTU,2021,6.39481772930206,4.68354420903453,7.112,,0.84549413889045,5579844284.24645,,1.46864331261859,0.08
Lithuania,LTU,2022,2.46532013155011,19.7050461518394,5.955,,0.949623753156941,5365254190.36888,,-6.11893043425315,1.69
Lithuania,LTU,2023,0.739537398185803,9.11731962390475,6.841,,0.924839558470698,6168236355.74637,,1.09311288313578,5.03
Lithuania,LTU,2024,3.03019543767596,0.715735835228723,6.851,,0.923889546117607,7407101582.10623,,3.24144056300641,5.14
Lithuania,LTU,2025,2.92007656461696,3.79170510860467,6.731,,0.88496895841236,7059127324.71898,,0.944864408096769,4.21
Low & middle income,LMY,2000,5.55329159136653,4.03804141226469,5.85095700176626,,,,,,6.24
Low & middle income,LMY,2001,3.67085057446828,5.00743290822373,5.99852495062941,,,,,,3.88
Low & middle income,LMY,2002,4.68460183519959,4.20946950296717,6.19417254239003,,,,,,1.67
Low & middle income,LMY,2003,5.80567258902332,5.12899499422419,6.25409528839094,,,,,,1.13
Low & middle income,LMY,2004,7.76611315073565,4.47499289078107,6.12111625915839,,,,,,1.35
Low & middle income,LMY,2005,7.3947053352083,6.42129648219885,6.07307040352156,,,,,,3.22
Low & middle income,LMY,2006,8.2375766191162,5.941702150993,5.88469145974764,,,,,,4.97
Low & middle income,LMY,2007,8.84570128910771,6.21439998901471,5.79597099801048,,,,,,5.02
Low & middle income,LMY,2008,5.94615134695435,10.3288523588126,5.7950809136433,,,,,,1.92
Low & middle income,LMY,2009,3.97294750720383,4.21903052064628,5.97569476954537,,,,,,0.16
Low & middle income,LMY,2010,8.10356588001835,4.27707052915122,5.77935702058715,,,,,,0.18
Low & middle income,LMY,2011,6.34125454342687,6.24243848031396,5.71399266887495,,,,,,0.1
Low & middle income,LMY,2012,5.49917464653294,5.01850353045616,5.74186303825936,,,,,,0.14
Low & middle income,LMY,2013,5.61734235164751,4.76502404779142,5.7005501665021,,,,,,0.11
Low & middle income,LMY,2014,5.13797592071302,3.58922016616663,5.67803935391165,,,,,,0.09
Low & middle income,LMY,2015,4.65256634204385,3.1937715520338,5.85653298559457,,,,,,0.13
Low & middle income,LMY,2016,4.64827928186369,3.10485077431451,5.93516153167366,,,,,,0.39
Low & middle income,LMY,2017,5.26386453553506,3.66699702675925,5.97968341182999,,,,,,1.0
Low & middle income,LMY,2018,4.92164615265142,3.24056932930569,5.93231543498439,,,,,,1.83
Low & middle income,LMY,2019,4.09130986730312,2.76252019386111,5.79766416170734,,,,,,2.16
Low & middle income,LMY,2020,-1.15067064256841,3.02272119663759,6.61993043653694,,,,,,0.37
Low & middle income,LMY,2021,7.37033958733097,4.25936417542868,6.16482463440876,,,,,,0.08
Low & middle income,LMY,2022,4.00803776152725,8.81109209279587,5.41429545248604,,,,,,1.69
Low & middle income,LMY,2023,4.65212132351984,6.15623852560203,4.97693562706687,,,,,,5.03
Low & middle income,LMY,2024,4.42439890311286,3.83540271728533,4.91415352193048,,,,,,5.14
Low & middle income,LMY,2025,4.53280075988324,3.54555214890893,4.88528914450382,,,,,,4.21
Low income,,2000,3.16154587166466,3.82260088086306,5.11443156843013,,,,,,6.24
Low income,,2001,4.69985953635334,4.49259609239754,5.10425398198014,,,,,,3.88
Low income,,2002,5.36975493414869,4.16647225497473,5.06387678784652,,,,,,1.67
Low income,,2003,4.3794101267205,6.96956611340352,5.00409578843454,,,,,,1.13
Low income,,2004,6.40825747314327,4.21376268767905,4.84831075367826,,,,,,1.35
Low income,,2005,6.6628735413985,8.47728859116324,4.68515443204862,,,,,,3.22
Low income,,2006,5.76878931190947,7.32606110920211,4.67868387277946,,,,,,4.97
Low income,,2007,6.22998137170912,7.9522099086403,4.71846521406053,,,,,,5.02
Low income,,2008,5.53324926847878,12.0508555482886,4.84535966951225,,,,,,1.92
Low income,,2009,3.76097175081441,5.20701729805784,4.73327277894085,,,,,,0.16
Low income,,2010,7.13305260793007,4.72354729503736,4.88680873352339,,,,,,0.18
Low income,,2011,0.356264211679687,8.0554950734896,4.93009373956315,,,,,,0.1
Low income,,2012,-3.15353541968391,7.17420534041191,5.02464737699713,,,,,,0.14
Low income,,2013,4.09825706662804,5.76277967044681,4.83743364823059,,,,,,0.11
Low income,,2014,3.78812661472445,4.5223320279748,4.82574056731072,,,,,,0.09
Low income,,2015,-0.422605997956367,5.54468891259779,4.94520983003529,,,,,,0.13
Low income,,2016,1.79417060199694,6.03575858154679,5.04961130545723,,,,,,0.39
Low income,,2017,3.16424373054566,8.44429373841891,5.14359043444685,,,,,,1.0
Low income,,2018,3.50195265516888,3.43946902997592,5.08766017796121,,,,,,1.83
Low income,,2019,3.95860369775775,3.10773229242274,5.12297180265082,,,,,,2.16
Low income,,2020,0.270078071528431,5.60188791482224,5.80412040229029,,,,,,0.37
Low income,,2021,2.03102251641869,5.81225118787715,5.83298884904326,,,,,,0.08
Low income,,2022,3.73264703552607,10.2794018093421,5.26019458558182,,,,,,1.69
Low income,,2023,1.21474688217289,8.5006507858837,5.07474818178355,,,,,,5.03
Low income,,2024,3.40605658075204,7.91416611716344,4.89022892217814,,,,,,5.14
Low income,,2025,5.33668200665313,4.3684695014615,4.89021265057929,,,,,,4.21
Lower middle income,,2000,4.00456052600455,4.26603446790982,6.51091230520836,,,,,,6.24
Lower middle income,,2001,4.39763084187854,4.41977245881146,6.50399927324373,,,,,,3.88
Lower middle income,,2002,3.89322800169158,3.75017465778466,6.57940223280792,,,,,,1.67
Lower middle income,,2003,5.42892222853892,5.30238773219936,6.58965998612598,,,,,,1.13
Lower middle income,,2004,7.52176286421549,4.43738080101725,6.48629456582569,,,,,,1.35
Lower middle income,,2005,6.89542155812637,5.37887596361502,6.39814038693,,,,,,3.22
Lower middle income,,2006,7.18376142658737,5.941702150993,6.25064125113883,,,,,,4.97
Lower middle income,,2007,6.96094960490905,6.93621470895786,6.1604873702491,,,,,,5.02
Lower middle income,,2008,4.53663651840101,10.7614182326827,6.18448761271065,,,,,,1.92
Lower middle income,,2009,5.97682455176533,4.41500374795223,6.24199736272978,,,,,,0.16
Lower middle income,,2010,6.56205140134733,4.85113088859311,6.16608125522985,,,,,,0.18
Lower middle income,,2011,4.67689963318121,6.4293968107234,6.27731511483382,,,,,,0.1
Lower middle income,,2012,5.04178189062404,6.05143662139967,6.4803901072349,,,,,,0.14
Lower middle income,,2013,5.52992585202499,5.60092502290401,6.45704652862978,,,,,,0.11
Lower middle income,,2014,5.78869944897494,5.37028961008587,6.37232192580877,,,,,,0.09
Lower middle income,,2015,5.54051938384552,3.99737996694396,6.50959624268599,,,,,,0.13
Lower middle income,,2016,5.00300529129822,3.62321431764138,6.39025580143606,,,,,,0.39
Lower middle income,,2017,4.80938629568179,3.85067166284727,6.47118842422572,,,,,,1.0
Lower middle income,,2018,4.90431450173897,4.29159105337875,6.50468294481071,,,,,,1.83
Lower middle income,,2019,3.403376204922,3.58213544469211,5.93973395532034,,,,,,2.16
Lower middle income,,2020,-4.21903396199713,4.97809676252309,7.01028456505462,,,,,,0.37
Lower middle income,,2021,6.79896357094398,4.48087963413446,6.2565962013459,,,,,,0.08
Lower middle income,,2022,6.27876038879147,7.96757361617945,4.99827575124402,,,,,,1.69
Lower middle income,,2023,5.29082296744885,7.52710509155193,4.44638060849243,,,,,,5.03
Lower middle income,,2024,5.37952719978989,4.65491747661456,4.47150579245463,,,,,,5.14
Lower middle income,,2025,5.96181800412216,3.54630163142885,4.50434385605843,,,,,,4.21
Luxembourg,LUX,2000,6.93809504692074,3.15076707022596,2.345,,1.08270508132602,97465747.9509169,,11.7980273771312,6.24
Luxembourg,LUX,2001,3.07427520210337,2.66382110579101,1.805,,1.11653308564462,126635650.6442,,7.73704823318453,3.88
Luxembourg,LUX,2002,3.22528846998354,2.07408613571643,2.621,,1.05755899623965,177769574.077699,,7.14278296752678,1.67
Luxembourg,LUX,2003,2.6192502126754,2.04984030563516,3.675,,0.88404792718493,311200498.444402,,7.23971396614446,1.13
Luxembourg,LUX,2004,4.23067892192488,2.22567916428894,5.113,,0.803921647747618,330783823.042776,,7.20483504462229,1.35
Luxembourg,LUX,2005,2.48250499371829,2.48769665164081,4.488,,0.803800192161442,279062530.928451,,6.92583548949523,3.22
Luxembourg,LUX,2006,6.01662739677904,2.66631494577077,4.731,,0.796432730949102,265117813.93371,,6.64663918340325,4.97
Luxembourg,LUX,2007,8.09852098069817,2.31245861786126,4.065,,0.729672399984083,205249437.983951,,6.54715391196004,5.02
Luxembourg,LUX,2008,-0.302272983306707,3.4018796302557,5.06,,0.679922680042729,398118062.615824,,6.21864838142359,1.92
Luxembourg,LUX,2009,-3.23895268839308,0.368041997888867,5.194,,0.716957702016136,808815187.176778,,5.51620322817163,0.16
Luxembourg,LUX,2010,3.76040578658925,2.27367911621542,4.423,,0.754308990105961,848320495.372996,,5.81430386608806,0.18
Luxembourg,LUX,2011,1.0442860057217,3.4106834106835,5.122,,0.718413898653317,1010733835.02253,,5.62953573207791,0.1
Luxembourg,LUX,2012,1.64971134354685,2.66284165508011,5.03,,0.778338120416812,990807493.374707,,5.25542496415209,0.14
Luxembourg,LUX,2013,3.17168513780955,1.73403963519162,6.045,,0.752945122701996,963140967.448114,,5.20354851275535,0.11
Luxembourg,LUX,2014,2.62308838097542,0.628543985440717,6.044,,0.752728196932603,863655853.977501,,4.92857329300414,0.09
Luxembourg,LUX,2015,2.26836572735107,0.474743161437871,6.796,,0.901296423367096,770747330.38965,,5.62139533101291,0.13
Luxembourg,LUX,2016,4.97819047122638,0.290833333333225,6.669,,0.903421436257263,973176553.118615,,7.41517069613731,0.39
Luxembourg,LUX,2017,1.31711942298405,1.73079959118896,5.523,,0.885205508269372,878080634.297167,,6.18033427082302,1.0
Luxembourg,LUX,2018,1.61129891211624,1.5281952430737,5.589,,0.846772667108111,938890223.596831,,8.31991324789161,1.83
Luxembourg,LUX,2019,2.74932091920692,1.74332075653848,5.592,,0.893276257067409,1054874472.69212,,8.62080023660204,2.16
Luxembourg,LUX,2020,-0.510051634039826,0.819957302127036,6.766,,0.875506396987998,1119076142.01965,,4.87511550397285,0.37
Luxembourg,LUX,2021,6.92973270801744,2.52692009066166,5.571,,0.84549413889045,2920761393.10535,,4.99186571107894,0.08
Luxembourg,LUX,2022,-1.09741256293819,6.33600807777919,4.588,,0.949623753156941,2873502278.71075,,5.46205930596558,1.69
Luxembourg,LUX,2023,0.0994370594039111,3.74140361983136,5.184,,0.924839558470698,2977386520.9864,,6.8519368442551,5.03
Luxembourg,LUX,2024,0.358614003982225,2.05113269954859,6.4,,0.923889546117607,2789187309.62034,,7.19327054062351,5.14
Luxembourg,LUX,2025,0.63787818818335,2.25723817871726,6.343,,0.88496895841236,3055208156.8508,,5.22750381893688,4.21
"Macao SAR, China",MAC,2000,5.74714593475937,-1.60971883961897,6.874,9.890125,8.0259,3323014302.25176,,,6.24
"Macao SAR, China",MAC,2001,2.88824010651439,-1.98465008641646,6.371,7.98856666666666,8.0335,3508440974.68654,,,3.88
"Macao SAR, China",MAC,2002,8.90480904902596,-2.63751699816198,6.278,6.10786290322581,8.03343333333333,3800343591.27577,,31.5286028134011,1.67
"Macao SAR, China",MAC,2003,11.6433551416587,-1.56245203671305,5.995,6.0,8.02124116666667,4343370556.09048,,30.617129055985,1.13
"Macao SAR, China",MAC,2004,26.6368742306114,0.980728452039451,4.904,6.01209677419355,8.02217108333333,5436107122.79169,,32.9551337944107,1.35
"Macao SAR, China",MAC,2005,8.07794929953978,4.39589284335674,4.158,7.04771505376344,8.01106458333333,6689436716.70569,,23.653693256275,3.22
"Macao SAR, China",MAC,2006,13.3921711919351,5.14997337750692,3.822,8.75943635818504,8.00142616666667,9132102574.35142,,14.892658924156,4.97
"Macao SAR, China",MAC,2007,14.4817728129028,5.57149689143952,3.269,7.80848392995919,8.03585391666667,13229919966.1443,,21.6848309836138,5.02
"Macao SAR, China",MAC,2008,3.39251560752048,8.61101858637,2.999,5.42666666666667,8.02010991666667,15930121266.7869,,15.5618056929659,1.92
"Macao SAR, China",MAC,2009,1.29837946885112,1.16906695453767,3.58,5.25,7.98428333333333,18350321740.6545,,27.5527295031962,0.16
"Macao SAR, China",MAC,2010,25.1031075246958,2.80947242060843,2.84,5.25,8.00221666666667,23726490181.8908,,38.9247784777541,0.18
"Macao SAR, China",MAC,2011,21.6223064381087,5.80624616691043,2.56,5.25,8.01820833333333,34026184616.5378,,40.3854988094331,0.1
"Macao SAR, China",MAC,2012,9.21747479596735,6.10738928336549,1.97,5.25,7.9898635,16600225450.9018,,38.8390175409661,0.14
"Macao SAR, China",MAC,2013,10.7816711590297,5.50057779178484,1.82,5.25,7.98925533333333,16145878199.0284,,39.3290989724554,0.11
"Macao SAR, China",MAC,2014,-2.03874227961819,6.04823452094076,1.67,5.25,7.987129,16444386287.6882,,32.7008474687683,0.09
"Macao SAR, China",MAC,2015,-21.7540078753246,4.56056338028173,1.81,5.25,7.98496041666667,18890787008.0417,,22.9503506116244,0.13
"Macao SAR, China",MAC,2016,-0.701510212552961,2.36895749705898,1.939,5.25,7.99506425,19491696000.0,,26.1339016036355,0.39
"Macao SAR, China",MAC,2017,9.91855844513513,1.22812404052809,1.981,5.25,8.026001,20169663000.0,,30.3687980221857,1.0
"Macao SAR, China",MAC,2018,6.35917030567686,3.00446293166953,1.803,5.29146661101172,8.07250741666667,20281241000.0,,32.4260725744085,1.83
"Macao SAR, China",MAC,2019,-2.4609094006739,2.75193081051975,1.73,5.35664740505193,8.07047033333333,22214954000.0,,32.7637118471264,2.16
"Macao SAR, China",MAC,2020,-54.4020925789353,0.811410511491512,2.542,5.26109735335453,7.98906191666666,25144935000.0,,13.0367103387984,0.37
"Macao SAR, China",MAC,2021,22.4622020023362,0.0264543647055504,2.221,5.26037313818147,8.00553175,26664872000.0,,6.72919312514395,0.08
"Macao SAR, China",MAC,2022,-18.956941494497,1.04502802369954,2.446,5.34309825057094,8.06520608333333,25970915000.0,,11.9781877490401,1.69
"Macao SAR, China",MAC,2023,75.3084184293413,0.476384495788075,2.206,6.00960180074487,8.06339008333333,27770639000.0,,29.2837170303891,5.03
"Macao SAR, China",MAC,2024,7.84960207010525,0.672498598854365,2.262,6.01747975323522,8.03683075,29391736000.0,,33.733852567417,5.14
"Macao SAR, China",MAC,2025,4.67106705680436,0.333311677308542,2.347,5.45105209078972,8.02981025,30638010000.0,,,4.21
Madagascar,MDG,2000,4.45685893956946,11.859684500028,5.8,26.875,1353.49616666667,285182984.805489,,-5.62675808214078,6.24
Madagascar,MDG,2001,5.98023576982733,7.91694484529586,5.35,25.5,1317.69883333333,398349960.538685,,-2.57548758488006,3.88
Madagascar,MDG,2002,-12.4079711055149,16.4985255315846,5.515,25.25,1366.39116666667,363272345.666928,,-8.91359828774943,1.67
Madagascar,MDG,2003,9.78489212474175,-1.70400479616298,5.01,24.25,1238.32766666667,414272747.15771,,-5.14632639531453,1.13
Madagascar,MDG,2004,5.25700362208742,13.9558018033211,3.951,24.5625,1868.85783333333,503524275.988023,,-7.87799247937727,1.35
Madagascar,MDG,2005,4.75584509499119,18.3638246468932,2.62,25.875,2003.02583333333,481286830.746363,,-12.5308217712467,3.22
Madagascar,MDG,2006,5.3985084485368,10.7656371554865,2.945,28.15,2142.30166666667,583182459.275841,,-9.15517433304637,4.97
Madagascar,MDG,2007,5.71056419885052,10.2879663187671,3.202,40.275,1873.87666666667,846677005.492943,,-9.88570197659671,5.02
Madagascar,MDG,2008,6.71263253913001,9.29650839381057,3.431,44.0,1708.37083333333,982306552.811993,,-15.636461385028,1.92
Madagascar,MDG,2009,-3.9787086116544,8.95421802392949,3.885,44.6191666666667,1956.20583333333,982078789.679611,,-18.1718557648058,0.16
Madagascar,MDG,2010,0.619239744622121,9.24732173644116,4.28,46.0,2089.95,1022970696.36859,,-8.94853617133511,0.18
Madagascar,MDG,2011,1.57842705366555,9.48254048582992,2.516,52.5,2025.1175,1134559589.73412,,-6.72775114409969,0.1
Madagascar,MDG,2012,3.01114811621208,5.71384434191053,0.599,56.125,2194.96666666667,1052810915.82789,,-7.4627101782413,0.14
Madagascar,MDG,2013,2.30037622800727,5.8264294445198,0.995,58.98,2206.91416666667,776146662.956508,,-6.50549854289755,0.11
Madagascar,MDG,2014,3.33920311195367,6.08040811088302,1.385,60.0,2414.81166666667,773817323.366608,,-0.64912376658814,0.09
Madagascar,MDG,2015,3.13229807490305,7.40419174202129,1.785,56.7166666666667,2933.50833333333,832008813.363757,,-2.25941841339224,0.13
Madagascar,MDG,2016,3.99314606199499,6.03575858154679,1.949,60.0,3176.53916666667,1183690792.01019,,0.378142575318559,0.39
Madagascar,MDG,2017,3.93330759462793,8.60905075422949,2.123,60.0,3116.11,1600175022.31326,,-0.228589799383037,1.0
Madagascar,MDG,2018,3.19435651744398,8.59422958870476,2.303,55.3895833333333,3334.75225490196,1739588290.28962,,0.712560880258364,1.83
Madagascar,MDG,2019,4.41123212909589,5.61051441492365,2.479,49.0,3618.32185816072,1693147648.47775,,-2.13564971662682,2.16
Madagascar,MDG,2020,-7.13767162064489,4.20179312190557,3.292,48.8666666666667,3787.75405817574,1980766598.34546,,-4.77842292738284,0.37
Madagascar,MDG,2021,4.65068343174309,5.81225118787715,3.498,48.2833333333333,3829.97784932976,2334564597.58187,,-5.02937129931559,0.08
Madagascar,MDG,2022,4.13753534956307,8.16059031991844,3.186,48.8333333333333,4096.11618374535,2159914363.96649,,-5.49417886108313,1.69
Madagascar,MDG,2023,4.23086580696344,9.87432675044888,3.044,53.5833333333333,4429.57921419022,2631980575.49645,,-2.8303389682458,5.03
Madagascar,MDG,2024,4.32283728087992,7.61335784313723,3.051,60.0,4525.42472099152,2784591092.62259,,-4.25750009236745,5.14
Madagascar,MDG,2025,3.002568866856,8.05052431791227,3.041,60.0,4529.75125196405,,,,4.21
Malawi,MWI,2000,1.57607762616895,29.5814884631684,5.045,53.125,59.5438083333334,246503870.879229,,-2.89662420047882,6.24
Malawi,MWI,2001,-4.97496361892476,22.7,5.221,56.1666666666667,72.1973333333333,206054632.902403,,-2.39994803963789,3.88
Malawi,MWI,2002,1.70000003078317,14.7446346101603,5.248,50.5416666666667,76.6866083333334,165874400.372773,,-3.94494805532032,1.67
Malawi,MWI,2003,5.70563940467414,9.57679786919214,5.165,48.9166666666667,97.432475,127393412.936597,,-5.33174689192046,1.13
Malawi,MWI,2004,5.42049754993828,11.4298060822124,4.964,36.8333333333333,108.897508333333,133673449.224174,,-7.49180677650099,1.35
Malawi,MWI,2005,3.26872602317066,15.4103446604296,4.935,33.0833333333333,118.42,165231252.485267,,-9.52389293471596,3.22
Malawi,MWI,2006,4.69999976404691,13.9742943548388,4.954,32.25,136.0125,141932272.746069,,-5.26911371178685,4.97
Malawi,MWI,2007,9.59999987683469,7.9522099086403,4.876,27.7152777777778,139.9575,227314279.617936,,-6.47983259735383,5.02
Malawi,MWI,2008,7.63973639944591,8.71260186609043,4.796,25.2777777777778,140.521666666667,253908648.999834,,-8.95428978540152,1.92
Malawi,MWI,2009,8.3281098524038,8.42204427696655,4.732,25.25,141.168333333333,163276594.709464,20.1151721657444,-6.03374203830182,0.16
Malawi,MWI,2010,6.87406585416142,7.41159092883827,4.78,24.625,150.485833333333,325348538.602841,19.2608300381554,-9.57007930375056,0.18
Malawi,MWI,2011,4.93266999813729,7.6228226284852,4.829,23.75,156.515833333333,217026444.13814,18.8455448350087,-9.75872117783752,0.1
Malawi,MWI,2012,1.90000000072909,21.2712650013779,4.949,32.3298611111111,249.106666666667,244599528.364783,28.4619929057621,-8.48798044395289,0.14
Malawi,MWI,2013,5.41034999817167,27.2833333333334,4.978,46.0111742424242,364.405833333333,428566508.155299,24.9138891722583,-15.3915920767632,0.11
Malawi,MWI,2014,5.62527000105139,23.7920649469687,4.967,44.2895833333333,424.896666666666,616100759.686287,27.9207565041985,-12.8223513014995,0.09
Malawi,MWI,2015,2.80000000003355,21.8673475542553,4.953,44.3872159083333,499.605833333333,681580478.271052,27.3346460465678,-11.5453760878876,0.13
Malawi,MWI,2016,2.49999999914311,21.7111132136499,5.011,44.1120833333334,718.005,610774217.598916,37.8862077338952,-12.7134008077219,0.39
Malawi,MWI,2017,4.00000000089172,11.5433939188771,5.046,38.5929166666667,730.2725,768401046.225973,34.2946221230854,-17.4208707671145,1.0
Malawi,MWI,2018,4.35356471619211,12.420178108921,5.021,32.29,732.333333333333,766154761.931253,41.7011065966529,-17.2587081882279,1.83
Malawi,MWI,2019,5.71682519194337,9.3708360560567,4.964,25.6743055555555,745.540667877372,846839844.266183,44.7856317896456,-11.9532181402648,2.16
Malawi,MWI,2020,0.793596429787286,8.62551469650552,5.72,24.2162962962963,749.527493882201,594498493.623211,,-13.9233232374397,0.37
Malawi,MWI,2021,4.55829212016083,9.33014410835212,5.652,23.88125,805.899650132837,,,-15.4922606345826,0.08
Malawi,MWI,2022,0.921115069005936,20.953969729969,5.02,25.3516666666667,949.039016666667,,55.5992119991912,-18.342633331864,1.69
Malawi,MWI,2023,1.94575281675984,28.7897428247298,5.009,33.5477083333333,1161.09436666667,,61.8124167800324,-15.740915952882,5.03
Malawi,MWI,2024,1.6734340852915,32.1796504225025,5.051,37.0641666666667,,,,-18.7878927787052,5.14
Malawi,MWI,2025,1.88518707821663,28.3702565330281,5.072,,,,,,4.21
Malaysia,MYS,2000,8.85886816969386,1.53474023697699,3.0,7.67333333333333,3.8,28650936563.5298,,9.04991849068886,6.24
Malaysia,MYS,2001,0.517675319192861,1.41678473206098,3.53,7.12666666666667,3.8,29845803173.9213,,7.85355934414699,3.88
Malaysia,MYS,2002,5.39098830692797,1.80787246281536,3.48,6.52833333333334,3.8,33761683387.9318,43.047339208221,7.1294554203537,1.67
Malaysia,MYS,2003,5.7884992858875,1.08967632577286,3.61,6.30083333333333,3.8,44309888490.9861,45.0766412986635,12.1423505560345,1.13
Malaysia,MYS,2004,6.78343772370305,1.42127115937402,3.54,6.04583333333333,3.8,66393546884.2326,45.6966383151073,12.0877738119347,1.35
Malaysia,MYS,2005,5.33213916141486,2.97507092684449,3.53,5.9525,3.78709166666667,70458190074.6077,42.0675597614326,13.9199700905602,3.22
Malaysia,MYS,2006,5.5848470671515,3.60923564224389,3.32,6.48583333333333,3.66817695833333,82876090883.1742,40.5883961366256,16.1037222225662,4.97
Malaysia,MYS,2007,6.29878592740947,2.02735317779569,3.31,6.40916666666667,3.43756938226247,101994768944.723,40.0881257702829,15.3811208611024,5.02
Malaysia,MYS,2008,4.83176988913097,5.44078221100769,3.34,6.08,3.33583333333333,92166457064.9209,39.7997028374607,16.8597967039906,1.92
Malaysia,MYS,2009,-1.51352871598714,0.583308405623702,3.62,5.08416666666666,3.52450291070644,96704054214.866,50.8357455983458,15.7230105263055,0.16
Malaysia,MYS,2010,7.42484738326097,1.62285235577035,3.32,5.0,3.22108691472175,106528123469.784,49.5598230655171,10.0556778509323,0.18
Malaysia,MYS,2011,5.29391283414003,3.1744709215131,3.05,4.915,3.06000301052058,133571684231.728,50.0286816425423,10.905001967915,0.1
Malaysia,MYS,2012,5.47345419253853,1.66357102479206,3.04,4.78583333333333,3.08880086662188,139730782665.941,51.6464316160996,5.18877994987763,0.14
Malaysia,MYS,2013,4.69372252557893,2.10501231233612,3.14,4.6498,3.15090855009724,134853702251.859,52.9992519246741,3.46614353655813,0.11
Malaysia,MYS,2014,6.00672194558203,3.14299050879095,2.88,4.587025,3.27285974643047,115958875075.857,52.6758487332831,4.39159166153878,0.09
Malaysia,MYS,2015,5.09153242155011,2.10438980238359,3.1,4.565375,3.90550026302768,95282342267.7486,53.5744697326154,3.00891850128321,0.13
Malaysia,MYS,2016,4.44978139761541,2.09056659525742,3.44,4.53106666666667,4.14830066287879,94481267074.1533,51.8905275342534,2.36768591329055,0.39
Malaysia,MYS,2017,5.81272240983328,3.87120115774237,3.41,4.60807808641975,4.30044087761124,102446599680.702,50.0496777374929,2.807870911226,1.0
Malaysia,MYS,2018,4.84308697634881,0.884709160571235,3.3,4.92844038461538,4.03513013706806,101452531755.37,51.1859148831795,2.23708206947011,1.83
Malaysia,MYS,2019,4.41318742129586,0.662891865764326,3.33,4.87689294871795,4.14246973569731,103629721168.985,52.4213502119727,3.50388669683419,2.16
Malaysia,MYS,2020,-5.45684658426701,-1.1387021539305,4.54,3.94420769234615,4.20348194851884,107643865229.363,62.0067215086738,4.18956779359845,0.37
Malaysia,MYS,2021,3.31534954399166,2.47710241465447,4.64,3.44410640384615,4.14329759817721,116915867599.997,63.2668366732951,3.87747951420626,0.08
Malaysia,MYS,2022,9.03173723044451,3.37869862549928,3.93,3.90802666666667,4.40107634540072,114658812345.11,60.1479261322487,3.1234711057235,1.69
Malaysia,MYS,2023,3.5370638041057,2.48886560125754,3.858,5.31737500641025,4.56062343240897,113462632023.729,64.2816241956596,1.56447203150546,5.03
Malaysia,MYS,2024,5.10545921024041,1.834100204499,3.846,5.282681,4.5764279106858,116229205257.758,64.566529006102,1.69342393177115,5.14
Malaysia,MYS,2025,5.17127082911057,1.38060872293692,3.764,4.82472886111111,4.28442415048243,125629250346.156,,,4.21
Maldives,MDV,2000,3.84581040832157,-1.17475681175946,1.97,9.52305714285714,11.77,122801161.555359,40.8644099852265,-8.24543127431548,6.24
Maldives,MDV,2001,-3.94363452271253,0.67257737006247,3.038,9.52305714285714,12.2420833333333,93075478.3340346,31.2308703408131,-6.74959538197381,3.88
Maldives,MDV,2002,7.26838656139654,4.1786723990479,4.094,9.91985119047619,12.8,133146756.138827,33.5908378331301,-3.96704001433817,1.67
Maldives,MDV,2003,13.7500496410836,-1.26065113450354,5.126,10.2556,12.8,159492039.076649,30.3523770936084,-2.97459860769224,1.13
Maldives,MDV,2004,5.92489251113133,-1.68541212459466,6.151,10.2556,12.8,203594899.341915,27.2730426643921,-9.9708472282721,1.35
Maldives,MDV,2005,-11.1773097061784,1.30027500930997,7.313,10.2556,12.8,186354315.295944,33.9271150397616,-23.4672692200603,3.22
Maldives,MDV,2006,23.6302719852686,2.73842131602099,8.345,10.2556,12.8,231550005.623125,29.5408843071306,-19.1705839350464,4.97
Maldives,MDV,2007,7.13338024717898,6.79477353930168,9.421,10.2556,12.8,308403900.253519,29.1842777540108,-14.3948746476646,5.02
Maldives,MDV,2008,8.97645459033633,12.0414583505108,10.361,10.2556,12.8,240580313.574776,30.3431523048305,-26.9277527694823,1.92
Maldives,MDV,2009,-8.34069861571051,4.53017659132801,11.697,10.2556,12.8,260981130.107897,46.1935516743923,-9.41593217957294,0.16
Maldives,MDV,2010,6.7854678229144,6.14988536750173,10.875,10.37605,12.8,350103579.326899,54.8854181471638,-7.57604640472633,0.18
Maldives,MDV,2011,8.84342600490342,11.2734146055937,10.043,10.1972219467061,14.6020084036964,334913163.216004,57.2981206101706,-13.8208553363039,0.1
Maldives,MDV,2012,2.38928797963442,10.884695658563,9.134,10.4838045042368,15.3648353163596,304506181.012498,,-6.3922910977274,0.14
Maldives,MDV,2013,6.97496226412528,3.8056300091943,8.295,11.141907371532,15.3667100302841,368315038.589918,,-3.86626742586717,0.11
Maldives,MDV,2014,7.86068643108074,2.12000175718134,7.461,11.4174465598427,15.3803935180893,614684246.485376,,-3.18665825232612,0.09
Maldives,MDV,2015,3.86813536494475,0.953206658777607,6.611,11.1012463363068,15.3663312211982,563873734.60286,,-7.30588031911147,0.13
Maldives,MDV,2016,6.37528306716864,0.502509413611612,5.771,10.7647511442635,15.3684076818158,467323386.048191,,-23.4109557277276,0.39
Maldives,MDV,2017,7.07442863215275,2.81747338234509,5.377,10.1536636807209,15.3869685099846,587346816.807916,,-21.267761433937,1.0
Maldives,MDV,2018,8.5689555834747,-0.133373386117595,4.962,10.6767228850732,15.3908372695852,712157733.781107,,-27.8019976962882,1.83
Maldives,MDV,2019,6.92305989050099,0.220029731065383,4.562,11.5226357918998,15.3820419226831,753496279.806938,,-25.8168822522057,2.16
Maldives,MDV,2020,-32.9088287752921,-1.36977425569811,5.42,11.6002303232237,15.3812695278705,984930745.339245,,-35.7483018974442,0.37
Maldives,MDV,2021,37.507870124321,0.543149688737013,5.016,11.5654610099458,15.3726984126984,805808189.424559,,-8.63308174559145,0.08
Maldives,MDV,2022,13.8260895184139,2.3305404647725,4.303,10.9287065068347,15.386625,832094352.898169,,-16.868196658323,1.69
Maldives,MDV,2023,4.94286301229583,2.90372427754586,4.019,11.6818372301607,15.3867943548387,590522550.56534,,-21.1388087335441,5.03
Maldives,MDV,2024,3.49440422654285,1.41093527910134,4.278,11.550446525913,15.3891963292547,673885912.694607,,-18.6788603634035,5.14
Maldives,MDV,2025,6.31092335003081,4.00578494118752,4.514,11.6320227383198,15.415677547363,984573591.713979,,,4.21
Mali,MLI,2000,-0.736019992224286,-0.677661659046769,1.412,,710.207977031367,,,-7.24552346571527,6.24
Mali,MLI,2001,15.806031742271,5.18701191944068,1.332,,732.397693260228,,,-7.52403238228264,3.88
Mali,MLI,2002,3.03627540738884,5.03282275711194,1.36,,693.713226496374,,,-3.21727063108565,1.67
Mali,MLI,2003,9.79712256086644,-1.34672619047621,1.272,,579.897426172466,,,-4.84483163511997,1.13
Mali,MLI,2004,1.47732490290102,-3.09978128063957,1.413,,527.338032291576,,,-6.31694830603582,1.35
Mali,MLI,2005,2.53837834888921,6.39788293897883,1.367,8.67916666666667,527.258362649626,,,-5.89425017180064,3.22
Mali,MLI,2006,3.68960265255278,1.54352596927582,1.395,4.73666666666667,522.425624895176,,,-2.66376814254957,4.97
Mali,MLI,2007,1.76004607852802,1.41200201714577,1.372,4.75166666666667,478.633718476363,,,-5.9996237076332,5.02
Mali,MLI,2008,3.63871070923719,9.17098813667678,1.383,4.98416666666667,446.000041432788,,,-9.31503755773017,1.92
Mali,MLI,2009,5.45473562683669,2.46375188572299,1.406,4.9775,470.293423341398,,,-5.40923592964099,0.16
Mali,MLI,2010,5.57678859793515,1.10892690670186,1.375,5.11333333333333,494.794262222947,,,-9.37082497916749,0.18
Mali,MLI,2011,2.93537897118415,2.95564395229392,1.403,5.25591666666667,471.248625718937,,,-4.25352174180244,0.1
Mali,MLI,2012,-1.07239924147837,5.32312847064058,1.462,5.03916666666667,510.556338454251,,,-1.84284683487062,0.14
Mali,MLI,2013,3.29068742053545,-0.606736356351563,1.517,5.2875,493.899623852237,,,-2.38005150095352,0.11
Mali,MLI,2014,6.50263878386326,0.883814547137841,1.476,5.33833333333333,493.757329875312,,,-3.96176216529395,0.09
Mali,MLI,2015,6.23887890181064,1.45069057605961,1.404,5.15416666666667,591.21169798261,,,-4.47729474332982,0.13
Mali,MLI,2016,6.00506308559498,-1.79964707083386,1.367,5.295,592.605615063022,,,-6.06695219310337,0.39
Mali,MLI,2017,5.37554769647939,1.75985742927165,1.498,,580.656749587858,,,-6.62494382399692,1.0
Mali,MLI,2018,4.86784999935264,0.299546507387843,1.62,,555.446458398226,,,-4.10572622720131,1.83
Mali,MLI,2019,4.99999911699705,-1.65826694846365,3.29,,585.911013180369,,,-6.29353963446871,2.16
Mali,MLI,2020,-1.16910834857605,0.438088940320669,3.528,,575.586004510945,,,-1.83434524248166,0.37
Mali,MLI,2021,3.10094124463507,3.92560283104277,4.006,,554.530675033104,,,-6.38508311257971,0.08
Mali,MLI,2022,3.70319027585386,9.62147608489064,2.387,,623.759700911182,,,-6.54582121437752,1.69
Mali,MLI,2023,4.76394100040932,2.05880228274223,2.947,,606.569750165917,,,-6.49904215184635,5.03
Mali,MLI,2024,5.01653579205785,3.2063986409966,2.924,,606.345297609063,,,-4.32974251221221,5.14
Mali,MLI,2025,5.59946842896643,3.27823540357584,2.831,,581.92848104034,,,,4.21
Malta,MLT,2000,19.6812693530689,2.36959287531806,6.324,7.27583333333333,0.438149991666667,1471281813.84209,,-11.9011101567861,6.24
Malta,MLT,2001,-0.757203651807174,2.92949244324104,7.107,6.89833333333333,0.450041566666667,1667548381.29433,,-3.67648415995638,3.88
Malta,MLT,2002,2.74113503379645,2.18849048060549,6.902,6.03833333333333,0.43362033825,2210545703.41871,,2.38461506413218,1.67
Malta,MLT,2003,3.69331066307235,1.30383777442602,7.488,5.85,0.377233333333333,2730176875.47353,,-2.88428116145284,1.13
Malta,MLT,2004,0.407354423655889,2.79082848067754,7.317,5.32416666666667,0.344663179985486,2733736057.53772,,-3.79516218183122,1.35
Malta,MLT,2005,2.88123652429068,3.00796652450313,6.923,5.50833333333333,0.34577739225,2578480779.69299,,-6.53614986794796,3.22
Malta,MLT,2006,2.33618870316785,2.77378006481472,6.798,5.65416666666667,0.340893885583333,2980333080.26694,,-7.86241508941017,4.97
Malta,MLT,2007,5.03640177981643,1.24921923797629,6.472,6.23833333333333,0.311675,3798767062.06583,,-2.01354111543001,5.02
Malta,MLT,2008,4.41059689827608,4.25862171897073,5.977,5.88833333333333,0.679922680042729,373422724.326502,,-0.839063233305962,1.92
Malta,MLT,2009,-1.39524956144803,2.08432746082343,6.896,4.47083333333333,0.716957702016136,538508889.961921,,-6.36032965460632,0.16
Malta,MLT,2010,6.19734978656928,1.51563513618532,6.861,4.6,0.754308990105961,540154074.409551,,-4.61361462818441,0.18
Malta,MLT,2011,0.992201768011597,2.9629852819288,6.388,4.74583333333333,0.718413898653317,515097920.742163,,-0.132890954159099,0.1
Malta,MLT,2012,4.10167460261891,2.37582057760386,6.203,4.7025,0.778338120416812,704900045.960483,,1.57359500524503,0.14
Malta,MLT,2013,6.29233378116625,1.1802843636655,6.115,4.705,0.752945122701996,596933291.286176,,2.50365414839339,0.11
Malta,MLT,2014,7.6313628225042,0.310306472181665,5.737,,0.752728196932603,619373096.554371,,8.34224109375237,0.09
Malta,MLT,2015,9.62070302842181,1.10054826378929,5.389,,0.901296423367096,571697422.679453,,2.65010210922408,0.13
Malta,MLT,2016,4.07800422216982,0.642702771527304,4.694,,0.903421436257263,677039187.752482,,-0.551812533447936,0.39
Malta,MLT,2017,12.9713425287845,1.36435448150708,4.008,,0.885205508269372,832991850.76218,,19.1577307077782,1.0
Malta,MLT,2018,7.18921425536917,1.15782362451517,3.956,,0.846772667108111,1024613729.12179,,13.3484109482087,1.83
Malta,MLT,2019,4.0850557312243,1.6420600176894,4.08,,0.893276257067409,937615561.122227,,17.8499382404589,2.16
Malta,MLT,2020,-3.45728232537419,0.638544956776712,4.856,,0.875506396987998,930464309.381045,,16.0980919347887,0.37
Malta,MLT,2021,13.3509818925498,1.49789217934724,3.754,,0.84549413889045,1149326794.25072,,9.34478175130435,0.08
Malta,MLT,2022,2.59276776884379,6.15375621933037,3.471,,0.949623753156941,1199148720.77094,,-2.8280685577445,1.69
Malta,MLT,2023,10.6340558017004,5.09396758978883,3.479,,0.924839558470698,1222949821.48281,,6.53909475287112,5.03
Malta,MLT,2024,6.21275996991034,1.65079469283109,3.1,,0.923889546117607,1417609467.81291,,7.09956405757708,5.14
Malta,MLT,2025,3.96156139018959,2.36351752252186,2.896,,0.88496895841236,1543517156.32491,,,4.21
Marshall Islands,MHL,2000,2.45443006851272,,,,1.0,,,,6.24
Marshall Islands,MHL,2001,6.93004446202892,,,,1.0,,,,3.88
Marshall Islands,MHL,2002,3.63579015049041,,,,1.0,,,,1.67
Marshall Islands,MHL,2003,-1.56167510462087,,,,1.0,,,,1.13
Marshall Islands,MHL,2004,-0.408355471416314,,,,1.0,,,,1.35
Marshall Islands,MHL,2005,1.79104477611941,,,,1.0,,,-1.84152127674111,3.22
Marshall Islands,MHL,2006,0.175953079178882,,,,1.0,,,-4.31769265889554,4.97
Marshall Islands,MHL,2007,3.68852459016394,,,,1.0,,,-5.46347487121282,5.02
Marshall Islands,MHL,2008,-7.56634669678148,,,,1.0,,71.5412639836289,-3.7626711451161,1.92
Marshall Islands,MHL,2009,3.66524129505193,,,,1.0,,71.9117976190476,-17.4606242687681,0.16
Marshall Islands,MHL,2010,5.53918680023571,,,,1.0,,68.8800763500931,-8.90157593664854,0.18
Marshall Islands,MHL,2011,-0.502512562814076,,,,1.0,,56.0864126523505,-3.35417720964158,0.1
Marshall Islands,MHL,2012,-1.29068462401796,,,,1.0,,52.42613226342,-10.853093241824,0.14
Marshall Islands,MHL,2013,3.80898237635019,,,,1.0,,52.7442510729614,-15.5136760481559,0.11
Marshall Islands,MHL,2014,-1.25958378970427,,,,1.0,,49.4013516129032,-2.6233164365833,0.09
Marshall Islands,MHL,2015,1.88574597892401,,,,1.0,,47.4856330974415,-3.82810868960235,0.13
Marshall Islands,MHL,2016,2.5040827436037,,,,1.0,,48.3205495540139,-8.03419828647661,0.39
Marshall Islands,MHL,2017,3.55815188528943,,,,1.0,,47.728014974263,6.04608391648484,1.0
Marshall Islands,MHL,2018,5.48717948717949,,,,1.0,,44.0008963636364,24.1051166048242,1.83
Marshall Islands,MHL,2019,10.4521147301896,,,,1.0,,41.5637492486046,36.9827881728596,2.16
Marshall Islands,MHL,2020,-2.77288732394366,,,,1.0,,,37.3371142778297,0.37
Marshall Islands,MHL,2021,2.15939339067452,,,,1.0,,,29.1920087798827,0.08
Marshall Islands,MHL,2022,-0.700580183196621,,,,1.0,,,6.82026268205188,1.69
Marshall Islands,MHL,2023,-5.39477377525279,,,,1.0,,,15.7373679290961,5.03
Marshall Islands,MHL,2024,3.30188679245282,,,,1.0,,,21.8711060344774,5.14
Marshall Islands,MHL,2025,2.28310502283105,,,,1.0,,,,4.21
Mauritania,MRT,2000,-3.91802587923293,3.25406745833358,10.03,25.5833333333333,23.8923333333333,49402252.9554015,,,6.24
Mauritania,MRT,2001,-0.799493815789347,4.7148963468961,10.132,22.5,25.5629166666667,39833320.3715736,,,3.88
Mauritania,MRT,2002,1.38148396199058,3.8957052575849,10.201,21.0,27.1739166666667,74083411.0217224,,,1.67
Mauritania,MRT,2003,6.92826955106302,5.15190150769578,9.911,21.0,26.303,31821258.3001081,,,1.13
Mauritania,MRT,2004,4.7327579245203,10.3676233473073,9.77,21.0,,38764016.7291556,,,1.35
Mauritania,MRT,2005,8.56628724906668,12.1256487185541,9.59,23.0833333333333,26.5528333333333,70367752.9793491,,,3.22
Mauritania,MRT,2006,18.3331987597713,6.2410332814282,9.313,24.0,26.86,194495586.06378,,,4.97
Mauritania,MRT,2007,-1.96942275160761,7.25410841304887,9.482,23.5,25.8586666666667,207413837.520998,,,5.02
Mauritania,MRT,2008,-0.331079195278377,7.34663541249786,9.715,20.3333333333333,23.8203333333333,198598074.427061,,,1.92
Mauritania,MRT,2009,0.0978758719728035,2.22092032381779,10.214,19.5,26.2365833333333,237857971.083112,,,0.16
Mauritania,MRT,2010,2.62022952055378,6.28354087427704,10.093,17.0,27.5894166666667,287851716.196257,,,0.18
Mauritania,MRT,2011,4.17278328304418,5.68631959575954,9.976,17.0,28.1118333333333,502324710.555567,,,0.1
Mauritania,MRT,2012,4.47001318233693,4.90242727217997,9.864,17.0,29.662,968635710.793157,,-18.2231603717949,0.14
Mauritania,MRT,2013,4.15081318627171,4.12910173783393,9.926,17.0,30.0681666666667,997902480.460926,,-17.4501553307698,0.11
Mauritania,MRT,2014,4.27482327130284,3.53436856147324,10.026,17.0,30.2725,635387343.480939,,-22.2677332085523,0.09
Mauritania,MRT,2015,5.37633923694936,3.25472688117631,10.104,17.0,32.4671666666667,822269358.346095,,-15.4626331565959,0.13
Mauritania,MRT,2016,1.26090922448303,1.47171045650004,10.287,17.0,35.2370833333334,848467104.487379,,-11.0299074414632,0.39
Mauritania,MRT,2017,6.27054569386574,2.25427651934813,10.336,17.0,35.7944166666667,873822720.854328,,-10.4073908755605,1.0
Mauritania,MRT,2018,4.77217363890155,3.06735996058356,10.411,,35.6775,934291833.830821,,-13.0143826354559,1.83
Mauritania,MRT,2019,3.14100489264639,2.30009262117937,10.416,,36.6908333333334,1028702420.51919,,-10.5273103616245,2.16
Mauritania,MRT,2020,-0.36065738652286,2.3856948845632,11.051,,37.1891666666667,1493184646.02741,,-6.97500621735149,0.37
Mauritania,MRT,2021,0.7427154981402,3.56516484650185,11.131,,36.0633333333333,2038562789.40175,,-8.7610679911394,0.08
Mauritania,MRT,2022,6.7960049994761,9.52526628622843,10.52,,36.935,,,-14.8925055069228,1.69
Mauritania,MRT,2023,6.80949002457973,4.95305034506872,10.37,,36.4891666666666,,,-9.0432943863533,5.03
Mauritania,MRT,2024,6.3076021190402,2.49164347481972,10.257,,,,,-9.55383541959404,5.14
Mauritania,MRT,2025,4.02891976567948,1.54796926167072,10.319,,,,,,4.21
Mauritius,MUS,2000,8.20279174865273,4.19928825622807,9.125,20.7708333333333,26.2495583333333,914366133.679955,31.6907550044809,-0.781626205334806,6.24
Mauritius,MUS,2001,3.3475407273143,5.38934426229508,9.14,21.1041666666667,29.1292583333333,852678482.51268,29.7941358107018,5.90451835820638,3.88
Mauritius,MUS,2002,1.61491865862438,6.41933372221149,8.205,21.0,29.962,1248516028.91042,39.288508399984,5.08279804408041,1.67
Mauritius,MUS,2003,5.9254454894774,3.92105357558188,8.318,21.0,27.901475,1603024427.16079,44.1430010758192,1.58063931123062,1.13
Mauritius,MUS,2004,4.33001985464323,4.71037060105883,8.337,21.0,27.4985166666667,1632941132.54706,38.5444032538334,-1.67663771284404,1.35
Mauritius,MUS,2005,1.77754302034465,4.93717004981795,9.524,21.0416666666667,29.4962333333333,1371551307.82123,41.1387968950545,-4.92618819781318,3.22
Mauritius,MUS,2006,4.86554460775534,8.91350105650142,9.04,21.0833333333333,31.7080666666667,1308850537.14132,37.4486905882301,-8.46784533621496,4.97
Mauritius,MUS,2007,5.76380219453068,8.82729272393294,8.475,21.8741666666667,31.31365625,1831736327.40601,34.1597928996366,-5.24235909190976,5.02
Mauritius,MUS,2008,5.4630565042284,9.73228317146887,7.17,11.5416666666667,28.4528375,1796126154.22182,33.2417416531616,-9.63456717189681,1.92
Mauritius,MUS,2009,3.36352090607312,2.51609128145113,7.257,9.25,31.9598,2315555503.10442,36.0212569784289,-7.06970588594895,0.16
Mauritius,MUS,2010,4.39672657214976,2.93236301369857,7.654,8.875,30.7844,2618620802.5817,36.275908664453,-9.91425993466699,0.18
Mauritius,MUS,2011,4.14555262561014,6.52249254869341,7.447,8.91666666666667,28.70595,2775245692.87377,35.0358570491021,-13.3613354439672,0.1
Mauritius,MUS,2012,3.51062090167264,3.85216033315983,7.472,8.66666666666667,30.0499716666667,3053007539.14535,36.0040049386744,-6.99365644865861,0.14
Mauritius,MUS,2013,3.39755085220649,3.54329573934839,7.322,8.5,30.7013583333333,3490767903.76468,,-6.03377414727121,0.11
Mauritius,MUS,2014,3.85773905280689,3.21769191994684,7.467,8.5,30.6216166666667,3920880590.24131,,-5.21545878552884,0.09
Mauritius,MUS,2015,3.71766362108832,1.28654970760232,7.41,8.5,35.0567,4259691508.3633,,-3.4285246337473,0.13
Mauritius,MUS,2016,3.88576121076034,0.977675134718965,6.814,8.5,35.5418833333333,4962069842.12085,,-3.8514172228531,0.39
Mauritius,MUS,2017,3.95441730960265,3.66699702675925,6.752,8.5,34.4814083333333,5984338261.63058,55.4162684218654,-4.40548405285013,1.0
Mauritius,MUS,2018,4.11669369456492,3.2160538314457,6.426,8.5,33.93445,6353096296.20215,54.5604097916564,-3.71313154895019,1.83
Mauritius,MUS,2019,2.86394938684734,0.405655190309553,6.331,8.45,35.4735166666667,7362471785.78251,57.1349404640455,-4.90600168637665,2.16
Mauritius,MUS,2020,-14.1974358137792,2.5808007718283,8.626,7.225,39.3469333333333,7291065336.38291,,-8.66939843609858,0.37
Mauritius,MUS,2021,3.33809084057279,4.02852888157376,7.719,6.87083333333333,41.6921333333333,8562656039.81864,,-12.8775923599067,0.08
Mauritius,MUS,2022,8.3424438025047,10.7737512242899,6.322,7.50416666666666,44.182775,7792807407.92421,,-11.1067938800962,1.69
Mauritius,MUS,2023,4.69918189687444,7.05298238454736,5.571,9.5,45.267225,7247890260.49611,,-4.95170152620904,5.03
Mauritius,MUS,2024,4.94844235250574,3.6045220384796,5.548,9.375,46.414675,8506134285.10038,,-7.029117202833,5.14
Mauritius,MUS,2025,3.15157395305867,3.67359279962943,5.635,9.0,45.9969666666667,10308130278.8725,,,4.21
Mexico,MEX,2000,5.02928399378261,9.49156149435403,2.646,16.9283333333333,9.45555833333333,35577279053.6649,18.1918633340197,-2.52707170138346,6.24
Mexico,MEX,2001,-0.450845253215945,6.36773806235037,2.627,12.795,9.34234166666667,44804667773.015,,-2.23003398954777,3.88
Mexico,MEX,2002,-0.236588001922641,5.03072733151295,3.003,8.21083333333333,9.65595833333333,50671452144.9585,,-1.52936520808688,1.67
Mexico,MEX,2003,1.18554486709559,4.54690012118718,3.455,7.0225,10.7890191666667,59026700311.4513,,-0.526761129534337,1.13
Mexico,MEX,2004,3.56544102622887,4.68840884843143,3.937,7.43833333333333,11.2859666666667,64201699862.8694,,-0.464775659455355,1.35
Mexico,MEX,2005,2.11324711473297,3.98805714597437,3.558,9.695,10.8978916666667,74109703346.0659,,-0.62353440164571,3.22
Mexico,MEX,2006,4.80501351664901,3.62946762439132,3.566,7.51183478062322,10.8992416666667,76329367204.2543,,-0.316555541136009,4.97
Mexico,MEX,2007,2.0778639395329,3.96684905458235,3.628,7.56083333333333,10.9281916666667,87208175923.3125,,-0.844640815368309,5.02
Mexico,MEX,2008,0.943331872912935,5.12498274575896,3.874,8.70576785663225,11.1297166666667,95299838182.8513,,-1.40680860932702,1.92
Mexico,MEX,2009,-6.29525056697287,5.29735584228856,5.356,7.065,13.513475,99888815494.3453,,-0.750921220817888,0.16
Mexico,MEX,2010,4.9713345832195,4.15672722680174,5.303,5.28083333333333,12.6360083333333,120584016515.123,,-0.339592498675246,0.18
Mexico,MEX,2011,3.44404505297089,3.40737824605742,5.175,4.91083333333333,12.423325,149208113907.362,,-0.857892612318961,0.1
Mexico,MEX,2012,3.55321076010608,4.11150981070289,4.892,4.68083333333333,13.1694583333333,167075785316.037,,-1.40984864759126,0.14
Mexico,MEX,2013,0.852101550164704,3.80639069747204,4.921,4.27083333333333,12.7719916666667,180200033349.658,,-2.39396960169622,0.11
Mexico,MEX,2014,2.50376350783593,4.01861608078679,4.819,3.55166666666667,13.29245,195681624545.922,,-1.82131927652883,0.09
Mexico,MEX,2015,2.70232343024026,2.72064064964023,4.311,3.43916666666667,15.8482666666667,177596632552.624,,-2.59917628224106,0.13
Mexico,MEX,2016,1.7724932254128,2.8217078474766,3.853,4.75416666666667,18.6640583333333,177973637254.61,,-2.27311198277187,0.39
Mexico,MEX,2017,1.87172854648381,6.04145724018986,3.419,7.3325,18.9265166666667,175469669183.544,,-1.79746290782777,1.0
Mexico,MEX,2018,1.97208211101069,4.89935015356551,3.275,8.04,19.2443416666667,176390278595.584,,-2.06414074440499,1.83
Mexico,MEX,2019,-0.392690513290532,3.63596142127046,3.477,8.42916666666667,19.2636333333333,183056094117.556,41.3273940594335,-0.296844402020911,2.16
Mexico,MEX,2020,-8.35403459379062,3.39683415570006,4.44,6.34166666666667,21.4856083333333,199069188921.046,45.8373464207273,2.39710320563074,0.37
Mexico,MEX,2021,6.04848347173572,5.68920847683753,4.019,4.89166666666667,20.2724083333333,207799490381.042,44.860955801458,-0.340708629738092,0.08
Mexico,MEX,2022,3.70975708309098,7.8962761916855,3.256,8.17916666666667,20.12735,201118689946.087,43.9694401581611,-1.27426718190487,1.69
Mexico,MEX,2023,3.1067964131456,5.52796087314389,2.765,11.5916666666667,17.7587166666667,214316827085.02,45.1534859576172,-0.699077082003633,5.03
Mexico,MEX,2024,1.35057631384696,4.72225588452932,2.678,11.2233333333333,18.3048583333333,232035392464.815,50.270950655733,-0.912091864173097,5.14
Mexico,MEX,2025,0.561683456144578,3.80668650726485,2.673,8.78583333333333,19.2375083333333,256178680249.028,,-0.447421048798837,4.21
"Micronesia, Fed. Sts.",FSM,2000,4.62454546471687,2.15851810619419,,15.33,1.0,113047175.64761,,,6.24
"Micronesia, Fed. Sts.",FSM,2001,1.82016351571185,0.502497351294027,,15.33,1.0,98330197.784134,,,3.88
"Micronesia, Fed. Sts.",FSM,2002,0.4432199530481,-0.111442426432945,,15.275,1.0,117391173.137997,,,1.67
"Micronesia, Fed. Sts.",FSM,2003,1.76275629920303,0.126643348208903,,15.0,1.0,89607067.3768614,,,1.13
"Micronesia, Fed. Sts.",FSM,2004,-3.19037831026102,2.27669698247304,,15.375,1.0,54838730.4103666,,,1.35
"Micronesia, Fed. Sts.",FSM,2005,2.7434627349036,4.25769978210942,,16.375,1.0,49953309.0358174,,,3.22
"Micronesia, Fed. Sts.",FSM,2006,-0.413223140495873,4.63737008585635,,15.615,1.0,46622757.9357199,,,4.97
"Micronesia, Fed. Sts.",FSM,2007,-1.65975103734441,3.30634278002699,,14.0295833333333,1.0,48479465.9772571,,,5.02
"Micronesia, Fed. Sts.",FSM,2008,-2.53164556962025,8.42372566246186,,14.3783333333333,1.0,39986224.5220158,26.8276685823755,,1.92
"Micronesia, Fed. Sts.",FSM,2009,1.29870129870129,6.39360257735201,,15.38,1.0,55718614.2195801,25.7433025270758,-13.8101444043321,0.16
"Micronesia, Fed. Sts.",FSM,2010,1.7094017094017,3.31370963136217,,15.13,1.0,55763850.8999963,24.5638681506849,-8.41530821917808,0.18
"Micronesia, Fed. Sts.",FSM,2011,3.78151260504202,5.08259403890371,,14.35,1.0,75062413.2091201,25.4721136363636,-14.3575974025974,0.1
"Micronesia, Fed. Sts.",FSM,2012,-1.61943319838058,5.01850353045616,,14.32,1.0,76796329.9889957,27.3870518518519,-7.35558641975309,0.14
"Micronesia, Fed. Sts.",FSM,2013,-3.70370370370371,1.75232737350762,,15.7,1.0,84343095.8002683,26.5924914012739,-0.692165605095541,0.11
"Micronesia, Fed. Sts.",FSM,2014,-2.56410256410257,0.650284891767944,,15.7,1.0,114124949.546814,23.6318629746835,7.09101265822785,0.09
"Micronesia, Fed. Sts.",FSM,2015,4.3859649122807,-0.2981158373807,,15.7,1.0,135114898.29569,30.3740477564103,,0.13
"Micronesia, Fed. Sts.",FSM,2016,1.26050420168067,-1.03746806405349,,15.7,1.0,156984836.357184,25.800623853211,,0.39
"Micronesia, Fed. Sts.",FSM,2017,2.07468879668049,0.58225373525489,,16.1,1.0,203718873.504125,31.4221664819945,,1.0
"Micronesia, Fed. Sts.",FSM,2018,0.406504065040664,1.49840023593737,,15.7,1.0,203528219.216567,23.5776718274112,,1.83
"Micronesia, Fed. Sts.",FSM,2019,3.64372469635627,1.92385170787923,,14.7,1.0,397158244.634291,24.0903012658228,,2.16
"Micronesia, Fed. Sts.",FSM,2020,-2.05703124999999,0.554594630853174,,14.47,1.0,451912609.039125,27.7955651702173,,0.37
"Micronesia, Fed. Sts.",FSM,2021,3.09969928290539,3.19128406597466,,12.62,1.0,497434120.418255,,,0.08
"Micronesia, Fed. Sts.",FSM,2022,-3.11412501063803,5.40874375479067,,,1.0,,,,1.69
"Micronesia, Fed. Sts.",FSM,2023,1.13097800090873,,,,1.0,,,,5.03
"Micronesia, Fed. Sts.",FSM,2024,2.30132923576443,,,,1.0,,,,5.14
"Micronesia, Fed. Sts.",FSM,2025,1.0626071425539,,,,1.0,,,,4.21
"Middle East, North Africa, Afghanistan & Pakistan",MEA,2000,6.36565999509911,1.85379035325277,8.4169385368672,,,,,,6.24
"Middle East, North Africa, Afghanistan & Pakistan",MEA,2001,1.99532436082019,1.75942831168225,8.42943669202,,,,,,3.88
"Middle East, North Africa, Afghanistan & Pakistan",MEA,2002,2.13446189825575,2.01074218531299,8.48914200309222,,,,,,1.67
"Middle East, North Africa, Afghanistan & Pakistan",MEA,2003,4.62432352744825,2.12326619508507,8.30300037305323,,,,,,1.13
"Middle East, North Africa, Afghanistan & Pakistan",MEA,2004,7.95208307446038,3.24206513087977,7.54776306570901,,,,,,1.35
"Middle East, North Africa, Afghanistan & Pakistan",MEA,2005,5.29036057989754,3.49368534619531,7.65760282606948,,,,,,3.22
"Middle East, North Africa, Afghanistan & Pakistan",MEA,2006,6.0105357176119,3.54498591605033,7.22108801251314,,,,,,4.97
"Middle East, North Africa, Afghanistan & Pakistan",MEA,2007,5.25087621123983,4.74390639021648,6.82070410411982,,,,,,5.02
"Middle East, North Africa, Afghanistan & Pakistan",MEA,2008,4.39756577528698,12.1045204672346,6.58386551452509,,,,,,1.92
"Middle East, North Africa, Afghanistan & Pakistan",MEA,2009,1.13904790591972,2.92089711805367,6.71404844364157,,,,,,0.16
"Middle East, North Africa, Afghanistan & Pakistan",MEA,2010,4.73613536721255,3.74915727597096,6.85675050559872,,,,,,0.18
"Middle East, North Africa, Afghanistan & Pakistan",MEA,2011,3.83839238292269,4.7531638888563,7.23452105809906,,,,,,0.1
"Middle East, North Africa, Afghanistan & Pakistan",MEA,2012,4.23895465902955,4.5152295667099,8.34766826613965,,,,,,0.14
"Middle East, North Africa, Afghanistan & Pakistan",MEA,2013,2.37318436266814,3.25423910998847,7.92975020058705,,,,,,0.11
"Middle East, North Africa, Afghanistan & Pakistan",MEA,2014,3.06417065422428,2.64755321246189,7.64519859427481,,,,,,0.09
"Middle East, North Africa, Afghanistan & Pakistan",MEA,2015,2.77014189000649,1.6859921764201,8.36498933286657,,,,,,0.13
"Middle East, North Africa, Afghanistan & Pakistan",MEA,2016,4.50367765418986,2.5395603776654,8.0751146709309,,,,,,0.39
"Middle East, North Africa, Afghanistan & Pakistan",MEA,2017,2.07681939089466,2.06932928164424,8.5198428948238,,,,,,1.0
"Middle East, North Africa, Afghanistan & Pakistan",MEA,2018,2.4028056194,1.94579304594437,8.53535637968998,,,,,,1.83
"Middle East, North Africa, Afghanistan & Pakistan",MEA,2019,1.58096878672049,1.33601568147656,8.33082967841649,,,,,,2.16
"Middle East, North Africa, Afghanistan & Pakistan",MEA,2020,-3.55690005451382,1.44703656998741,9.14819309323363,,,,,,0.37
"Middle East, North Africa, Afghanistan & Pakistan",MEA,2021,5.030413314914,2.86833027751015,9.00366611562493,,,,,,0.08
"Middle East, North Africa, Afghanistan & Pakistan",MEA,2022,6.44954466678931,5.17222088647606,8.23898776216766,,,,,,1.69
"Middle East, North Africa, Afghanistan & Pakistan",MEA,2023,2.29073324961962,4.22522603168918,7.79272191834479,,,,,,5.03
"Middle East, North Africa, Afghanistan & Pakistan",MEA,2024,2.3285702387722,2.12615766885021,7.84018773728947,,,,,,5.14
"Middle East, North Africa, Afghanistan & Pakistan",MEA,2025,2.74495660378074,2.08420853585036,7.78205479742957,,,,,,4.21
"Middle East, North Africa, Afghanistan & Pakistan (IDA & IBRD)",TMN,2000,5.85778719812157,2.68380535348546,8.70973223936551,,,,,,6.24
"Middle East, North Africa, Afghanistan & Pakistan (IDA & IBRD)",TMN,2001,2.9743449585953,2.63487860237975,8.66782939884288,,,,,,3.88
"Middle East, North Africa, Afghanistan & Pakistan (IDA & IBRD)",TMN,2002,3.36398493325214,2.72913569925394,8.66928035849805,,,,,,1.67
"Middle East, North Africa, Afghanistan & Pakistan (IDA & IBRD)",TMN,2003,2.61828464466458,3.5915443294949,8.45544746199598,,,,,,1.13
"Middle East, North Africa, Afghanistan & Pakistan (IDA & IBRD)",TMN,2004,7.6240087305675,4.19747083488513,7.62342664414024,,,,,,1.35
"Middle East, North Africa, Afghanistan & Pakistan (IDA & IBRD)",TMN,2005,4.91658992231594,4.86939696871988,7.79217578193013,,,,,,3.22
"Middle East, North Africa, Afghanistan & Pakistan (IDA & IBRD)",TMN,2006,5.44754788079531,6.78459655001655,7.33599436897474,,,,,,4.97
"Middle East, North Africa, Afghanistan & Pakistan (IDA & IBRD)",TMN,2007,5.83436106152658,4.96597654553301,6.96341976204585,,,,,,5.02
"Middle East, North Africa, Afghanistan & Pakistan (IDA & IBRD)",TMN,2008,3.44592626794191,13.9712310012729,6.76464093439402,,,,,,1.92
"Middle East, North Africa, Afghanistan & Pakistan (IDA & IBRD)",TMN,2009,2.80047655589699,3.29290021224143,6.88122796682575,,,,,,0.16
"Middle East, North Africa, Afghanistan & Pakistan (IDA & IBRD)",TMN,2010,4.82653120984563,3.9667790888986,7.05144257493513,,,,,,0.18
"Middle East, North Africa, Afghanistan & Pakistan (IDA & IBRD)",TMN,2011,-0.432970438519078,5.33638269521995,7.52714837608606,,,,,,0.1
"Middle East, North Africa, Afghanistan & Pakistan (IDA & IBRD)",TMN,2012,3.53419338600358,6.51134364308897,8.83376247941241,,,,,,0.14
"Middle East, North Africa, Afghanistan & Pakistan (IDA & IBRD)",TMN,2013,1.09589599784469,5.07042922798113,8.39834200288349,,,,,,0.11
"Middle East, North Africa, Afghanistan & Pakistan (IDA & IBRD)",TMN,2014,2.41712951869309,3.77123895800744,8.07837404021819,,,,,,0.09
"Middle East, North Africa, Afghanistan & Pakistan (IDA & IBRD)",TMN,2015,1.09556855918702,2.52932817254229,8.96791885955849,,,,,,0.13
"Middle East, North Africa, Afghanistan & Pakistan (IDA & IBRD)",TMN,2016,5.53604079765444,3.7651191635658,8.66507565229991,,,,,,0.39
"Middle East, North Africa, Afghanistan & Pakistan (IDA & IBRD)",TMN,2017,3.41861623376329,4.97595150553833,9.15400226751887,,,,,,1.0
"Middle East, North Africa, Afghanistan & Pakistan (IDA & IBRD)",TMN,2018,2.1052660162653,4.46231108475481,9.1788143786994,,,,,,1.83
"Middle East, North Africa, Afghanistan & Pakistan (IDA & IBRD)",TMN,2019,1.39572055452479,3.00538949390383,8.96317446023269,,,,,,2.16
"Middle East, North Africa, Afghanistan & Pakistan (IDA & IBRD)",TMN,2020,-2.55101546183431,3.73003191530476,9.67954007701653,,,,,,0.37
"Middle East, North Africa, Afghanistan & Pakistan (IDA & IBRD)",TMN,2021,4.31282389000222,5.46019980671871,9.58930430798614,,,,,,0.08
"Middle East, North Africa, Afghanistan & Pakistan (IDA & IBRD)",TMN,2022,4.3223956322189,8.78598837999588,8.83598059809406,,,,,,1.69
"Middle East, North Africa, Afghanistan & Pakistan (IDA & IBRD)",TMN,2023,2.92442456913298,7.70665764216232,8.59209919735259,,,,,,5.03
"Middle East, North Africa, Afghanistan & Pakistan (IDA & IBRD)",TMN,2024,2.43947657943453,3.32890533415537,8.70657329890235,,,,,,5.14
"Middle East, North Africa, Afghanistan & Pakistan (IDA & IBRD)",TMN,2025,1.9829526200861,1.84166666666702,8.69378066221379,,,,,,4.21
"Middle East, North Africa, Afghanistan & Pakistan (excluding high income)",MNA,2000,5.74679689709521,2.74100213892152,8.71870374230222,,,,,,6.24
"Middle East, North Africa, Afghanistan & Pakistan (excluding high income)",MNA,2001,2.89300839480538,2.26975720475956,8.72286096614539,,,,,,3.88
"Middle East, North Africa, Afghanistan & Pakistan (excluding high income)",MNA,2002,3.27148145193934,2.73723855000334,8.74924905373015,,,,,,1.67
"Middle East, North Africa, Afghanistan & Pakistan (excluding high income)",MNA,2003,2.67464239432699,4.268953958395,8.52231485976772,,,,,,1.13
"Middle East, North Africa, Afghanistan & Pakistan (excluding high income)",MNA,2004,7.70253248516993,3.96180030257187,7.69407412818457,,,,,,1.35
"Middle East, North Africa, Afghanistan & Pakistan (excluding high income)",MNA,2005,4.95621150077687,4.4883238379396,7.84838151626538,,,,,,3.22
"Middle East, North Africa, Afghanistan & Pakistan (excluding high income)",MNA,2006,5.40507334733429,6.51816060829049,7.39019405991603,,,,,,4.97
"Middle East, North Africa, Afghanistan & Pakistan (excluding high income)",MNA,2007,5.8216939563203,4.85494146787474,7.01816989858009,,,,,,5.02
"Middle East, North Africa, Afghanistan & Pakistan (excluding high income)",MNA,2008,3.4701124152876,13.3170419140979,6.84334845869645,,,,,,1.92
"Middle East, North Africa, Afghanistan & Pakistan (excluding high income)",MNA,2009,2.83699736814459,2.92089711805367,6.94800177686091,,,,,,0.16
"Middle East, North Africa, Afghanistan & Pakistan (excluding high income)",MNA,2010,4.8328610609576,3.95007875923886,7.123332390198,,,,,,0.18
"Middle East, North Africa, Afghanistan & Pakistan (excluding high income)",MNA,2011,-0.365571966010563,5.0687139477798,7.58032093040946,,,,,,0.1
"Middle East, North Africa, Afghanistan & Pakistan (excluding high income)",MNA,2012,3.55312613106749,6.44121280934117,8.88951819638217,,,,,,0.14
"Middle East, North Africa, Afghanistan & Pakistan (excluding high income)",MNA,2013,1.12317022582226,4.82462314269537,8.46109583177143,,,,,,0.11
"Middle East, North Africa, Afghanistan & Pakistan (excluding high income)",MNA,2014,2.39697080828884,2.91692692067458,8.14794947550081,,,,,,0.09
"Middle East, North Africa, Afghanistan & Pakistan (excluding high income)",MNA,2015,1.11561157880718,2.04361764300244,9.05052035727651,,,,,,0.13
"Middle East, North Africa, Afghanistan & Pakistan (excluding high income)",MNA,2016,5.56210361617076,3.69725926870481,8.75542082657381,,,,,,0.39
"Middle East, North Africa, Afghanistan & Pakistan (excluding high income)",MNA,2017,3.40247234432427,4.64865184428512,9.25338345180518,,,,,,1.0
"Middle East, North Africa, Afghanistan & Pakistan (excluding high income)",MNA,2018,2.09831066371866,4.36615064471282,9.28194998275843,,,,,,1.83
"Middle East, North Africa, Afghanistan & Pakistan (excluding high income)",MNA,2019,1.39546116127963,2.65388100453608,9.06488013658605,,,,,,2.16
"Middle East, North Africa, Afghanistan & Pakistan (excluding high income)",MNA,2020,-2.61983985761596,2.41513094083414,9.77596723068346,,,,,,0.37
"Middle East, North Africa, Afghanistan & Pakistan (excluding high income)",MNA,2021,4.33211957315503,5.21404940513043,9.6948074926195,,,,,,0.08
"Middle East, North Africa, Afghanistan & Pakistan (excluding high income)",MNA,2022,4.3206385298363,8.30646124447623,8.9382675467404,,,,,,1.69
"Middle East, North Africa, Afghanistan & Pakistan (excluding high income)",MNA,2023,2.89591827095839,6.09114152504141,8.59209919735259,,,,,,5.03
"Middle East, North Africa, Afghanistan & Pakistan (excluding high income)",MNA,2024,2.26137020265979,4.04611455313434,8.70657329890235,,,,,,5.14
"Middle East, North Africa, Afghanistan & Pakistan (excluding high income)",MNA,2025,1.99549507789871,2.69360940778798,8.69378066221379,,,,,,4.21
Middle income,MIC,2000,5.6013730873745,4.16540442290283,5.90554769116785,,,,,,6.24
Middle income,MIC,2001,3.65002366574814,5.17317662983333,6.06529717812631,,,,,,3.88
Middle income,MIC,2002,4.67059403378289,4.20946950296717,6.2794627269579,,,,,,1.67
Middle income,MIC,2003,5.83502698059388,4.54690012118718,6.34937695144509,,,,,,1.13
Middle income,MIC,2004,7.79367527312635,4.53421374129692,6.21906740046783,,,,,,1.35
Middle income,MIC,2005,7.40936933241174,5.04279485978429,6.18100517194098,,,,,,3.22
Middle income,MIC,2006,8.2867008636882,5.51867769956796,5.97972371507844,,,,,,4.97
Middle income,MIC,2007,8.89653898503143,6.14356655248047,5.88198217147033,,,,,,5.02
Middle income,MIC,2008,5.95397977775897,10.0662418245849,5.87208459437414,,,,,,1.92
Middle income,MIC,2009,3.97719888013457,3.71360592035809,6.07794731544178,,,,,,0.16
Middle income,MIC,2010,8.12298995765126,4.11211139315219,5.85407842097449,,,,,,0.18
Middle income,MIC,2011,6.45994281689148,5.95209761898392,5.78106658586154,,,,,,0.1
Middle income,MIC,2012,5.6609285494514,4.54633427355302,5.80334478008198,,,,,,0.14
Middle income,MIC,2013,5.64337115018114,4.34337131279521,5.77644112078398,,,,,,0.11
Middle income,MIC,2014,5.16076456655694,3.53436856147324,5.75311900107613,,,,,,0.09
Middle income,MIC,2015,4.73712887124695,3.12900274473925,5.93705456165038,,,,,,0.13
Middle income,MIC,2016,4.69349170335944,2.66824816969082,6.01421235038408,,,,,,0.39
Middle income,MIC,2017,5.29620389044459,3.32817337461305,6.05518297615024,,,,,,1.0
Middle income,MIC,2018,4.94307020212865,3.24056932930569,6.00981501156322,,,,,,1.83
Middle income,MIC,2019,4.09328498445664,2.72643037388832,5.86054208956752,,,,,,2.16
Middle income,MIC,2020,-1.17178883495949,2.65664643301128,6.69849633442843,,,,,,0.37
Middle income,MIC,2021,7.4508617815507,4.14298201176246,6.19670261206739,,,,,,0.08
Middle income,MIC,2022,4.01198144032888,8.32008377271927,5.42949094564465,,,,,,1.69
Middle income,MIC,2023,4.70121337251241,6.083192685419,4.96756774789441,,,,,,5.03
Middle income,MIC,2024,4.43845841319835,3.6045220384796,4.91644475196582,,,,,,5.14
Middle income,MIC,2025,4.52178755917781,3.45723998944321,4.88480834136692,,,,,,4.21
Moldova,MDA,2000,2.10771608200733,31.2993015817784,8.539,33.7766666666667,12.4342166666667,222490325.115233,73.0188685605433,-7.62090655684757,6.24
Moldova,MDA,2001,6.10000039929173,9.76466285757623,7.366,28.6941666666667,12.8651416666667,228532262.248502,60.7746432557048,-1.80863629279978,3.88
Moldova,MDA,2002,7.79999965773833,5.30124390261601,6.845,23.5216666666667,13.5704975,268855942.32755,59.5592506390136,-1.19146609275515,1.67
Moldova,MDA,2003,6.59999995777716,11.7460792058232,6.378,19.2891666666667,13.9448833333333,302270799.145864,52.5337629892465,-6.56921155001991,1.13
Moldova,MDA,2004,7.39999973358189,12.5242768428228,6.374,20.9383333333333,12.3297166666667,470258874.786485,51.9542957042957,-1.7754260708042,1.35
Moldova,MDA,2005,7.5000001493726,11.9591837222127,5.633,19.2608333333333,12.599625,597448067.48296,32.4251035801551,-7.55636173709232,3.22
Moldova,MDA,2006,4.79999983670831,12.777755783035,4.26,18.1283333333333,13.1310583333333,775478571.97928,29.1792912365375,-11.3377651882737,4.97
Moldova,MDA,2007,3.00000022585525,12.3671668414302,2.749,18.825,12.1399449731183,1333684646.72926,23.239565787011,-15.2482071673217,5.02
Moldova,MDA,2008,7.80000014541523,12.7830472618821,2.097,21.0641666666667,10.3920436827957,1672406461.42833,18.4425161310829,-16.1122760959283,1.92
Moldova,MDA,2009,-6.00000026352828,-0.0627185967109007,3.024,20.5441666666667,11.1095754339478,1480265227.43451,27.6322264363496,-8.91986143699657,0.16
Moldova,MDA,2010,7.10000010705836,7.48385086350853,2.972,16.36,12.3692609613415,1717685352.56472,21.9325612593611,-6.90279523078091,0.18
Moldova,MDA,2011,5.81816614684824,7.68725103356181,2.677,14.4380437873132,11.7386124865591,1965325534.73495,19.7666739342535,-10.1250094571942,0.1
Moldova,MDA,2012,-0.589733954762579,4.54633427355302,2.189,13.4181543444526,12.1114368159066,2515016645.01264,20.3471393454785,-7.39016827021289,0.14
Moldova,MDA,2013,9.0438656074181,4.59787897363136,1.894,12.2941666666667,12.5867562314388,2820638985.97329,19.9179521587446,-5.16294162285186,0.11
Moldova,MDA,2014,4.99962585407656,5.08878554625869,1.45,11.0125,14.0356300499232,2156677861.04442,21.0660070666528,-6.04440067766107,0.09
Moldova,MDA,2015,-0.338235622387202,9.67624033101859,1.781,14.1492441706685,18.8184751452893,1756772270.0972,23.3135833177914,-5.93562136370789,0.13
Moldova,MDA,2016,4.64601436259409,6.35930898037931,1.591,14.2760252993571,19.923827563342,2205927462.61469,32.2474466077299,-3.61387040187984,0.39
Moldova,MDA,2017,4.17561205106279,6.57022997455604,1.622,10.3627060330686,18.4990348873528,2803268841.80309,29.6674963417643,-5.8373598499054,1.0
Moldova,MDA,2018,4.07559546585034,3.04505397337058,1.239,8.8475,16.8020517223502,2995238116.31008,27.5107781705941,-10.7699247852566,1.83
Moldova,MDA,2019,3.5523140853476,4.83778351428729,1.502,8.25,17.5734688664875,3059660617.37019,25.4510119081043,-9.42148010949479,2.16
Moldova,MDA,2020,-8.27597831976949,3.76597122245358,1.206,8.18,17.3218352091831,3783579237.84116,33.9555752157792,-7.6900486921726,0.37
Moldova,MDA,2021,13.9299997889786,5.10641129002836,0.794,7.39666666666666,17.6804661418331,3901933744.98529,32.1187790600053,-12.4095546577967,0.08
Moldova,MDA,2022,-4.64785101037361,28.7372976766236,0.909,11.7966666666667,18.8971896198157,4474190590.35256,34.4860324000827,-17.0894479797469,1.69
Moldova,MDA,2023,1.18802067937429,13.41701043813,1.57,12.3323346360739,18.1639377592166,5453111013.53607,34.261803411132,-11.0612264538806,5.03
Moldova,MDA,2024,0.270670455512573,4.67773516007048,1.427,8.90641056126628,17.791907688172,5483515866.86942,,-16.5470767102724,5.14
Moldova,MDA,2025,2.41649734575068,7.75904124001159,1.505,8.9852652157229,17.3778474404762,6006124070.06262,,-19.6440561573093,4.21
Monaco,MCO,2000,3.91022992758094,,,,1.08270508132602,,,,6.24
Monaco,MCO,2001,2.18773369040099,,,,1.11653308564462,,,,3.88
Monaco,MCO,2002,1.02649757327522,,,,1.05755899623965,,,,1.67
Monaco,MCO,2003,1.08753654746801,,,,0.88404792718493,,,,1.13
Monaco,MCO,2004,2.47048260499609,,,,0.803921647747618,,,,1.35
Monaco,MCO,2005,1.89541410859198,,,,0.803800192161442,,,,3.22
Monaco,MCO,2006,5.81764849670007,,,,0.796432730949102,,,,4.97
Monaco,MCO,2007,14.4375144375144,,,,0.729672399984083,,,,5.02
Monaco,MCO,2008,0.746871215179652,,,,0.679922680042729,,,,1.92
Monaco,MCO,2009,-11.3369865758365,,,,0.716957702016136,,,,0.16
Monaco,MCO,2010,2.06521962654098,,,,0.754308990105961,,,,0.18
Monaco,MCO,2011,7.02235694617619,,,,0.718413898653317,,,,0.1
Monaco,MCO,2012,1.01221841230461,,,,0.778338120416812,,,,0.14
Monaco,MCO,2013,9.57709832354816,,,,0.752945122701996,,,,0.11
Monaco,MCO,2014,7.18702777537968,,,,0.752728196932603,,,,0.09
Monaco,MCO,2015,4.91037176536236,,,,0.901296423367096,,,,0.13
Monaco,MCO,2016,3.00844358752744,,,,0.903421436257263,,,,0.39
Monaco,MCO,2017,-3.20618323813213,,,,0.885205508269372,,,,1.0
Monaco,MCO,2018,5.69790121192926,,,,0.846772667108111,,,,1.83
Monaco,MCO,2019,7.12088951975396,,,,0.893276257067409,,,,2.16
Monaco,MCO,2020,-13.2391048292108,,,,0.875506396987998,,,,0.37
Monaco,MCO,2021,22.2322155851208,,,,0.84549413889045,,,,0.08
Monaco,MCO,2022,11.2662955198601,,,,0.949623753156941,,,,1.69
Monaco,MCO,2023,5.44395088840088,,,,0.924839558470698,,,,5.03
Monaco,MCO,2024,8.51053758860212,,,,0.923889546117607,,,,5.14
Monaco,MCO,2025,,,,,0.88496895841236,,,,4.21
Mongolia,MNG,2000,1.14606213709108,11.5955387593327,5.992,36.9526929489206,1076.66666666667,202077115.561911,78.41832770873,-6.14547875845517,6.24
Mongolia,MNG,2001,2.95271054338117,6.27736020484006,6.111,37.35,1097.6975,206545596.96037,69.0997980938579,-4.86593852642615,3.88
Mongolia,MNG,2002,4.73297846590111,0.91707468718427,6.2,35.5166666666667,1110.31,267337072.582122,,-7.52987540545578,1.67
Mongolia,MNG,2003,7.00463457384886,5.12899499422419,6.768,31.9066666666667,1146.5425,203558127.168395,,-6.1849966690847,1.13
Mongolia,MNG,2004,10.6254059599309,8.24115449417619,6.851,31.4733333333333,1185.2975,207833968.241407,,3.16276343681136,1.35
Mongolia,MNG,2005,7.25366543796015,12.7165674066053,7.015,30.5708333333333,1205.24666666667,333150649.734728,,3.46785355038079,3.22
Mongolia,MNG,2006,8.55623481664365,5.09516661663157,7.193,26.9345496107012,1179.69916666667,719617928.6269,,10.900689191107,4.97
Mongolia,MNG,2007,10.2480163590057,9.63096309630964,7.2,21.8283333333333,1170.40083333333,1001846766.06474,,4.05637184446514,5.02
Mongolia,MNG,2008,8.90036794067551,27.9556650246306,5.565,20.5833333333333,1165.80416666667,656677378.546504,,-12.2837567825614,1.92
Mongolia,MNG,2009,-1.26859893608282,7.6195059351941,5.86,21.6669633454756,1437.795,1327038037.27796,,-7.45624740801023,0.16
Mongolia,MNG,2010,6.3651616786311,10.0462065881651,6.549,20.0687801614724,1357.06416666667,2287769451.70851,,-12.3162160595433,0.18
Mongolia,MNG,2011,17.2907775869555,8.41121495327101,4.769,16.6094364473738,1265.51583333333,2447811909.14304,,-43.3455193285101,0.1
Mongolia,MNG,2012,12.3198198494032,14.3303348325838,3.905,18.1138144349254,1357.58,4125992250.74685,,-43.7712346792978,0.14
Mongolia,MNG,2013,11.6489161878925,10.4906567588241,4.231,18.4820227869524,1523.9275,2247857983.84785,,-37.6076656283991,0.11
Mongolia,MNG,2014,7.88522548204762,12.2539808129759,4.798,19.0254306203402,1817.93870833333,1651791011.42218,,-15.8208781709903,0.09
Mongolia,MNG,2015,2.37983580731722,5.73568281938327,4.861,19.5627170198657,1970.30916666667,1322495172.72512,,-8.16234225533353,0.13
Mongolia,MNG,2016,1.48978448679577,0.733272227314397,7.235,19.7415351110051,2140.29086406116,1304052963.0909,,-6.25748206242188,0.39
Mongolia,MNG,2017,5.63687638694772,4.30143105302342,6.359,20.0069222277202,2439.77720111244,3016698322.0815,,-10.0640976839598,1.0
Mongolia,MNG,2018,7.74488062024881,6.82424790145522,5.377,17.7142698930509,2472.48405114235,3549666961.87949,65.9653147370968,-14.4368935873351,1.83
Mongolia,MNG,2019,5.60224422064255,7.30106953550729,9.024,16.996623348027,2663.54139820163,4363699115.81581,60.8440397174621,-15.2163324376399,2.16
Mongolia,MNG,2020,-4.55775197583431,3.7237230614026,6.413,16.9306267030976,2813.28983532639,4545276809.36506,73.9367835152858,-5.06732429872457,0.37
Mongolia,MNG,2021,1.63676957736662,7.35894657888155,7.871,16.0067624800933,2849.2886145414,4380126028.64883,67.5710143237735,-13.7928750935516,0.08
Mongolia,MNG,2022,5.0327096366527,15.1509728200805,5.954,,3140.67788364809,3398458522.32196,,-13.4342448059604,1.69
Mongolia,MNG,2023,7.4221127615025,10.347583131434,5.178,,3465.73653626198,4915514836.40429,,0.596631968292986,5.03
Mongolia,MNG,2024,5.12204539122661,6.1977990165842,5.158,,3389.98152022101,5507944030.50837,43.3447191804482,-10.4453984769033,5.14
Mongolia,MNG,2025,6.84391415938607,8.60536487369695,5.233,,3545.14356555046,7004095384.43435,,,4.21
Montenegro,MNE,2000,3.09999666280245,,30.447,,1.08270508132601,,,,6.24
Montenegro,MNE,2001,1.09984092979461,,30.542,,1.11653308564468,,,,3.88
Montenegro,MNE,2002,1.90393612601383,,30.356,,1.05755899623965,,,,1.67
Montenegro,MNE,2003,2.48265891351525,,30.39,,0.884047927184961,,,,1.13
Montenegro,MNE,2004,4.42605147138921,,30.342,,0.803921647747605,,,,1.35
Montenegro,MNE,2005,4.18060206704946,,30.31,12.4133333333333,0.803800192161416,,,,3.22
Montenegro,MNE,2006,8.56641991756757,2.92451258123648,24.815,11.1541666666667,0.796432730949096,,,,4.97
Montenegro,MNE,2007,7.13755016459636,4.34712215656112,19.4,9.2025,0.729672399984088,688838319.209949,,-39.7565529363549,5.02
Montenegro,MNE,2008,6.89860030860218,8.75872769588798,17.15,9.23833333333333,0.679922680042729,435670237.195004,,-49.4976695605518,1.92
Montenegro,MNE,2009,-5.99444862538753,3.46672373207793,19.09,9.35916666666667,0.716957702016136,572613016.575366,,-27.6875272535037,0.16
Montenegro,MNE,2010,2.77559782547836,0.654946570148479,19.649,9.53,0.754308990105979,556155216.851417,,-20.5963494574834,0.18
Montenegro,MNE,2011,3.40978812497193,3.4501431124869,19.759,9.68666666666667,0.718413898653322,392694640.346939,,-14.748468785564,0.1
Montenegro,MNE,2012,-2.48732882965353,4.14524724981119,19.808,9.5625,0.778338120416812,458665566.358864,,-15.6849024198978,0.14
Montenegro,MNE,2013,3.38612548540247,2.20589268141178,19.585,9.39,0.752945122702002,584205748.261537,,-11.5654026198314,0.11
Montenegro,MNE,2014,2.37030892464516,-0.710514051710227,18.054,9.4125,0.752728196932591,662568377.651563,,-12.4559812512268,0.09
Montenegro,MNE,2015,2.52306333975571,1.54869158222486,17.555,8.93333333333333,0.901296423367096,681847411.617033,,-11.0483965092377,0.13
Montenegro,MNE,2016,3.4393056210999,-0.271385023385176,17.732,7.97166666666667,0.903421436257288,793654021.992476,,-16.2362049565083,0.39
Montenegro,MNE,2017,3.21668504736274,2.3802359905313,16.082,7.19666666666667,0.88520550826938,1015962460.25023,,-15.8496306072047,1.0
Montenegro,MNE,2018,4.73292113433965,2.611223782638,15.19,6.52916666666667,0.846772667108096,1202486372.13988,,-17.3559761576547,1.83
Montenegro,MNE,2019,4.39391565821528,0.361563704540767,15.128,6.175,0.893215581479226,1529177036.35033,,-14.5096489634129,2.16
Montenegro,MNE,2020,-14.9926187023533,-0.255655699848551,17.878,5.90666666666667,0.877475207233012,2134820419.92713,,-26.129635457885,0.37
Montenegro,MNE,2021,13.0462607426359,2.41080198403165,16.543,5.76083333333334,0.845376564367945,1981678244.50269,,-9.29434721682597,0.08
Montenegro,MNE,2022,7.73954689516201,13.0403036347004,14.851,5.63833333333333,0.950915533962108,2040827973.50695,,-13.065408249364,1.69
Montenegro,MNE,2023,6.47836283518564,8.58476910455403,13.146,6.345,0.924709622987356,1573580964.08645,,-11.1407770047138,5.03
Montenegro,MNE,2024,3.16409886329913,3.33675009282281,13.206,6.59666666666667,0.924367447270267,1741494536.63686,,-16.9729571014369,5.14
Montenegro,MNE,2025,2.74455354258522,3.89960910704956,13.572,6.31833333333333,0.887144250370588,2196370744.61095,,-20.3820306499405,4.21
Morocco,MAR,2000,2.58218091499747,1.89463456763464,13.58,,10.6256361666667,5016934754.82376,,-1.10387975127873,6.24
Morocco,MAR,2001,7.72182519577728,0.619801875297975,12.46,,11.302975,8669348376.9561,,3.67558331729075,3.88
Morocco,MAR,2002,3.73019737485745,2.79561966936936,11.59,,11.0205833333333,10375315951.7256,48.4750786200092,3.13718804047296,1.67
Morocco,MAR,2003,6.17110214953244,1.16773367477592,11.92,,9.57438333333333,14146568780.7636,,2.72583245907781,1.13
Morocco,MAR,2004,4.57138016516208,1.49344403381774,10.83,,8.86801666666667,16646737348.8154,,1.46649924876604,1.35
Morocco,MAR,2005,3.19224973015831,0.982641660015951,11.01,,8.86500833333334,16550639873.5961,53.6662965686373,1.51129572542934,3.22
Morocco,MAR,2006,7.7908200104027,3.28476166954811,9.67,,8.79558333333333,20790794061.3579,49.5746100609743,1.85973036169923,4.97
Morocco,MAR,2007,3.44106776690418,2.04208512673344,9.56,,8.19233333333333,24713570214.4397,46.3035380770239,-0.140355839695735,5.02
Morocco,MAR,2008,5.68453936284732,3.71484311494064,9.57,,7.750325,22719558203.8162,41.2851314683307,-4.4474051229375,1.92
Morocco,MAR,2009,3.74576940136258,0.971862998667636,8.96,,8.0571,23568387092.7924,43.6257434782389,-4.91456971921294,0.16
Morocco,MAR,2010,3.49955709403216,0.993557401226392,9.09,,8.41715833333333,23709466593.9932,47.0982656739638,-3.89149487244856,0.18
Morocco,MAR,2011,5.52464523319847,0.9069249096918,8.91,,8.089875,20167412691.7066,51.2263215704569,-7.26703537698178,0.1
Morocco,MAR,2012,3.06234368502997,1.28712240079219,8.99,,8.62844458333333,17138210439.2506,,-8.95034696939187,0.14
Morocco,MAR,2013,4.12221286860944,1.88065466724086,9.23,,8.4055039167443,18797794939.8508,,-6.77731894447504,0.11
Morocco,MAR,2014,2.7192440802029,0.442310053557048,9.7,,8.40633668826152,20272045638.8487,,-5.53783287947428,0.09
Morocco,MAR,2015,4.34458297635238,1.5579071134626,9.46,,9.76434827950111,22749566243.6606,,-1.95690775142638,0.13
Morocco,MAR,2016,0.52118550608968,1.63531114327064,9.3,,9.8074760315025,25096263443.799,,-3.74613174513,0.39
Morocco,MAR,2017,5.05789816173446,0.754663249323619,9.22,,9.6919978888289,26189585939.2967,,-3.10210665362039,1.0
Morocco,MAR,2018,3.06564133025955,1.80391671141896,9.272,,9.38610242091972,24461023093.2087,,-4.87290163435469,1.83
Morocco,MAR,2019,2.89097476137077,0.303386036590383,9.191,,9.61707609950743,26412762236.8499,,-3.4182057355437,2.16
Morocco,MAR,2020,-7.17820744246774,0.705968661338261,11.189,,9.49684732221969,35997639773.4544,,-1.1275993199651,0.37
Morocco,MAR,2021,8.15473889823681,1.40195883962006,10.551,,8.98848402414138,35648269520.1527,,-2.35786783699057,0.08
Morocco,MAR,2022,1.81269242194809,6.65704202759067,9.413,,10.1606602430359,32314245660.4383,,-3.6574911910038,1.69
Morocco,MAR,2023,3.65564411017931,6.09114152504141,8.896,,10.1314260970897,36327701787.7523,,-1.04767760599469,5.03
Morocco,MAR,2024,3.79336515978963,0.985256592004507,9.103,,9.94235921679198,37133907722.7893,,-1.23072108998601,5.14
Morocco,MAR,2025,4.59524349182247,0.701902154839545,9.0,,9.35027697089947,48453629604.878,,-2.49808221535456,4.21
Mozambique,MOZ,2000,0.766234955773442,,2.832,19.0391666666667,15.22725,742321151.033547,,,6.24
Mozambique,MOZ,2001,12.8516820207736,,2.838,22.7291666666667,20.7036408333333,726979118.825017,,,3.88
Mozambique,MOZ,2002,9.66850534669427,,2.902,26.7083333333333,23.6779566666667,824689975.178826,,,1.67
Mozambique,MOZ,2003,7.21770086569656,,2.857,24.69,23.7822675,947825068.839433,,,1.13
Mozambique,MOZ,2004,8.20470494788577,,2.953,22.075,22.5813425,1159312550.08723,,,1.35
Mozambique,MOZ,2005,6.31202378023193,6.42755278070087,3.035,19.4671666666667,23.060965,1102663442.62952,,-8.57633327947647,3.22
Mozambique,MOZ,2006,9.91067756782915,13.2450879070999,3.037,18.5613333333333,25.4007791666667,1216256985.54241,,-7.94365295252279,4.97
Mozambique,MOZ,2007,7.64935393795867,8.48948675497455,3.082,19.5173333333333,25.8403414502164,1524073650.14614,,-7.27188482122912,5.02
Mozambique,MOZ,2008,6.87802942560995,14.5028053002268,3.112,18.31,24.3006424728653,1660542080.42931,,-8.87904477952139,1.92
Mozambique,MOZ,2009,5.92897187460815,3.78861330914625,3.207,15.6756666666667,27.518299963925,2181058182.59662,,-9.99835364421764,0.16
Mozambique,MOZ,2010,6.67972935662864,12.4255421735156,3.259,16.2626666666667,33.9600988006908,2265088387.79537,,-14.7165826342636,0.18
Mozambique,MOZ,2011,7.13405842300445,11.1666056127874,3.295,19.099605952381,29.0675999319775,2591541583.2071,,-22.7703546509241,0.1
Mozambique,MOZ,2012,7.9945031610722,2.60245456956618,3.304,16.8135416666667,28.3729844798921,2961916696.09886,,-40.6875061700663,0.14
Mozambique,MOZ,2013,6.57141389665537,4.26135250941963,3.345,15.3206018518518,30.1041110929498,3353349471.52203,,-36.3613191591472,0.11
Mozambique,MOZ,2014,7.70256844839309,2.55974875844295,3.377,14.7979166666667,31.3526877009443,3221260726.78887,,-32.2453333565598,0.09
Mozambique,MOZ,2015,7.3930936986377,3.55075967356746,3.426,14.8665,39.9824741465406,2581229792.39729,,-36.6947715334654,0.13
Mozambique,MOZ,2016,4.69699024225795,17.4180418197597,3.65,21.1760032765458,63.0562327310371,2046671563.87338,92.242445572337,-33.6916062672095,0.39
Mozambique,MOZ,2017,2.63820737310658,15.1132073899384,3.935,27.8561208892752,63.584322913399,3361224769.14469,78.5046092527536,-17.9387522356553,1.0
Mozambique,MOZ,2018,3.48493202422782,3.91133439990729,4.21,22.9833333333333,60.3262076432022,3105757331.8387,81.3537163156048,-29.4674796418233,1.83
Mozambique,MOZ,2019,2.31781394821475,2.80270307928111,4.462,18.9583333333333,62.5483333333333,3889883054.9102,78.8783415047574,-16.0764477598265,2.16
Mozambique,MOZ,2020,-1.21952250011192,3.48393567493204,5.019,17.075,69.465,4075392951.36618,101.390931763888,-24.9913481328696,0.37
Mozambique,MOZ,2021,2.37743572761507,6.40847652975692,5.413,18.1666666666667,65.465,3780829521.5612,84.1569664621914,-21.1927915856731,0.08
Mozambique,MOZ,2022,4.3693080193804,10.2794018093421,6.789,20.1333333333333,63.8508333333333,2938739967.66209,76.632203944607,-33.7147522217691,1.69
Mozambique,MOZ,2023,5.50384456650241,7.12697482131851,6.661,23.7,63.8858333333333,3637000551.83482,72.6387167019814,-10.5470064944259,5.03
Mozambique,MOZ,2024,2.14892499135355,4.07856834812022,6.668,21.725,63.905,3842807100.82527,71.7714670511801,-10.9577328385216,5.14
Mozambique,MOZ,2025,-0.523485382072337,4.3684695014615,6.628,17.5333333333333,,,,,4.21
Myanmar,MMR,2000,13.7459305561226,-0.109165514668565,0.712,18.7692307692308,6.516725,286495285.090852,,-2.35956987604124,6.24
Myanmar,MMR,2001,11.3439970699605,21.101305376923,0.689,18.4615384615385,6.74890833333333,464440901.130051,,-2.34635994742259,3.88
Myanmar,MMR,2002,12.0255134340315,57.0745112621703,0.685,18.4615384615385,6.64208333333333,549300678.504307,,1.41024552018482,1.67
Myanmar,MMR,2003,13.8439968903798,36.5897175323924,0.686,18.4615384615385,6.138925,646775820.680025,,-0.182395916009129,1.13
Myanmar,MMR,2004,13.5646616163416,4.53421374129692,0.677,18.4615384615385,5.80583333333333,773487465.912112,,1.04340168282983,1.35
Myanmar,MMR,2005,13.5689500216456,9.36861814196704,0.672,18.4615384615385,5.81816666666667,889437362.736186,,4.85379033880321,3.22
Myanmar,MMR,2006,13.0761013792372,19.9964873359214,0.676,19.7948717948718,5.84294166666666,1382707355.35429,,5.47410687810815,4.97
Myanmar,MMR,2007,11.9914352402146,35.0245970717698,0.684,20.9230769230769,5.61688333333333,3283726256.68998,,6.84128559608505,5.02
Myanmar,MMR,2008,10.2553053929808,26.7995371934022,0.7,20.9230769230769,5.44145,3920716171.43089,,3.91377460527001,1.92
Myanmar,MMR,2009,10.5500090961932,1.47234311385647,0.712,20.9230769230769,5.57636666666667,5505842339.24314,,2.67166530648619,0.16
Myanmar,MMR,2010,9.6344394520444,7.71838195873614,0.725,20.9230769230769,5.63488333333333,6045321166.89603,,3.17749475847855,0.18
Myanmar,MMR,2011,5.59148237823661,5.0214601462073,0.749,20.1025641025641,5.44410833333334,7361702603.01112,,-2.60285417206877,0.1
Myanmar,MMR,2012,7.33267044704149,1.46758322674679,0.768,16.0,640.653416666667,7352900705.37492,,-2.1015900196755,0.14
Myanmar,MMR,2013,8.42600102501767,5.64303883425501,0.775,16.0,933.570456356879,8835555373.11893,,-0.644739708349136,0.11
Myanmar,MMR,2014,8.16990745558277,4.953299184844,0.763,16.0,984.345747560046,4509489138.8808,,-3.78673335196201,0.09
Myanmar,MMR,2015,6.99284029026121,9.45417189526018,0.766,16.0,1162.61532862554,4598610942.14029,,-5.21601722230747,0.13
Myanmar,MMR,2016,5.86247291518572,6.92882525816076,1.058,16.0,1234.86951666667,4886384703.75254,,-3.03174958632843,0.39
Myanmar,MMR,2017,6.13610824360305,4.5725365531752,1.356,16.0,1360.35870704085,5213962530.80223,,-7.44369978642156,1.0
Myanmar,MMR,2018,6.26886221471075,6.87232865662935,0.767,16.0,1429.80797520107,5646407387.45813,,-3.77415133315681,1.83
Myanmar,MMR,2019,6.57911006765414,8.82506696804558,0.407,16.0,1518.25511666667,5824261144.05248,,0.0902156578672671,2.16
Myanmar,MMR,2020,-9.04834717984643,,1.476,14.8333333333333,1381.61916666667,7670070785.09329,,,0.37
Myanmar,MMR,2021,-12.0163724829177,,4.34,,,9103432838.71698,,,0.08
Myanmar,MMR,2022,4.0374934360085,,3.063,,,8181951380.6341,,,1.69
Myanmar,MMR,2023,0.958446625126115,,2.977,,,9337819633.15963,,,5.03
Myanmar,MMR,2024,-0.97204641363362,,2.887,,,,,,5.14
Myanmar,MMR,2025,-2.01184475795665,,3.047,,,,,,4.21
Namibia,NAM,2000,3.49218336365178,,20.3,15.2783333333333,6.93982833333333,259836317.576792,,4.88302195508905,6.24
Namibia,NAM,2001,1.17794869467917,,21.009,14.5316666666667,8.60918083333334,234251046.833656,,0.296284143221954,3.88
Namibia,NAM,2002,4.7886612188211,,21.538,13.8375,10.5407466666667,323133447.622758,,2.56344598181965,1.67
Namibia,NAM,2003,4.23979429582137,7.1361531145863,22.104,14.7008333333333,7.56474916666667,325217778.017771,,5.39320601443692,1.13
Namibia,NAM,2004,12.2695481036769,4.13663213144748,22.09,11.3891666666667,6.4596925,345060355.267101,,6.75263572812588,1.35
Namibia,NAM,2005,2.52926265819022,2.28194607024307,22.108,10.61,6.37711666666667,312104907.411467,,4.54506155040309,3.22
Namibia,NAM,2006,7.07317531845825,4.96116689298916,21.848,11.1808333333333,6.76715,449578847.200303,,13.5327560610168,4.97
Namibia,NAM,2007,5.37404415167634,6.54788141101717,22.12,12.8841666666667,7.05439166666666,896022010.407354,117.515261124236,8.45998885353951,5.02
Namibia,NAM,2008,2.64981203780268,9.0946430719281,22.005,13.7366666666667,8.25174166666667,1292948220.14149,1.10133141237365,-0.107055208867992,1.92
Namibia,NAM,2009,0.295970914001089,9.45172651521705,22.271,11.1183333333333,8.52281983333333,2050927526.8344,0.277603198530483,-3.54487581295613,0.16
Namibia,NAM,2010,6.03924947955858,4.8749198764395,22.12,9.72,7.33025,1695691125.42722,1.60694919254531,-3.92244710726353,0.18
Namibia,NAM,2011,5.09133813864338,5.005595180812,19.481,8.73,7.300025,1786689867.90836,7.45061506273455,-6.84779731737787,0.1
Namibia,NAM,2012,5.0616820696264,6.72199777334886,16.771,8.651875,8.19377083333334,1745866242.29235,-1.17072566818484,-8.58334513038746,0.14
Namibia,NAM,2013,5.61471962254485,5.60092502290401,19.028,8.28916666666667,9.750075,1511161812.62397,2.57186406129022,-8.23764757879193,0.11
Namibia,NAM,2014,6.09251915977956,5.35016966859602,18.521,8.69916666666667,10.8428875,1177201629.8477,,-9.42886877840743,0.09
Namibia,NAM,2015,4.26417453763675,3.39401538410559,20.791,9.32416666666667,12.8819208333333,1688180787.14781,4.6675823557404,-13.7578944670231,0.13
Namibia,NAM,2016,0.0337944502063294,6.72858234593338,23.352,9.84443259260222,14.7087666666667,1833673822.03675,,-16.4970881327639,0.39
Namibia,NAM,2017,-1.02724808856709,6.14579981111164,21.748,10.0267531057121,13.3129,2432221196.06343,,-4.42059051747783,1.0
Namibia,NAM,2018,1.05993949860752,4.29159105337875,19.877,10.1421759973261,13.2339416666667,2149813974.088,,-3.55152146428618,1.83
Namibia,NAM,2019,-0.839152163419357,3.72239414422695,19.929,9.87583333333333,14.4486904166667,2049134995.15919,,-1.76497330612085,2.16
Namibia,NAM,2020,-8.10140201443319,2.20938236933469,21.003,7.86862833803428,16.4632666666667,2171055563.07623,,3.97932903342158,0.37
Namibia,NAM,2021,3.60382919248703,3.61690530108814,20.931,6.86006032150676,14.778675,2763919782.17434,,-10.7496086508526,0.08
Namibia,NAM,2022,5.3987247803654,6.08128114112413,19.615,8.6125332139457,16.3558583333333,2803462864.6202,,-12.5650462510737,1.69
Namibia,NAM,2023,4.32498048866805,5.87993463284275,19.154,10.9267372727146,18.4463083333333,2956284637.81427,,-15.0289746105499,5.03
Namibia,NAM,2024,3.77851723267591,4.23903922877036,19.157,10.9566133964356,18.3286583333333,3355524014.61227,,-13.4129533004201,5.14
Namibia,NAM,2025,1.73018153842335,3.51074539609587,19.291,,17.8887333333333,3104525016.06736,,,4.21
Naoero,NRU,2000,-6.85616110197874,,,,1.72482666666667,,,,6.24
Naoero,NRU,2001,-6.76113945239328,,,,1.9334425,,,,3.88
Naoero,NRU,2002,-9.97133415083098,,,,1.8405625,,,,1.67
Naoero,NRU,2003,0.284579021867188,,,,1.54191416666667,,,,1.13
Naoero,NRU,2004,-4.31476539773472,,,,1.3597525,,,,1.35
Naoero,NRU,2005,0.0,,,,1.30947333333333,,,,3.22
Naoero,NRU,2006,8.45070422535204,,,,1.3279734405,,,,4.97
Naoero,NRU,2007,-22.077922077922,,,,1.1950725,,,,5.02
Naoero,NRU,2008,19.9999999999999,,,,1.19217833333333,,,49.541635351112,1.92
Naoero,NRU,2009,-5.55555555555564,,,,1.28218881008452,,,67.7850531942606,0.16
Naoero,NRU,2010,0.0,,,,1.09015948638677,,,49.7848772152702,0.18
Naoero,NRU,2011,14.7058823529412,0.3003003003003,,,0.969463201496735,,,30.3666523480055,0.1
Naoero,NRU,2012,24.3589743589745,-0.124750499001971,,,0.965801030658708,,,34.4977104292651,0.14
Naoero,NRU,2013,4.12371134020613,,,,1.03584309652054,,,48.5829941527655,0.11
Naoero,NRU,2014,15.8415841584163,,,,1.10936329281692,,,26.2528412118549,0.09
Naoero,NRU,2015,3.41880341880281,,,,1.33109026245502,,,-19.6806864872647,0.13
Naoero,NRU,2016,4.13223140495909,,,,1.34521397601947,,,2.13176978498194,0.39
Naoero,NRU,2017,-6.34920634920609,,,,1.30475807671592,,,12.9027882964666,1.0
Naoero,NRU,2018,-0.847457627118729,,,,1.33841214646451,,,7.32618163474933,1.83
Naoero,NRU,2019,8.5470085470084,,,,1.43850654421382,,,4.46641317401241,2.16
Naoero,NRU,2020,1.57480314960559,,,,1.45308511847016,,,2.59265187144067,0.37
Naoero,NRU,2021,7.75193798449692,,,,1.33122425957081,,,4.4192969761878,0.08
Naoero,NRU,2022,0.0,,,,1.44166445896522,,,1.64140234629394,1.69
Naoero,NRU,2023,-0.719424460431725,,,,1.50519106560508,,,1.19020279327914,5.03
Naoero,NRU,2024,1.44927536231899,,,,1.51535803855596,,,5.79750700742541,5.14
Naoero,NRU,2025,2.14285714285656,,,,1.5519978866485,,,,4.21
Nepal,NPL,2000,6.19999998192236,2.47882020709136,10.531,,71.0937958333333,987342047.009884,64.5733198414706,-2.37793695824869,6.24
Nepal,NPL,2001,4.79989214255407,2.6883037354563,10.502,,74.94925,1079959913.87279,58.9891415877141,-2.74157105052744,3.88
Nepal,NPL,2002,0.120143177369414,3.02939948714892,10.593,,77.8766191666667,1070003807.33951,63.9354609821022,3.55629677532074,1.67
Nepal,NPL,2003,3.94503776051116,5.70700931874738,10.644,,76.1414475,1286240899.83774,62.5881953798115,2.84759408801276,1.13
Nepal,NPL,2004,4.68260325152944,2.8418113124898,10.652,,73.6735966666667,1529099985.77965,59.4156672858263,1.37422203617593,1.35
Nepal,NPL,2005,3.47918104829496,6.83633265892877,10.59,,71.3675,1565203519.98396,51.7646230480547,1.88302388576205,3.22
Nepal,NPL,2006,3.36461478056277,6.92033580707589,10.609,,72.7556058333333,1935487672.74692,49.6869680346867,1.65950180353451,4.97
Nepal,NPL,2007,3.41156027980276,2.26921924439074,10.642,,66.4150275,2014032856.18907,42.9786611378803,0.0548101106677199,5.02
Nepal,NPL,2008,6.10463914373472,9.9078300530648,10.597,,69.761695,2457914115.29929,43.799987249558,5.84548564127575,1.92
Nepal,NPL,2009,4.5330787246486,11.0948237386987,10.582,,77.5734307390156,2819466153.51634,,0.166582495866466,0.16
Nepal,NPL,2010,4.81641464694573,9.32650410745395,10.563,,73.2623590158046,3002724838.43341,33.8625212320188,-0.79746599292911,0.18
Nepal,NPL,2011,3.42180870116162,9.2270754612596,10.627,,74.02,3702502162.26324,,1.33775079697372,0.1
Nepal,NPL,2012,4.67014192446953,9.45980980357125,10.632,,85.2257559923835,4417738496.0606,,2.66070688066427,0.14
Nepal,NPL,2013,3.52515317129149,9.04016311917645,10.666,,93.0843938075485,5434181403.11911,,5.23137372695534,0.11
Nepal,NPL,2014,6.01148284250441,8.36415469659563,10.62,,97.5548421567946,6216255070.07087,,2.18298241690426,0.09
Nepal,NPL,2015,3.97605327162971,7.86890895590891,10.643,,102.405134331356,8145463907.87798,,10.0433083922087,0.13
Nepal,NPL,2016,0.433113719381524,8.7903433200464,10.714,,107.383815174654,8734510298.83136,,-0.684346638551882,0.39
Nepal,NPL,2017,8.97727935643466,2.77703998300211,10.66,,104.511885242862,9435255966.98232,,-3.56432924017778,1.0
Nepal,NPL,2018,7.62237610397933,4.40659410175714,10.593,,108.930134109273,8335473017.41812,,-8.30080510271615,1.83
Nepal,NPL,2019,6.65705543110468,5.56616035243723,10.477,,112.609482758621,8713166195.10835,31.7771473472895,-5.12963069016168,2.16
Nepal,NPL,2020,-2.3696206292072,5.05635826238499,13.037,,118.345187275986,11467799301.6084,39.0485631284493,-0.251653542060189,0.37
Nepal,NPL,2021,4.838149614115,4.12676744440695,12.241,,118.134081604947,9638842483.90472,39.9222686422289,-14.5240163530399,0.08
Nepal,NPL,2022,5.6313145568451,7.6702057938028,10.661,,125.199457792609,9319150273.48101,,-5.76692963076819,1.69
Nepal,NPL,2023,1.98254843461849,7.11587261530826,10.437,,132.115460088756,12456122668.8948,,2.45040193651298,5.03
Nepal,NPL,2024,3.67787459697703,4.6850965426577,10.5,,133.726644315443,15846781298.75,,3.87803253239857,5.14
Nepal,NPL,2025,4.43073194983359,2.65334269811436,10.465,,139.115437592696,21100332321.6852,,,4.21
Netherlands,NLD,2000,4.21970034558892,2.36052233801958,2.725,4.79166666666667,1.08270508132602,17688007846.9298,,1.73766088925111,6.24
Netherlands,NLD,2001,2.32358454925847,4.15584127195612,2.119,5.0,1.11653308564462,16897428707.9626,,2.26893537254394,3.88
Netherlands,NLD,2002,0.24582951723049,3.28753104712766,2.554,3.95833333333333,1.05755899623965,18948439732.8091,,2.32001964022281,1.67
Netherlands,NLD,2003,0.0978549395212411,2.09199838997655,3.593,3.0,0.88404792718493,21596597093.5686,,5.13225020681317,1.13
Netherlands,NLD,2004,2.01628331561487,1.26364739183177,4.646,2.75,0.803921647747618,21603050011.4761,,6.70186382151751,1.35
Netherlands,NLD,2005,2.03401576512488,1.6881301786962,5.872,2.77083333333333,0.803800192161442,20447919846.697,,6.04101636574987,3.22
Netherlands,NLD,2006,3.53729585853395,1.10150106517709,5.007,3.54166666666667,0.796432730949102,23902294463.5363,,7.75425232709906,4.97
Netherlands,NLD,2007,3.88542348324803,1.61385859802102,4.153,4.60416666666667,0.729672399984083,26928024023.4142,,5.86450821149172,5.02
Netherlands,NLD,2008,2.11674514240192,2.48650198289457,3.658,4.60416666666667,0.679922680042729,28602644275.0888,,4.06750194753688,1.92
Netherlands,NLD,2009,-3.66528147002826,1.18977687021548,4.352,1.98333333333333,0.716957702016136,39284466011.1936,,3.34540739416214,0.16
Netherlands,NLD,2010,1.31935287897116,1.27530569556679,4.991,1.75,0.754308990105961,46146883950.9493,,6.40659475745776,0.18
Netherlands,NLD,2011,1.77330320575034,2.34107017751373,4.977,2.0,0.718413898653317,50411044069.4659,,7.01569973680719,0.1
Netherlands,NLD,2012,-0.977826121310997,2.45554765291614,5.821,1.625,0.778338120416812,54816126189.2563,,7.50199225228895,0.14
Netherlands,NLD,2013,-0.0302410184270769,2.50689852657875,7.241,1.5,0.752945122701996,46309213046.113,,7.90135338752685,0.11
Netherlands,NLD,2014,1.61255885112396,0.976035079699679,7.419,,0.752728196932603,43054391590.6256,,8.54625757819213,0.09
Netherlands,NLD,2015,2.12064007193544,0.600248147278776,6.872,,0.901296423367096,38213751383.3571,,4.84837059519836,0.13
Netherlands,NLD,2016,2.42428065449427,0.316666666666652,6.007,,0.903421436257263,35905772878.2734,,7.14588669256922,0.39
Netherlands,NLD,2017,2.78150834679987,1.38145871407216,4.837,,0.885205508269372,38421990800.0802,,8.04969631853888,1.0
Netherlands,NLD,2018,2.25873158164956,1.70349794744479,3.832,,0.846772667108111,38431677254.824,,8.83776760941587,1.83
Netherlands,NLD,2019,2.3001616053659,2.63369910249591,3.379,,0.893276257067409,43320049622.8042,,6.79648399842588,2.16
Netherlands,NLD,2020,-3.86799714191608,1.27246037789161,3.82,,0.875506396987998,53971404675.3332,,5.72296366531146,0.37
Netherlands,NLD,2021,6.27683593745216,2.67572008805385,4.209,,0.84549413889045,64469433091.3701,,10.2781370842496,0.08
Netherlands,NLD,2022,5.00723453395074,10.0012078753473,3.526,,0.949623753156941,63352655591.2206,,6.82147679536227,1.69
Netherlands,NLD,2023,-0.598061017580278,3.83839354342808,3.535,,0.924839558470698,69829689143.2849,,9.41409249872006,5.03
Netherlands,NLD,2024,1.07383137319854,3.34754304219953,3.7,,0.923889546117607,79129609286.1887,,9.13742493692445,5.14
Netherlands,NLD,2025,1.78463214703797,3.2595766451366,3.874,,0.88496895841236,118056683477.992,,,4.21
New Caledonia,NCL,2000,2.10010882688805,,17.907,,129.201037953271,,,,6.24
New Caledonia,NCL,2001,,,17.391,,133.237791216225,,,,3.88
New Caledonia,NCL,2002,,,17.045,,126.200312871571,,,-2.86678508081955,1.67
New Caledonia,NCL,2003,,,16.665,,105.494942032458,,,-0.755998521964056,1.13
New Caledonia,NCL,2004,,,16.31,,95.9333368925229,,,4.35183034856489,1.35
New Caledonia,NCL,2005,,,15.778,,95.9188433909485,,,-1.80252744533202,3.22
New Caledonia,NCL,2006,,,15.256,,95.0396717197982,,,-5.92906058591189,4.97
New Caledonia,NCL,2007,,,14.754,,87.0730479331812,,,-3.33329200092358,5.02
New Caledonia,NCL,2008,,,14.36,,81.1363292780549,,,-15.6459029644441,1.92
New Caledonia,NCL,2009,,,13.97,,85.5557814096789,,,-9.46213629763792,0.16
New Caledonia,NCL,2010,,,13.998,,90.0129741146296,,,-14.5218511333909,0.18
New Caledonia,NCL,2011,,2.42899693753383,13.988,,85.7295518299287,,,-13.4437447217601,0.1
New Caledonia,NCL,2012,,1.74967234600262,14.116,,92.8804110841429,,,-20.0199924731485,0.14
New Caledonia,NCL,2013,,1.27761318992718,14.39,,89.8502214987385,,,-17.7669952366321,0.11
New Caledonia,NCL,2014,,0.178851060785511,14.59,,89.8243353779009,,,-12.2281865063866,0.09
New Caledonia,NCL,2015,,0.570508141048402,13.621,,107.553234404315,,,-12.8101852123627,0.13
New Caledonia,NCL,2016,,0.578317435520754,12.679,,107.806815805024,,,-7.49878946256032,0.39
New Caledonia,NCL,2017,,,11.676,,105.633078151149,,,,1.0
New Caledonia,NCL,2018,0.400000000000006,,11.702,,101.046821879543,,,,1.83
New Caledonia,NCL,2019,-1.39999999506659,,10.88,,106.588933804405,,,,2.16
New Caledonia,NCL,2020,-2.40000000692145,,13.558,,104.710608186968,,,,0.37
New Caledonia,NCL,2021,-2.0999999972552,,11.574,,100.880222566186,,,,0.08
New Caledonia,NCL,2022,3.50000000289097,,10.71,,113.474367224106,,,,1.69
New Caledonia,NCL,2023,2.79999999603682,,10.922,,110.34717131744,,,,5.03
New Caledonia,NCL,2024,-13.4999999989747,,10.991,,110.306338907421,,,,5.14
New Caledonia,NCL,2025,,,11.174,,105.864431541948,,,,4.21
New Zealand,NZL,2000,2.86879087314065,2.6152344624632,6.13,7.81455131994762,2.20114916666667,3952081062.22381,,-3.30284871216652,6.24
New Zealand,NZL,2001,3.41557461751114,2.62581630392903,5.433,7.5950946589777,2.37875083333333,3564653927.06515,,-0.776440240634347,3.88
New Zealand,NZL,2002,4.71514593471419,2.67709257711605,5.282,7.17585350727611,2.16219083333333,4962816762.42559,32.7763842551838,-2.09521936295548,1.67
New Zealand,NZL,2003,4.72587484712128,1.75357444759557,4.745,6.9967756012681,1.72209914639778,6085430341.53138,48.2453384728239,-2.40599179153862,1.13
New Zealand,NZL,2004,4.09053577279863,2.29024902847571,4.005,7.10214801730848,1.50868127077323,6947354918.07845,43.8675166117793,-4.50791009901216,1.35
New Zealand,NZL,2005,3.35295444152619,3.03702332617012,3.807,7.76256016240711,1.42027345661433,8892727557.55881,44.1698490827743,-6.9953679486939,3.22
New Zealand,NZL,2006,2.7744428588158,3.36540196171993,3.857,8.19215614560302,1.54205575669681,14068475834.3701,42.9524894769889,-7.06517341361543,4.97
New Zealand,NZL,2007,3.06312221869514,2.37614310290659,3.661,8.61220661400669,1.36067522852426,17247175110.1585,36.9753526219646,-6.79701754359097,5.02
New Zealand,NZL,2008,-1.02561134479848,3.9589493731206,4.167,8.93853268110941,1.4227268095265,11052155510.1672,36.0132953366238,-7.69181610885177,1.92
New Zealand,NZL,2009,-0.040259885205117,2.1156511055456,6.121,6.65675979597309,1.60087729521946,15594002509.4738,31.8653341616565,-2.47419947301186,0.16
New Zealand,NZL,2010,1.47182504276788,2.30202385958572,6.557,6.25545424755873,1.38783382768108,16722654735.8853,34.7227798053528,-2.33469330577729,0.18
New Zealand,NZL,2011,2.1445004445998,4.0279066739204,6.491,6.10883251498722,1.26581069673447,17011945022.1814,48.089102735454,-2.86292030978892,0.1
New Zealand,NZL,2012,2.30256429520961,1.05991318445632,6.931,5.82383752043118,1.23428365501329,17582960687.9069,51.5694869664603,-3.90197677437136,0.14
New Zealand,NZL,2013,2.5648360739867,1.13442266445817,5.839,5.53306960008471,1.21940797394829,16317764962.7089,46.4413454848435,-3.05687316237006,0.11
New Zealand,NZL,2014,3.81933619307242,1.227507505974,5.428,5.80416666666667,1.20543333333333,15861069905.1322,43.8889616460133,-3.08979706201678,0.09
New Zealand,NZL,2015,3.72968312125018,0.292704628136101,5.415,5.7625,1.433975,14699798262.9867,42.9198384085117,-2.61733984538523,0.13
New Zealand,NZL,2016,3.7435247472109,0.646240284454524,5.147,5.02083333333333,1.436525,17808384489.6379,41.3854461736808,-2.15490580463573,0.39
New Zealand,NZL,2017,3.31568621648204,1.85078767452536,4.736,4.76,1.40740833333333,20683740690.7906,38.6636488406251,-2.9209984129863,1.0
New Zealand,NZL,2018,3.32219666491432,1.59829703801696,4.335,,1.44525833333333,17656593019.6171,36.6516387308455,-4.16442592967999,1.83
New Zealand,NZL,2019,2.32371708441623,1.61963190184048,4.109,,1.517875,17813501891.014,32.7587498183595,-2.82057766065118,2.16
New Zealand,NZL,2020,-0.240916114758988,1.71456170007245,4.595,,1.54205833333333,13733288688.8516,45.6748359168139,-1.08263837857087,0.37
New Zealand,NZL,2021,4.29916005216614,3.94112060778728,3.776,,1.4138,16113750239.6804,51.35500840472,-5.64905496688557,0.08
New Zealand,NZL,2022,3.34521847792682,7.17222476016441,3.299,,1.57718333333333,14399554617.1628,53.9177830137181,-8.7516189444306,1.69
New Zealand,NZL,2023,1.81389453412019,5.73316283034957,3.734,,1.62843333333333,15487380827.5418,49.8779707055343,-6.14986296247429,5.03
New Zealand,NZL,2024,-0.868722371893952,2.92279782301957,4.724,,1.65230833333333,22065156553.5373,51.9851333336419,-4.62952800849341,5.14
New Zealand,NZL,2025,0.462871830681081,2.8397963180572,5.076,,1.72010833333333,28152498623.6497,,-3.61936128781643,4.21
Nicaragua,NIC,2000,4.10159025073438,7.06991352252517,7.181,18.1432530013328,12.6843916666667,492485081.971073,,-18.3126344819719,6.24
Nicaragua,NIC,2001,2.96084349057273,5.98604186279518,7.222,18.5530521527496,13.3719416666667,384021946.51415,,-15.3276907217401,3.88
Nicaragua,NIC,2002,0.753938876079573,3.75017465778466,7.517,18.2951853974161,14.25132525,453205838.918311,,-15.0103547636833,1.67
Nicaragua,NIC,2003,2.52073289551447,5.30238773219936,7.6,15.5492190170989,15.1046433333333,508236348.462427,,-13.2557258638297,1.13
Nicaragua,NIC,2004,5.31217056950739,8.47021063584077,6.41,13.4914364545654,15.9372473164627,668198634.906633,,-11.8661827985183,1.35
Nicaragua,NIC,2005,4.28239833770654,9.59909986064425,5.37,12.1013604539054,16.7333295340502,727807750.907584,,-12.3956621334031,3.22
Nicaragua,NIC,2006,4.15294559846254,9.1401996677772,5.31,11.5757937339595,17.5699984318996,921891810.938807,,-13.0801722823838,4.97
Nicaragua,NIC,2007,5.0763520180987,11.1269347446118,4.89,13.0414649627968,18.4485061597542,1103322447.10909,,-16.2594506892154,5.02
Nicaragua,NIC,2008,3.43571693608081,19.8262031287429,6.2,13.1693503603881,19.3718964065011,1140842519.60378,,-17.0684421646058,1.92
Nicaragua,NIC,2009,-3.2926651586197,3.68700160498797,8.16,14.0446746261656,20.3394818701997,1573082251.39172,,-8.45312867792372,0.16
Nicaragua,NIC,2010,4.41009911716546,5.45513425887423,7.83,13.3199668556874,21.3564486834358,1798981293.19797,,-8.87470374065858,0.18
Nicaragua,NIC,2011,6.31668553491842,8.082387980991,6.613,10.5378350892065,22.4242706163594,1892248423.80235,,-11.9077223652027,0.1
Nicaragua,NIC,2012,6.4961364710876,7.1935505333896,5.208,11.9943081563015,23.5466635310839,1887214938.20452,,-11.7242497122842,0.14
Nicaragua,NIC,2013,4.92709413447304,7.13546785289407,5.28,14.9846018898851,24.7227641666667,1992960773.02599,,-12.5685284248506,0.11
Nicaragua,NIC,2014,4.78546013589983,6.03596861798425,4.52,13.5379413593366,25.9589003667435,2276176780.7117,,-8.02832297774323,0.09
Nicaragua,NIC,2015,4.79226768332697,3.99737996694396,4.7,12.0523546187589,27.2568449404762,2492262791.93881,,-9.87324597391166,0.13
Nicaragua,NIC,2016,4.56314739524967,3.52317317628473,3.9,11.4382974497807,28.6209624101588,2447771381.81086,,-8.48330631920505,0.39
Nicaragua,NIC,2017,4.63120757580209,3.85067166284727,3.3,10.7806044298079,30.0509413442878,2757785586.66498,,-7.1602180538079,1.0
Nicaragua,NIC,2018,-3.3633566598573,4.94723728039886,5.2,10.8957854531661,31.5532123338754,2261143360.12993,,-1.79728223029998,1.83
Nicaragua,NIC,2019,-2.89686986728901,5.37628990844126,5.457,12.4572600828874,33.121745265284,2397444668.92872,,5.93825181295118,2.16
Nicaragua,NIC,2020,-2.23654176262323,3.68181341625572,6.18,11.1753990283182,34.3421221197024,3211903361.95717,,3.77325208673091,0.37
Nicaragua,NIC,2021,10.4543887816515,4.92841396948968,6.076,9.61987339717133,35.1710166666667,4046556203.71439,,-2.75303205196493,0.08
Nicaragua,NIC,2022,3.55027477135765,10.4674244465991,4.969,9.2285436378574,35.874421141967,4404430742.32312,,-2.93963886099355,1.69
Nicaragua,NIC,2023,4.42779393186883,8.38765854872536,4.698,9.48156215456585,36.4411942796586,5446998877.80189,,8.2298831014672,5.03
Nicaragua,NIC,2024,3.58094495324541,4.62473841057141,4.98,11.2379969586441,36.6243,6104867094.02533,,4.1511238055786,5.14
Nicaragua,NIC,2025,4.92352556770889,2.08132127098376,5.04,9.15609394352162,36.6243,8324385226.76038,,,4.21
Niger,NER,2000,-1.20847774100575,2.90014973599108,1.427,,710.207977031367,,,-4.65677330266078,6.24
Niger,NER,2001,7.26813490213235,4.00551428352678,1.47,,732.397693260228,,,-3.77103577195078,3.88
Niger,NER,2002,4.91847057594622,2.62886597938136,1.808,,693.713226496374,,,-5.95095241784041,1.67
Niger,NER,2003,2.1706103837418,-1.61440769175596,2.145,,579.897426172466,,,-6.45750654841098,1.13
Niger,NER,2004,0.363801578722132,0.262543757292838,2.751,,527.338032291576,,,-6.15019981758,1.35
Niger,NER,2005,7.33186884258517,7.7974978178644,3.1,10.7941666666667,527.258362649626,,,-7.10956498131609,3.22
Niger,NER,2006,5.93104997350342,0.0404858299595074,2.528,4.73666666666667,522.425624895176,,,-6.60182023558473,4.97
Niger,NER,2007,3.14272408386731,0.0539592607581562,2.021,4.75166666666667,478.633718476363,,,-6.13680984428319,5.02
Niger,NER,2008,7.73141422777337,11.3051098827019,1.584,4.98416666666667,446.000041432788,,,-8.96292471931382,1.92
Niger,NER,2009,1.96260090694645,0.582906590801122,1.208,4.9775,470.293423341398,,,-18.0270234730354,0.16
Niger,NER,2010,8.57816674262253,0.804073080882659,0.718,5.11333333333333,494.794262222947,,,-14.4829041887519,0.18
Niger,NER,2011,2.35775693603874,2.9423851401332,0.316,5.25591666666667,471.248625718937,,,-16.3335422488129,0.1
Niger,NER,2012,10.5489445763446,0.455089820359289,2.177,5.03916666666667,510.556338454251,,,-10.8373796125038,0.14
Niger,NER,2013,5.31513063394726,2.29723114955317,1.401,5.2875,493.899623852237,,,-11.2529264462121,0.11
Niger,NER,2014,6.64213665495603,-0.930287259984466,0.524,5.33833333333333,493.757329875312,,,-12.0310951996372,0.09
Niger,NER,2015,4.39264883207291,-0.576090369833189,0.556,5.15416666666667,591.21169798261,,,-15.3473430526612,0.13
Niger,NER,2016,4.28137558478143,1.65388922387806,0.55,5.295,592.605615063022,,,-11.4269122456101,0.39
Niger,NER,2017,5.53198531271451,2.79637318871284,0.556,,580.656749587858,,,-11.2187529586869,1.0
Niger,NER,2018,6.89458420864513,2.96760366004456,0.536,,555.446458398226,,,-12.6945964583211,1.83
Niger,NER,2019,6.07881528959186,-2.48979265070855,0.531,,585.911013180369,,,-12.6596968655614,2.16
Niger,NER,2020,4.45481803846413,2.8981937602627,0.591,,575.586004510945,,,-13.3037025420107,0.37
Niger,NER,2021,1.11520063869706,3.8378680284051,0.806,,554.530675033104,,,-14.0537660366173,0.08
Niger,NER,2022,12.2215497467041,4.22621791916392,0.403,,623.759700911182,,,-16.0965828995126,1.69
Niger,NER,2023,2.63516980401258,3.70097316425834,0.407,,606.569750165917,,,-13.7627535229344,5.03
Niger,NER,2024,8.32327058280728,9.07151997725013,0.376,,606.345297609063,,,-6.08945443545425,5.14
Niger,NER,2025,7.00782960149,-4.45470804102568,0.394,,581.92848104034,,,,4.21
Nigeria,NGA,2000,5.01593475936546,6.9332921556516,3.953,21.2741666666667,101.697333333333,10099448197.5379,,10.7371768862311,6.24
Nigeria,NGA,2001,5.91768464924425,18.8736462093863,3.9,23.4383333333333,111.23125,10646598366.0477,,3.36845503733352,3.88
Nigeria,NGA,2002,15.3291557409618,12.8765792031099,3.669,24.7708333333333,120.578158333333,7566806239.09119,,1.13946817426015,1.67
Nigeria,NGA,2003,7.34719496793299,14.0317836131437,3.637,20.7141666666667,129.22235,7415087386.00119,,3.23719691054246,1.13
Nigeria,NGA,2004,9.25055822923169,14.9980338183251,3.59,19.1808333333333,132.888025,17256543969.1635,,12.4042052774237,1.35
Nigeria,NGA,2005,6.43851652535925,17.8634933661605,3.727,17.9483333333333,131.274333333333,28632051717.2055,,20.7940448372853,3.22
Nigeria,NGA,2006,6.05942803202491,8.22743678120907,3.749,16.8933333333333,128.651666666667,42735039033.3081,,15.3142425877273,4.97
Nigeria,NGA,2007,6.59113036066867,5.38610421570143,3.794,16.9391666666667,125.808108333333,51906164585.6826,,9.93609280353567,5.02
Nigeria,NGA,2008,6.76447277784263,11.583054796681,3.792,15.1358333333333,118.566666666667,53598093556.5368,,8.58534493307948,1.92
Nigeria,NGA,2009,8.03692510100366,12.5379242951095,3.763,18.9908333333333,148.88,43129830238.1048,,4.70138235015375,0.16
Nigeria,NGA,2010,8.00565591623166,13.7400521363694,3.744,17.585,150.2975,33305051215.6973,,3.57264829109626,0.18
Nigeria,NGA,2011,5.30792420293915,10.8261371880018,3.77,16.02,153.8625,33691784435.7376,,2.57400123356655,0.1
Nigeria,NGA,2012,4.23006117492493,12.2242413020582,3.761,16.7916666666667,157.5,44973806131.6587,,3.74468964478931,0.14
Nigeria,NGA,2013,6.67133539308232,8.49551838265678,3.711,16.7225,157.311666666667,43675023637.5804,,3.66244030371785,0.11
Nigeria,NGA,2014,6.30971865521856,8.04741087967907,3.9,16.5483333333333,158.552641666667,35070259874.4871,,0.157882534299197,0.09
Nigeria,NGA,2015,2.65269329541779,9.00943498007706,4.134,16.8491666666667,192.440333333333,29011450144.31,,-3.13140101186134,0.13
Nigeria,NGA,2016,-1.61686894903467,15.6968126387972,4.499,16.8680157641191,253.492,28020197619.3379,,1.25472098152786,0.39
Nigeria,NGA,2017,0.805886619091581,16.5022662139641,4.83,17.5533333333333,305.790109160005,40499220796.3652,,3.60982550121524,1.0
Nigeria,NGA,2018,1.92275734199798,12.0951065173432,5.069,16.9038969646886,306.083688245234,43719362674.791,,1.72693303668361,1.83
Nigeria,NGA,2019,2.20842927835211,11.3964223378115,5.206,15.3765869808333,306.920951495222,39382191478.7729,,-2.04801100744941,2.16
Nigeria,NGA,2020,-6.36889840468527,13.2460234276598,5.714,13.6420216718796,358.810797258297,38028751517.615,,-2.67061135743947,0.37
Nigeria,NGA,2021,1.109252540249,16.9528457221608,5.404,11.4831327947137,401.152029220779,41727503547.2316,,-0.534215770600622,0.08
Nigeria,NGA,2022,4.31882949157136,18.8471877843274,3.827,12.3345442352326,425.979158066857,36809762970.197,,0.15744623858689,1.69
Nigeria,NGA,2023,3.31590368111438,24.659550203114,3.074,14.010553734975,645.194067883201,33452495121.7329,,1.31788745938512,5.03
Nigeria,NGA,2024,4.07106650147703,33.2416590552749,3.045,,1478.96519740023,40405994024.7986,,7.5441345734549,5.14
Nigeria,NGA,2025,4.01336180700973,23.0101235833333,3.064,,1518.38094813368,46024916767.4055,,4.82784315736378,4.21
North America,NAC,2000,4.16197049524996,3.04814861420953,4.27316817166147,,,,35.442235313141,,6.24
North America,NAC,2001,1.03022260077989,2.67564562932656,4.97961964201139,,,,53.0412284008192,,3.88
North America,NAC,2002,1.8012475018389,1.92221301795728,5.97486412366027,,,,54.0559285410376,,1.67
North America,NAC,2003,2.71703858412589,2.51432909348113,6.15326151532504,,,,55.9888668026765,,1.13
North America,NAC,2004,3.78737539156108,2.26724770583214,5.70124819512877,,,,55.9758448181214,,1.35
North America,NAC,2005,3.46128321445556,2.80314943994659,5.25750859640354,,,,55.7852750682854,,3.22
North America,NAC,2006,2.7743146220173,2.61398474802283,4.81614136114576,,,,54.567958616084,,4.97
North America,NAC,2007,2.00808305353198,2.49552823708488,4.78243165759455,,,,54.3922113713988,,5.02
North America,NAC,2008,0.181624445600505,3.10468548554699,5.83652846325955,,,,62.379498035198,,1.92
North America,NAC,2009,-2.60460767381707,-0.0280397316452242,9.16994852137916,,,,74.0821721138644,,0.16
North America,NAC,2010,2.72395919935452,1.70845749165809,9.47758645184374,,,,82.4222638408434,,0.18
North America,NAC,2011,1.68621143369091,3.03448832867276,8.80784798616693,,,,86.6939257130366,,0.1
North America,NAC,2012,2.24337856187134,1.79250774825292,7.99588953313322,,,,90.5785916501893,,0.14
North America,NAC,2013,2.13349689819631,1.20156227672124,7.34976348971497,,,,91.8975386131493,,0.11
North America,NAC,2014,2.54944716424754,1.76442944229339,6.26083245211775,,,,91.8656249532595,,0.09
North America,NAC,2015,2.76110438770922,0.621934248247613,5.4606408215288,,,,92.7124914871738,,0.13
North America,NAC,2016,1.7574135378599,1.34517137635811,5.10340701910414,,,,94.5228740086049,,0.39
North America,NAC,2017,2.50284500298896,1.86349706609469,4.57971738602629,,,,93.557386811171,,1.0
North America,NAC,2018,2.94789312072024,2.3554044847046,4.10721129091519,,,,94.7459766507592,,1.83
North America,NAC,2019,2.53036581365198,1.88073954968807,3.890566885067,,,,96.2319239300225,,2.16
North America,NAC,2020,-2.31236247885967,0.97529201430706,8.2305997250471,,,,120.244242263925,,0.37
North America,NAC,2021,6.13640923701173,4.04652602445635,5.59210953628448,,,,114.056777496742,,0.08
North America,NAC,2022,2.68881207167273,7.40280048696867,3.83310095020415,,,,108.167862238575,,1.69
North America,NAC,2023,2.85945132916503,3.99766999081457,3.8406106523085,,,,110.100400678194,,5.03
North America,NAC,2024,2.73606791647842,2.6655545188319,4.29029945331562,,,,111.359720404785,,5.14
North America,NAC,2025,2.12972384862783,,4.51108669589749,,,,,,4.21
North Macedonia,MKD,2000,4.54913578288874,6.60742291038536,32.2,,65.9038666666666,460208291.007042,,-2.73306730994392,6.24
North Macedonia,MKD,2001,-3.06725662451662,5.19888525744048,30.52,,68.0371333333333,798842469.930248,,-6.344343807859,3.88
North Macedonia,MKD,2002,1.49366547202928,2.31459794083216,31.94,,64.3497916666667,789942743.503613,,-9.4256374980204,1.67
North Macedonia,MKD,2003,2.22260165732409,0.855562122724219,36.69,,54.3222583333333,934744444.052249,,-3.75035857468212,1.13
North Macedonia,MKD,2004,4.67408957960916,-0.448650206551934,37.161,,49.4099333333333,991429584.921662,,-7.94691572310685,1.35
North Macedonia,MKD,2005,4.72408864201974,0.525515950714247,37.32,12.5167631727899,49.2836833333333,1340486932.46754,,-2.54533490974663,3.22
North Macedonia,MKD,2006,5.13702516153505,3.21362929606345,36.392,11.5566191061502,48.8017666666667,1889352310.43791,,-0.416080626106531,4.97
North Macedonia,MKD,2007,6.47348685752347,2.2517579830545,35.231,10.5022074700388,44.7298166666667,2264233635.6536,,-7.26623240489014,5.02
North Macedonia,MKD,2008,5.47200139015595,8.33189666968108,33.93,10.2320820975202,41.8676833333333,2110178285.64156,,-12.4707536603643,1.92
North Macedonia,MKD,2009,-0.358614856979671,-0.739633963061192,32.351,11.1698082045543,44.100575,2288279742.85335,,-6.48354076815342,0.16
North Macedonia,MKD,2010,3.35875085773812,1.50997522027613,33.135,10.6958384111031,46.4853916666667,2276767089.7281,,-2.10791254447936,0.18
North Macedonia,MKD,2011,2.33988604520331,3.9047542206974,31.502,9.60034455188953,44.230825,2667393348.62602,,-2.49367551945885,0.1
North Macedonia,MKD,2012,-0.456183223607937,3.31605566687647,31.096,9.06831165790461,47.89025,2891478810.61011,,-3.27478423718894,0.14
North Macedonia,MKD,2013,2.92525766450484,2.78500056726109,29.017,8.48632692614998,46.3953416666667,2747604655.47163,,-1.63764033882168,0.11
North Macedonia,MKD,2014,3.62912351276373,-0.281705032928494,28.215,7.76515306540233,46.4371308333333,2964236411.99583,,-0.481713137157683,0.09
North Macedonia,MKD,2015,3.85586514041738,-0.299920475631462,26.395,7.45627705916539,55.537075,2470701359.60007,,-1.71222694530355,0.13
North Macedonia,MKD,2016,2.84820519363306,-0.239290787684501,24.312,7.0175977722394,55.731725,2751929520.8021,,-2.66389921940311,0.39
North Macedonia,MKD,2017,1.08177273813243,1.35161889677442,22.857,6.60665710643843,54.6654583333333,2801853318.34827,,-0.586294696197347,1.0
North Macedonia,MKD,2018,2.88059670964267,1.45831298507126,21.208,6.10691833969552,52.1071083333333,3284003546.93106,,0.143273398779884,1.83
North Macedonia,MKD,2019,3.91041953840173,0.766439573459805,17.414,5.60936382915275,54.9472,3650514750.41521,,-2.98648910497823,2.16
North Macedonia,MKD,2020,-4.68845000956652,1.20007348888469,16.575,5.193220791087,54.144325,4126254083.78,,-2.91596537662612,0.37
North Macedonia,MKD,2021,4.51067949038222,3.23074912132928,15.801,4.85796763215591,52.1021583333333,4129287737.28112,,-2.67744223538636,0.08
North Macedonia,MKD,2022,2.75888415332967,14.2047173195833,14.476,4.63306721882146,58.5743916666667,4120124979.25763,,-6.23699171036603,1.69
North Macedonia,MKD,2023,2.554965253403,9.36187249769015,13.174,5.44084059566623,56.9471916666667,5014981540.03403,,0.317585046468375,5.03
North Macedonia,MKD,2024,2.99373536567732,3.48974086026954,12.265,5.85131870695966,56.8726333333333,5251936213.50666,,-2.10020379336309,5.14
North Macedonia,MKD,2025,3.48706619829503,4.07249176848348,12.256,5.41591048775874,54.6549666666667,5803955793.72208,,-4.26663474822801,4.21
Northern Mariana Islands,MNP,2000,,,,,1.0,,,,6.24
Northern Mariana Islands,MNP,2001,,,,,1.0,,,,3.88
Northern Mariana Islands,MNP,2002,,,,,1.0,,,,1.67
Northern Mariana Islands,MNP,2003,0.343170899107761,,,,1.0,,,,1.13
Northern Mariana Islands,MNP,2004,-3.07797537619699,,,,1.0,,,,1.35
Northern Mariana Islands,MNP,2005,-12.7028934368384,,,,1.0,,,,3.22
Northern Mariana Islands,MNP,2006,-6.87146321746161,,,,1.0,,,,4.97
Northern Mariana Islands,MNP,2007,-6.68402777777779,,,,1.0,,,,5.02
Northern Mariana Islands,MNP,2008,-11.0697674418605,,,,1.0,,,,1.92
Northern Mariana Islands,MNP,2009,-17.5732217573222,,,,1.0,,,,0.16
Northern Mariana Islands,MNP,2010,1.3959390862944,,,,1.0,,,,0.18
Northern Mariana Islands,MNP,2011,-7.38423028785982,,,,1.0,,,,0.1
Northern Mariana Islands,MNP,2012,0.810810810810807,,,,1.0,,,,0.14
Northern Mariana Islands,MNP,2013,2.68096514745308,,,,1.0,,,,0.11
Northern Mariana Islands,MNP,2014,4.177545691906,,,,1.0,,,,0.09
Northern Mariana Islands,MNP,2015,3.38345864661653,,,,1.0,,,,0.13
Northern Mariana Islands,MNP,2016,29.2121212121212,,,,1.0,,,,0.39
Northern Mariana Islands,MNP,2017,23.1707317073171,,,,1.0,,,,1.0
Northern Mariana Islands,MNP,2018,-19.4973343488195,,,,1.0,,,,1.83
Northern Mariana Islands,MNP,2019,-11.4474929044465,,,,1.0,,,,2.16
Northern Mariana Islands,MNP,2020,-29.0598290598291,,,,1.0,,,,0.37
Northern Mariana Islands,MNP,2021,4.96987951807229,,,,1.0,,,,0.08
Northern Mariana Islands,MNP,2022,16.6427546628408,,,,1.0,,,,1.69
Northern Mariana Islands,MNP,2023,,,,,1.0,,,,5.03
Northern Mariana Islands,MNP,2024,,,,,1.0,,,,5.14
Northern Mariana Islands,MNP,2025,,,,,1.0,,,,4.21
Norway,NOR,2000,3.443416131481,3.08550609131279,3.458,,8.80184166666667,27922060281.5661,,14.6986242485617,6.24
Norway,NOR,2001,2.1634350595868,3.00419703998233,3.738,,8.99165416666667,23604634336.1791,,15.8681791390773,3.88
Norway,NOR,2002,1.45747886087304,1.28672528415184,4.022,,7.98377883333333,32404966342.7747,,12.4227278954932,1.67
Norway,NOR,2003,1.09635781210122,2.48782553461781,4.221,,7.08021666666667,37712335260.0565,,12.0849035834544,1.13
Norway,NOR,2004,4.33015597691212,0.454498502220863,4.256,,6.74083333333333,44307531918.0843,,12.4217515088215,1.35
Norway,NOR,2005,2.96973597025936,1.53213367609249,4.381,,6.4425,46985905052.1739,,16.0451865986675,3.22
Norway,NOR,2006,2.84726376691944,2.3293498075755,3.397,,6.41333333333333,56841568846.0479,,15.9855181283499,4.97
Norway,NOR,2007,3.42030119916608,0.712589073634201,2.493,,5.86166666666666,60839629829.3958,,12.1948719512316,5.02
Norway,NOR,2008,0.822805797014865,3.75393081761005,2.521,,5.64,50949819414.8049,,15.4461334508798,1.92
Norway,NOR,2009,-1.61327151945869,2.19738586853568,3.1,,6.28833333333333,48859300062.3353,,11.415985949347,0.16
Norway,NOR,2010,1.00493269017117,2.41890639481003,3.527,,6.04416666666666,53215083706.0825,,11.4188723949275,0.18
Norway,NOR,2011,1.38505117083945,1.2849515880916,3.196,,5.60460730676328,49397087253.2418,,12.9572292725078,0.1
Norway,NOR,2012,2.82395673492459,0.696864111498263,3.129,,5.8175,51856399587.6548,,12.0935398520706,0.14
Norway,NOR,2013,1.27290177696287,2.12048620353112,3.425,4.35,5.875,58283142155.4752,,9.89568626406436,0.11
Norway,NOR,2014,2.09521388080101,2.04170286707211,3.486,4.21166666666667,6.30166666666667,64800723856.6031,,10.6555857645762,0.09
Norway,NOR,2015,2.04428845501438,2.17113665389527,4.296,3.5,8.06416666666667,57455936481.5608,,7.76340686563235,0.13
Norway,NOR,2016,1.29158732771135,3.55000000000007,4.68,3.07,8.4,60445172369.6599,,3.85247124141966,0.39
Norway,NOR,2017,2.66964474273466,1.87510059552545,4.164,3.00583333333333,8.27166666666666,65923863904.4306,,5.20839830097389,1.0
Norway,NOR,2018,1.1103912365576,2.76483134528797,3.801,2.92583333333333,8.1325,63145471060.2408,,7.69077594619518,1.83
Norway,NOR,2019,1.46970781954143,2.16773003305411,3.684,3.23583333333333,8.8,66946037549.8517,,2.80945670092243,2.16
Norway,NOR,2020,-1.36055723261586,1.28658490707996,4.424,2.6975,9.41583333333334,75258813465.0281,,1.10176093732255,0.37
Norway,NOR,2021,4.14314688769197,3.48388055266669,4.359,2.27416666666667,8.59,84270941751.0846,,14.2830281134545,0.08
Norway,NOR,2022,4.08039770659241,5.76412317852272,3.231,3.24333333333333,9.61416666666667,72077375478.9292,,27.8649748049066,1.69
Norway,NOR,2023,0.352695581319765,5.51784987104659,3.574,5.30833333333334,10.5633333333333,80459096008.3425,,17.1705757999469,5.03
Norway,NOR,2024,1.42372134524737,3.14530134431081,4.0,6.14916666666667,10.7458333333333,81241559661.5009,,15.0417961615846,5.14
Norway,NOR,2025,1.08528185031417,3.05562484410077,4.637,5.8775,10.3958333333333,85494772693.8953,,13.9673665378253,4.21
Not classified,,2000,,,,,,,,,6.24
Not classified,,2001,,,,,,,,,3.88
Not classified,,2002,,,,,,,,,1.67
Not classified,,2003,,,,,,,,,1.13
Not classified,,2004,,,,,,,,,1.35
Not classified,,2005,,,,,,,,,3.22
Not classified,,2006,,,,,,,,,4.97
Not classified,,2007,,,,,,,,,5.02
Not classified,,2008,,,,,,,,,1.92
Not classified,,2009,,,,,,,,,0.16
Not classified,,2010,,,,,,,,,0.18
Not classified,,2011,,,,,,,,,0.1
Not classified,,2012,,,,,,,,,0.14
Not classified,,2013,,,,,,,,,0.11
Not classified,,2014,,,,,,,,,0.09
Not classified,,2015,,,,,,,,,0.13
Not classified,,2016,,,,,,,,,0.39
Not classified,,2017,,,,,,,,,1.0
Not classified,,2018,,,,,,,,,1.83
Not classified,,2019,,,,,,,,,2.16
Not classified,,2020,,,,,,,,,0.37
Not classified,,2021,,,,,,,,,0.08
Not classified,,2022,,,,,,,,,1.69
Not classified,,2023,,,,,,,,,5.03
Not classified,,2024,,,,,,,,,5.14
Not classified,,2025,,,,,,,,,4.21
OECD members,OED,2000,4.14194781215413,3.06380344899535,6.71100200632985,,,,,,6.24
OECD members,OED,2001,1.39419283266746,3.1890826810605,6.61732244402856,,,,,,3.88
OECD members,OED,2002,1.54573413284015,2.47736067910935,7.13987676171849,,,,,,1.67
OECD members,OED,2003,2.02555450027376,2.18428358241517,7.27483771000377,,,,,,1.13
OECD members,OED,2004,3.25450343681813,2.25796409638232,7.17441119702139,,,,,,1.35
OECD members,OED,2005,2.8546887844396,2.4721217904786,6.8314671013283,,,,,,3.22
OECD members,OED,2006,3.06119134402469,2.60015376460355,6.34618116260618,,,,,,4.97
OECD members,OED,2007,2.64883701327084,2.48470438812865,5.88940261869547,,,,,,5.02
OECD members,OED,2008,0.398567531316999,4.11407022033817,6.20560204861274,,,,,,1.92
OECD members,OED,2009,-3.39762752928189,1.10457711175389,8.38089327283664,,,,,,0.16
OECD members,OED,2010,2.97338503994675,1.807352305661,8.5207939102318,,,,,,0.18
OECD members,OED,2011,1.84967918104462,3.37429759432522,8.12208995143807,,,,,,0.1
OECD members,OED,2012,1.40460967593552,2.52945520915772,8.1052243905592,,,,,,0.14
OECD members,OED,2013,1.62369645988187,1.45156526398378,8.00520155093803,,,,,,0.11
OECD members,OED,2014,2.23873423415506,0.624517311086569,7.41355981597454,,,,,,0.09
OECD members,OED,2015,2.53080900311944,0.338705695410168,6.86087280016011,,,,,,0.13
OECD members,OED,2016,1.85463774155879,0.443258157565783,6.43777999780825,,,,,,0.39
OECD members,OED,2017,2.61204188490709,1.82264336059067,5.9177915757262,,,,,,1.0
OECD members,OED,2018,2.38931017293615,1.93246766472803,5.47444010714932,,,,,,1.83
OECD members,OED,2019,1.85301586905177,1.74071267870181,5.38695191058807,,,,,,2.16
OECD members,OED,2020,-3.86432916323412,0.73285164517586,7.15007422562512,,,,,,0.37
OECD members,OED,2021,6.09471533648059,2.81528975687994,6.19605024177905,,,,,,0.08
OECD members,OED,2022,3.15854809219758,8.23803240697186,4.99493064713263,,,,,,1.69
OECD members,OED,2023,1.78937161232169,5.67767862615429,4.82631374195204,,,,,,5.03
OECD members,OED,2024,1.78218444615328,2.75237849043039,4.90917859417164,,,,,,5.14
OECD members,OED,2025,1.77005853071937,2.8397963180572,4.92729125540891,,,,,,4.21
Oman,OMN,2000,6.19241063695442,,4.433,10.1415833333333,0.3845,2459611528.57575,,14.0586857970744,6.24
Oman,OMN,2001,4.61316649389876,-0.816666666666656,4.298,9.59258333333333,0.3845,2445296351.99359,,9.37796465255736,3.88
Oman,OMN,2002,-0.784165786429256,-0.279578822571373,4.335,8.82466666666667,0.3845,3173684750.84952,,8.41611510142411,1.67
Oman,OMN,2003,-2.19466567976842,0.231328682267143,4.599,8.39308333333333,0.3845,3593748666.69828,,5.87796132532781,1.13
Oman,OMN,2004,1.99251510973346,0.624969062631367,4.693,7.93975,0.3845,3597609064.5638,,3.08879459662564,1.35
Oman,OMN,2005,2.77944360306151,1.90983553531865,4.589,7.28358333333333,0.3845,4358381770.0032,,14.5817585186487,3.22
Oman,OMN,2006,4.66981481939328,3.54498591605033,4.387,7.29266666666667,0.3845,5014439182.011,,13.2991735436226,4.97
Oman,OMN,2007,4.98065467051528,5.8304841809271,4.309,7.36883333333333,0.3845,9523990109.93137,,5.09706270360499,5.02
Oman,OMN,2008,8.95005895005896,12.3754091529912,4.142,6.82833333333333,0.3845,11582398508.9704,,7.22971355183887,1.92
Oman,OMN,2009,5.98196694904402,3.46881023754893,3.977,7.32325,0.3845,12203595445.786,,-0.784047994334517,0.16
Oman,OMN,2010,2.47199856582773,3.25657959078624,3.911,7.14125,0.3845,13025235620.4615,,7.59476361744698,0.18
Oman,OMN,2011,2.89460973541192,4.0421886711639,3.95,6.52133333333333,0.3845,14366193706.0241,,11.4435714770699,0.1
Oman,OMN,2012,8.86312225557018,2.94773495257209,3.753,5.901,0.3845,14401122657.9676,,8.99068507231773,0.14
Oman,OMN,2013,5.22770408145942,1.05354820265932,3.553,5.5155,0.3845,15951037291.2884,,5.87992091672239,0.11
Oman,OMN,2014,1.29225229411081,1.01401483924156,3.453,5.22508333333333,0.3845,16324457251.6461,,4.62995815380296,0.09
Oman,OMN,2015,5.01705799719045,0.0652901330286599,3.403,4.8785,0.3845,17543980312.7005,,-13.7812835379107,0.13
Oman,OMN,2016,5.04642394571691,1.10920805807027,3.266,4.91108333333333,0.3845,20262241805.121,,-16.6107645205388,0.39
Oman,OMN,2017,0.304057565922449,1.58909413567799,2.523,5.15266271716578,0.3845,16088803822.7708,,-13.6143943671898,1.0
Oman,OMN,2018,1.28710391543288,0.889312370970404,1.8,5.24638450213673,0.3845,17388370607.2955,,-4.85027419563219,1.83
Oman,OMN,2019,-1.12863801728058,0.490815362820671,2.045,5.41334351278467,0.3845,16661756725.189,,-4.91818869978251,2.16
Oman,OMN,2020,-3.37972052697999,-0.40640291946585,2.94,5.46649920548604,0.3845,15007356725.394,,-16.5486765828435,0.37
Oman,OMN,2021,2.5821749892893,1.68221185876085,1.9,5.49783609712142,0.3845,19730879938.0596,,-5.53764911438897,0.08
Oman,OMN,2022,7.98570728354278,2.5061425061425,3.3,,0.3845,17606348634.1578,,3.65021452080103,1.69
Oman,OMN,2023,1.41401383200161,0.950782997762827,3.176,,0.3845,17454630668.5072,,2.29211299044439,5.03
Oman,OMN,2024,1.63163231397978,0.593589236248469,3.203,,0.3845,18286526117.9972,,2.86434019736537,5.14
Oman,OMN,2025,2.39787382295398,0.967741935483928,3.251,,0.3845,,,,4.21
Other small states,OSS,2000,7.30635005321069,4.08007358605409,11.0177711399269,,,,,,6.24
Other small states,OSS,2001,3.18924252117392,4.40206686170551,10.9398104204621,,,,,,3.88
Other small states,OSS,2002,3.49441162965915,3.16709859744411,10.2407776645491,,,,,,1.67
Other small states,OSS,2003,4.26878748461303,2.57230861693339,10.6409211857421,,,,,,1.13
Other small states,OSS,2004,4.45597380662556,3.14022764498905,10.6266524019735,,,,,,1.35
Other small states,OSS,2005,4.60497481511443,3.01064523754217,10.5021202220473,,,,,,3.22
Other small states,OSS,2006,6.20067811341328,3.48340699677866,9.68343911516973,,,,,,4.97
Other small states,OSS,2007,5.46356131088703,5.05155736492143,9.04975553505642,,,,,,5.02
Other small states,OSS,2008,0.903736392071593,9.06423621948942,8.87238702238271,,,,,,1.92
Other small states,OSS,2009,-5.12838675722196,2.51609128145113,10.7283220301547,,,,,,0.16
Other small states,OSS,2010,2.4770957293312,2.97204512015694,11.1281009935269,,,,,,0.18
Other small states,OSS,2011,3.29699198601598,4.47388342165023,10.5303011113759,,,,,,0.1
Other small states,OSS,2012,1.20137767968762,4.14524724981119,10.5345766634014,,,,,,0.14
Other small states,OSS,2013,0.795058059250948,2.78056658954988,10.7696689681663,,,,,,0.11
Other small states,OSS,2014,2.10170241796435,1.34186494340162,10.4617084896957,,,,,,0.09
Other small states,OSS,2015,3.35379601684932,0.953206658777607,9.99952511697503,,,,,,0.13
Other small states,OSS,2016,4.11324521484462,0.642702771527304,9.69565767751643,,,,,,0.39
Other small states,OSS,2017,5.06269393757441,1.76041559180605,9.26010688179757,,,,,,1.0
Other small states,OSS,2018,4.36915856791936,2.611223782638,8.78845724438525,,,,,,1.83
Other small states,OSS,2019,4.24191171511896,1.6420600176894,8.37803693303246,,,,,,2.16
Other small states,OSS,2020,-5.76450168062843,0.712593443137932,9.99575648409841,,,,,,0.37
Other small states,OSS,2021,7.99114438236406,2.4284453278932,9.49668399234599,,,,,,0.08
Other small states,OSS,2022,4.39868942923867,7.46811935414937,9.01147513544492,,,,,,1.69
Other small states,OSS,2023,3.20030722043091,5.51293808804143,8.44487902544127,,,,,,5.03
Other small states,OSS,2024,2.76881258067121,2.08742660145219,8.48668976701629,,,,,,5.14
Other small states,OSS,2025,2.88340086402312,2.8063054227931,8.59085524676197,,,,,,4.21
Pacific island small states,PSS,2000,-1.46386418136707,2.34810327420263,4.40485764939109,,,,,,6.24
Pacific island small states,PSS,2001,0.851056119322408,4.05547744166415,4.51782547170457,,,,,,3.88
Pacific island small states,PSS,2002,1.92426910278931,1.96356754199195,4.61174676237171,,,,,,1.67
Pacific island small states,PSS,2003,1.91734839547497,3.01624129930394,4.51420593104194,,,,,,1.13
Pacific island small states,PSS,2004,3.9717982000513,4.96407576747217,4.3406725276094,,,,,,1.35
Pacific island small states,PSS,2005,2.47160106548574,3.9514623522091,3.8404573462192,,,,,,3.22
Pacific island small states,PSS,2006,2.39839602432967,4.42981143370254,3.81456389998427,,,,,,4.97
Pacific island small states,PSS,2007,0.133715934680481,4.36959514201881,3.76264674833736,,,,,,5.02
Pacific island small states,PSS,2008,1.98958878437561,11.0064471756381,3.66517406587763,,,,,,1.92
Pacific island small states,PSS,2009,-0.499626121005079,5.31100954595293,3.60850865304197,,,,,,0.16
Pacific island small states,PSS,2010,3.61551469762773,2.10244243416258,3.50675202326758,,,,,,0.18
Pacific island small states,PSS,2011,3.84498686299419,4.87864641704221,3.44436830760268,,,,,,0.1
Pacific island small states,PSS,2012,1.04275828193174,2.0490188352116,3.54707816512722,,,,,,0.14
Pacific island small states,PSS,2013,3.24964380089334,1.60563054554341,3.42532155080918,,,,,,0.11
Pacific island small states,PSS,2014,3.57900775268514,1.45142452367373,3.39737128470569,,,,,,0.09
Pacific island small states,PSS,2015,3.97583679136102,0.648242939254492,3.37020462675283,,,,,,0.13
Pacific island small states,PSS,2016,3.74906305678715,1.07339388853343,3.36311039358415,,,,,,0.39
Pacific island small states,PSS,2017,3.88507048124241,1.58394248575812,3.40034043733734,,,,,,1.0
Pacific island small states,PSS,2018,2.72310809047187,2.89621932270298,3.35231302156857,,,,,,1.83
Pacific island small states,PSS,2019,1.1632387186459,1.40719939417024,3.32798136589447,,,,,,2.16
Pacific island small states,PSS,2020,-10.2465615365926,0.386388224517504,3.30655660526839,,,,,,0.37
Pacific island small states,PSS,2021,-2.62004384629151,2.47788271992717,3.35468526106548,,,,,,0.08
Pacific island small states,PSS,2022,8.33511772575022,6.37906506708423,3.60681620269367,,,,,,1.69
Pacific island small states,PSS,2023,7.23510889764707,7.92164684826777,3.52057525691559,,,,,,5.03
Pacific island small states,PSS,2024,3.66740238652645,2.45545072159028,3.52751412823486,,,,,,5.14
Pacific island small states,PSS,2025,3.31927523064815,1.43420860934971,3.51831083728422,,,,,,4.21
Pakistan,PAK,2000,4.2600880111325,4.36666451291681,0.614,,53.6481865,2087167574.18215,55.0324216144747,-0.0854401858342493,6.24
Pakistan,PAK,2001,3.65135017083765,3.14826144590618,0.611,,61.9271616666666,4218132004.43274,,1.93318034244488,3.88
Pakistan,PAK,2002,2.59481668445784,3.29034472613153,0.615,,59.7237816666667,8795802481.46045,,3.93573326208505,1.67
Pakistan,PAK,2003,5.40131087314342,2.91413470059479,0.612,,57.7519966666667,11815604886.3329,,3.17962013910419,1.13
Pakistan,PAK,2004,7.83125556961251,7.44462469342739,0.598,7.2575,58.2578633333333,10718170456.621,,-0.617928012719509,1.35
Pakistan,PAK,2005,7.2765744364722,9.06332737030417,0.583,9.07166666666667,59.514475,11109358834.068,,-2.48346235681318,3.22
Pakistan,PAK,2006,6.05163767569996,7.92108440058789,0.582,10.9875,60.271335,12878021928.1544,,-4.16812395772995,4.97
Pakistan,PAK,2007,4.4448143398844,7.59868441050774,0.398,11.7683333333333,60.7385158333334,15798067447.2965,,-4.50796175781862,5.02
Pakistan,PAK,2008,2.1204410433083,20.2861210929554,0.423,12.9358333333333,70.4080333333333,9024013987.18211,,-7.74194351471585,1.92
Pakistan,PAK,2009,3.47255059567348,13.6477650639761,0.535,14.5375,81.7128916666666,13606125133.5603,,-2.13167355660601,0.16
Pakistan,PAK,2010,1.50171752152883,12.9388705634889,0.653,14.0425,85.1938163257576,17255570039.5703,,-0.688324235118166,0.18
Pakistan,PAK,2011,2.68011685421705,11.9160927116277,0.796,14.4191666666667,86.3433833333333,17697925812.3776,,-0.957124213324854,0.1
Pakistan,PAK,2012,3.02758391088629,9.68235186055684,3.667,13.5191666666667,93.3951972222222,13688479776.3039,,-0.936399348037174,0.14
Pakistan,PAK,2013,4.36686504978387,7.69215611899565,2.954,11.9858333333333,101.628899206349,7651260101.72058,,-1.70727876868057,0.11
Pakistan,PAK,2014,4.11642817161422,7.18938402847028,1.827,11.73,101.100088423521,14306811155.4783,,-1.34787339235798,0.09
Pakistan,PAK,2015,4.21794209572506,2.52932817254229,3.566,10.1558333333333,102.769271604675,20027864211.2597,,-0.934446742353906,0.13
Pakistan,PAK,2016,6.57383828511043,3.7651191635658,2.285,8.755,104.769117033301,22027605269.5237,,-2.29279660651385,0.39
Pakistan,PAK,2017,4.43262590683975,4.08537368032608,3.204,8.21,105.455162087938,18455861310.286,,-4.76985760466006,1.0
Pakistan,PAK,2018,6.15170261099519,5.07805725868917,4.083,8.53083333333334,121.824068875756,11837177725.8521,,-5.29556175645778,1.83
Pakistan,PAK,2019,2.49763692943365,10.5780305672025,4.83,12.233054804153,150.036253839864,16586046186.2171,,-2.66677325730292,2.16
Pakistan,PAK,2020,-1.27408744338709,9.74011619320125,5.994,10.7577494267999,161.838479684718,18521734363.9531,,-0.216650637871501,0.37
Pakistan,PAK,2021,6.51388575852702,9.49641577285205,6.338,8.66597421472524,162.906253747418,22811522857.5295,,-3.52439577565177,0.08
Pakistan,PAK,2022,4.7781068690358,19.8738599646655,5.291,,204.867187469982,9926587077.28489,,-3.25858181478804,1.69
Pakistan,PAK,2023,-0.414935997088406,30.7681280657005,5.237,,280.356111655149,13730353485.3454,,-0.308630136387276,5.03
Pakistan,PAK,2024,3.08176295579301,12.6325318530452,5.492,,278.580716167563,18407745860.6666,,0.124893414067427,5.14
Pakistan,PAK,2025,3.69842668749033,3.54555214890893,5.42,,281.143001173202,26455819675.7312,,-0.109990064562897,4.21
Palau,PLW,2000,-2.60392518285772,,,,,,,,6.24
Palau,PLW,2001,7.34588822740689,,,,,,,,3.88
Palau,PLW,2002,4.71497567037891,-1.30123617436562,,,,,,,1.67
Palau,PLW,2003,-2.12775905744436,0.922874093605824,,,,,,,1.13
Palau,PLW,2004,3.47251267849076,4.96407576747217,,,,,,,1.35
Palau,PLW,2005,2.88482026504025,3.9514623522091,,,1.0,,,-21.3185676174982,3.22
Palau,PLW,2006,0.228102952380539,4.42981143370254,,,1.0,,,-25.5728750866618,4.97
Palau,PLW,2007,0.687060932625798,3.23875035826881,,,1.0,,,-18.4631752618597,5.02
Palau,PLW,2008,-5.55349767521281,11.9655746807329,,,1.0,,23.4967526604035,-17.194025831122,1.92
Palau,PLW,2009,-6.19509416666021,1.43813538308953,,,1.0,,24.7117407868201,-3.33781692869219,0.16
Palau,PLW,2010,-3.02648271979963,1.44219017355169,,,1.0,,33.0448546717007,-10.1353644660598,0.18
Palau,PLW,2011,4.5453422056307,4.6746987951807,,,1.0,,25.9797896139849,-12.9861315931151,0.1
Palau,PLW,2012,2.06132919740671,3.61418047882138,,,1.0,,26.9507686247979,-16.0445372607683,0.14
Palau,PLW,2013,-1.39368330622723,3.35481004221287,,,1.0,,22.6937854152974,-12.9107384926976,0.11
Palau,PLW,2014,4.21392368136632,4.19174548581256,,,1.0,,21.5415828136333,-19.7174062059928,0.09
Palau,PLW,2015,8.57000568228419,0.949040643697081,,,1.0,,62.8447270233269,-8.56066843974448,0.13
Palau,PLW,2016,1.66650688235592,-1.04230533415074,,,1.0,,66.8317999315094,-16.1041189577719,0.39
Palau,PLW,2017,-3.42143170174889,1.4179881966692,,,1.0,,78.624554551943,-22.860253869911,1.0
Palau,PLW,2018,-0.417625859260369,2.10970464135017,,,1.0,,83.7688118589135,-18.6421638139119,1.83
Palau,PLW,2019,0.300684343692609,0.26737967914444,,,1.0,,85.1988175376125,-30.4351064358016,2.16
Palau,PLW,2020,-6.00740723664144,0.218181818181833,,,1.0,,,-43.8807741373428,0.37
Palau,PLW,2021,-11.9146400192064,2.6124818577648,,,1.0,,,-40.6780262660244,0.08
Palau,PLW,2022,-0.462879543823192,12.3526638378124,,,1.0,,,-47.317903399214,1.69
Palau,PLW,2023,1.22284844405733,12.8199748216534,,,1.0,,,-48.6132173034921,5.03
Palau,PLW,2024,12.0059720184866,2.23172772921704,,,1.0,,,,5.14
Palau,PLW,2025,6.28637654202731,-0.418410041841039,,,1.0,,,,4.21
Panama,PAN,2000,4.20900547865375,1.49896111605778,6.188,10.4791666666667,1.0,722595056.913888,,-5.84047277996226,6.24
Panama,PAN,2001,0.949908149985234,0.307062436028722,6.293,10.9716666666667,1.0,1091760797.80153,,-1.55881384647494,3.88
Panama,PAN,2002,2.50884372716125,1.00583090379039,6.302,10.5825,1.0,1182833360.77351,,-0.883534988020678,1.67
Panama,PAN,2003,5.09686030493801,0.391666666666709,6.303,9.92583333333333,1.0,1010969630.50074,,-4.22833726958796,1.13
Panama,PAN,2004,8.17565333965649,0.474723078204362,6.097,8.82333333333333,1.0,630646276.79381,,-6.92308555260918,1.35
Panama,PAN,2005,8.27618334503531,2.85588324760957,5.967,8.665,1.0,1210531905.83646,,-6.40102245039668,3.22
Panama,PAN,2006,9.85723870564752,2.45789346442102,5.792,8.6825,1.0,1334983347.81531,,-2.48020850686329,4.97
Panama,PAN,2007,13.1530653782933,4.1686330029888,5.665,8.79333333333333,1.0,1935051624.52824,,-5.43158096330886,5.02
Panama,PAN,2008,10.1974325907958,8.7586831772878,5.639,7.90583333333333,1.0,2423782838.73722,,-8.89223138089915,1.92
Panama,PAN,2009,1.61186405976055,2.40905304082201,5.857,7.62666666666667,1.0,3028272377.96829,,-0.763910452207457,0.16
Panama,PAN,2010,6.07339353106087,3.49128872618809,5.845,7.31083333333333,1.0,2714469855.81081,,-10.3251596675923,0.18
Panama,PAN,2011,11.9088772249531,5.87580243678763,4.03,7.51833333333333,1.0,2303727320.10768,,-12.6581291367517,0.1
Panama,PAN,2012,9.62729346439019,5.69819959165993,3.691,7.72416666666667,1.0,2466273019.84038,,-8.97959013521378,0.14
Panama,PAN,2013,6.32435388662846,4.02715991571061,3.674,7.40333333333333,1.0,2847991008.35912,,-8.69806985044025,0.11
Panama,PAN,2014,4.62581375565551,2.62652699929143,4.391,6.935,1.0,4032196741.33615,,-12.9838146887401,0.09
Panama,PAN,2015,5.26691719595516,0.137492058461588,4.335,6.495,1.0,3378098353.89896,,-8.69390485131528,0.13
Panama,PAN,2016,4.57196707937275,0.73973402529995,4.717,6.59879787257444,1.0,3846753359.06372,,-7.54284614640251,0.39
Panama,PAN,2017,5.7440594635578,0.875585918759963,5.338,6.76606056632958,1.0,2703336161.52673,,-5.82243144918491,1.0
Panama,PAN,2018,3.91824253321265,0.761578359399945,5.161,6.88279966340463,1.0,2121303718.10741,,-7.88419298601023,1.83
Panama,PAN,2019,3.10295395631086,-0.355083821021246,6.256,7.09,1.0,3423477098.41293,,-5.14448028522086,2.16
Panama,PAN,2020,-17.8211174074602,-1.55027540803761,14.663,7.00833333333333,1.0,9613847648.57363,,0.215312493541315,0.37
Panama,PAN,2021,16.4669992022652,1.63070337301898,10.177,6.93666666666667,1.0,8832242051.03447,,-1.21399867998869,0.08
Panama,PAN,2022,11.0386022908773,2.85965128834711,8.086,6.9075,1.0,6876072133.54101,,-0.361802808993905,1.69
Panama,PAN,2023,7.16634016390665,1.48641355277038,6.544,,1.0,6756683681.74504,,-3.19379683721353,5.03
Panama,PAN,2024,2.74784148771307,0.69322555100446,8.451,,1.0,6855505288.43603,,0.65661826831948,5.14
Panama,PAN,2025,4.35030460627731,-0.189587880235675,8.36,,1.0,6240895468.02847,,-0.18687078048829,4.21
Papua New Guinea,PNG,2000,-2.49484199260023,15.5958933107535,2.92,17.5425,2.78215666666667,304157921.747747,57.7415312557776,9.95921732839907,6.24
Papua New Guinea,PNG,2001,-0.121288605564772,9.29817332783968,2.801,16.2075,3.38871506458333,440065781.569706,68.2675567269125,9.28741777969624,3.88
Papua New Guinea,PNG,2002,-0.158900533082658,11.7994470972606,2.756,13.8891666666667,3.89522080166667,343099525.379361,69.7344601261207,-0.837715059877841,1.67
Papua New Guinea,PNG,2003,2.16410250222083,14.7090779663557,2.628,13.3558333333333,3.563452875,520462532.69766,,4.0186139042782,1.13
Papua New Guinea,PNG,2004,2.72117574098235,2.15893131266946,2.526,13.2508333333333,3.2225401036692,660156570.997279,,4.79140919548253,1.35
Papua New Guinea,PNG,2005,6.34479592309654,1.78080439925826,2.385,11.4691666666667,3.10194980033333,750418379.435726,,13.3520776079467,3.22
Papua New Guinea,PNG,2006,5.40994409107307,2.3684623841683,2.285,10.5666666666667,3.05673478733333,1440728433.19493,,5.27638088337677,4.97
Papua New Guinea,PNG,2007,7.81518922862388,0.91135045567524,2.169,9.7775,2.96534583333333,2106234946.89102,,1.89447675578743,5.02
Papua New Guinea,PNG,2008,-0.296457845880582,10.7614182326827,2.168,9.19666666666667,2.70008833333333,2008196049.41046,,6.81299167765164,1.92
Papua New Guinea,PNG,2009,6.80042148322096,6.91832532601224,2.089,10.0941666666667,2.75514333333333,2629121235.36278,,-5.09167321110672,0.16
Papua New Guinea,PNG,2010,10.1284540720232,6.01360893567856,2.002,10.4458333333333,2.71929416666667,3121182845.40448,,-4.50849152932172,0.18
Papua New Guinea,PNG,2011,1.10754362619616,4.44083401028971,2.62,10.8083333333333,2.37096994940423,4352806335.28355,,-1.10018483437862,0.1
Papua New Guinea,PNG,2012,4.65711959686239,4.53720508166972,2.634,10.815,2.08364833902548,4035177908.45073,,-10.7881600289652,0.14
Papua New Guinea,PNG,2013,3.82494632800675,4.9603174603175,2.698,10.13,2.24451,2850601817.14749,,-16.2256819496775,0.11
Papua New Guinea,PNG,2014,13.5437706216546,5.22211720226841,2.54,9.37583333333333,2.461385,2329505233.38802,26.8946120001805,12.1393177239905,0.09
Papua New Guinea,PNG,2015,6.57835632304275,5.99595778127107,2.507,8.7325,2.76841166666667,1758569679.62188,29.8753777382805,11.2064023719229,0.13
Papua New Guinea,PNG,2016,5.48957315278187,6.6737288135593,2.478,8.37466666666667,3.13302930185604,1656817794.83772,33.7401900962348,13.6287612457148,0.39
Papua New Guinea,PNG,2017,3.53461081750459,5.42204568023834,2.58,8.38833333333333,3.18878838289617,1735798651.35536,32.685689411013,15.9024612947226,1.0
Papua New Guinea,PNG,2018,-0.279252284959952,4.37448921453162,2.65,9.075,3.2934630812508,2213546838.5573,36.6742909998618,13.6302697156748,1.83
Papua New Guinea,PNG,2019,4.48051456942582,3.92867290939597,2.651,8.65083333333333,3.38753768145423,2308231641.55446,40.1543056202126,14.3799231097493,2.16
Papua New Guinea,PNG,2020,-3.16743204434815,4.87167398565555,2.903,7.70083333333333,3.45997438644787,2686185780.88876,48.6800956056364,14.3372352654886,0.37
Papua New Guinea,PNG,2021,-0.510612607034361,4.48359014042398,3.03,7.6425,3.50877192982456,3240131311.16525,52.5758109570136,12.5753307362749,0.08
Papua New Guinea,PNG,2022,5.70701964996525,5.25323922215241,2.689,7.99083333333333,3.51922970506745,3982557795.83284,48.1887495719144,14.4294934827217,1.69
Papua New Guinea,PNG,2023,3.81046308333708,2.29869991296791,2.649,8.37916666666667,3.58962274932016,3901331641.41289,52.381326896826,9.0671653053806,5.03
Papua New Guinea,PNG,2024,3.88795324667848,0.602403921107917,2.625,8.29,3.8527502682192,3708907022.18138,52.0067408156387,15.4763748159171,5.14
Papua New Guinea,PNG,2025,5.63792052319458,4.42141364166485,2.571,,4.12272372720281,,,,4.21
Paraguay,PRY,2000,-2.31414056819045,8.98215976750022,7.61,30.9509227779,3486.35333333333,772414513.758737,,-2.79049501871094,6.24
Paraguay,PRY,2001,-0.834054716746095,7.26806028584825,6.206,32.6516922603125,4105.925,723168663.884361,,-0.375729695210563,3.88
Paraguay,PRY,2002,-0.0214043949985694,10.5102420856612,9.393,44.673181710321,5716.25833333333,641167536.795789,,8.61307588678674,1.67
Paraguay,PRY,2003,4.32074548551591,14.2367970499143,6.814,57.7716539539778,6424.33916666667,983433631.4114,,0.221163990286845,1.13
Paraguay,PRY,2004,4.05741836363771,4.32326492967491,6.513,38.7663435403788,5974.5775,1168046778.98545,,-0.101927990310014,1.35
Paraguay,PRY,2005,2.13349066459601,6.80738203116377,4.825,34.5661785164844,6177.9349469697,1297088538.07535,,-0.628692309199553,3.22
Paraguay,PRY,2006,4.80711719268376,9.58934941129229,5.277,34.8353701433139,5635.09393939394,1702147178.6523,,1.24447680615271,4.97
Paraguay,PRY,2007,5.42162287218235,8.13047417698577,4.713,28.9207415504089,5032.71157647908,2461472077.25277,,4.36238494214342,5.02
Paraguay,PRY,2008,6.4962921197091,10.1547846489023,4.415,29.8251032768361,4363.29160824492,2863012061.51468,,0.374841642433224,1.92
Paraguay,PRY,2009,-0.261137328080281,2.59194673430567,5.46,32.6561648356508,4966.68229650212,3861718922.52784,,1.77539259441669,0.16
Paraguay,PRY,2010,11.0952312685521,4.65116279069765,4.569,30.0888812718225,4758.43012878788,4166639316.00527,,-1.13361355132488,0.18
Paraguay,PRY,2011,4.28637120702282,8.2539682539683,4.67,17.3980540247749,4193.8023075919,4982545969.05874,,-0.732894985327255,0.1
Paraguay,PRY,2012,-0.708043112316886,3.67591897974496,4.085,17.1584673198116,4421.65928640414,4994947872.79258,,-1.88545344964699,0.14
Paraguay,PRY,2013,8.29307648940471,2.68385738718582,4.385,19.2705731491781,4303.88256599819,5872875217.83582,,0.833944389699359,0.11
Paraguay,PRY,2014,5.30123864473624,5.02882767456766,5.034,21.1860677808059,4462.18528829093,6986586468.56047,,-0.786915039842249,0.09
Paraguay,PRY,2015,2.95715168367079,3.12900274473925,4.556,19.7358561814464,5204.92080811087,5938523046.9591,,-0.217870478352272,0.13
Paraguay,PRY,2016,4.26802583314583,4.08682280577241,5.255,18.0748565194157,5670.54089799784,6880868043.64371,,4.58868258924149,0.39
Paraguay,PRY,2017,4.81007885554041,3.60247741348943,6.138,16.981885972602,5618.9334516428,7877536165.92124,,3.67698851016962,1.0
Paraguay,PRY,2018,3.20425034076639,3.97561015740694,6.217,15.7177063917515,5732.10455572912,7697884446.2912,,0.230707060235569,1.83
Paraguay,PRY,2019,-0.40185510068001,2.75709727562775,6.595,15.4842638363204,6240.72207844257,7717366750.62534,,-0.162746811735736,2.16
Paraguay,PRY,2020,-0.819785390971916,1.76751592356698,7.548,13.5373144065709,6771.09742519652,9202411639.30502,,2.38698954162833,0.37
Paraguay,PRY,2021,3.99461510731535,4.787983101236,7.311,12.5097388657844,6774.16273484849,9661226172.74015,,-0.608891037328284,0.08
Paraguay,PRY,2022,-0.0280771723899278,9.76556667164402,6.755,,6982.75237776692,9518826116.61083,,-6.45181312894917,1.69
Paraguay,PRY,2023,5.28584584975323,4.63202285403356,5.794,,7288.87205374128,9885683629.59266,,0.284720362671273,5.03
Paraguay,PRY,2024,4.66914577981763,3.83540271728533,5.686,,7560.24758837744,9567715594.05829,,-3.2503481047772,5.14
Paraguay,PRY,2025,6.64262511156879,4.0380642333938,4.803,,7545.44675537411,,,-3.18060668113463,4.21
Peru,PER,2000,2.69437139806912,3.75733833344474,4.959,29.9958333333333,3.49,8675891763.57695,,-2.9874113727773,6.24
Peru,PER,2001,0.617892325624297,1.97709878502053,5.068,24.9783333333333,3.50683333333333,8980104804.36401,,-2.31175794610238,3.88
Peru,PER,2002,5.45352893818767,0.193135003853722,4.84,20.7653572885806,3.5165,9721160042.62848,,-2.02693936398421,1.67
Peru,PER,2003,4.16502313666112,2.25937753363072,4.15,21.0156649712755,3.478467,10241971443.4071,,-1.61504289543387,1.13
Peru,PER,2004,4.95820320611745,3.66247320092233,4.71,24.6745640588226,3.413175,12664710327.2194,,0.0288861085400799,1.35
Peru,PER,2005,6.28506032509601,1.61630193862544,4.87,25.5338357716344,3.29584166666667,14171339683.0385,,1.50881026119421,3.22
Peru,PER,2006,7.5288990440594,2.00225801248819,4.17,23.9333333333333,3.27403250265816,17442093800.3961,32.5394575436311,3.24050716695869,4.97
Peru,PER,2007,8.5183877690955,1.77998644680372,4.08,22.8556480555556,3.12804457735247,27786002524.9928,28.5288183926826,1.42931463476859,5.02
Peru,PER,2008,9.1265683014642,5.78587598206755,4.03,23.6734449024808,2.92440833333333,31241123023.427,26.076322347553,-4.41112077807089,1.92
Peru,PER,2009,1.0958236592427,2.936231535967,3.96,21.0419233333333,3.01150833333333,33225062118.6704,26.4008658753596,-0.598288729210879,0.16
Peru,PER,2010,8.33245910749577,1.52832059732901,3.6,18.9768683333333,2.825125,44214818032.5469,23.6817913396941,-2.41611244249563,0.18
Peru,PER,2011,6.32719240161117,3.36931095333853,3.477,18.677925,2.7541,48913125192.9625,20.7202165724133,-1.96422212136988,0.1
Peru,PER,2012,6.13972470560435,3.61121294940163,3.238,19.2369083333333,2.63758641774892,64155414233.6095,19.2166594587652,-2.85658799241122,0.14
Peru,PER,2013,5.85251821084928,2.76789666082002,3.575,18.13925,2.70189902597403,65766057258.3036,18.3944203835345,-4.85472915477104,0.11
Peru,PER,2014,2.38215737180541,3.41194579807465,3.208,15.7433166666667,2.83904413780664,62529703139.4597,19.56538960172,-4.40483758703291,0.09
Peru,PER,2015,3.25224477218451,3.39809194746308,3.272,16.1058277777778,3.18443924152237,61594854517.8208,22.865554469277,-4.77973128045252,0.13
Peru,PER,2016,3.95331871520767,3.55717663556279,3.741,16.4662,3.37506158720665,61801163825.775,23.7062564342415,-2.42132634833473,0.39
Peru,PER,2017,2.51883544233135,2.99490045809443,3.691,16.7874916666667,3.2604884908321,63819289822.9382,24.7483395120072,-1.11176847186392,1.0
Peru,PER,2018,3.969351341365,1.50915423024742,3.492,14.539125,3.28660269803296,60333192028.0169,25.7290009576063,-1.28150267165616,1.83
Peru,PER,2019,2.24063176875049,2.25212191358027,3.379,14.38545,3.3372655465368,68440494635.2458,26.5266050304096,-0.727870000015783,2.16
Peru,PER,2020,-10.9333065010382,2.00241205759292,7.179,12.9383333333333,3.4949411976912,74961659711.1288,34.7649150438361,0.657151815147808,0.37
Peru,PER,2021,13.4166456126513,4.27166381536798,5.097,10.9795083333333,3.88055413137587,78589897922.7032,35.237190374692,-2.29896613499338,0.08
Peru,PER,2022,2.81819976419922,8.33370630096231,4.291,12.5972583333333,3.83518137473542,72328123071.4846,,-4.08676202376085,1.69
Peru,PER,2023,-0.350699814345759,6.45561348369586,4.899,,3.74382620959376,71394387239.6392,,0.480962420777884,5.03
Peru,PER,2024,3.5152749274832,2.00770739412712,5.199,,3.7525,79246042707.9259,,2.38859228781391,5.14
Peru,PER,2025,3.43056395124466,1.53125450314273,5.117,,3.5670638032991,90393720332.2317,,3.58499497152416,4.21
Philippines,PHL,2000,4.38250500083399,3.9771250324928,3.77,10.90725,44.19225,15074070180.8192,58.598433117411,-2.66284885287764,6.24
Philippines,PHL,2001,3.04923134463486,5.34550195567142,3.698,12.4015833333333,50.99265,15682884964.9252,59.2614955783056,-2.21740069327136,3.88
Philippines,PHL,2002,3.71625500158383,2.72277227722765,3.616,9.1385,51.6035666666667,16321045088.483,64.715074553291,-0.334490425515421,1.67
Philippines,PHL,2003,5.08691113513073,2.28915662650607,3.527,9.47166666666667,54.2033333333333,17083609599.8159,71.1158091036307,0.327439073939328,1.13
Philippines,PHL,2004,6.56922851180626,4.82921083627795,3.554,10.079,56.0399166666666,16234405945.6323,71.6007252032252,1.71049031113279,1.35
Philippines,PHL,2005,4.94250511877678,6.51685393258433,3.795,10.1849166666667,55.0854916666666,18474495450.4456,65.7097431233166,1.8529075905422,3.22
Philippines,PHL,2006,5.31641682136939,5.4852320675105,4.052,9.77866666666667,51.3142725,22963020101.7326,58.7978739921016,5.4545225788942,4.97
Philippines,PHL,2007,6.51929155018938,2.90000000000003,3.434,8.69141666666667,46.148391177755,33740202689.2617,51.5748916279875,5.17497335468166,5.02
Philippines,PHL,2008,4.34448730509183,8.26044703595725,3.72,8.75108333333334,44.32328760941,37497616849.3423,52.4322709324654,0.0792959465366613,1.92
Philippines,PHL,2009,1.44832306275669,4.21903052064628,3.858,8.56616666666667,47.6796884535091,44205983462.3944,52.4006931344165,4.80078349700448,0.16
Philippines,PHL,2010,7.33449996034538,3.78983634797591,3.605,7.67266666666667,45.1096641800896,62326286864.5526,50.1962414764938,3.44540917722718,0.18
Philippines,PHL,2011,3.85823282795663,4.7184170471842,3.592,6.66325,43.3131369237488,75123089217.1415,48.8058481254572,2.40919069913571,0.1
Philippines,PHL,2012,6.89695171050985,3.02696391124796,3.504,5.6795,42.2287947349434,83788600500.6134,49.1574552067049,2.65327822085759,0.14
Philippines,PHL,2013,6.75053130142255,2.58268766141795,3.497,5.76683333333333,42.4461848306739,83182370907.1603,47.1441818576352,4.00964958369035,0.11
Philippines,PHL,2014,6.34798748260867,3.59782343864211,3.6,5.52591666666666,44.3951543042097,79629428309.078,43.426338941462,3.6156391335833,0.09
Philippines,PHL,2015,6.34830971672761,0.674192536845408,3.068,5.57825,45.5028399421431,80640411491.447,,2.37094985955594,0.13
Philippines,PHL,2016,7.14945675000752,1.25369880080982,2.695,5.642,47.4924638585099,80666223156.9831,,-0.376262661565376,0.39
Philippines,PHL,2017,6.9309883258402,2.85318772590947,2.552,5.62725,50.4037197937177,81413504334.4498,,-0.652387929422697,1.0
Philippines,PHL,2018,6.34148557153473,5.30934661627707,2.338,6.1185,52.6614299539683,79195598849.54,,-2.55939306312468,1.83
Philippines,PHL,2019,6.11852566221303,2.39206534422404,2.237,7.09583333333333,51.7957826517332,89515298355.7402,,-0.808557862529767,2.16
Philippines,PHL,2020,-9.51829474045297,2.3931623931624,2.522,,49.6240960026328,109990274218.874,,3.20065009232565,0.37
Philippines,PHL,2021,5.71473313185116,3.92718022100332,3.398,,49.2545977288412,108754857244.204,,-1.50797765976295,0.08
Philippines,PHL,2022,7.58098212785563,5.82115811213955,2.598,,54.477785837205,96040188240.9305,,-4.51605763317134,1.69
Philippines,PHL,2023,5.51894967856043,5.97802515541409,2.2,,55.630363223193,103742233308.668,,-2.834121138482,5.03
Philippines,PHL,2024,5.71474526128652,3.21260487006347,2.202,,57.2906550699734,106195050244.098,,-4.0212789718349,5.14
Philippines,PHL,2025,4.40240158710621,1.6587364525509,2.235,,57.5050971489715,110928780532.07,,-3.34449841700068,4.21
Poland,POL,2000,4.65633252988236,9.90017538843065,14.928,,4.346075,27469379417.1752,,-5.98021918224644,6.24
Poland,POL,2001,1.23374464400356,5.4083354556615,18.435,,4.0939,26563086839.5156,,-3.09972932809545,3.88
Poland,POL,2002,1.90119437968586,1.90528215048054,20.211,,4.08003333333333,29783862625.3915,,-2.77624121851834,1.67
Poland,POL,2003,3.52337117234833,0.682701375787632,19.899,,3.889075,33958963963.2397,,-2.50410381576022,1.13
Poland,POL,2004,5.09079546409544,3.38264681884699,18.822,,3.65764166666667,36772763413.3981,,-5.96912639653316,1.35
Poland,POL,2005,3.26082274679216,2.18379872390251,17.592,,3.23548333333333,42560656301.1177,,-3.30488692842897,3.22
Poland,POL,2006,6.20210710934373,1.28469394366416,13.794,,3.10315833333333,48473948178.8457,,-4.64906335604984,4.97
Poland,POL,2007,6.7604478527626,2.4587431238539,9.551,,2.76795,65724834524.5349,,-6.68396289819493,5.02
Poland,POL,2008,4.38377069274605,4.16497193524779,7.069,,2.40924166666667,62183606683.5405,,-6.74648774312839,1.92
Poland,POL,2009,2.61512859291683,3.79539242483399,8.131,,3.12014166666667,79521599625.5025,,-3.94518857698649,0.16
Poland,POL,2010,3.16892748258036,2.58069370250548,9.578,,3.0153,93472504101.0455,,-5.16657584018312,0.18
Poland,POL,2011,5.25546256612796,4.23940149625932,9.576,,2.96284777777778,97712435349.2055,,-5.11055687403888,0.1
Poland,POL,2012,1.51178167644575,3.56037151702793,10.031,,3.25654166666667,108902203543.974,,-4.11182485634079,0.14
Poland,POL,2013,0.684240607051805,0.991982606332335,10.293,,3.16061666666667,106221491035.509,,-1.98155143805472,0.11
Poland,POL,2014,3.92050862390032,0.0538213132399802,8.971,,3.15454166666667,100452420334.113,,-2.97288032663133,0.09
Poland,POL,2015,4.43176700264478,-0.874125874125862,7.475,,3.7695,94902630299.2186,,-1.3254755565429,0.13
Poland,POL,2016,3.03117767594847,-0.664767331433962,6.141,,3.94278333333334,114328539232.702,,-1.06875798055693,0.39
Poland,POL,2017,5.15245773325907,2.07593553673859,4.867,,3.77933333333333,113267368075.15,,-1.18631971999704,1.0
Poland,POL,2018,6.2458584723942,1.81295156542689,3.835,,3.61171666666667,116956636327.589,,-1.96597258830492,1.83
Poland,POL,2019,4.58045817256199,2.22747880938291,3.267,,3.839375,128392157887.295,,-0.272945793712772,2.16
Poland,POL,2020,-2.03556882399977,3.37446972618589,3.155,,3.89974166666667,154219192491.435,,2.39835922164097,0.37
Poland,POL,2021,6.92718266052501,5.05502704719272,3.268,,3.86191666666667,166030186476.158,,-1.30156521580162,0.08
Poland,POL,2022,5.25545697386036,14.4294507575758,2.811,,4.45775833333333,166663927036.393,,-2.27455866454271,1.69
Poland,POL,2023,0.249610834017872,11.5289127961105,2.743,,4.20366666666667,193783277723.378,,1.53683077845046,5.03
Poland,POL,2024,3.02841630700273,3.79060897630197,2.807,,3.98078333333333,223114909804.172,,0.30454349270969,5.14
Poland,POL,2025,3.5727250346774,3.81419531520146,2.976,,3.76054166666667,271805173253.091,,-0.874270577338915,4.21
Portugal,PRT,2000,3.81617714108242,2.85303039287156,3.806,,1.08270508132602,14262113156.7969,,-10.8233299998961,6.24
Portugal,PRT,2001,1.94367213427915,4.36990330551792,3.829,,1.11653308564462,15060281506.1228,,-10.4344116184086,3.88
Portugal,PRT,2002,0.770924781247714,3.60034658290915,4.497,,1.05755899623965,17700956382.113,,-8.31755894208289,1.67
Portugal,PRT,2003,-0.930521045062918,3.21899090682895,6.132,,0.88404792718493,12813462307.6531,,-6.66692325748196,1.13
Portugal,PRT,2004,1.78873552917291,2.365362040973,6.319,,0.803921647747618,11684065090.9578,,-7.9833939998949,1.35
Portugal,PRT,2005,0.781847569123585,2.27716394887838,7.582,,0.803800192161442,10364170168.4847,,-9.60021052870913,3.22
Portugal,PRT,2006,1.62503532956156,3.1076654587105,7.649,,0.796432730949102,9882747256.04138,,-10.2302140524554,4.97
Portugal,PRT,2007,2.50657937751231,2.45396528138746,7.965,,0.729672399984083,11512068377.0956,,-9.65792414363098,5.02
Portugal,PRT,2008,0.319247344434558,2.58850657657956,7.553,,0.679922680042729,12006451708.5586,,-11.8598002235991,1.92
Portugal,PRT,2009,-3.12207827545093,-0.835530021504157,9.432,,0.716957702016136,15781930170.534,,-10.3235445210729,0.16
Portugal,PRT,2010,1.73762453640036,1.40257289895372,10.771,,0.754308990105961,20936757462.4983,,-10.2611634070617,0.18
Portugal,PRT,2011,-1.71352745905065,3.6530110043073,12.715,,0.718413898653317,20801304306.6758,,-6.11854777822697,0.1
Portugal,PRT,2012,-4.05090267621935,2.77333854051576,15.509,,0.778338120416812,22658232425.8407,,-1.52721549957903,0.14
Portugal,PRT,2013,-0.984106574148328,0.274416666666663,16.237,,0.752945122701996,17589253884.7934,,1.53973827822347,0.11
Portugal,PRT,2014,0.741391420706506,-0.278153367467428,13.88,,0.752728196932603,19700737012.1143,,0.315317528197345,0.09
Portugal,PRT,2015,1.58979803702681,0.48793862390472,12.405,,0.901296423367096,19402623792.0829,,0.508297093307309,0.13
Portugal,PRT,2016,2.00414129666575,0.607397074641719,11.058,,0.903421436257263,24989773864.5767,,1.42555528145605,0.39
Portugal,PRT,2017,3.31472008175986,1.36861411643482,8.878,,0.885205508269372,26096701287.2382,,1.56389644169824,1.0
Portugal,PRT,2018,2.94628343449202,0.993715683468233,6.966,,0.846772667108111,24920338987.3177,,0.7276825303456,1.83
Portugal,PRT,2019,2.74568432648596,0.338178410046124,6.422,,0.893276257067409,25002862227.513,,0.765771121812591,2.16
Portugal,PRT,2020,-8.20463159324387,-0.0124383299576209,6.85,,0.875506396987998,29459811842.7908,,-0.629832722737583,0.37
Portugal,PRT,2021,5.55875672070374,1.26565719069044,6.712,,0.84549413889045,32535115418.1482,,-0.67221074365241,0.08
Portugal,PRT,2022,6.98584137580278,7.83269124233323,6.138,,0.949623753156941,32231572058.7869,,-2.08477766426278,1.69
Portugal,PRT,2023,3.09998745904281,4.31128191898681,6.498,,0.924839558470698,35242560647.801,,0.55352409256356,5.03
Portugal,PRT,2024,2.21459232301109,2.41613187791876,6.5,,0.923889546117607,42434283510.5071,,2.07520783148021,5.14
Portugal,PRT,2025,1.86448007464475,2.33601620316701,6.164,,0.88496895841236,68839157118.0358,,,4.21
Post-demographic dividend,PST,2000,4.08593231425579,2.5798761121861,6.53699120304108,,,,,,6.24
Post-demographic dividend,PST,2001,1.50646517887505,2.65691093929315,6.38359327702813,,,,,,3.88
Post-demographic dividend,PST,2002,1.53655294052868,1.99874921149353,6.77664467622594,,,,,,1.67
Post-demographic dividend,PST,2003,2.00971709302573,2.02168542857985,6.86199228387437,,,,,,1.13
Post-demographic dividend,PST,2004,3.19457986158488,2.07924464636093,6.67204910657906,,,,,,1.35
Post-demographic dividend,PST,2005,2.80227642192794,2.37531958977882,6.4091008362879,,,,,,3.22
Post-demographic dividend,PST,2006,2.95414307023958,2.45792444195863,5.994063325313,,,,,,4.97
Post-demographic dividend,PST,2007,2.59763145430432,2.32761442623159,5.57196004328002,,,,,,5.02
Post-demographic dividend,PST,2008,0.367939451129118,4.15279708110293,5.90228542517582,,,,,,1.92
Post-demographic dividend,PST,2009,-3.3891508211187,0.839262246793805,8.07274225977277,,,,,,0.16
Post-demographic dividend,PST,2010,2.90884187925629,1.99621236745887,8.34726962592943,,,,,,0.18
Post-demographic dividend,PST,2011,1.6356329351827,3.3298532335065,8.06019449389029,,,,,,0.1
Post-demographic dividend,PST,2012,1.27044703966143,2.48567562177015,8.11703125262048,,,,,,0.14
Post-demographic dividend,PST,2013,1.52350189398453,1.40858109183009,8.01055138462552,,,,,,0.11
Post-demographic dividend,PST,2014,2.08004088630904,0.906794000434246,7.46206202944811,,,,,,0.09
Post-demographic dividend,PST,2015,2.25737860257307,0.36804684232536,6.88380194224391,,,,,,0.13
Post-demographic dividend,PST,2016,1.80639608099386,0.607397074641719,6.41054588620563,,,,,,0.39
Post-demographic dividend,PST,2017,2.47944817538426,1.73079959118896,5.85021474599449,,,,,,1.0
Post-demographic dividend,PST,2018,2.28758807836371,1.7386086198818,5.29340998979908,,,,,,1.83
Post-demographic dividend,PST,2019,1.82164159324701,1.61963190184048,4.93863793927205,,,,,,2.16
Post-demographic dividend,PST,2020,-4.03866257492757,0.632267331911716,6.72548575920498,,,,,,0.37
Post-demographic dividend,PST,2021,5.82057405938134,2.50835221473776,5.80602995350964,,,,,,0.08
Post-demographic dividend,PST,2022,2.86042677787768,7.87737003690613,4.52602226819937,,,,,,1.69
Post-demographic dividend,PST,2023,1.79595440239152,5.06713865364213,4.46960383607434,,,,,,5.03
Post-demographic dividend,PST,2024,1.77944527022298,2.44091572720697,4.61212708203082,,,,,,5.14
Post-demographic dividend,PST,2025,1.6533096131564,2.37284807226549,4.69905638249338,,,,,,4.21
Pre-demographic dividend,PRE,2000,5.47346007643203,4.16540442290283,5.13391983978484,,,,,,6.24
Pre-demographic dividend,PRE,2001,4.35453238448396,5.07745045522496,5.12153810037018,,,,,,3.88
Pre-demographic dividend,PRE,2002,6.00617138403928,4.37875971780873,5.0724611452453,,,,,,1.67
Pre-demographic dividend,PRE,2003,-0.568919674134492,5.2277338613968,5.04587122100171,,,,,,1.13
Pre-demographic dividend,PRE,2004,12.0080953608262,4.10703593955402,4.96212948847294,,,,,,1.35
Pre-demographic dividend,PRE,2005,5.96991931741751,7.7974978178644,4.93387732610229,,,,,,3.22
Pre-demographic dividend,PRE,2006,6.21676933701521,6.69526465773354,4.90998713639371,,,,,,4.97
Pre-demographic dividend,PRE,2007,6.06805742634351,5.99590755876365,4.87191262111388,,,,,,5.02
Pre-demographic dividend,PRE,2008,6.38744131574033,10.2876847921194,4.86836540696563,,,,,,1.92
Pre-demographic dividend,PRE,2009,4.84336953611044,4.56150687670983,4.90149804162028,,,,,,0.16
Pre-demographic dividend,PRE,2010,6.67265580684425,3.97655288478168,5.09524000558138,,,,,,0.18
Pre-demographic dividend,PRE,2011,4.1553757689192,6.4293968107234,5.14866591361225,,,,,,0.1
Pre-demographic dividend,PRE,2012,4.32626989714218,6.44121280934117,5.06492902606905,,,,,,0.14
Pre-demographic dividend,PRE,2013,6.11185150793546,4.63161619729461,4.86973350643787,,,,,,0.11
Pre-demographic dividend,PRE,2014,5.17291765109749,3.53436856147324,4.85956498950861,,,,,,0.09
Pre-demographic dividend,PRE,2015,3.04225473776046,3.25472688117631,4.92874848701502,,,,,,0.13
Pre-demographic dividend,PRE,2016,2.48790883634129,4.38389195513915,5.00843089695962,,,,,,0.39
Pre-demographic dividend,PRE,2017,1.65401035196942,4.5783374121255,5.2669199218143,,,,,,1.0
Pre-demographic dividend,PRE,2018,2.65801624793845,2.80203783510174,5.32927480343501,,,,,,1.83
Pre-demographic dividend,PRE,2019,3.16086400453494,2.56908784664759,5.38924122021237,,,,,,2.16
Pre-demographic dividend,PRE,2020,-4.15455315541389,3.39862928518853,5.89078404749377,,,,,,0.37
Pre-demographic dividend,PRE,2021,2.29076410791771,4.22278962033194,5.76848661848567,,,,,,0.08
Pre-demographic dividend,PRE,2022,4.63522422118558,8.77567482988523,4.97495099823102,,,,,,1.69
Pre-demographic dividend,PRE,2023,2.44455093685518,7.10220928557059,4.65198898265421,,,,,,5.03
Pre-demographic dividend,PRE,2024,3.328621675752,4.19081721344523,4.53734249793927,,,,,,5.14
Pre-demographic dividend,PRE,2025,3.57431469085844,3.27823540357584,4.54407578031541,,,,,,4.21
Puerto Rico (US),PRI,2000,3.27196451910478,,10.08,,1.0,,,,6.24
Puerto Rico (US),PRI,2001,6.31347157694064,,11.4,,1.0,,,,3.88
Puerto Rico (US),PRI,2002,0.916459423425337,,11.94,,1.0,,,,1.67
Puerto Rico (US),PRI,2003,0.0534198017173964,,11.78,,1.0,,,,1.13
Puerto Rico (US),PRI,2004,8.7486769008168,,10.31,,1.0,,,,1.35
Puerto Rico (US),PRI,2005,-1.98693871772703,,11.35,,1.0,,,,3.22
Puerto Rico (US),PRI,2006,-1.40941405684823,,11.01,,1.0,,,,4.97
Puerto Rico (US),PRI,2007,-1.16280665573993,,10.93,,1.0,,,,5.02
Puerto Rico (US),PRI,2008,-1.84413421831884,,11.48,,1.0,,,,1.92
Puerto Rico (US),PRI,2009,-1.95242518381124,,15.0,,1.0,,,,0.16
Puerto Rico (US),PRI,2010,-0.413254119172365,,16.1,,1.0,,,,0.18
Puerto Rico (US),PRI,2011,-0.358510636850312,,15.7,,1.0,,,,0.1
Puerto Rico (US),PRI,2012,0.0292751500944064,,14.5,,1.0,,,,0.14
Puerto Rico (US),PRI,2013,-0.306826666941774,,14.3,,1.0,,,,0.11
Puerto Rico (US),PRI,2014,-1.19036347346942,,13.9,,1.0,,,,0.09
Puerto Rico (US),PRI,2015,-1.04929003238674,,12.0,,1.0,,,,0.13
Puerto Rico (US),PRI,2016,-1.26369434781117,,11.8,,1.0,,,,0.39
Puerto Rico (US),PRI,2017,-2.88521838398481,,10.8,,1.0,,,,1.0
Puerto Rico (US),PRI,2018,-4.36142703162535,,9.2,,1.0,,,,1.83
Puerto Rico (US),PRI,2019,1.67546379498209,,8.3,,1.0,,,,2.16
Puerto Rico (US),PRI,2020,-4.1808743093346,,8.89,,1.0,,,,0.37
Puerto Rico (US),PRI,2021,0.385222719529239,,7.9,,1.0,,,,0.08
Puerto Rico (US),PRI,2022,2.95709565499587,,6.0,,1.0,,,,1.69
Puerto Rico (US),PRI,2023,0.731492105366186,,5.725,,1.0,,,,5.03
Puerto Rico (US),PRI,2024,3.17707554784896,,5.639,,1.0,,,,5.14
Puerto Rico (US),PRI,2025,0.317670046196895,,5.991,,1.0,,,,4.21
Qatar,QAT,2000,8.02812548837973,1.65033522434232,0.87,,3.64,1163240534.55416,,,6.24
Qatar,QAT,2001,3.89814748805541,1.47133434804683,0.87,,3.64,1317979112.40082,,,3.88
Qatar,QAT,2002,7.18252331136711,0.239999999999952,0.87,,3.64,1573357086.57437,,,1.67
Qatar,QAT,2003,3.7199194981967,2.26456504389469,0.87,,3.64,2952140936.48057,,,1.13
Qatar,QAT,2004,19.2185032411244,6.79933665008279,0.87,6.185,3.64,3414202840.55407,,,1.35
Qatar,QAT,2005,7.49272803754515,8.81439532334683,0.87,6.65166666666666,3.64,4552170762.09192,,,3.22
Qatar,QAT,2006,26.17039955781,11.8358096197431,0.87,7.18,3.64,5394808792.02756,,,4.97
Qatar,QAT,2007,17.9852165615129,13.7581625759964,0.52,7.42833333333333,3.64,9749045696.11503,,,5.02
Qatar,QAT,2008,17.6630346842674,15.0501451570333,0.31,6.84416666666667,3.64,9996578243.98446,,,1.92
Qatar,QAT,2009,11.9575512911227,-4.86327801622565,0.31,7.04416666666667,3.64,18803758797.5506,,,0.16
Qatar,QAT,2010,16.7315558489187,-2.42525675161714,0.45,7.27144798099308,3.64,31181698262.5165,,,0.18
Qatar,QAT,2011,13.0214050496923,1.13836623529202,0.56,5.48705867283659,3.64,16809490742.533,,31.0675107947676,0.1
Qatar,QAT,2012,4.62623675511804,2.31534853431661,0.48,5.38110455030475,3.64,33185072530.0802,,33.1847245628586,0.14
Qatar,QAT,2013,4.43070196521455,3.22197756829293,0.28,5.112674134,3.64,42082172537.965,,30.4240457483909,0.11
Qatar,QAT,2014,4.11911527912761,3.34972085659523,0.2,4.96392361111111,3.64,43215459717.5334,,23.9592611415734,0.09
Qatar,QAT,2015,4.75334572438737,1.8140772393776,0.17,4.43596212623861,3.64,37257529105.0352,,8.50181028353524,0.13
Qatar,QAT,2016,3.06419188430156,2.6765917009819,0.15,4.04068494236452,3.64,31887349772.9792,,-5.45006694867961,0.39
Qatar,QAT,2017,-1.49760470227838,0.394878914083005,0.14,4.69653289329285,3.64,15007730964.8132,,3.98856887721847,1.0
Qatar,QAT,2018,1.23487220191065,0.255815382724408,0.11,4.98064264061083,3.64,30358280804.0766,,9.08293669883969,1.83
Qatar,QAT,2019,0.688240954592672,-0.666641124861147,0.1,5.03907055609657,3.64,39718464943.2827,,2.41529709778,2.16
Qatar,QAT,2020,-3.5576039896784,-2.5403150300476,0.14,4.08648019909165,3.64,40972506521.4797,,-2.06750647346493,0.37
Qatar,QAT,2021,1.62684671918775,2.30446565742003,0.14,3.85107422420221,3.64,42212542110.0839,,14.6435967825643,0.08
Qatar,QAT,2022,4.18500970982862,4.99527553740761,0.13,4.56216060132599,3.64,47389335669.7513,,26.7778361978623,1.69
Qatar,QAT,2023,1.18715991623776,3.02764899198902,0.13,6.44900833333333,3.64,51538727785.639,,17.1136863378173,5.03
Qatar,QAT,2024,3.10963283242745,1.26734310292375,0.13,6.18,3.64,53987415590.4034,,17.5152925396793,5.14
Qatar,QAT,2025,2.90166036660493,,0.13,4.75395,3.64,55847316824.2018,,14.8111802018003,4.21
Romania,ROU,2000,2.4612634592269,45.6665940440238,6.969,53.85,2.17087208333333,3395672575.31485,,-3.63721875382544,6.24
Romania,ROU,2001,5.21813625673708,34.4770123493527,6.561,45.4,2.90607916666667,4857637360.90263,,-5.51799372952363,3.88
Romania,ROU,2002,5.70299165043771,22.5398862605386,8.112,35.425,3.305543,7285846580.42939,,-3.31050332793727,1.67
Romania,ROU,2003,2.34114732919521,15.2734889936255,6.95,25.435,3.32000708333333,9449445049.34238,,-5.72774106022585,1.13
Romania,ROU,2004,10.4281130180976,11.8743635936399,7.719,25.6125,3.26365683333333,16095478768.38,,-8.5123232185601,1.35
Romania,ROU,2005,4.6681480508487,9.01491283343835,7.174,19.6008333333333,2.91365316666667,21601177535.0141,,-8.67463205439942,3.22
Romania,ROU,2006,8.02881107599163,6.55851412276983,7.27,13.9816666666667,2.80898333333333,30206004058.7066,,-10.6661036918406,4.97
Romania,ROU,2007,7.23380774362805,4.83732928313989,6.413,13.3483333333333,2.43825,39974195968.9892,,-13.7032326042104,5.02
Romania,ROU,2008,9.30746717077338,7.85080255714482,5.787,14.9883333333333,2.51885833333333,39768375684.0995,,-11.658522565437,1.92
Romania,ROU,2009,-5.51670615843011,5.58742004264393,6.859,17.275,3.049325,44383053889.5597,,-4.72925693261463,0.16
Romania,ROU,2010,-3.90581157302972,6.09141668601891,6.959,14.0725,3.1779,48047830952.6969,,-4.98543687917279,0.18
Romania,ROU,2011,4.49558909946313,5.7892532881588,7.177,12.1275,3.04860833333333,48044368558.6277,,-4.81588301986923,0.1
Romania,ROU,2012,1.90361696799603,3.33492267693442,6.794,11.3291666666667,3.4682,46711176509.7631,,-4.57804292376289,0.14
Romania,ROU,2013,0.278771877470234,3.9847123554813,7.096,10.5225,3.32791666666667,48827640845.6875,,-1.13746709997941,0.11
Romania,ROU,2014,4.11600109267832,1.06830987684298,6.802,8.46583333333333,3.349175,43186336127.8466,,-0.341464408053705,0.09
Romania,ROU,2015,3.1570360543854,-0.594156437495203,6.812,6.7675,4.00566666666666,38700983240.8315,,-0.637491637323502,0.13
Romania,ROU,2016,2.85993252302089,-1.54479666813897,5.901,5.70916666666667,4.05918333333333,39953479392.8854,,-2.10324885883263,0.39
Romania,ROU,2017,8.19547826641261,1.3390212110439,4.927,5.56451674276812,4.05249166666666,44429296937.0156,,-3.19415712159883,1.0
Romania,ROU,2018,5.39452228185675,4.62548443137779,4.187,6.80820228932061,3.94161666666667,42129061937.9341,,-4.60748728741797,1.83
Romania,ROU,2019,3.96028958497598,3.82785432599438,3.912,7.16166666666667,4.237925,42006529633.5014,,-4.86977887140916,2.16
Romania,ROU,2020,-3.59802546034757,2.63107311184743,5.035,6.48640122828969,4.24399166666667,52190562712.0396,,-5.14044816549564,0.37
Romania,ROU,2021,5.58735072538869,5.05232876096582,5.59,5.61349905718721,4.16041666666666,51885588481.0885,,-7.21432085371446,0.08
Romania,ROU,2022,4.18771305104109,13.7954887432521,5.614,7.75709430926468,4.688475,55810109299.0554,,-9.25302809964964,1.69
Romania,ROU,2023,2.25773416555121,10.3971874764996,5.589,9.32096121452692,4.57429166666667,72999646521.5027,,-7.03377443891132,5.03
Romania,ROU,2024,0.916003764382594,5.72140574354439,5.4,8.76207529347297,4.598375,73391248091.2734,,-8.16757110224326,5.14
Romania,ROU,2025,0.677829835052762,7.18903362292063,5.992,8.52155041563583,4.47053333333333,90648371894.6505,,-7.90302624508594,4.21
Russian Federation,RUS,2000,10.0000668136515,20.7987606558704,10.581,24.4333333333333,28.1291666666667,27656266696.1263,62.1488888669576,17.4742424828314,6.24
Russian Federation,RUS,2001,5.10005122572568,21.4770072117159,8.978,17.9083333333333,29.168525,36302524269.37,48.9836153351704,10.4545347443772,3.88
Russian Federation,RUS,2002,4.69999190914258,15.7887307914463,7.875,15.7,31.3484833333333,48325637167.0147,41.3527168644107,7.9523289090993,1.67
Russian Federation,RUS,2003,7.29995234528189,13.6632930228666,8.21,12.975,30.692025,78409347970.6866,,7.69799200510312,1.13
Russian Federation,RUS,2004,7.19994786954857,10.8886157326216,7.763,11.4416666666667,28.8137416666667,126257956295.73,,9.90832254287658,1.35
Russian Federation,RUS,2005,6.39996544799469,12.6853039507349,7.124,10.6833333333333,28.2844416666667,182272103917.674,16.6608684477983,11.0454169715192,3.22
Russian Federation,RUS,2006,8.20006825456321,9.66865454789265,7.055,10.425,27.1909583333333,303773185900.098,9.89107286046746,9.32544491399994,4.97
Russian Federation,RUS,2007,8.49997776916511,9.00729868861079,6.002,10.0333333333333,25.5808453675404,478822286132.05,7.15843011658404,5.55457619335894,5.02
Russian Federation,RUS,2008,5.19996926404957,14.1107677840442,6.205,12.225,24.852875,426278773721.659,6.49528743788997,6.25797161157479,1.92
Russian Federation,RUS,2009,-7.79999391271275,11.6473295764118,8.301,15.3083333333333,31.7403583333333,439341754765.015,8.69786633503919,4.12086933736946,0.16
Russian Federation,RUS,2010,4.49999999920672,6.84939230255025,7.407,10.8166666666667,30.3679153383059,479222324221.266,9.09810564473106,4.4233366535099,0.18
Russian Federation,RUS,2011,4.30002918604238,8.4404648593257,6.571,8.45833333333333,29.3823413709302,497410212789.354,8.64108194430582,4.75452652542426,0.1
Russian Federation,RUS,2012,4.0240861571798,5.07474300799149,5.484,9.1,30.8398313519917,537816372807.129,8.55140859340356,3.22793090052757,0.14
Russian Federation,RUS,2013,1.75542214916291,6.75466833903486,5.513,9.46666666666667,31.8371436402813,509692074388.888,9.06725564048848,1.45817388483059,0.11
Russian Federation,RUS,2014,0.736267221403651,7.82016970013845,5.212,11.1416666666667,38.3782071444168,386216337149.112,11.2004612827286,2.79290979175164,0.09
Russian Federation,RUS,2015,-1.9727192264298,15.5343959935701,5.615,15.7166666666667,60.9376501088951,368042950258.841,13.5407657768558,4.97088857375125,0.13
Russian Federation,RUS,2016,0.193671130698817,7.04243725413707,5.591,12.5983333333333,67.0559333333333,377052204307.945,14.2417395793548,1.91643731021353,0.39
Russian Federation,RUS,2017,1.82670527549192,3.68333072334495,5.238,10.56,58.3428011851719,432730507964.11,16.3253741158845,2.04412673615753,1.0
Russian Federation,RUS,2018,2.80634082046656,2.87831382614981,4.871,8.86666666666667,62.6681333333334,468645216082.719,16.1685789853238,6.97989872935135,1.83
Russian Federation,RUS,2019,2.19807571381982,4.47202631837903,4.513,8.75333333333333,64.7376583333333,555179461638.925,17.2760484379376,3.87612476973049,2.16
Russian Federation,RUS,2020,-2.65365449695453,3.38219796948068,5.62,6.77583333333333,72.1049083333333,596769862769.564,22.992021036968,2.36911533657246,0.37
Russian Federation,RUS,2021,5.866491772979,6.69445891957612,4.749,7.18108333333333,73.65435,632241824796.464,21.0287512612177,6.83107025995823,0.08
Russian Federation,RUS,2022,-1.43537063467896,13.7436797398232,3.867,11.4591666666667,68.4849416666667,581709956946.206,19.2810466629119,10.370132157734,1.69
Russian Federation,RUS,2023,4.06661395813023,5.86571931748967,3.076,11.6225,85.1620083333333,597217063819.197,18.7312788319232,2.41395767974471,5.03
Russian Federation,RUS,2024,4.92167966203073,8.43486410496723,2.43,17.0925,92.5524,608360767884.902,17.8500676833114,2.85909027069263,5.14
Russian Federation,RUS,2025,1.00117656925738,8.71986939402666,2.133,,,,,1.68127939033566,4.21
Rwanda,RWA,2000,8.37089593573039,3.89952980284712,11.699,16.4841666666667,389.696216666666,190641890.700649,,,6.24
Rwanda,RWA,2001,8.48456034086699,3.34285506749409,11.732,16.3541666666667,442.991891666667,212109512.511183,,,3.88
Rwanda,RWA,2002,13.1920736288433,1.99258542453993,11.432,16.215,475.365241666667,243728532.498222,,,1.67
Rwanda,RWA,2003,2.2023875095978,7.44970014007366,11.658,15.9925,537.65498475,214698552.288102,,,1.13
Rwanda,RWA,2004,7.44766737037035,12.2507102894391,11.699,15.9875,577.448974583333,314640045.452476,,,1.35
Rwanda,RWA,2005,9.37789916585375,9.01408918092339,11.842,15.7791666666667,557.82264075,256882287.17377,,,3.22
Rwanda,RWA,2006,9.22707576994632,8.88282654777923,11.586,15.8658333333333,551.710333333334,381762789.729147,,,4.97
Rwanda,RWA,2007,7.63329819042882,9.08072205873158,11.58,15.9991666666667,546.955,783926885.383969,,,5.02
Rwanda,RWA,2008,11.161247324054,15.4382138709255,11.517,16.2516666666667,546.848653166667,769313046.836517,,,1.92
Rwanda,RWA,2009,6.24825750704265,12.9443978401712,11.625,16.7233333333333,568.281326833334,1009885490.217,,,0.16
Rwanda,RWA,2010,7.33465645016436,-0.246128693436934,11.637,17.0008333333333,583.130906583333,806395755.959934,,-6.59491458452678,0.18
Rwanda,RWA,2011,7.95838869909085,3.0801706924026,11.756,16.6675,600.30651975,717570235.836789,,-7.01210099491847,0.1
Rwanda,RWA,2012,8.64150815708138,10.2710182318876,11.671,16.7016666666667,614.295142416667,474526025.973946,,-9.80611353197011,0.14
Rwanda,RWA,2013,4.71984856950924,5.92426867984854,11.768,17.3191666666667,646.6359745,654417583.464105,,-7.5847109694642,0.11
Rwanda,RWA,2014,5.66845354233575,2.35449052820358,11.837,17.2591666666667,682.4377953875,945137111.233455,,-11.4959567599592,0.09
Rwanda,RWA,2015,8.87036752872743,2.52850284192421,11.831,17.3333333333333,719.8595555,917982055.127134,,-12.8289720052254,0.13
Rwanda,RWA,2016,5.65874584202778,7.17434301982009,11.788,17.2916666666667,787.25152175,1013798070.46449,,-15.4804167816287,0.39
Rwanda,RWA,2017,4.70393439751061,8.27953672260832,11.875,17.1708333333333,831.55433975,1179023818.21496,,-9.5518296297394,1.0
Rwanda,RWA,2018,8.07084254621641,-0.311210160390699,10.759,16.9466666666667,861.093412166667,1354679758.16221,,-10.1014050361481,1.83
Rwanda,RWA,2019,9.28613387454543,3.34787655037648,11.236,16.5275,899.350509,1464534537.8348,,-11.7010514056445,2.16
Rwanda,RWA,2020,-2.77710485515125,9.85039902274207,11.829,16.345,943.278048166667,1719664098.77361,,-11.7050024980473,0.37
Rwanda,RWA,2021,8.41140448646523,-0.391346748300791,15.775,16.1758333333333,988.624806551768,1867245803.70416,,-10.7463785818259,0.08
Rwanda,RWA,2022,9.82497394651698,17.6892095588153,15.084,16.385,1030.30829974206,1725586898.68952,,-9.07221418802756,1.69
Rwanda,RWA,2023,8.55964292914153,19.789546746467,12.352,16.0575,1160.09869425,1834052909.65197,,-11.1249965993558,5.03
Rwanda,RWA,2024,7.22717103344534,1.77029240198635,11.331,16.0166666666667,1318.12835733333,2406465191.3504,,-11.9618864449723,5.14
Rwanda,RWA,2025,9.37579834182446,5.913000168826,11.363,,1428.47827558333,1962663787.86036,,,4.21
Samoa,WSM,2000,5.09304469244418,0.966782350024729,4.733,,3.286361525,63657900.5985559,,,6.24
Samoa,WSM,2001,7.39012906172989,3.83828463867725,4.96,11.57,3.4780400715,56635259.6655088,,,3.88
Samoa,WSM,2002,5.65195919890348,8.0503144654087,4.975,11.4458333333333,3.3762581025,62493668.5199687,,,1.67
Samoa,WSM,2003,5.21262892634149,0.115830115830107,5.038,11.2816666666667,2.97323765833333,83909636.5316861,,,1.13
Samoa,WSM,2004,3.0872602379675,16.3131507905901,5.162,11.2308333333333,2.78072343066667,86133747.2822373,,-6.4149464165414,1.35
Samoa,WSM,2005,6.63920361300734,1.85676392572949,5.212,11.4275,2.71033673441667,77256900.7477346,,-9.96935129792268,3.22
Samoa,WSM,2006,2.13212714677351,3.70008680555553,5.321,11.7216666666667,2.77929404469672,75906873.4668761,,-15.3383144136503,4.97
Samoa,WSM,2007,0.485982550017255,5.57706393219629,5.425,12.6508333333333,2.61657247247996,90264699.1001182,,-7.97773344777515,5.02
Samoa,WSM,2008,3.55610467395,11.565906838454,5.538,12.6608333333333,2.64417628032353,81946109.9817463,,-8.45819641302631,1.92
Samoa,WSM,2009,-0.541677601834593,6.32495336235228,5.646,12.0825,2.73077850953731,144476857.502779,,-1.78417614225031,0.16
Samoa,WSM,2010,6.1247199226125,0.777007268777692,5.621,10.72,2.48465658452338,173039792.834033,,-9.0486988420524,0.18
Samoa,WSM,2011,3.84907794660396,5.23541591478434,5.68,9.9625,2.3174720118126,128020438.747895,,-10.9186849756524,0.1
Samoa,WSM,2012,-3.73213020890266,2.0490188352116,8.752,9.86,2.29231194992329,128350848.550635,,-0.996591960794168,0.14
Samoa,WSM,2013,0.107293276488932,0.61008572090503,8.772,10.2008333333333,2.31090003482576,128930588.626755,,-5.60710703051041,0.11
Samoa,WSM,2014,0.659923768782861,-0.40681608842489,8.72,10.015,2.33176884618308,101674433.293393,,-5.83183311325534,0.09
Samoa,WSM,2015,3.8503618166494,0.724470134874729,8.901,9.50833333333333,2.5608736880983,112244940.954545,,-1.54215771746013,0.13
Samoa,WSM,2016,7.9838628784713,1.30471869303179,9.063,9.09166666666667,2.56492967258212,88868313.1645828,,-4.55402357362581,0.39
Samoa,WSM,2017,1.40628239971301,1.74989677484705,9.4,8.76166666666667,2.55437711641037,123656063.041719,,-1.07027554451417,1.0
Samoa,WSM,2018,-0.609647103380141,4.19745888663752,8.649,8.95010076787388,2.58727995057261,162559147.904381,,2.68908513860988,1.83
Samoa,WSM,2019,4.45185891688691,0.982326569888117,7.858,8.92916666666667,2.64882632186605,177244065.937656,,3.73223650537797,2.16
Samoa,WSM,2020,-3.10864485863991,-1.56891247740895,7.467,8.705,2.66496084519696,277056415.241412,,-8.715956952862,0.37
Samoa,WSM,2021,-5.04350589708287,3.13320473174494,6.664,8.51541666666667,2.55609234207843,294681800.100088,,-13.3119414265584,0.08
Samoa,WSM,2022,2.26705310780669,10.9618822286844,5.048,8.29105904309602,2.68899764734059,321163283.656377,,-8.32318339446955,1.69
Samoa,WSM,2023,15.233606465518,7.92164684826777,4.92,8.31979190761793,2.73843913026323,447089817.094158,,3.84428249094403,5.03
Samoa,WSM,2024,4.7483863916535,2.17245530514377,4.855,8.43059676778872,2.75395370512433,507740280.935857,,5.57726960445615,5.14
Samoa,WSM,2025,4.20440659006225,2.2119620764675,4.996,8.38581460388878,2.79150381915391,598336707.938962,,6.93067870310178,4.21
San Marino,SMR,2000,2.17937971500419,,,,1.08270508132601,135161372.533955,,,6.24
San Marino,SMR,2001,5.57834290401968,,,8.1,1.11653308564468,133005013.095355,,,3.88
San Marino,SMR,2002,0.310800310800303,,,7.95,1.05755899623965,182564953.192803,12.7348281481481,,1.67
San Marino,SMR,2003,3.87296669248644,,,7.4875,0.884047927184961,251247772.877332,26.5286653982985,,1.13
San Marino,SMR,2004,4.5488441461596,1.43083868527343,,7.1375,0.803921647747605,355512155.778873,31.9233677947788,,1.35
San Marino,SMR,2005,2.42510699001426,1.68548890528347,,7.175,0.803800192161416,347709671.699278,39.3423254303621,,3.22
San Marino,SMR,2006,3.83008356545962,2.09525935611432,,6.70933333333333,0.796432730949096,479069768.427949,47.7656117606838,,4.97
San Marino,SMR,2007,7.10932260228034,2.49894575725803,,7.5825,0.729672399984088,647733471.513031,47.4509601321227,,5.02
San Marino,SMR,2008,-0.500939261114581,4.29320249287704,,7.8925,0.679922680042729,706793198.064613,46.8685383304774,,1.92
San Marino,SMR,2009,-10.3209565764632,2.19959237046011,,5.7425,0.716957702016136,790271922.067666,46.6074007324324,,0.16
San Marino,SMR,2010,-5.47368421052632,2.58541815582587,,5.3825,0.754308990105979,449159685.672526,54.9724926638478,,0.18
San Marino,SMR,2011,-8.3147735708983,2.89979584300123,,5.92,0.718413898653322,341857697.19973,44.8293754612433,,0.1
San Marino,SMR,2012,-7.04453441295546,2.8273322422258,,6.4775,0.778338120416812,384949652.80134,51.2177218791033,,0.14
San Marino,SMR,2013,-0.78397212543554,1.60439298078082,,6.62269160453955,0.752945122702002,539285341.235863,54.0230135522152,,0.11
San Marino,SMR,2014,-0.702370500438988,1.11296303373851,,6.10986523672487,0.752728196932591,392044349.567832,53.3245594404762,,0.09
San Marino,SMR,2015,2.29150309460655,0.145686073241066,,2.48961433088329,0.901296423367096,378976113.953944,56.930229397237,,0.13
San Marino,SMR,2016,2.34441211810459,0.644075340346552,,3.02186666666667,0.903421436257288,450983493.470616,57.3280887283533,,0.39
San Marino,SMR,2017,0.258259899709444,1.01413313194508,,4.06655,0.88520550826938,359153967.380821,54.5934448656939,-0.391282479269208,1.0
San Marino,SMR,2018,1.49390399796074,1.16333522293158,,4.163075,0.846772667108096,338919975.008338,55.9404542512682,-1.88727451807391,1.83
San Marino,SMR,2019,2.06569082920953,0.472651967352852,,3.98499166666667,0.893215581479226,473069834.537933,55.0853168718442,2.03446683734355,2.16
San Marino,SMR,2020,-6.64791226034481,-0.133368898372915,,3.73390833333333,0.877475207233012,781674169.94328,98.3476219337259,2.78236097304445,0.37
San Marino,SMR,2021,13.8977857594089,1.61551411551421,,3.5323,0.845376564367945,954382643.359993,95.1200983320097,5.39603252626239,0.08
San Marino,SMR,2022,7.89844678230362,5.32545321311365,,3.80209166666666,0.950915533962108,716066334.08873,103.153575174879,13.5955416462481,1.69
San Marino,SMR,2023,0.401932371532837,5.93190858629403,,5.634625,0.924709622987356,836088074.053394,99.8703825579645,21.9928746171677,5.03
San Marino,SMR,2024,,1.24216507945569,,5.49301666666666,0.924367447270267,758942003.435389,,,5.14
San Marino,SMR,2025,,2.29519525025037,,4.61580833333333,0.887144250370588,861236140.049186,,,4.21
Sao Tome and Principe,STP,2000,0.448368261692949,12.2089456308977,14.4,,7.97817166666666,11639663.8147926,,-26.3530521883155,6.24
Sao Tome and Principe,STP,2001,3.06448295788719,9.22203707560889,15.73,37.0,8.84210916666667,15481933.6221487,,-35.5295840568537,3.88
Sao Tome and Principe,STP,2002,3.360188168222,10.128724672229,17.63,37.4166666666667,9.088325,17352535.2577729,,-31.2249951011705,1.67
Sao Tome and Principe,STP,2003,8.29151946119818,9.79241974934509,16.36,29.59,9.34758333333333,25470020.0019815,,-27.7539600682048,1.13
Sao Tome and Principe,STP,2004,3.5379059435684,13.2858860871796,16.12,29.77,9.90232416666667,19503428.3234182,,-32.3272461423146,1.35
Sao Tome and Principe,STP,2005,6.61462475033599,17.1522049354354,16.47,31.1977777766667,10.5579703333333,26702730.9769363,,-26.5288051595619,3.22
Sao Tome and Principe,STP,2006,8.86610935944026,23.0770373451381,16.65,29.3,12.4486425,34181487.4676944,,-40.3849806309735,4.97
Sao Tome and Principe,STP,2007,3.64147185166024,18.5485136325779,16.021,32.4,13.536755,39331621.0517574,,-43.1433732431771,5.02
Sao Tome and Principe,STP,2008,6.2287850696102,31.9901039492573,15.421,32.4,14.6952016666667,61292170.2180379,,-49.7318439586792,1.92
Sao Tome and Principe,STP,2009,3.30239966645061,16.9574758025945,15.136,31.1083333333333,16.2084512541667,66659123.448409,,-39.2591791041684,0.16
Sao Tome and Principe,STP,2010,1.44845522890635,13.34005235378,14.628,28.8749722225,18.498601323751,48170349.065802,,-46.0873607998782,0.18
Sao Tome and Principe,STP,2011,1.99943210333259,14.3271667616801,14.229,26.9500000025,17.6229350058197,52125217.7863105,,-46.7031436146435,0.1
Sao Tome and Principe,STP,2012,2.94294277416023,10.6379353431628,13.59,26.1680555575,19.0684168084153,51587491.1367281,,-43.1048517269594,0.14
Sao Tome and Principe,STP,2013,5.11967735428513,8.10583270875476,12.476,25.9261111141667,18.4499526248781,63787766.5841619,,-30.4299465368537,0.11
Sao Tome and Principe,STP,2014,4.90621048664867,6.99849943966421,11.428,23.175,18.4664030495763,63523954.9791131,,-35.4587784381715,0.09
Sao Tome and Principe,STP,2015,1.5397042826735,5.24587835022454,10.591,23.3058333333333,22.0906445602113,72864704.9867351,,-26.4207009685278,0.13
Sao Tome and Principe,STP,2016,5.17682468684113,5.43051966119156,9.684,19.585,22.1488606347838,63203006.4164723,,-21.0403152023302,0.39
Sao Tome and Principe,STP,2017,4.11297966281954,5.6902961992902,8.808,19.6133333325,21.7411383607116,58950229.500284,,-22.7156290253769,1.0
Sao Tome and Principe,STP,2018,4.37812808264972,7.86859628873909,8.712,19.8736240791667,20.7508592370914,43683545.117539,,-19.5798259962622,1.83
Sao Tome and Principe,STP,2019,2.01431672129407,7.72024525213248,8.835,19.0620185185185,21.8847418164689,47148376.7357912,,-21.799320591176,2.16
Sao Tome and Principe,STP,2020,2.62485949543812,9.81932791540146,9.679,18.8275679012346,21.5070590993582,75287733.6769769,,-12.64674361519,0.37
Sao Tome and Principe,STP,2021,1.89929891337832,8.13777038378732,9.563,18.4864861111111,20.7104015163031,75017386.4624661,,-18.1632158527971,0.08
Sao Tome and Principe,STP,2022,0.168698492216564,18.0056351122841,8.964,17.9042287248361,23.2904039548641,64476467.0374442,,-4.73214359308342,1.69
Sao Tome and Principe,STP,2023,0.372252775001456,21.2589138473,9.032,17.8140694444444,22.6584247888496,46247347.8884686,,3.02606172743453,5.03
Sao Tome and Principe,STP,2024,1.47888850952698,14.3519273571008,9.057,17.8374768518519,22.6430098947812,58787511.7763146,,5.03043269730864,5.14
Sao Tome and Principe,STP,2025,1.02847453097097,11.0474362281814,9.132,,,,,,4.21
Saudi Arabia,SAU,2000,4.71813422138024,-1.12499838517645,4.57,,3.75,20846854711.0682,,7.55444425839441,6.24
Saudi Arabia,SAU,2001,0.344593196175438,-1.12094804896791,4.618,,3.75,18866525322.4819,,5.07959598329365,3.88
Saudi Arabia,SAU,2002,-0.688390130317757,0.247186492339686,5.265,,3.75,22185731358.2289,,6.26198626765416,1.67
Saudi Arabia,SAU,2003,8.76873381743964,0.612195358172966,5.563,,3.75,24537673815.334,,12.9967291873384,1.13
Saudi Arabia,SAU,2004,8.63100545880309,0.5155078977673,5.822,,3.75,29303891020.4748,,20.0686191554423,1.35
Saudi Arabia,SAU,2005,5.94489623934835,0.479231671630955,6.051,,3.75,157386678400.961,,27.0702838379988,3.22
Saudi Arabia,SAU,2006,3.31348473625901,2.20902314069647,6.254,,3.75,228956885016.288,,27.4448874249269,4.97
Saudi Arabia,SAU,2007,2.21365396372528,4.16782358431579,5.734,,3.75,309287347097.369,,24.5483035341762,5.02
Saudi Arabia,SAU,2008,6.2379875365458,9.87024816760266,5.085,,3.75,451278977577.857,,27.8314305903978,1.92
Saudi Arabia,SAU,2009,-1.06671711240203,5.0572227614833,5.377,,3.75,420983696036.328,,5.88427740874122,0.16
Saudi Arabia,SAU,2010,5.0395150823517,5.33941733020905,5.55,,3.75,459313194915.439,,13.5423706949189,0.18
Saudi Arabia,SAU,2011,11.758820686671,5.8262163739404,5.77,,3.75,556570950256.256,,23.8816335912652,0.1
Saudi Arabia,SAU,2012,5.76157382270968,2.86627029905053,5.622,,3.75,673739616018.359,,22.8484723061974,0.14
Saudi Arabia,SAU,2013,2.94563789152025,3.51104209799866,5.6,,3.75,737796355078.29,,18.3253067776542,0.11
Saudi Arabia,SAU,2014,4.02467158380668,2.24185348779063,5.877,,3.75,744440513643.462,,9.86478118777849,0.09
Saudi Arabia,SAU,2015,4.65512316652699,1.22269318552328,5.6,,3.75,626989686477.742,,-7.93818281494484,0.13
Saudi Arabia,SAU,2016,1.70404739202878,2.05347076823965,5.6,,3.75,547266635919.121,,-3.91268584311643,0.39
Saudi Arabia,SAU,2017,1.18210705878283,-0.834845735027162,5.89,,3.75,509457096430.156,,1.2254608961689,1.0
Saudi Arabia,SAU,2018,3.2269508901591,2.46594308994843,6.029,,3.75,509468527336.473,,7.89890750977747,1.83
Saudi Arabia,SAU,2019,1.65158925617395,-1.19298644533328,5.636,,3.75,514962537825.302,,3.64484004485364,2.16
Saudi Arabia,SAU,2020,-3.80478901996312,3.37234961012303,7.66,,3.75,472850970844.846,,-4.51692116727614,0.37
Saudi Arabia,SAU,2021,6.51959698325419,3.06328988941548,6.621,,3.75,473889603512.936,,4.5697627196532,0.08
Saudi Arabia,SAU,2022,12.0005874752929,2.47407371925372,5.589,,3.75,478231707665.7,,11.7294510759777,1.69
Saudi Arabia,SAU,2023,0.542592439393161,2.32708518362706,4.008,,3.75,457948635287.488,,2.12936729495784,5.03
Saudi Arabia,SAU,2024,2.64893068308965,1.68792112375809,3.518,,3.75,463869589071.029,,-1.29603148573183,5.14
Saudi Arabia,SAU,2025,4.50246560191663,2.08420853585036,3.038,,3.75,505163993094.995,,-2.56365940191401,4.21
Senegal,SEN,2000,3.88721095816793,0.731981981981597,2.638,,710.207977031367,,,-5.54079842355364,6.24
Senegal,SEN,2001,4.31085146618369,2.97450083919566,2.674,,732.397693260228,,,-3.77513794796373,3.88
Senegal,SEN,2002,0.0686965747419066,2.33730187454299,2.82,,693.713226496374,,,-4.54340089477443,1.67
Senegal,SEN,2003,5.59395094456143,-0.0519970242714495,2.781,,579.897426172466,,,-4.98969389328598,1.13
Senegal,SEN,2004,4.64329393683312,0.514781781023016,2.775,,527.338032291576,,,-5.07447589904161,1.35
Senegal,SEN,2005,4.31023852639633,1.71133325855502,2.679,7.04916666666667,527.258362649626,,,-6.14150322696352,3.22
Senegal,SEN,2006,2.33077098330239,2.11228583877117,2.755,4.73666666666667,522.425624895176,,,-7.36865431598262,4.97
Senegal,SEN,2007,2.82711920133374,5.85330428467681,2.8,4.75166666666667,478.633718476363,,,-9.37907093301321,5.02
Senegal,SEN,2008,3.70316906391386,7.34720236578406,2.816,4.98416666666667,446.000041432788,,,-11.2220760727631,1.92
Senegal,SEN,2009,2.75210448455053,-2.2480214785534,2.807,4.9775,470.293423341398,,,-5.30915741099426,0.16
Senegal,SEN,2010,3.39088925336209,1.22868119673344,2.795,5.11333333333333,494.794262222947,,,-3.65650876220736,0.18
Senegal,SEN,2011,1.33409107961258,3.40322829786971,2.853,5.25591666666667,471.248625718937,,,-6.44529936745543,0.1
Senegal,SEN,2012,4.00299555090457,1.41822871177854,3.896,5.03916666666667,510.556338454251,,,-8.65191854670286,0.14
Senegal,SEN,2013,2.41238527605579,0.710245486695176,5.012,5.2875,493.899623852237,,,-8.19227245767782,0.11
Senegal,SEN,2014,6.22407443790986,-1.09025507446895,5.849,5.33833333333333,493.757329875312,,,-6.80294523804886,0.09
Senegal,SEN,2015,6.36704365066983,0.135211933635165,6.757,5.15416666666667,591.21169798261,,,-5.31619475400192,0.13
Senegal,SEN,2016,6.35606857208136,0.837284942557434,4.455,5.295,592.605615063022,,,-4.178756111634,0.39
Senegal,SEN,2017,7.40748618589598,1.31815314847789,4.078,,580.656749587858,,,-7.28006040709529,1.0
Senegal,SEN,2018,6.20924103388887,0.460985642464188,3.453,,555.446458398226,,,-9.58292425612147,1.83
Senegal,SEN,2019,4.6136280976221,1.76011151192939,2.863,,585.911013180369,,,-8.10949609772065,2.16
Senegal,SEN,2020,1.34207377285524,2.54314685681662,3.432,,575.586004510945,,,-10.8532305243561,0.37
Senegal,SEN,2021,6.5440010991951,2.18032278088147,3.436,,554.530675033104,,,-12.0900482268387,0.08
Senegal,SEN,2022,3.85043193752725,9.69681899081073,2.837,,623.759700911182,,,-19.9485520410487,1.69
Senegal,SEN,2023,4.25743083300657,5.93947798773215,2.784,,606.569750165917,,,-19.7803402658787,5.03
Senegal,SEN,2024,6.46220577412338,0.804503298792438,2.788,,606.345297609063,,,,5.14
Senegal,SEN,2025,6.68227744849194,1.45900719841385,2.735,,581.92848104034,,,,4.21
Serbia,SRB,2000,6.0550897288645,71.1206287946541,12.6,78.7,63.1659,,,,6.24
Serbia,SRB,2001,6.77852279368084,95.0052258100006,12.8,38.85,66.91366,,,,3.88
Serbia,SRB,2002,6.54104600309256,19.4908321579689,13.8,3.27925887579115,64.405225,,,,1.67
Serbia,SRB,2003,4.55968997935088,9.87617889729578,15.2,2.58766658547053,57.5900416666667,,,,1.13
Serbia,SRB,2004,6.68686836863701,11.0263627183464,18.5,3.4539486544924,58.3757083333333,,,,1.35
Serbia,SRB,2005,5.90349622935489,16.1199806482826,20.85,3.50044313584287,66.717825,,,,3.22
Serbia,SRB,2006,3.90066644620993,11.7240229980834,20.85,5.11561220809172,67.155125,11888907220.3041,,,4.97
Serbia,SRB,2007,7.83207023027602,6.39170644391413,18.06,4.39333333333333,58.4495666666667,14214276004.6201,,-16.7617294107286,5.02
Serbia,SRB,2008,5.16089327231823,12.410986775178,13.67,6.03196632437249,55.72925,11477985605.7394,,-19.4339264115956,1.92
Serbia,SRB,2009,-3.14261075416574,8.11695092238082,16.116,6.87059315987914,67.6049333333333,15227935668.5302,,-5.96184093250948,0.16
Serbia,SRB,2010,1.61097281449412,6.14255360247248,19.204,4.75888888888889,77.7228416666667,13307506858.4548,,-6.18385847336539,0.18
Serbia,SRB,2011,0.0542724836581954,11.1373976342129,22.959,,73.3554333333333,15583042919.9853,,-9.92802601945114,0.1
Serbia,SRB,2012,-0.443956070983248,7.33038589596646,24.0,,87.9588083333333,14402950144.2862,,-10.4794350040675,0.14
Serbia,SRB,2013,0.451578805330726,7.69426362896655,22.154,,85.1588416666667,15431775005.6913,,-5.53788697865576,0.11
Serbia,SRB,2014,-1.80427041681132,2.08244793880154,19.223,,88.4053083333333,12051956986.1277,,-5.36439658261537,0.09
Serbia,SRB,2015,1.2957386351958,1.39235822000187,17.66,,108.811425,11344953319.4664,,-3.31781960336985,0.13
Serbia,SRB,2016,2.97519807160826,1.12231397417769,15.257,,111.27785,10748918412.8601,,-2.81825710129299,0.39
Serbia,SRB,2017,2.3634031250553,3.13106248590115,13.477,,107.75885,11906315333.2437,,-5.05239948291627,1.0
Serbia,SRB,2018,4.64935035491007,1.95984076293801,12.733,,100.175075,12874374086.5037,,-4.65847286841162,1.83
Serbia,SRB,2019,4.75020793899014,1.84922984511086,10.395,,105.249558333333,14994710381.1554,,-6.56331526088245,2.16
Serbia,SRB,2020,-0.950023991851594,1.57553290083415,9.011,,103.163291666667,16586724160.6969,,-3.89586001943546,0.37
Serbia,SRB,2021,7.94905650472278,4.08510285335102,9.843,,99.3959416666667,18616661464.3849,,-4.01208394283306,0.08
Serbia,SRB,2022,2.70347705543654,11.9815117344703,8.439,,111.662183333333,20679650165.5243,,-6.67116914473896,1.69
Serbia,SRB,2023,3.74793303561771,12.3719043552519,8.268,,108.402691666667,27569406103.6015,,-2.39364392003309,5.03
Serbia,SRB,2024,3.94992622592932,4.6705297488997,7.24,,108.207741666667,30484164151.2486,,-4.5565073329206,5.14
Serbia,SRB,2025,2.03039196235113,3.8903678606001,7.123,,103.9754,34150990742.9314,,-4.89862713687637,4.21
Seychelles,SYC,2000,4.25319834931828,6.26876876876878,,10.737,5.71381666666667,43752074.0468578,,-6.56104546972391,6.24
Seychelles,SYC,2001,-2.27116288552982,5.96962204168156,,10.6253416666667,5.85754166666667,37133887.9198106,,-23.1184684109926,3.88
Seychelles,SYC,2002,1.21283290259314,0.174999999999924,,10.5875333333333,5.48003333333333,69794569.4340033,,-13.645650344015,1.67
Seychelles,SYC,2003,-5.88712848764477,3.30255386407089,,10.615875,5.40071666666667,67387801.9996701,,-1.2468218160317,1.13
Seychelles,SYC,2004,-2.8504539768538,3.85730391367399,,9.99165,5.5,34591085.9657841,,-6.75447656002783,1.35
Seychelles,SYC,2005,9.0057617374238,0.907187718073944,,9.76903333333333,5.5,56244154.2963725,,-17.8003425507563,3.22
Seychelles,SYC,2006,9.40612855732827,-0.353465498693756,,10.0499666666667,5.51969166666667,112923278.381745,,-12.369358165591,4.97
Seychelles,SYC,2007,8.87606645570879,5.32060027285142,,10.8936721967483,6.7010595376306,40768609.3993161,,-18.0086154122812,5.02
Seychelles,SYC,2008,-2.72594626154864,36.9647582875289,,11.8077707180483,9.45724328344921,63833877.5195002,174.684386535722,-26.8423661578652,1.92
Seychelles,SYC,2009,-2.47937594726137,31.7544407744178,,15.3472516088461,13.60994045249,190546677.641739,,-22.2660045596963,0.16
Seychelles,SYC,2010,4.50513204312067,-2.40463875108227,,12.7026498136256,12.06775664095,255584702.553665,,-21.8405252938197,0.18
Seychelles,SYC,2011,9.5097833517957,2.55926772230953,,11.1899344887627,12.3810319073844,279115073.987238,,-28.452136390485,0.1
Seychelles,SYC,2012,3.1106784939243,7.11037062326403,,12.1911857642228,13.7040312149325,308093541.248072,,-14.8074270420075,0.14
Seychelles,SYC,2013,1.25373496242949,4.33893848329099,,12.2868344650413,12.0583166666667,425902438.873118,,-11.897242811547,0.11
Seychelles,SYC,2014,4.0636918123521,1.38583454581263,,11.648168423911,12.7470333333333,465010215.592435,,-22.3701856914691,0.09
Seychelles,SYC,2015,8.9140088750469,4.04194410725617,,12.3582003020898,13.313925,536145674.407411,,-17.8847188907867,0.13
Seychelles,SYC,2016,12.1175272453913,-1.01548191697626,,12.3575638172901,13.3191166666667,523503786.87859,,-2.61384777681389,0.39
Seychelles,SYC,2017,6.95416218794271,2.85679575568437,,12.2412522799554,13.6478416666667,545203276.387118,,-2.20368065340164,1.0
Seychelles,SYC,2018,4.93947272254312,3.70291839111568,,12.3088115646778,13.9111166666667,549521831.728019,,-2.34133369670356,1.83
Seychelles,SYC,2019,5.5142920737342,1.80709400809982,,12.6043960402411,14.03325,580545515.11504,,-2.842387489846,2.16
Seychelles,SYC,2020,-11.7398608281732,1.20266463987123,,11.607397279879,17.6165187554113,559681941.832234,,-12.5301883307748,0.37
Seychelles,SYC,2021,0.552281631207279,9.76909936973542,,9.15718223504157,16.9205225709613,702584737.676732,,-10.7699576448461,0.08
Seychelles,SYC,2022,9.88048366355446,2.6260363285129,,9.10152007717062,14.2727945255291,638960849.807493,,-7.08279204871696,1.69
Seychelles,SYC,2023,5.17980996672414,-1.03530088431952,,9.52952358287585,14.0181106992979,682793969.314271,,-7.12307582064592,5.03
Seychelles,SYC,2024,3.34667429007052,0.311726050919668,,9.80788658940314,14.5296931907518,773677575.743445,,-7.45776668599764,5.14
Seychelles,SYC,2025,5.79795669973812,0.297589655467556,,9.85217092419298,14.7254562696937,,,,4.21
Sierra Leone,SLE,2000,6.65273028404766,,4.137,26.25,2.092125,49207274.4210529,,-17.658489136383,6.24
Sierra Leone,SLE,2001,-6.34545563328469,,4.235,24.265,1.98615416666667,51311629.2747664,,-5.82077902002,3.88
Sierra Leone,SLE,2002,26.5241350674409,,3.909,22.1666666666667,2.09903386575,84690145.2514574,,-3.78669132902158,1.67
Sierra Leone,SLE,2003,9.48363126885343,,3.879,20.0,2.34794166666667,66617191.3528421,,-3.86532771869266,1.13
Sierra Leone,SLE,2004,6.47884588417347,,3.42,22.0833333333333,2.70129666666667,125104244.368796,,-4.42616819447044,1.35
Sierra Leone,SLE,2005,4.3534998069981,,3.734,24.5833333333333,2.8895875,170505508.389789,,-4.12285133599244,3.22
Sierra Leone,SLE,2006,4.28311062264335,,3.89,24.0,2.96190916666667,183927216.134409,,-2.91139372809153,4.97
Sierra Leone,SLE,2007,3.74975804751641,11.6499744518106,4.022,25.0,2.98518583333333,216555180.811995,,-4.40780618552027,5.02
Sierra Leone,SLE,2008,3.68605969932123,8.21112432289608,4.132,24.5,2.981515,220167661.341698,,-5.42208122544719,1.92
Sierra Leone,SLE,2009,1.53080323958716,7.46901898540982,4.268,22.1666666666667,3.38565,404964508.63092,,-8.27097097515225,0.16
Sierra Leone,SLE,2010,6.35566595800495,7.18566275668163,4.34,21.25,3.97808666666667,408971756.317222,,-13.7303367162603,0.18
Sierra Leone,SLE,2011,8.10065518714917,6.79138291952621,4.388,21.0,4.34916166666667,439130952.881157,,-39.3593386346764,0.1
Sierra Leone,SLE,2012,10.578331663387,6.58776239392585,4.378,21.0,4.34403666666667,477987067.655213,,-19.7049574950917,0.14
Sierra Leone,SLE,2013,14.6633238075229,5.52412877994266,4.376,20.56,4.33250083333334,532538016.704371,,-9.824320657344,0.11
Sierra Leone,SLE,2014,-7.81501512457241,4.63931171409667,4.678,19.4116666666667,4.52415916666667,600784544.071815,,-6.1504170840874,0.09
Sierra Leone,SLE,2015,-4.36333262093788,6.68943562498681,4.483,18.73,5.0807475,579013520.60832,,-14.7764569204395,0.13
Sierra Leone,SLE,2016,6.43743652764257,10.8860609413903,4.182,16.2166666666667,6.29029741495228,497242646.676568,,-4.83009013015939,0.39
Sierra Leone,SLE,2017,3.20786087715987,18.2215094003386,3.656,15.6583333333333,7.38443222248692,549121050.851389,,-11.8197447773241,1.0
Sierra Leone,SLE,2018,2.8938564123677,16.0295447693699,3.192,15.9616666666667,7.93163174973728,501210759.592547,,-9.25504556429235,1.83
Sierra Leone,SLE,2019,5.50270937378153,14.8049990906021,3.204,17.9666666666667,9.01022114400915,530137881.482077,,-7.78800790188033,2.16
Sierra Leone,SLE,2020,-1.2533490322766,13.4468711101052,3.509,17.9383333333333,9.82992676332375,707703898.12545,,-5.83728154393524,0.37
Sierra Leone,SLE,2021,5.8968527047094,11.8739588840234,3.551,18.8591666666667,10.4394253194587,945907747.182478,,-7.29482310965872,0.08
Sierra Leone,SLE,2022,5.3135546141915,27.2082883814653,3.137,19.3133333333333,14.0476497942157,624496474.631726,,-6.3486336227146,1.69
Sierra Leone,SLE,2023,5.7100218981806,47.6428733253179,3.092,19.6391666666667,21.3048751103818,495698793.817761,,-7.86330353335447,5.03
Sierra Leone,SLE,2024,4.29322334404611,28.6337500014115,3.103,20.579813034188,,433270129.080483,,-14.1190349801252,5.14
Sierra Leone,SLE,2025,4.60865077581276,7.48750166612986,3.15,21.4352243589744,,,,,4.21
Singapore,SGP,2000,9.03831632555163,1.36162392448456,3.7,5.83333333333333,1.72396333333333,81084978988.8664,83.842291725532,11.0715031927897,6.24
Singapore,SGP,2001,-1.07086275100448,0.997197956155943,3.76,5.64833333333333,1.7917225,76599880561.2857,93.9363125102557,14.4329302808565,3.88
Singapore,SGP,2002,3.92336076702013,-0.391676866585049,5.65,5.34583333333333,1.79058833333333,83413380412.0008,106.332540928351,14.8770537568056,1.67
Singapore,SGP,2003,4.54825542643229,0.507905300237551,5.93,5.30666666666667,1.74218333333333,97742808490.4118,108.589983770079,24.3020823146557,1.13
Singapore,SGP,2004,9.93998268434957,1.66272719863072,5.84,5.3,1.69022833333333,114161298698.232,101.779018993689,19.3111213606955,1.35
Singapore,SGP,2005,7.36632239250758,0.425106276569107,5.59,5.3,1.6643975,118061328490.524,94.9666937754733,23.2604773041195,3.22
Singapore,SGP,2006,9.00676607871758,0.965657519018511,4.48,5.3125,1.58893333333333,138652617421.388,82.8374805427534,26.8933813503311,4.97
Singapore,SGP,2007,9.02151951268893,2.10980166714574,3.9,5.33,1.50710166666667,166160593181.672,77.2760743035509,27.143332530687,5.02
Singapore,SGP,2008,1.86348345462035,6.63544058395309,3.96,5.38,1.41486083333333,177543472508.271,96.4099647516113,15.08343561816,1.92
Singapore,SGP,2009,0.127953382778088,0.589142019610516,5.86,5.38,1.45451471343874,192046029172.212,106.372468302322,16.3930632928179,0.16
Singapore,SGP,2010,14.5197497108994,2.82884527612958,4.12,5.38,1.36350833333333,231259743357.534,101.449782417951,22.9333472183784,0.18
Singapore,SGP,2011,6.21493416858989,5.25115624639373,3.89,5.38,1.25777587719298,243798272471.038,104.78518384861,22.2184518342372,0.1
Singapore,SGP,2012,4.43549759378537,4.58084479423094,3.72,5.38,1.2496762037037,265910197708.28,107.828093624626,17.6432739045995,0.14
Singapore,SGP,2013,4.81763099120676,2.36439793742726,3.86,5.38,1.2513,277797711589.929,99.4464888561159,15.707187590209,0.11
Singapore,SGP,2014,3.93554027709007,1.03316955857629,3.74,5.35,1.26705,261582777243.075,99.6097986729595,17.9502135491878,0.09
Singapore,SGP,2015,2.97679931634806,-0.521975611895763,3.79,5.35,1.374825,251875782494.842,103.320839751929,18.6930222903094,0.13
Singapore,SGP,2016,3.91095306322606,-0.529809760375464,4.08,5.35,1.38154636363636,251058293461.882,108.476641908311,18.0266123608265,0.39
Singapore,SGP,2017,4.32679370770501,0.576763191179996,4.2,5.28,1.380925,285000274600.258,108.841755783324,18.4885963302097,1.0
Singapore,SGP,2018,3.18660848474074,0.438784215129623,3.613,5.33,1.34884166666667,292715632357.011,110.440057046779,15.6764327413725,1.83
Singapore,SGP,2019,1.15877947300108,0.567829988405447,3.1,5.25,1.36415833333333,285477830549.322,127.851935478091,15.4536632743623,2.16
Singapore,SGP,2020,-3.61084281729929,-0.172111865925382,4.1,5.25,1.37974166666667,369834181899.806,150.816252807492,17.6975168735289,0.37
Singapore,SGP,2021,10.1410845197192,2.31610315765146,4.64,5.25,1.34348333333333,425097835210.8,147.759530258993,19.2527773366463,0.08
Singapore,SGP,2022,4.01027884472296,6.13095418919732,3.591,,1.37866666666667,296628740109.38,152.534986779861,18.9227008880076,1.69
Singapore,SGP,2023,1.45026775889565,4.83372362825798,3.444,,1.34276666666667,359834756845.917,173.624161872218,16.3916456531586,5.03
Singapore,SGP,2024,5.3435120192366,2.38951123595017,2.737,,1.33623333333333,383945953550.791,167.799832036767,17.2010838902762,5.14
Singapore,SGP,2025,5.02588199508003,0.902998495002676,2.818,,1.30745,432113578989.259,,16.7132387250529,4.21
Sint Maarten (Dutch part),SXM,2000,,,,,,,,,6.24
Sint Maarten (Dutch part),SXM,2001,,,,,,,,,3.88
Sint Maarten (Dutch part),SXM,2002,,,,,,,,,1.67
Sint Maarten (Dutch part),SXM,2003,,,,,,,,,1.13
Sint Maarten (Dutch part),SXM,2004,,,,,,,,,1.35
Sint Maarten (Dutch part),SXM,2005,,,,,,,,,3.22
Sint Maarten (Dutch part),SXM,2006,,0.300601202404805,,,,,,,4.97
Sint Maarten (Dutch part),SXM,2007,,4.43245754245754,,,,,,,5.02
Sint Maarten (Dutch part),SXM,2008,,-0.417929020080758,,,,,,,1.92
Sint Maarten (Dutch part),SXM,2009,,5.95763688760801,,,,,,,0.16
Sint Maarten (Dutch part),SXM,2010,3.19999269219366,1.33857621672882,,,,,,,0.18
Sint Maarten (Dutch part),SXM,2011,4.60000341415395,4.58475435650401,,,1.79,,,-0.482155645738833,0.1
Sint Maarten (Dutch part),SXM,2012,1.39054456773131,4.01518421081576,,,1.79,,,9.39570465234884,0.14
Sint Maarten (Dutch part),SXM,2013,1.30673103459678,2.5286478853837,,,1.79,,,0.422119060622617,0.11
Sint Maarten (Dutch part),SXM,2014,1.58038221539113,1.88675466275266,,,1.79,,,-8.13613939959859,0.09
Sint Maarten (Dutch part),SXM,2015,0.105813149997005,0.330027165141066,,,1.79,,,1.28485944638437,0.13
Sint Maarten (Dutch part),SXM,2016,0.96775836306881,0.111682655737579,,,1.79,,,-1.86269692206363,0.39
Sint Maarten (Dutch part),SXM,2017,-7.53521399882428,2.19201010962985,,,1.79,,,3.48114676740387,1.0
Sint Maarten (Dutch part),SXM,2018,-6.85698299227944,,,,1.79,,,5.93015272305455,1.83
Sint Maarten (Dutch part),SXM,2019,10.9650009352392,,,,1.79,,,-11.7225151374585,2.16
Sint Maarten (Dutch part),SXM,2020,-13.3167887221567,,,,1.79,,,-23.4917218241245,0.37
Sint Maarten (Dutch part),SXM,2021,4.57759677933345,,,,1.79,,,-23.0189555338875,0.08
Sint Maarten (Dutch part),SXM,2022,13.9000012614164,,,,1.79,,,-3.57811267634191,1.69
Sint Maarten (Dutch part),SXM,2023,3.79999769985537,,,,1.79,,,-6.91912615417334,5.03
Sint Maarten (Dutch part),SXM,2024,3.00000089532888,,,,1.79,,,,5.14
Sint Maarten (Dutch part),SXM,2025,3.40000000000001,,,,1.79,,,,4.21
Slovak Republic,SVK,2000,0.78922447792516,12.0357805974299,18.546,,46.0351666666667,4376328677.41435,,-3.36585003127904,6.24
Slovak Republic,SVK,2001,2.92516077248489,7.32962019115532,19.148,,48.3548333333333,4453132136.27224,,-8.15075424975697,3.88
Slovak Republic,SVK,2002,4.41725348271514,3.12714222984609,18.541,,45.32675,9195618259.20125,,-7.89305502420077,1.67
Slovak Republic,SVK,2003,4.85669851591319,8.55414305406653,17.549,,36.7729166666667,12149157811.6938,,-0.835083159855026,1.13
Slovak Republic,SVK,2004,5.38949856996771,7.54850088183423,18.206,,32.2569166666667,14911965832.3249,,-10.146838584551,1.35
Slovak Republic,SVK,2005,6.48493222274386,2.70908494588383,16.276,,31.01825,15479863359.0887,,-10.497236297843,3.22
Slovak Republic,SVK,2006,8.92568704770216,4.48333120449615,13.395,,29.69725,13364307419.1005,,-9.54715887745852,4.97
Slovak Republic,SVK,2007,10.8186295074904,2.75672371638135,11.16,,24.6943333333333,18973379149.3287,,-6.01532811494231,5.02
Slovak Republic,SVK,2008,5.36337721231949,4.59817976325028,9.514,,21.3614166666667,18836137092.7208,,-6.48535562964174,1.92
Slovak Republic,SVK,2009,-5.50533790972226,1.61510464058236,12.023,,0.716957702016136,1803647039.12467,,-3.38105508330995,0.16
Slovak Republic,SVK,2010,6.79058159142423,0.957018132975174,14.387,,0.754308990105961,2155733869.47611,,-4.6203044518302,0.18
Slovak Republic,SVK,2011,2.56242473215553,3.91928599146291,13.634,,0.718413898653317,2417985582.87202,,-4.92376770602968,0.1
Slovak Republic,SVK,2012,1.56917104702706,3.6061026352289,13.966,,0.778338120416812,2519014757.96747,,0.938943103720465,0.14
Slovak Republic,SVK,2013,0.703323545247201,1.40047368963025,14.226,,0.752945122701996,2152916324.50638,,2.91051144201471,0.11
Slovak Republic,SVK,2014,2.70795151449488,-0.0761653295419871,11.536,,0.752728196932603,2620751837.79851,,1.77620820872982,0.09
Slovak Republic,SVK,2015,5.17687909722133,-0.325219777427765,11.492,,0.901296423367096,2892029439.91285,,-2.05103816352739,0.13
Slovak Republic,SVK,2016,1.94781841524558,-0.520010196278358,9.679,,0.903421436257263,2879889589.86374,,-1.41742583384371,0.39
Slovak Republic,SVK,2017,2.87473327453695,1.31194588223247,8.142,,0.885205508269372,3620878540.50759,,-1.71807692688753,1.0
Slovak Republic,SVK,2018,4.06211981896483,2.51403712883803,6.544,,0.846772667108111,5229297354.833,,-1.59262375291934,1.83
Slovak Republic,SVK,2019,2.27589910019393,2.6645613342544,5.761,,0.893276257067409,7168770088.19532,,-3.51259174873163,2.16
Slovak Republic,SVK,2020,-2.58551241733207,1.93694126694223,6.719,,0.875506396987998,9343714002.21729,,-0.437071238574068,0.37
Slovak Republic,SVK,2021,5.6558588065555,3.1496062992126,6.894,,0.84549413889045,9609533728.63927,,-4.79283646505897,0.08
Slovak Republic,SVK,2022,0.544591632137454,12.7741463637611,6.143,,0.949623753156941,10280260081.4338,,-9.60893340616345,1.69
Slovak Republic,SVK,2023,2.11263633214959,10.5319476645211,5.843,,0.924839558470698,11288517853.7365,,-3.01849841620299,5.03
Slovak Republic,SVK,2024,1.93867445549446,2.75760909424279,5.3,,0.923889546117607,14451891658.1508,,-4.61427189349136,5.14
Slovak Republic,SVK,2025,0.807418690144758,4.00042823495829,5.359,,0.88496895841236,18161989981.1754,,-3.62646052924375,4.21
Slovenia,SVN,2000,3.49791942086068,8.91174418658757,6.918,,222.656085833333,3196099145.64647,,-2.71588283528864,6.24
Slovenia,SVN,2001,2.82868479430465,8.37966587492208,5.682,,242.748835,4397212830.73067,,0.151435477403197,3.88
Slovenia,SVN,2002,3.28258371393918,7.48077770703761,5.922,,240.248215,7063482625.72202,,1.05020145982641,1.67
Slovenia,SVN,2003,3.19503117236037,5.54416421752897,6.479,,207.113715696581,8598243635.71987,,-0.734658635827973,1.13
Slovenia,SVN,2004,4.54602214352336,3.5929759424951,6.012,,192.381124333333,8899759020.47717,,-2.61296856216983,1.35
Slovenia,SVN,2005,3.8541277114569,2.45150132316477,6.506,,192.705468,8159730011.99654,,-1.89301545547915,3.22
Slovenia,SVN,2006,5.90878130011174,2.45792444195863,5.95,,191.028257833333,7139432999.07756,,-1.77091456240672,4.97
Slovenia,SVN,2007,7.1392312914716,3.657495632841,4.818,,0.729672399984083,1065303786.0383,,-4.20761971530098,5.02
Slovenia,SVN,2008,3.37223866114127,5.64742380573939,4.371,,0.679922680042729,957648182.549978,,-5.3080397000345,1.92
Slovenia,SVN,2009,-7.59058614046387,0.839262246793805,5.858,,0.716957702016136,1078161602.59062,,-1.02930810163582,0.16
Slovenia,SVN,2010,1.11213719306735,1.80117022137138,7.236,,0.754308990105961,1070760883.00257,,-0.686229865264752,0.18
Slovenia,SVN,2011,0.655438128379743,1.8028517194191,8.166,,0.718413898653317,986893174.497991,,-0.77220264342676,0.1
Slovenia,SVN,2012,-2.91553782040462,2.59741386039003,8.841,,0.778338120416812,951915167.042351,,1.40334115378876,0.14
Slovenia,SVN,2013,-0.823776417691676,1.76920085881897,10.103,,0.752945122701996,922155291.790942,,3.51650748197892,0.11
Slovenia,SVN,2014,2.76283327639742,0.199343826570844,9.668,,0.752728196932603,1016368870.65301,,5.32786784003454,0.09
Slovenia,SVN,2015,2.39330621338168,-0.525552285820783,8.962,,0.901296423367096,856213889.025238,,4.11844607611057,0.13
Slovenia,SVN,2016,3.03441486663654,-0.0549995416705683,8.0,,0.903421436257263,742060176.083082,,5.29223433710435,0.39
Slovenia,SVN,2017,5.17440215579958,1.42910743319306,6.564,,0.885205508269372,889788337.683432,,6.82058845826205,1.0
Slovenia,SVN,2018,4.37908347331195,1.7386086198818,5.108,,0.846772667108111,933092542.00726,,6.52066143026877,1.83
Slovenia,SVN,2019,3.50525332381912,1.63052260754335,4.446,,0.893276257067409,1015426218.95745,,6.45290585431634,2.16
Slovenia,SVN,2020,-4.08500094942896,-0.05485681576061,4.971,,0.875506396987998,1311110695.57558,,7.67395367082141,0.37
Slovenia,SVN,2021,8.41686457725321,1.91706506089269,4.744,,0.84549413889045,2266987091.84422,,3.36779729636639,0.08
Slovenia,SVN,2022,2.66850555542486,8.83369886749452,4.011,,0.949623753156941,2267946375.45725,,-1.03068913156479,1.69
Slovenia,SVN,2023,2.3758326648385,7.44687717385846,3.652,,0.924839558470698,2370205836.30558,,4.46558757096219,5.03
Slovenia,SVN,2024,1.73139722479493,1.96562656432505,3.7,,0.923889546117607,2832343259.62504,,4.55086826535469,5.14
Slovenia,SVN,2025,1.05992996255246,2.37284807226549,3.175,,0.88496895841236,3549845300.95317,,3.55119188918651,4.21
Small states,SST,2000,5.96515098709465,2.80256405575846,10.4220070497304,,,,,,6.24
Small states,SST,2001,2.71123227665191,3.49617199103334,10.2393243248864,,,,,,3.88
Small states,SST,2002,3.57024132752943,2.40765801293491,9.84688576834024,,,,,,1.67
Small states,SST,2003,4.74180180443319,2.27675969518827,10.1507838382451,,,,,,1.13
Small states,SST,2004,4.49611380473492,3.04811107523416,9.79947038236949,,,,,,1.35
Small states,SST,2005,4.43373124919084,3.37781903988238,9.58922696945574,,,,,,3.22
Small states,SST,2006,6.55695530293785,3.8181247024271,8.74041678886564,,,,,,4.97
Small states,SST,2007,4.68401800569625,4.48088608614726,8.20829015972595,,,,,,5.02
Small states,SST,2008,1.21187674349743,8.42372566246186,8.00243712798649,,,,,,1.92
Small states,SST,2009,-4.35396889421725,2.19959237046011,9.49383006346729,,,,,,0.16
Small states,SST,2010,2.09524612741406,2.99936630549,9.64092506344516,,,,,,0.18
Small states,SST,2011,2.53147178044759,4.4073041447003,9.25275015749216,,,,,,0.1
Small states,SST,2012,2.145392566206,3.51877785642059,9.31406963085983,,,,,,0.14
Small states,SST,2013,1.16517400770937,1.75232737350762,9.42789036106017,,,,,,0.11
Small states,SST,2014,2.33382759269183,1.20139964481058,9.17019543151895,,,,,,0.09
Small states,SST,2015,2.25069098311559,0.552796026277853,8.78391504425952,,,,,,0.13
Small states,SST,2016,1.764520691762,0.644075340346552,8.66740053405155,,,,,,0.39
Small states,SST,2017,3.2130480541305,1.74989677484705,8.32778127632623,,,,,,1.0
Small states,SST,2018,3.38174135854818,2.13062774274025,8.10689854999494,,,,,,1.83
Small states,SST,2019,3.11127439080343,1.30544966502392,7.75168865751208,,,,,,2.16
Small states,SST,2020,-6.9752973416568,0.598986330824643,9.20499420465331,,,,,,0.37
Small states,SST,2021,7.29421049896773,2.41070312174393,8.82676059647368,,,,,,0.08
Small states,SST,2022,7.42838535135735,6.27689319447544,8.21647080688741,,,,,,1.69
Small states,SST,2023,5.02859646200615,5.06713865364213,7.66141080204045,,,,,,5.03
Small states,SST,2024,6.06796967493719,2.34358922540366,7.68067610421584,,,,,,5.14
Small states,SST,2025,4.39108110908893,2.25357866335894,7.75850083202263,,,,,,4.21
Solomon Islands,SLB,2000,-14.2769995149354,7.88956186986721,2.446,10.3333333333333,5.08893083333333,32044869.2772408,,-9.75872166781305,6.24
Solomon Islands,SLB,2001,-7.95660550454917,6.92583732057426,2.642,10.0,5.27798495317037,18070277.3465433,,-15.8332825110055,3.88
Solomon Islands,SLB,2002,-2.7999838935951,10.9296341872692,2.698,10.0,6.74877210289887,18687274.5467029,,-19.5076486144732,1.67
Solomon Islands,SLB,2003,6.52346760921694,8.26946349334406,2.286,10.0,7.50594374859842,37005791.5982839,,-9.55791509502596,1.13
Solomon Islands,SLB,2004,7.68364102152745,6.98584202682567,2.026,10.0,7.4847439055084,79812571.6179988,,-4.04309489428344,1.35
Solomon Islands,SLB,2005,7.35907917681935,7.33066341633299,1.879,9.25,7.52987302483596,94825566.293426,,-16.3149014874914,3.22
Solomon Islands,SLB,2006,4.13726239664898,11.2199870214146,1.916,8.16666666666667,7.60945833333334,104075013.506124,,-6.8331352879225,4.97
Solomon Islands,SLB,2007,3.63973499569106,7.66602013484806,1.978,8.0,7.652,120530168.359389,,-11.53055204475,5.02
Solomon Islands,SLB,2008,6.22590636247851,17.3200651968774,1.998,8.0,7.74791666666667,88829534.5674311,,-10.2527260927111,1.92
Solomon Islands,SLB,2009,2.86486309630651,7.09271716876286,2.02,10.1666666666667,8.05504166666667,145987707.520229,,-7.39710267104602,0.16
Solomon Islands,SLB,2010,9.70817235491481,1.05148163321038,1.617,14.4333333333333,8.06450134408602,265834982.908909,,-16.0506619217521,0.18
Solomon Islands,SLB,2011,7.43023752099302,7.34270706018,1.292,13.1733333333333,7.64125903009875,412272152.61395,13.9267708274456,-1.76447706076069,0.1
Solomon Islands,SLB,2012,2.46591837712438,5.91200602491155,0.984,11.2783333333333,7.35520284715203,498913804.248604,11.5924176877251,2.22663803763421,0.14
Solomon Islands,SLB,2013,5.23744704670068,5.3913638858756,0.694,10.7741666666667,7.30213510004206,520474136.787696,10.1053266339754,-2.99761288648899,0.11
Solomon Islands,SLB,2014,1.18945509547778,5.16590237925171,0.73,10.91,7.37534535364211,495902580.255375,8.72030492433418,-3.71113892809322,0.09
Solomon Islands,SLB,2015,1.67578612030815,-0.57446928635949,0.736,10.4783333333333,7.91468897735788,519562129.906361,6.7376311665869,-2.75806023188152,0.13
Solomon Islands,SLB,2016,5.55494348257992,0.512485626268792,0.736,10.0998401187231,7.94815293778867,513960963.295802,6.25960695307261,-3.53780145431414,0.39
Solomon Islands,SLB,2017,3.07546176144591,0.488686760261083,0.727,10.6947306507587,7.88739036909183,574230569.143112,8.40244987801104,-4.27498589689084,1.0
Solomon Islands,SLB,2018,2.74585244829055,3.46147484973729,0.722,10.7486518056707,7.95250486131003,617115407.092056,7.68567032380197,-2.95982088484313,1.83
Solomon Islands,SLB,2019,1.74925244485951,1.63485544012247,0.746,10.5951570347602,8.17339929777839,571632111.089413,7.74420412997056,-9.51100860736623,2.16
Solomon Islands,SLB,2020,-3.38125925839405,2.96354992076065,0.868,10.6825707369086,8.21341290967261,660995997.34991,11.4639181326619,-1.63132884568903,0.37
Solomon Islands,SLB,2021,-0.227975292792024,-0.115437894412839,0.879,5.17570858864648,8.03010299104933,694515407.823578,,-5.01770966156317,0.08
Solomon Islands,SLB,2022,-2.58448361755723,5.51812928576938,1.475,,8.1555286976263,661603757.979699,16.439440971058,-14.8999907899023,1.69
Solomon Islands,SLB,2023,2.84111851154807,5.88585897042164,1.443,,8.37559677613046,688220066.972769,22.3748893386413,-11.8314939444528,5.03
Solomon Islands,SLB,2024,2.99755987604104,4.32183948388033,1.444,,8.45483560171654,685807870.563439,26.0369330663254,-4.18133473457478,5.14
Solomon Islands,SLB,2025,3.61715088072386,3.36462189317825,1.431,,8.32684233252033,,,,4.21
"Somalia, Fed. Rep.",SOM,2000,7.11031431133236,,18.678,,,,,,6.24
"Somalia, Fed. Rep.",SOM,2001,7.1103143114324,,18.665,,,,,,3.88
"Somalia, Fed. Rep.",SOM,2002,7.63026729331047,,18.658,,,,,,1.67
"Somalia, Fed. Rep.",SOM,2003,7.63026729332455,,18.648,,,,,,1.13
"Somalia, Fed. Rep.",SOM,2004,7.11031431125608,,18.653,,,,,,1.35
"Somalia, Fed. Rep.",SOM,2005,7.1103143113146,,18.671,,,,,,3.22
"Somalia, Fed. Rep.",SOM,2006,6.48637073273908,,18.705,,,,,,4.97
"Somalia, Fed. Rep.",SOM,2007,6.69435192552552,,18.687,,,,,,5.02
"Somalia, Fed. Rep.",SOM,2008,6.69435192582009,,18.714,,,,,,1.92
"Somalia, Fed. Rep.",SOM,2009,6.69435192556188,,18.724,,31558.9054783951,,,,0.16
"Somalia, Fed. Rep.",SOM,2010,6.69435192550543,,18.741,,31269.6625712251,,,,0.18
"Somalia, Fed. Rep.",SOM,2011,6.69435192567755,,18.761,,29966.8354404084,,,,0.1
"Somalia, Fed. Rep.",SOM,2012,6.69435192556698,,18.771,,22516.0002967711,,,,0.14
"Somalia, Fed. Rep.",SOM,2013,10.9592986164311,,18.655,,19283.7999504521,,,,0.11
"Somalia, Fed. Rep.",SOM,2014,8.97800590574617,,18.595,,20230.9291310541,,,,0.09
"Somalia, Fed. Rep.",SOM,2015,10.4621881235147,,18.495,,22254.2356837607,,,,0.13
"Somalia, Fed. Rep.",SOM,2016,7.03487260042162,,18.611,,23061.7843138651,,,,0.39
"Somalia, Fed. Rep.",SOM,2017,14.7357956045195,,18.455,,23097.9873219373,,,,1.0
"Somalia, Fed. Rep.",SOM,2018,2.05431507261069,,18.7,,,,,,1.83
"Somalia, Fed. Rep.",SOM,2019,2.80033312513012,,18.828,,,,,,2.16
"Somalia, Fed. Rep.",SOM,2020,-2.76455696202532,,19.414,,,,,,0.37
"Somalia, Fed. Rep.",SOM,2021,3.44719850031242,,19.662,,,,47.306970368027,,0.08
"Somalia, Fed. Rep.",SOM,2022,2.71821202053759,,19.112,,,,43.3780260707635,,1.69
"Somalia, Fed. Rep.",SOM,2023,4.17524257571303,,18.96,,,,,,5.03
"Somalia, Fed. Rep.",SOM,2024,4.11139335779471,,18.949,,,,12.6627391994652,,5.14
"Somalia, Fed. Rep.",SOM,2025,2.99114404482197,,18.948,,,,,,4.21
South Africa,ZAF,2000,4.20000000067826,5.33895913599828,22.788,14.5,6.93982833333333,7702061131.77162,39.6390583837328,-0.125570459653347,6.24
South Africa,ZAF,2001,2.70000000019104,5.70189483049608,22.652,13.7708333333333,8.60918083333334,7626856919.15025,,0.253001084795547,3.88
South Africa,ZAF,2002,3.70037440406668,9.494713780996,22.579,15.75,10.5407466666667,7816784858.41019,,0.781937464700479,1.67
South Africa,ZAF,2003,2.94907546754213,5.67942414068799,22.679,14.9583333333333,7.56474916666667,8154089032.58033,,-0.782449992267883,1.13
South Africa,ZAF,2004,4.55455990721774,-0.692039437857687,22.567,11.2916666666667,6.4596925,14886243628.1943,,-2.50726120703613,1.35
South Africa,ZAF,2005,5.27705197295467,2.06285308223427,22.472,10.625,6.35932833333333,20624460695.2026,,-2.7747758989594,3.22
South Africa,ZAF,2006,5.60380645895889,3.2439076541923,22.304,11.1666666666667,6.77154916666667,25593361431.1639,,-4.00012427594728,4.97
South Africa,ZAF,2007,5.36047405394162,6.17781214809388,22.26,13.1666666666667,7.045365,32919403650.564,,-4.86189160706926,5.02
South Africa,ZAF,2008,3.1910438863288,9.90998456005467,22.407,15.125,8.26122333333333,34070371606.9593,,-5.1861810846768,1.92
South Africa,ZAF,2009,-1.53808913525583,7.23809523809527,23.523,11.7083333333333,8.47367415824888,39602644576.4755,,-2.38458187361532,0.16
South Africa,ZAF,2010,3.03973288127956,4.06749555950263,24.683,9.83333333333333,7.32122196115288,43819545749.0238,,-1.29901805615596,0.18
South Africa,ZAF,2011,3.16855627858818,5.0008533879502,24.639,9.0,7.26113213232735,48748260246.0381,,-2.01967628513274,0.1
South Africa,ZAF,2012,2.39623238465745,5.73797139141739,24.727,8.75,8.20996862659332,50688078405.0297,,-4.68373643403848,0.14
South Africa,ZAF,2013,2.48546800826588,5.78016910069176,24.561,8.5,9.65505606913526,49708174893.5691,,-5.33837274756911,0.11
South Africa,ZAF,2014,1.41382645223793,6.13282953059149,24.89,9.125,10.8526555687831,49121568380.4854,,-4.81243259488482,0.09
South Africa,ZAF,2015,1.32186223678229,4.51869094892506,25.149,9.41666666666667,12.7589308811644,45887065756.7249,52.6511572360833,-4.31028688643789,0.13
South Africa,ZAF,2016,0.664552307858116,6.60290842394872,26.536,10.4583333333333,14.7096108855267,47180127300.8565,53.7387913884354,-2.63361451678797,0.39
South Africa,ZAF,2017,1.15794695181735,5.18618655524149,27.035,10.375,13.3238014244992,50722891363.2361,56.2597208390879,-2.37436753188649,1.0
South Africa,ZAF,2018,1.55678384721676,4.50987264867388,26.906,10.0833333333333,13.2339264715833,51642041966.6735,59.1023114070608,-3.00051939426576,1.83
South Africa,ZAF,2019,0.25993557687633,4.10285075461156,28.468,10.125,14.4484270548333,55055893656.867,64.5892781351104,-2.6199906748304,2.16
South Africa,ZAF,2020,-6.1689177146757,3.23238831615113,29.217,7.70833333333333,16.4591053903333,55008491995.5568,75.7255090793216,2.00352275153333,0.37
South Africa,ZAF,2021,4.85864865060148,4.61874544887136,34.007,7.04166666666667,14.7786782139167,57597149617.2517,74.0826080051444,3.7724136934501,0.08
South Africa,ZAF,2022,2.05813661692193,7.03987272546482,33.268,8.79166666666667,16.3558534845,60553113006.2544,76.2333180266081,-0.296182598127432,1.69
South Africa,ZAF,2023,0.80610455095804,6.0752438457966,32.098,11.5,18.4502441785,62491675820.3129,79.4140619824567,-1.10356312207881,5.03
South Africa,ZAF,2024,0.534843531905139,4.36115246518962,32.279,11.625,18.3286575505,65434957159.2265,82.7627080034486,-0.64279979707505,5.14
South Africa,ZAF,2025,1.11462608103956,3.20550474112603,32.391,10.6875,17.8887489855833,76023398333.6109,,-0.422766754018983,4.21
South Asia,SAS,2000,4.08685651061379,3.24412805877163,7.17647475389305,,,,56.5678102867184,,6.24
South Asia,SAS,2001,4.57324198800495,3.05154659828612,7.23245898235974,,,,58.2364465802722,,3.88
South Asia,SAS,2002,3.77199800158957,3.75561866588351,7.34580672778149,,,,61.480702979549,,1.67
South Asia,SAS,2003,7.46572456516969,4.73728336485164,7.33330344756806,,,,60.9943097223078,,1.13
South Asia,SAS,2004,7.54604881721275,3.93659435875237,7.30632128284372,,,,63.9289388384921,,1.35
South Asia,SAS,2005,7.64449221771777,6.07448185265313,7.24801932806737,,,,63.0918598841689,,3.22
South Asia,SAS,2006,7.89518423097518,6.28089227308195,7.16089355787342,,,,60.5562898681274,,4.97
South Asia,SAS,2007,7.53428172873167,6.583827447617,7.2019977638481,,,,58.2777103305044,,5.02
South Asia,SAS,2008,3.48063577466947,9.40488747385817,7.29504082041586,,,,57.0954415021292,,1.92
South Asia,SAS,2009,7.38981184140867,4.9768244765374,7.3628078548039,,,,56.3529447807272,,0.16
South Asia,SAS,2010,8.19440351710111,7.58152977621468,7.16328861819797,,,,52.0331586963536,,0.18
South Asia,SAS,2011,5.45109403255725,9.0694344130466,7.17458097714582,,,,52.183299386377,,0.1
South Asia,SAS,2012,5.64515915583837,9.46940335888459,7.23720359721905,,,,51.2727904226458,,0.14
South Asia,SAS,2013,6.23326513053635,8.15339493090692,7.31372620028363,,,,50.9967091013576,,0.11
South Asia,SAS,2014,7.24547986703887,6.82864780544374,7.29419854752289,,,,50.6062629648746,,0.09
South Asia,SAS,2015,7.68973935190233,4.72755869604727,7.27349261228767,,,,50.8423091675579,,0.13
South Asia,SAS,2016,7.96912333644603,4.45355240327602,7.25080318686175,,,,47.6728207481026,,0.39
South Asia,SAS,2017,6.78411966009934,4.14162852223217,7.24969569674111,,,,47.6257691620209,,1.0
South Asia,SAS,2018,6.39366632555758,3.33139516437678,7.28140399591901,,,,46.5656471581538,,1.83
South Asia,SAS,2019,4.09454306534288,3.62894965885467,6.30644937347767,,,,,,2.16
South Asia,SAS,2020,-4.98750173652559,5.6602199868936,7.62561175204578,,,,,,0.37
South Asia,SAS,2021,9.24659959756499,5.33853088974918,6.33048938390488,,,,,,0.08
South Asia,SAS,2022,7.10115392414392,7.18461996730069,4.86631704704624,,,,,,1.69
South Asia,SAS,2023,6.7848640413625,6.38250790219375,4.16220090187648,,,,,,5.03
South Asia,SAS,2024,6.75761201913679,3.72320611944934,4.19214668978211,,,,,,5.14
South Asia,SAS,2025,7.12381420637792,3.10423966443212,4.24320442446027,,,,,,4.21
South Asia (IDA & IBRD),TSA,2000,4.08685651061379,3.24412805877163,7.17647475389305,,,,56.5678102867184,,6.24
South Asia (IDA & IBRD),TSA,2001,4.57324198800495,3.05154659828612,7.23245898235974,,,,58.2364465802722,,3.88
South Asia (IDA & IBRD),TSA,2002,3.77199800158957,3.75561866588351,7.34580672778149,,,,61.480702979549,,1.67
South Asia (IDA & IBRD),TSA,2003,7.46572456516969,4.73728336485164,7.33330344756806,,,,60.9943097223078,,1.13
South Asia (IDA & IBRD),TSA,2004,7.54604881721275,3.93659435875237,7.30632128284372,,,,63.9289388384921,,1.35
South Asia (IDA & IBRD),TSA,2005,7.64449221771777,6.07448185265313,7.24801932806737,,,,63.0918598841689,,3.22
South Asia (IDA & IBRD),TSA,2006,7.89518423097518,6.28089227308195,7.16089355787342,,,,60.5562898681275,,4.97
South Asia (IDA & IBRD),TSA,2007,7.53428172873167,6.583827447617,7.2019977638481,,,,58.2777103305044,,5.02
South Asia (IDA & IBRD),TSA,2008,3.48063577466947,9.40488747385817,7.29504082041586,,,,57.0954415021292,,1.92
South Asia (IDA & IBRD),TSA,2009,7.38981184140867,4.9768244765374,7.3628078548039,,,,56.3529447807272,,0.16
South Asia (IDA & IBRD),TSA,2010,8.19440351710111,7.58152977621468,7.16328861819797,,,,52.0331586963537,,0.18
South Asia (IDA & IBRD),TSA,2011,5.45109403255725,9.0694344130466,7.17458097714582,,,,52.183299386377,,0.1
South Asia (IDA & IBRD),TSA,2012,5.64515915583837,9.46940335888459,7.23720359721905,,,,51.2727904226458,,0.14
South Asia (IDA & IBRD),TSA,2013,6.23326513053635,8.15339493090692,7.31372620028363,,,,50.9967091013576,,0.11
South Asia (IDA & IBRD),TSA,2014,7.24547986703887,6.82864780544374,7.29419854752289,,,,50.6062629648746,,0.09
South Asia (IDA & IBRD),TSA,2015,7.68973935190233,4.72755869604727,7.27349261228767,,,,50.8423091675579,,0.13
South Asia (IDA & IBRD),TSA,2016,7.96912333644603,4.45355240327602,7.25080318686175,,,,47.6728207481026,,0.39
South Asia (IDA & IBRD),TSA,2017,6.78411966009934,4.14162852223217,7.24969569674111,,,,47.6257691620209,,1.0
South Asia (IDA & IBRD),TSA,2018,6.39366632555758,3.33139516437678,7.28140399591901,,,,46.5656471581538,,1.83
South Asia (IDA & IBRD),TSA,2019,4.09454306534288,3.62894965885467,6.30644937347767,,,,,,2.16
South Asia (IDA & IBRD),TSA,2020,-4.98750173652559,5.6602199868936,7.62561175204578,,,,,,0.37
South Asia (IDA & IBRD),TSA,2021,9.24659959756499,5.33853088974918,6.33048938390488,,,,,,0.08
South Asia (IDA & IBRD),TSA,2022,7.10115392414392,7.18461996730069,4.86631704704624,,,,,,1.69
South Asia (IDA & IBRD),TSA,2023,6.7848640413625,6.38250790219375,4.16220090187648,,,,,,5.03
South Asia (IDA & IBRD),TSA,2024,6.75761201913679,3.72320611944934,4.19214668978211,,,,,,5.14
South Asia (IDA & IBRD),TSA,2025,7.12381420637792,3.10423966443212,4.24320442446027,,,,,,4.21
South Sudan,SSD,2000,,,12.309,,,,,,6.24
South Sudan,SSD,2001,,,12.278,,,,,,3.88
South Sudan,SSD,2002,,,12.235,,,,,,1.67
South Sudan,SSD,2003,,,12.234,,,,,,1.13
South Sudan,SSD,2004,,,12.256,,,,,,1.35
South Sudan,SSD,2005,,,12.266,,,,,,3.22
South Sudan,SSD,2006,,,12.268,,,,,,4.97
South Sudan,SSD,2007,,,12.266,,,,,,5.02
South Sudan,SSD,2008,,,12.298,,,,,,1.92
South Sudan,SSD,2009,5.04164187983342,5.00627361534047,12.438,,,,,,0.16
South Sudan,SSD,2010,5.49341639529945,1.16962180301108,12.473,,,,,,0.18
South Sudan,SSD,2011,-4.64031673600859,46.8521757193597,12.585,,2.98895,,,,0.1
South Sudan,SSD,2012,-46.0821223743007,45.5258978371706,12.803,12.0253120760801,2.95,1282090260.28818,,,0.14
South Sudan,SSD,2013,13.1297311406943,-0.0580909784225664,12.665,13.5641229127859,2.95,947810456.615822,,,0.11
South Sudan,SSD,2014,3.37364847715736,1.6742990629552,12.561,18.6594879669541,2.95,416808670.07584,,-5.65945565697319,0.09
South Sudan,SSD,2015,-10.7933646271143,52.7663304192143,12.464,13.7803938893243,3.60416666666667,229880518.366327,,-4.169014055128,0.13
South Sudan,SSD,2016,,379.999585624026,12.854,10.3660058174986,46.7291666666667,68159818.6400242,,-5.76700049530002,0.39
South Sudan,SSD,2017,,187.851630279442,12.983,10.1313764663331,113.6475,33820210.9558201,,8.30684638743949,1.0
South Sudan,SSD,2018,,83.5015294922,12.853,16.1826855901098,141.385833333333,36396368.1998606,,-9.0382483224269,1.83
South Sudan,SSD,2019,,87.2413641500032,12.656,15.6547053123274,157.999166666667,378281747.007865,,-4.15741601037528,2.16
South Sudan,SSD,2020,,29.6758435538572,14.246,16.0896174795028,165.907316666667,183614816.68196,,-35.0491711578272,0.37
South Sudan,SSD,2021,,10.5167158294358,13.95,16.0884827108197,306.354619937276,341932479.973586,,-0.13161314202058,0.08
South Sudan,SSD,2022,,-6.68732094212668,12.475,16.2934964614722,534.511188691756,94914465.1760948,,-11.2233718358258,1.69
South Sudan,SSD,2023,,2.38280434813754,12.374,16.3616880968054,930.331429534051,72880855.2161365,,7.93071136684621,5.03
South Sudan,SSD,2024,,91.4408220769046,,14.683516249225,2163.10387269883,15961778.4894403,,,5.14
South Sudan,SSD,2025,,,,14.2916350675822,,,,,4.21
Spain,ESP,2000,5.20064125553942,3.43351563418764,13.785,,1.08270508132602,35607623344.835,56.4602218744994,-4.25952269013291,6.24
Spain,ESP,2001,3.91908880808811,3.58983413338117,10.348,,1.11653308564462,34235520830.3691,51.9977631328672,-4.3292603031356,3.88
Spain,ESP,2002,2.75545611564098,3.06565685902211,11.146,,1.05755899623965,40303470181.2951,50.1525230848091,-3.63459196311061,1.67
Spain,ESP,2003,2.9392895953076,3.03888839396661,11.283,,0.88404792718493,26809451669.0027,45.4755013109904,-3.80656644846325,1.13
Spain,ESP,2004,3.1145314799161,3.03924881090924,11.09,,0.803921647747618,19758627233.3238,43.4376841299849,-5.42400165587704,1.35
Spain,ESP,2005,3.5512255846125,3.36881409750383,9.146,,0.803800192161442,17227460742.3577,40.2343199754081,-7.21356556640438,3.22
Spain,ESP,2006,4.04343515605099,3.51557576832123,8.452,,0.796432730949102,19339948067.0765,35.7479971637415,-8.79382150381904,4.97
Spain,ESP,2007,3.53350013165972,2.7867974580495,8.232,,0.729672399984083,19028952268.3672,31.7331273426985,-9.36792330694923,5.02
Spain,ESP,2008,0.767165748290694,4.0753433595734,11.254,,0.679922680042729,20288388623.6605,35.7047178362371,-8.81669487692334,1.92
Spain,ESP,2009,-3.76813306940053,-0.287813083535241,17.857,,0.716957702016136,28051366380.3609,48.1994103860454,-3.94046083652283,0.16
Spain,ESP,2010,0.0941223116369514,1.79986457728769,19.86,,0.754308990105961,31871836372.9594,49.9611949485467,-3.57734356702049,0.18
Spain,ESP,2011,-0.639920636520344,3.19610188833792,21.39,,0.718413898653317,46704835356.6883,57.7899857640377,-2.5892900858806,0.1
Spain,ESP,2012,-2.86511368637748,2.44612782366809,24.789,,0.778338120416812,50588475476.9985,77.446159411603,0.125923054524353,0.14
Spain,ESP,2013,-1.42732224757626,1.40858109183009,26.094,,0.752945122701996,46335465037.6453,91.8693310672975,2.07791536141213,0.11
Spain,ESP,2014,1.52048593647231,-0.151114837527235,24.441,,0.752728196932603,50411846511.5441,104.927837414283,1.73595007328569,0.09
Spain,ESP,2015,4.06086672473866,-0.500365709903243,22.057,,0.901296423367096,53973842235.8777,104.513601500945,2.03697429462383,0.13
Spain,ESP,2016,2.91515598595787,-0.202598000426358,19.635,,0.903421436257263,63039926528.9472,105.968137016467,3.15808866042231,0.39
Spain,ESP,2017,2.89604207865007,1.95607633363954,17.224,,0.885205508269372,69400198866.0331,106.577780516625,2.82857699785743,1.0
Spain,ESP,2018,2.39541124478878,1.67498136863799,15.255,,0.846772667108111,70633189427.7056,107.203121919581,1.86142647160726,1.83
Spain,ESP,2019,1.96117850841711,0.699518994458648,14.104,,0.893276257067409,74731427284.14,111.293101240882,2.11978917805627,2.16
Spain,ESP,2020,-10.9400706350371,-0.322753017299649,15.532,,0.875506396987998,81287702460.7527,138.955245532848,0.819280213926571,0.37
Spain,ESP,2021,6.68314420473001,3.09313511976402,14.914,,0.84549413889045,92201269194.64,132.547539168518,0.765004613238447,0.08
Spain,ESP,2022,6.37031712129601,8.39057634118637,13.033,,0.949623753156941,92905070059.7299,109.021131387118,0.379418337465124,1.69
Spain,ESP,2023,2.46085796805582,3.53236133492433,12.179,,0.924839558470698,103088315527.743,107.392919205272,2.73246084042227,5.03
Spain,ESP,2024,3.45525405630191,2.747147886618,11.4,,0.923889546117607,107774143968.875,105.639074777338,3.18327391138733,5.14
Spain,ESP,2025,2.82495400578509,2.699932857627,10.376,,0.88496895841236,128593472896.352,,2.93829577885389,4.21
Sri Lanka,LKA,2000,6.00003315828934,6.17627591012045,7.74,,77.0051166666667,1131355289.18666,96.9040326453759,-6.28823142949348,6.24
Sri Lanka,LKA,2001,-1.54540813366026,14.15845579912,7.9,14.25,89.3830133333334,1357451866.36814,103.219274149885,-1.36821186331088,3.88
Sri Lanka,LKA,2002,3.96467568513113,9.55103167007251,8.76,13.1675,95.662065,1705155736.72707,105.524990754701,-1.42925945944237,1.67
Sri Lanka,LKA,2003,5.9402690780223,6.31463787051174,8.22,10.3458333333333,96.5209508333333,2333781502.23926,102.270712023476,-0.374541248460878,1.13
Sri Lanka,LKA,2004,5.44506127885352,7.57592582995856,8.38,9.46666666666667,101.1944575,2204868879.49586,102.328536698869,-3.1340311530145,1.35
Sri Lanka,LKA,2005,6.24174804376447,11.6396860971118,7.67,10.7641666666667,100.498051666667,2734967767.26121,90.6049131149854,-2.66382240513017,3.22
Sri Lanka,LKA,2006,7.66829190107919,10.0201836057035,6.5,12.85,103.914445833333,2832098098.88232,88.6994841221229,-5.29942775531871,4.97
Sri Lanka,LKA,2007,6.79682611892866,15.8421114924843,5.97,17.0766666666667,110.623233333333,3518418228.00438,84.9944169483341,-4.33041626176129,5.02
Sri Lanka,LKA,2008,5.95008814473897,22.5644955300126,5.22,18.8916666666667,108.333762719298,2616559583.33783,,-9.54319542329735,1.92
Sri Lanka,LKA,2009,3.53891205317842,3.46496322106074,5.85,15.6716666666667,114.944783333333,5353610216.22721,86.063491912486,-0.510385718302903,0.16
Sri Lanka,LKA,2010,8.01596737040464,6.2176488930462,4.784,10.2175,113.064480448821,7195358507.00001,69.2530251841062,-1.83339431574737,0.18
Sri Lanka,LKA,2011,8.66948301160571,6.7167684358854,4.118,9.41175,110.565207851396,6739196545.08981,68.5257394060365,-6.81209765681019,0.1
Sri Lanka,LKA,2012,8.6321813769906,7.54291373239437,3.88,13.2823333333333,127.60335350681,7106460348.66884,66.747235367261,-5.69099820826854,0.14
Sri Lanka,LKA,2013,4.0517463303875,6.90845034828452,4.186,12.4533333333333,129.069030932888,7500000871.53903,68.353616559854,-3.30046822137757,0.11
Sri Lanka,LKA,2014,6.37797889684965,3.1790022823606,4.157,7.8375,130.564685218829,8210750127.74159,68.5910423360777,-2.40840557196081,0.09
Sri Lanka,LKA,2015,4.20595547501601,3.76836783062096,4.519,6.9575,135.856912797089,7302096590.22385,73.5126591623625,-2.21267766608825,0.13
Sri Lanka,LKA,2016,5.05362488993089,3.9588884659307,4.242,10.4933333333333,145.581667492026,6008199165.17799,,-1.97999493165089,0.39
Sri Lanka,LKA,2017,6.46068127080994,7.70413767850602,4.046,11.57,152.446413948767,7959047614.93675,,-2.4467643490753,1.0
Sri Lanka,LKA,2018,2.31008425504933,2.135037737132,4.318,11.5541666666667,162.464858736778,6920825566.09992,,-2.96352841915887,1.83
Sri Lanka,LKA,2019,-0.220483886824823,3.52839358231811,4.67,11.2441666666667,178.744925045848,7648305273.42442,,-2.07126631647205,2.16
Sri Lanka,LKA,2020,-4.62451503712715,6.15394508391738,5.364,,185.592557772213,5663994385.32784,,-1.40761495020573,0.37
Sri Lanka,LKA,2021,4.2074764950026,7.01478071238195,4.981,,198.764316844656,3136991506.34787,,-3.70866603299245,0.08
Sri Lanka,LKA,2022,-7.34919311146656,49.7211021114327,4.528,,322.632674256475,1896231717.15846,,-1.95359411068218,1.69
Sri Lanka,LKA,2023,-2.0289296690344,16.5411742279832,4.528,,327.506533333333,4405117005.00662,,1.71159541534782,5.03
Sri Lanka,LKA,2024,4.99241614398109,-0.42936004906973,4.239,,,6093946546.37437,,1.21048332599166,5.14
Sri Lanka,LKA,2025,4.9534339114043,-4.76386036960983,4.005,,,,,,4.21
St. Kitts and Nevis,KNA,2000,10.042808415173,2.14885532743696,,11.1037230434773,2.7,45199214.9459163,,-25.4692655371036,6.24
St. Kitts and Nevis,KNA,2001,5.25344983010886,2.30344748349255,,11.0763667509906,2.7,56429365.4519954,,-22.5205550309294,3.88
St. Kitts and Nevis,KNA,2002,1.36771507253633,2.04109102620208,,10.8931185762886,2.7,65752273.1110241,79.2688095806907,-19.9706256978221,1.67
St. Kitts and Nevis,KNA,2003,-3.93339486032939,2.23543664374553,,12.2164064390535,2.7,64802098.3125229,92.3085420315927,-17.7390647418292,1.13
St. Kitts and Nevis,KNA,2004,3.99634666125431,2.31455462238093,,10.2524673963376,2.7,78469063.538565,90.828054331704,-7.70263043844735,1.35
St. Kitts and Nevis,KNA,2005,9.73282070298016,3.37781903988238,,10.0349577016759,2.7,71611722.8579596,92.3212291448103,-7.2318098036205,3.22
St. Kitts and Nevis,KNA,2006,3.15038119968223,8.48748575845879,,9.30075281664404,2.7,88697803.0782002,84.6590647845878,-11.0598682210987,4.97
St. Kitts and Nevis,KNA,2007,0.600602326543751,4.48088608614726,,9.27814952398717,2.7,95790629.9072359,97.046322814295,-13.8968818612708,5.02
St. Kitts and Nevis,KNA,2008,11.3170358267109,5.30029675072584,,8.70234605404264,2.7,110411464.623506,92.4815575039171,-17.1935240173318,1.92
St. Kitts and Nevis,KNA,2009,-3.40474015376245,2.05793709041836,,8.75231161283475,2.7,136408154.171007,100.754350550575,-21.1253307397587,0.16
St. Kitts and Nevis,KNA,2010,-0.0541942065330545,0.850878649795844,,8.61681004027483,2.7,168859133.54094,104.877909576037,-15.3287283630879,0.18
St. Kitts and Nevis,KNA,2011,1.61660730423688,5.8351651957086,,9.44508791429837,2.7,244261262.258249,103.00959046712,-7.81462598635505,0.1
St. Kitts and Nevis,KNA,2012,-0.737636737448398,0.816089281562459,,8.73398885413872,2.7,263485328.014723,96.9555960797348,-3.12891542335696,0.14
St. Kitts and Nevis,KNA,2013,5.72728087234704,1.10698554000129,,8.77635361152344,2.7,301952572.319684,67.1288453720016,-2.86459110864068,0.11
St. Kitts and Nevis,KNA,2014,7.57696602328922,0.247865392364942,,9.281492190571,2.7,327252698.805102,57.666394367293,0.698262924495274,0.09
St. Kitts and Nevis,KNA,2015,0.694135527876625,-2.30187563045616,,9.29691666666667,2.7,288394872.297999,,-8.10718614819114,0.13
St. Kitts and Nevis,KNA,2016,3.93270319273282,-0.687037123294039,,9.23,2.7,320542568.31894,,-12.0811606049124,0.39
St. Kitts and Nevis,KNA,2017,0.220941147299996,0.694916711613604,,9.0925,2.7,365098328.465168,,-10.2532816485858,1.0
St. Kitts and Nevis,KNA,2018,2.00352549800972,-1.03712214131572,,8.85792016666666,2.7,363216830.554272,,-5.84580153302049,1.83
St. Kitts and Nevis,KNA,2019,2.93824658056356,-0.329562063663977,,8.52342308333333,2.7,362798006.089721,,-4.78511635759442,2.16
St. Kitts and Nevis,KNA,2020,-15.3018891740649,-1.16724501769353,,7.650572,2.7,373502419.388162,,-10.8380413895977,0.37
St. Kitts and Nevis,KNA,2021,0.367606879216311,1.195688870384,,7.14461925,2.7,337532614.294912,,-3.35211367910692,0.08
St. Kitts and Nevis,KNA,2022,10.4804941546807,2.66817533111249,,7.05012091666667,2.7,293979512.215724,,-10.6193571735865,1.69
St. Kitts and Nevis,KNA,2023,3.02127526129283,3.55711230848243,,6.6677805,2.7,286074596.982653,,-13.4429756934455,5.03
St. Kitts and Nevis,KNA,2024,0.312226855858171,,,6.450589,2.7,294747744.694362,,-12.189028494118,5.14
St. Kitts and Nevis,KNA,2025,2.68858456990016,,,6.5235195,2.7,282052160.571684,,-13.714815443015,4.21
St. Lucia,LCA,2000,0.0487485535201131,3.7107860871361,16.49,13.0629574857111,2.7,78828583.5046657,30.8776806989674,-17.8343762887704,6.24
St. Lucia,LCA,2001,-3.40806396189404,5.30722081028547,18.538,12.9728682897903,2.7,88936538.4132027,40.0705394190871,-18.8265127326629,3.88
St. Lucia,LCA,2002,0.416450493043214,-0.255536626916508,20.39,12.5874972528272,2.7,93892175.2611735,50.0329218106996,-17.6189580491342,1.67
St. Lucia,LCA,2003,4.26461148738223,1.03425372426221,22.18,14.9972422139427,2.7,106902191.800399,48.5183795948987,-20.9315483729513,1.13
St. Lucia,LCA,2004,7.2674088699471,1.46036814425245,20.97,11.0707816198869,2.7,132539594.875514,49.5833333333333,-14.87434137709,1.35
St. Lucia,LCA,2005,-0.410304726290235,3.89827370759476,18.7,10.6053045549906,2.7,116387878.787697,52.0352250489237,-15.5065043802059,3.22
St. Lucia,LCA,2006,6.19525729141048,2.39562082529168,16.0,10.7839950834178,2.7,134538725.293094,47.1957374440562,-29.3295746576677,4.97
St. Lucia,LCA,2007,1.69161857433913,2.82310373736929,14.0,10.1219067962335,2.7,153719597.544505,45.2980532065982,-18.3824804800028,5.02
St. Lucia,LCA,2008,4.94932194028057,5.54954769383937,12.72,10.0849310391438,2.7,142774402.813669,41.6345301264286,-24.2393485824396,1.92
St. Lucia,LCA,2009,-2.82889954830628,-0.156936087168669,15.37,10.5820111235866,2.7,174798934.462151,43.3977023635892,-8.46949402978314,0.16
St. Lucia,LCA,2010,0.330018546071486,3.25034409180129,17.118,10.616538864255,2.7,206256181.499736,45.8570272133998,-12.6704280191935,0.18
St. Lucia,LCA,2011,4.32694280532142,2.76940794144093,18.86,10.0020504342406,2.7,213433689.006085,,-14.3071211652343,0.1
St. Lucia,LCA,2012,-0.108756148262358,4.17763587102515,19.06,9.50031901972522,2.7,231967199.010973,,-10.0247004570207,0.14
St. Lucia,LCA,2013,-1.81877603735991,1.46856511035428,22.21,9.07521429780519,2.7,192222634.629787,,-6.53053409169977,0.11
St. Lucia,LCA,2014,1.32809022110105,3.51695551369241,21.583,8.99774238858608,2.7,257658514.613209,,-2.42897703597574,0.09
St. Lucia,LCA,2015,0.101917836412952,-0.983600952696996,20.84,8.85541666666667,2.7,317540361.620252,,-0.477234056484728,0.13
St. Lucia,LCA,2016,3.42787214525211,-3.07821765676927,19.932,8.4725,2.7,305519500.768958,,-6.33820254412732,0.39
St. Lucia,LCA,2017,3.37982617272246,0.104262078958441,19.136,8.34,2.7,321767417.204396,,-1.90842804054587,1.0
St. Lucia,LCA,2018,2.88677902171601,1.93561893150602,19.329,8.11011591666666,2.7,285824309.747523,,1.47239642153267,1.83
St. Lucia,LCA,2019,-1.0293678947917,0.539087559191757,15.613,7.72247983333333,2.7,260870367.109565,,3.33404977672243,2.16
St. Lucia,LCA,2020,-22.9005138634176,-1.75580833517594,25.224,7.13469175,2.7,231361279.00078,,-18.6599979555577,0.37
St. Lucia,LCA,2021,11.1466993240856,2.41070312174393,20.514,6.75742416666667,2.7,433117473.472593,,-10.3860164489311,0.08
St. Lucia,LCA,2022,19.3456795355342,9.65268564265764,15.934,6.5128745,2.7,389083414.445693,,-3.32617930296789,1.69
St. Lucia,LCA,2023,3.90774802925928,3.81914546156358,12.094,6.40448225,2.7,424323643.897079,,-2.12025739600085,5.03
St. Lucia,LCA,2024,4.76890217855616,-0.674240853418779,10.199,6.28812308333333,2.7,406063791.484465,,-1.53670013790358,5.14
St. Lucia,LCA,2025,-0.57407528214496,2.02709512086274,9.452,6.2511965,2.7,447150519.268178,,-6.25573639228153,4.21
St. Martin (French part),MAF,2000,,,,,1.08270508132602,,,,6.24
St. Martin (French part),MAF,2001,,,,,1.11653308564462,,,,3.88
St. Martin (French part),MAF,2002,,,,,1.05755899623965,,,,1.67
St. Martin (French part),MAF,2003,,,,,0.88404792718493,,,,1.13
St. Martin (French part),MAF,2004,,,,,0.803921647747618,,,,1.35
St. Martin (French part),MAF,2005,,,,,0.803800192161442,,,,3.22
St. Martin (French part),MAF,2006,,,,,0.796432730949102,,,,4.97
St. Martin (French part),MAF,2007,,,,,0.729672399984083,,,,5.02
St. Martin (French part),MAF,2008,,,,,0.679922680042729,,,,1.92
St. Martin (French part),MAF,2009,,,,,0.716957702016136,,,,0.16
St. Martin (French part),MAF,2010,,,,,0.754308990105961,,,,0.18
St. Martin (French part),MAF,2011,,,,,0.718413898653317,,,,0.1
St. Martin (French part),MAF,2012,,,,,0.778338120416812,,,,0.14
St. Martin (French part),MAF,2013,,,,,0.752945122701996,,,,0.11
St. Martin (French part),MAF,2014,,,,,0.752728196932603,,,,0.09
St. Martin (French part),MAF,2015,1.0,,,,0.901296423367096,,,,0.13
St. Martin (French part),MAF,2016,5.0,,,,0.903421436257263,,,,0.39
St. Martin (French part),MAF,2017,-8.00000324038295,,,,0.885205508269372,,,,1.0
St. Martin (French part),MAF,2018,-7.99999506898229,,,,0.846772667108111,,,,1.83
St. Martin (French part),MAF,2019,6.50000363700821,,,,0.893276257067409,,,,2.16
St. Martin (French part),MAF,2020,-12.500002246731,,,,0.875506396987998,,,,0.37
St. Martin (French part),MAF,2021,4.89999967133534,,,,0.84549413889045,,,,0.08
St. Martin (French part),MAF,2022,,,,,0.949623753156941,,,,1.69
St. Martin (French part),MAF,2023,,,,,0.924839558470698,,,,5.03
St. Martin (French part),MAF,2024,,,,,0.923889546117607,,,,5.14
St. Martin (French part),MAF,2025,,,,,0.88496895841236,,,,4.21
St. Vincent and the Grenadines,VCT,2000,1.63903190394467,0.167679637488279,20.8,11.4644838851929,2.7,55179038.167382,47.911890587105,-6.88016747198499,6.24
St. Vincent and the Grenadines,VCT,2001,1.74823102028898,0.9008584858665,21.1,11.6261472887473,2.7,61439397.1215861,45.5115533057875,-5.53237309873479,3.88
St. Vincent and the Grenadines,VCT,2002,5.34212707436718,1.85550399046655,20.623,11.5626385220607,2.7,53198488.5016967,49.5534268859916,-3.6476829821597,1.67
St. Vincent and the Grenadines,VCT,2003,6.69133665352797,0.205981708824254,19.985,11.8323845219297,2.7,51191684.0484642,52.4828063154553,-8.40936238282577,1.13
St. Vincent and the Grenadines,VCT,2004,4.11469880444737,2.96003946719286,19.545,9.69262522955306,2.7,74981667.1411139,56.3132501150882,-13.3113071409128,1.35
St. Vincent and the Grenadines,VCT,2005,2.48855733938132,3.7334291646702,19.461,9.58412535234747,2.7,69511994.4150968,54.2704239409077,-14.032989246926,3.22
St. Vincent and the Grenadines,VCT,2006,6.99692626758825,2.74067516070673,19.162,9.73167779068317,2.7,78691580.8543465,51.3164930897991,-16.4580193516628,4.97
St. Vincent and the Grenadines,VCT,2007,3.3229685982929,7.23614701584807,18.934,9.61258286342562,2.7,86976851.9636046,43.8571223188117,-21.3718200786996,5.02
St. Vincent and the Grenadines,VCT,2008,0.404640808638888,10.0662418245849,18.79,9.52441609219704,2.7,83690185.4348018,43.5145083072876,-31.3887476104187,1.92
St. Vincent and the Grenadines,VCT,2009,-1.3781936056056,0.421539125687215,19.365,9.18656075402981,2.7,87815455.4273306,53.6982398780635,-25.6757501478008,0.16
St. Vincent and the Grenadines,VCT,2010,-4.47046793507802,0.747109026311474,19.924,9.17183767616861,2.7,112702057.854892,,-26.3254736856601,0.18
St. Vincent and the Grenadines,VCT,2011,-0.60627665148327,3.1860311155246,20.006,9.13637805336276,2.7,89626356.9120155,,-22.3322580316271,0.1
St. Vincent and the Grenadines,VCT,2012,1.16911218376478,2.59844414147101,19.833,9.41440897330206,2.7,111021926.087627,,-25.3027530049807,0.14
St. Vincent and the Grenadines,VCT,2013,2.4624841721544,0.805127804267928,19.356,9.43978132892116,2.7,135096711.23141,,-24.7266517767588,0.11
St. Vincent and the Grenadines,VCT,2014,1.1457271877622,0.193858560794015,19.237,9.14600845222648,2.7,157371371.547547,,-25.2076799475115,0.09
St. Vincent and the Grenadines,VCT,2015,2.78509791763551,-1.73361194953959,19.135,9.30275,2.7,166009602.198323,,-15.5812824807683,0.13
St. Vincent and the Grenadines,VCT,2016,4.1496810046981,-0.149641647633284,19.029,9.1175,2.7,192255789.768022,,-13.0833803977971,0.39
St. Vincent and the Grenadines,VCT,2017,1.54810173239956,2.15333648840511,19.024,8.7525,2.7,182046079.244525,,-11.8946710104422,1.0
St. Vincent and the Grenadines,VCT,2018,3.1756114423991,2.32414485367921,19.005,8.48572125,2.7,169562298.93521,,-10.3037962472728,1.83
St. Vincent and the Grenadines,VCT,2019,0.668428481084234,0.91306972532459,19.248,8.35136941666667,2.7,193357067.381966,,-2.38815343936867,2.16
St. Vincent and the Grenadines,VCT,2020,-4.26892434422649,-0.628131309354654,20.635,7.99094591666667,2.7,205195146.794269,,-15.8942170558576,0.37
St. Vincent and the Grenadines,VCT,2021,2.09340124465459,1.57272932500558,20.356,7.650287,2.7,311902934.999223,,-23.2111023451403,0.08
St. Vincent and the Grenadines,VCT,2022,3.1108330034352,5.66009779226552,19.277,7.3919885,2.7,320193327.161331,,-20.0993766685013,1.69
St. Vincent and the Grenadines,VCT,2023,5.32636472098717,4.56457719814894,18.348,7.162626,2.7,280564003.843077,,-17.7791847090196,5.03
St. Vincent and the Grenadines,VCT,2024,4.06183490050209,3.62770736940927,18.093,7.09571483333333,2.7,316823948.572001,,-16.6849459746644,5.14
St. Vincent and the Grenadines,VCT,2025,3.3921670546227,0.815322893749171,18.003,7.059139,2.7,281217907.470522,,-16.0707208403411,4.21
Sub-Saharan Africa,SSF,2000,3.43679300853846,4.50078856262102,6.35294746056262,,,,,,6.24
Sub-Saharan Africa,SSF,2001,4.2135192182343,5.14746800222618,6.25911261802644,,,,,,3.88
Sub-Saharan Africa,SSF,2002,6.39348834856037,4.70579123746033,6.15545043361504,,,,,,1.67
Sub-Saharan Africa,SSF,2003,4.12072590578165,5.67942414068799,6.09002400306892,,,,,,1.13
Sub-Saharan Africa,SSF,2004,6.68448764056897,4.13663213144748,5.94433087548822,,,,,,1.35
Sub-Saharan Africa,SSF,2005,6.00952996907236,6.42755278070087,5.84614199165635,,,,,,3.22
Sub-Saharan Africa,SSF,2006,6.04946351604032,6.53784395299604,5.75538288432853,,,,,,4.97
Sub-Saharan Africa,SSF,2007,6.15965789735048,6.78669789038244,5.71458050648746,,,,,,5.02
Sub-Saharan Africa,SSF,2008,5.20016102666739,10.378524478798,5.71119279179789,,,,,,1.92
Sub-Saharan Africa,SSF,2009,3.14726802642645,5.00627361534047,5.76570980698131,,,,,,0.16
Sub-Saharan Africa,SSF,2010,6.06650061092895,4.02202422214216,5.94056421498979,,,,,,0.18
Sub-Saharan Africa,SSF,2011,4.29214102609687,5.36621092948077,5.91593755883997,,,,,,0.1
Sub-Saharan Africa,SSF,2012,3.3282636069647,6.58183105075141,5.8029961583218,,,,,,0.14
Sub-Saharan Africa,SSF,2013,5.27451055861322,4.88516387595471,5.57489984928367,,,,,,0.11
Sub-Saharan Africa,SSF,2014,4.72713989905584,4.4038027171436,5.62977664752398,,,,,,0.09
Sub-Saharan Africa,SSF,2015,2.93344601140815,3.47238752883652,5.78723856454759,,,,,,0.13
Sub-Saharan Africa,SSF,2016,1.31700355850863,5.30264297710325,5.86589334716284,,,,,,0.39
Sub-Saharan Africa,SSF,2017,2.5074548530006,5.18618655524149,5.99391143462101,,,,,,1.0
Sub-Saharan Africa,SSF,2018,2.79433082130898,3.91133439990729,6.03233771776817,,,,,,1.83
Sub-Saharan Africa,SSF,2019,2.54913933046186,2.867588034469,6.18089551293782,,,,,,2.16
Sub-Saharan Africa,SSF,2020,-3.29212615874913,3.39862928518853,6.65249326111529,,,,,,0.37
Sub-Saharan Africa,SSF,2021,3.58194129290288,4.43905481215002,6.84750929089377,,,,,,0.08
Sub-Saharan Africa,SSF,2022,4.03371066956886,9.45801281304023,6.08211610820712,,,,,,1.69
Sub-Saharan Africa,SSF,2023,2.71446691675897,6.69759990789845,5.76152900751665,,,,,,5.03
Sub-Saharan Africa,SSF,2024,3.6161279249573,4.30009584697999,5.6711358365663,,,,,,5.14
Sub-Saharan Africa,SSF,2025,4.13928145259649,3.40373458279055,5.66118665705316,,,,,,4.21
Sub-Saharan Africa (IDA & IBRD countries),TSS,2000,3.4367930085385,4.50078856262102,6.35294746056262,,,,,,6.24
Sub-Saharan Africa (IDA & IBRD countries),TSS,2001,4.21351921823427,5.14746800222618,6.25911261802644,,,,,,3.88
Sub-Saharan Africa (IDA & IBRD countries),TSS,2002,6.39348834856033,4.70579123746033,6.15545043361504,,,,,,1.67
Sub-Saharan Africa (IDA & IBRD countries),TSS,2003,4.1207259057817,5.67942414068799,6.09002400306892,,,,,,1.13
Sub-Saharan Africa (IDA & IBRD countries),TSS,2004,6.68448764056895,4.13663213144748,5.94433087548822,,,,,,1.35
Sub-Saharan Africa (IDA & IBRD countries),TSS,2005,6.00952996907237,6.42755278070087,5.84614199165635,,,,,,3.22
Sub-Saharan Africa (IDA & IBRD countries),TSS,2006,6.0494635160403,6.53784395299604,5.75538288432854,,,,,,4.97
Sub-Saharan Africa (IDA & IBRD countries),TSS,2007,6.15965789735047,6.78669789038244,5.71458050648746,,,,,,5.02
Sub-Saharan Africa (IDA & IBRD countries),TSS,2008,5.20016102666743,10.378524478798,5.71119279179789,,,,,,1.92
Sub-Saharan Africa (IDA & IBRD countries),TSS,2009,3.14726802642649,5.00627361534047,5.76570980698131,,,,,,0.16
Sub-Saharan Africa (IDA & IBRD countries),TSS,2010,6.06650061092893,4.02202422214216,5.94056421498979,,,,,,0.18
Sub-Saharan Africa (IDA & IBRD countries),TSS,2011,4.2921410260969,5.36621092948077,5.91593755883997,,,,,,0.1
Sub-Saharan Africa (IDA & IBRD countries),TSS,2012,3.32826360696474,6.58183105075141,5.8029961583218,,,,,,0.14
Sub-Saharan Africa (IDA & IBRD countries),TSS,2013,5.27451055861317,4.88516387595471,5.57489984928366,,,,,,0.11
Sub-Saharan Africa (IDA & IBRD countries),TSS,2014,4.72713989905583,4.4038027171436,5.62977664752398,,,,,,0.09
Sub-Saharan Africa (IDA & IBRD countries),TSS,2015,2.93344601140815,3.47238752883652,5.78723856454759,,,,,,0.13
Sub-Saharan Africa (IDA & IBRD countries),TSS,2016,1.31700355850862,5.30264297710325,5.86589334716284,,,,,,0.39
Sub-Saharan Africa (IDA & IBRD countries),TSS,2017,2.50745485300064,5.18618655524149,5.99391143462101,,,,,,1.0
Sub-Saharan Africa (IDA & IBRD countries),TSS,2018,2.7943308213089,3.91133439990729,6.03233771776817,,,,,,1.83
Sub-Saharan Africa (IDA & IBRD countries),TSS,2019,2.5491393304619,2.867588034469,6.18089551293782,,,,,,2.16
Sub-Saharan Africa (IDA & IBRD countries),TSS,2020,-3.29212615874916,3.39862928518853,6.65249326111529,,,,,,0.37
Sub-Saharan Africa (IDA & IBRD countries),TSS,2021,3.58194129290288,4.43905481215002,6.84750929089377,,,,,,0.08
Sub-Saharan Africa (IDA & IBRD countries),TSS,2022,4.03371066956888,9.45801281304023,6.08211610820711,,,,,,1.69
Sub-Saharan Africa (IDA & IBRD countries),TSS,2023,2.71446691675898,6.69759990789845,5.76152900751665,,,,,,5.03
Sub-Saharan Africa (IDA & IBRD countries),TSS,2024,3.61612792495724,4.30009584697999,5.6711358365663,,,,,,5.14
Sub-Saharan Africa (IDA & IBRD countries),TSS,2025,4.13928145259648,3.40373458279055,5.66118665705316,,,,,,4.21
Sub-Saharan Africa (excluding high income),SSA,2000,3.4358337996657,4.19928825622807,6.35294746056262,,,,,,6.24
Sub-Saharan Africa (excluding high income),SSA,2001,4.22119839047403,5.07745045522496,6.25911261802644,,,,,,3.88
Sub-Saharan Africa (excluding high income),SSA,2002,6.39924111968367,5.03282275711194,6.15545043361504,,,,,,1.67
Sub-Saharan Africa (excluding high income),SSA,2003,4.1312972548824,6.08442811371068,6.09002400306892,,,,,,1.13
Sub-Saharan Africa (excluding high income),SSA,2004,6.6935904451781,4.17816000119791,5.94433087548822,,,,,,1.35
Sub-Saharan Africa (excluding high income),SSA,2005,6.00692540507985,6.605240855492,5.84614199165635,,,,,,3.22
Sub-Saharan Africa (excluding high income),SSA,2006,6.0464630905323,6.61655430536479,5.75538288432854,,,,,,4.97
Sub-Saharan Africa (excluding high income),SSA,2007,6.15715285313649,7.02551436974771,5.71458050648746,,,,,,5.02
Sub-Saharan Africa (excluding high income),SSA,2008,5.20765761067246,10.2969758221254,5.71119279179789,,,,,,1.92
Sub-Saharan Africa (excluding high income),SSA,2009,3.15210965605388,4.84866964640711,5.76570980698131,,,,,,0.16
Sub-Saharan Africa (excluding high income),SSA,2010,6.0677707928219,4.06749555950263,5.94056421498979,,,,,,0.18
Sub-Saharan Africa (excluding high income),SSA,2011,4.28795897854658,5.68631959575954,5.91593755883997,,,,,,0.1
Sub-Saharan Africa (excluding high income),SSA,2012,3.3284467382704,6.57589970757698,5.8029961583218,,,,,,0.14
Sub-Saharan Africa (excluding high income),SSA,2013,5.27788752698235,4.90520875694557,5.57489984928367,,,,,,0.11
Sub-Saharan Africa (excluding high income),SSA,2014,4.72767581662336,4.40535234185293,5.62977664752398,,,,,,0.09
Sub-Saharan Africa (excluding high income),SSA,2015,2.92864568387523,3.39401538410559,5.78723856454759,,,,,,0.13
Sub-Saharan Africa (excluding high income),SSA,2016,1.30783035327565,5.43051966119156,5.86589334716284,,,,,,0.39
Sub-Saharan Africa (excluding high income),SSA,2017,2.50327515080239,5.19795180719179,5.99391143462101,,,,,,1.0
Sub-Saharan Africa (excluding high income),SSA,2018,2.7922269325805,4.09297819300637,6.03233771776817,,,,,,1.83
Sub-Saharan Africa (excluding high income),SSA,2019,2.54617045203717,3.10773229242274,6.18089551293782,,,,,,2.16
Sub-Saharan Africa (excluding high income),SSA,2020,-3.28342298905326,3.48393567493204,6.65249326111529,,,,,,0.37
Sub-Saharan Africa (excluding high income),SSA,2021,3.58478965187514,4.25936417542868,6.84750929089377,,,,,,0.08
Sub-Saharan Africa (excluding high income),SSA,2022,4.02837470360804,9.52526628622843,6.08211610820711,,,,,,1.69
Sub-Saharan Africa (excluding high income),SSA,2023,2.71209038880693,7.05298238454736,5.76152900751665,,,,,,5.03
Sub-Saharan Africa (excluding high income),SSA,2024,3.61639391196729,4.36115246518962,5.6711358365663,,,,,,5.14
Sub-Saharan Africa (excluding high income),SSA,2025,4.13764837892776,3.45723998944321,5.66118665705316,,,,,,4.21
Sudan,SDN,2000,6.34586743997545,7.12125897172291,15.595,,2.571225,137814239.250023,,-4.22360581869545,6.24
Sudan,SDN,2001,6.50036053396883,1.93529572095333,15.56,,2.58702104166667,49736273.1571601,,-3.32074310136626,3.88
Sudan,SDN,2002,6.0064715363132,22.2247241495905,15.514,,2.63305833333333,248935516.455669,,-5.36777365828637,1.67
Sudan,SDN,2003,6.28880816146516,6.48943208673338,15.515,,2.60983433333333,529445721.883466,,-4.39506852023541,1.13
Sudan,SDN,2004,5.14088851762675,9.65754628605945,15.538,,2.57905,1337996807.7002,,-3.07074148971241,1.35
Sudan,SDN,2005,5.64351551343631,8.50585075933117,15.545,,2.43605833333333,1868587865.83723,,-7.02825381106123,3.22
Sudan,SDN,2006,6.5314117467792,7.19912990114709,15.542,,2.17153333333333,1659926271.61073,,-14.3510830891701,4.97
Sudan,SDN,2007,5.73527423664484,14.7542770780084,15.534,,2.0161,1377921603.31558,,-6.05172200816878,5.02
Sudan,SDN,2008,3.84674473121058,14.2971224481434,15.566,,2.09016282876984,1399041059.55575,,-5.54326957101499,1.92
Sudan,SDN,2009,-2.76770436599138,11.256758706301,13.0,,2.30153333333333,1094176669.31606,,-9.54372816963053,0.16
Sudan,SDN,2010,3.85824195230107,12.9776663898014,15.168,,2.30600092016667,1036244170.70595,,-2.92618988919934,0.18
Sudan,SDN,2011,-3.21353209253371,18.0966171221351,17.44,,2.66661962177469,192529339.697522,,-4.82188496528231,0.1
Sudan,SDN,2012,-17.0046884048945,35.5590574147024,16.973,,3.57295833333333,192632614.669593,,-16.6318777556219,0.14
Sudan,SDN,2013,1.95514463302422,36.5223449139154,16.273,,4.75676054708821,192956941.623251,,-13.5321488136858,0.11
Sudan,SDN,2014,4.66137954229873,36.9066427863595,15.41,,5.73686666666667,181457168.977028,,-7.16013618473832,0.09
Sudan,SDN,2015,1.91017689052751,16.9095706050977,14.39,,6.02573259791667,173516490.886743,,-10.5569345811594,0.13
Sudan,SDN,2016,3.46764218409288,17.750253831196,13.656,,6.21171364583333,168284353.053784,,-9.88346111101847,0.39
Sudan,SDN,2017,0.70925628476644,32.3516260968437,13.0,,6.68336,177933851.813136,,-11.1697054533751,1.0
Sudan,SDN,2018,-2.6809305497999,63.2925073455888,12.347,,24.3289109018116,,,-14.4693934170139,1.83
Sudan,SDN,2019,-2.17825104530091,50.9940515002965,11.697,,45.7670454545455,,,-14.7808388986177,2.16
Sudan,SDN,2020,-3.62980082410752,163.257782355458,11.995,,53.9960119047619,,,-21.6064794369516,0.37
Sudan,SDN,2021,-1.8685204827207,359.093040778999,11.087,,370.790583333333,,,-7.65468962500371,0.08
Sudan,SDN,2022,-0.957816591119183,138.80846024176,7.53,,546.75885,,,-8.59889945377348,1.69
Sudan,SDN,2023,-29.4332716274387,,,,,,,,5.03
Sudan,SDN,2024,-13.9643378424022,,,,,,,,5.14
Sudan,SDN,2025,3.06427942935869,,,,,,,,4.21
Suriname,SUR,2000,2.09999886750489,59.401686545079,12.873,29.0,1.32249051547874,133306155.826373,,,6.24
Suriname,SUR,2001,4.20000042083539,38.5862878872611,12.047,25.725,2.17818225423409,192538818.541789,,,3.88
Suriname,SUR,2002,2.80000068850687,15.5273989185702,11.187,22.1833333333333,2.34675,113194031.160952,,,1.67
Suriname,SUR,2003,6.29999943314137,23.0022321778219,10.336,21.0416666666667,2.60133333333333,114370366.439774,,,1.13
Suriname,SUR,2004,8.50000018479413,9.98632511974878,9.49,20.4416666666667,2.7335829756752,138383053.367401,,,1.35
Suriname,SUR,2005,4.50000021086888,9.89800489561465,9.302,17.4,2.73166666547869,141874019.080815,,-8.17994588487447,3.22
Suriname,SUR,2006,5.79354358463304,11.2813043273975,9.142,15.6416666666667,2.74375,237361004.178972,,8.3993924507355,4.97
Suriname,SUR,2007,5.11148777773458,6.42627934470524,9.017,13.7666666666667,2.745,403278663.513958,,11.0501488649051,5.02
Suriname,SUR,2008,4.14340681165626,14.6671427437912,8.854,12.2,2.745,602541474.423838,,9.21887502577851,1.92
Suriname,SUR,2009,3.01369898266211,-0.133636646714877,8.72,11.65,2.745,657026656.390323,,2.87195431472081,0.16
Suriname,SUR,2010,5.16882515225814,6.94108221639996,7.15,11.5905430605278,2.74541666666667,690815612.851081,,14.8990514000174,0.18
Suriname,SUR,2011,5.84936767173009,17.7117796414558,7.54,11.7611090271062,3.268,816878191.094628,,9.75303238731731,0.1
Suriname,SUR,2012,2.69034974668847,5.00686319367273,8.1,11.7416666666667,3.3,1008868435.43632,,3.26046699609317,0.14
Suriname,SUR,2013,2.9334416518612,1.92343604108305,6.6,11.9833333333333,3.3,778764877.889551,,-3.80907333945482,0.11
Suriname,SUR,2014,0.255503031645475,3.38341272749477,6.94,12.2833333333333,3.3,625144169.129016,,-7.94454297839106,0.09
Suriname,SUR,2015,-3.41304268067621,6.89390359168238,7.22,12.6166666666667,3.41666666666667,330244649.262198,,-15.3413674981336,0.13
Suriname,SUR,2016,-4.91166050905851,55.4123879763196,7.917,13.4833333333333,6.22863027848978,381050648.917497,,-4.83755000193213,0.39
Suriname,SUR,2017,1.56603782534897,21.9969430173304,7.905,14.425,7.487661125,424603963.080103,,1.92551128292716,1.0
Suriname,SUR,2018,4.94827108468886,,7.817,14.2991149744656,7.4625111984127,580780344.590911,,-2.97065426623086,1.83
Suriname,SUR,2019,1.16758977233877,,7.755,14.9642193921404,7.458,647934729.692427,,-11.1616172949162,2.16
Suriname,SUR,2020,-15.9751917148622,34.889784309078,8.973,14.7961590368644,9.30954545454546,584929135.567322,,8.92387981171876,0.37
Suriname,SUR,2021,-2.43538583612838,59.1196626251977,8.706,14.8885076393893,18.2386666666667,992256911.851907,,-3.22419866560152,0.08
Suriname,SUR,2022,2.40622235601218,52.446027276241,7.973,14.7484928489449,24.7091747565789,1194597643.59574,,1.35091422828331,1.69
Suriname,SUR,2023,2.41659215006946,51.5873159600861,7.699,14.1728026115993,36.7758691666667,1346122670.63627,,-3.68503407124078,5.03
Suriname,SUR,2024,1.72095749127065,16.2296159130279,7.621,14.7954845130132,33.1805516666667,1632317813.39707,,-12.9141824158348,5.14
Suriname,SUR,2025,1.79169153226913,9.2054681878919,7.834,14.4955517679943,37.2601791666667,1615758213.36348,,-54.916461664781,4.21
Sweden,SWE,2000,4.63112136551369,0.899143734041715,5.466,5.7725,9.16224416666667,16498728321.8885,,4.44605675274445,6.24
Sweden,SWE,2001,1.36080642694121,2.40595834145436,4.73,5.73,10.3291358333333,15625206244.7363,,6.17157591368191,3.88
Sweden,SWE,2002,2.27772867861897,2.15848213589266,4.965,5.7925,9.73712333333333,19170723588.9644,,4.65738421384446,1.67
Sweden,SWE,2003,1.88102769675844,1.92565534892383,5.555,5.0175,8.08630416666667,22168538425.3524,,5.85859579947662,1.13
Sweden,SWE,2004,4.17958419343711,0.373659828721824,6.693,4.1825,7.34888666666667,24768805295.0333,,5.9556796683309,1.35
Sweden,SWE,2005,2.79313782840156,0.453170852576138,7.81,3.532,7.47308833333333,24867578418.1736,,6.02094308319674,3.22
Sweden,SWE,2006,4.67607488877992,1.36021468627693,7.066,3.67803333333333,7.37824916666666,28017219694.0134,,8.15775334805556,4.97
Sweden,SWE,2007,3.22486814096095,2.21216883436733,6.161,,6.75877,31033035734.4712,,8.14767813080377,5.02
Sweden,SWE,2008,-0.923113250067971,3.43704910602875,6.235,,6.59109916666667,29727344091.6924,,7.9288414126661,1.92
Sweden,SWE,2009,-4.25561384207619,-0.494460544378051,8.351,,7.65381916666667,47255415701.1354,,5.96764869542423,0.16
Sweden,SWE,2010,5.75076477579255,1.15798802715626,8.61,,7.20752416666667,48246149255.6655,,5.92506783771235,0.18
Sweden,SWE,2011,3.16388567406926,2.9611507382214,7.804,,6.49354333333333,50213891950.8524,,5.51028500175063,0.1
Sweden,SWE,2012,-0.414397702454409,0.888377506923735,7.976,,6.77501583333333,52245310612.4755,,5.53304332576063,0.14
Sweden,SWE,2013,1.13766671801426,-0.044292970148682,8.052,,6.51397166666666,65363359246.0776,,4.70549381033489,0.11
Sweden,SWE,2014,2.29577238758284,-0.179638494114635,7.954,,6.860785,62579168750.6963,,3.44736840993782,0.09
Sweden,SWE,2015,4.38824673608589,-0.0467847449832812,7.432,,8.43484083333333,58098544752.6552,,2.71694586220695,0.13
Sweden,SWE,2016,2.13117914731151,0.984269244577992,6.99,,8.56199166666667,59361642625.4786,,2.0109441785256,0.39
Sweden,SWE,2017,1.88282184966646,1.79449904665599,6.718,,8.54886083333333,62191481193.5854,,2.1897617916186,1.0
Sweden,SWE,2018,1.7702553546772,1.95353530127028,6.365,,8.69251833333333,60566144400.5195,,2.08249358421543,1.83
Sweden,SWE,2019,2.60823012869524,1.78415097403835,6.833,,9.45834916666667,55509629819.8897,,5.21540072405936,2.16
Sweden,SWE,2020,-1.93379704032216,0.497367318853572,8.291,,9.21030902842085,58260344659.2008,,5.66402536162382,0.37
Sweden,SWE,2021,5.2258643028773,2.16319736447143,8.803,,8.57656671607378,62053165556.5423,,6.24035538176738,0.08
Sweden,SWE,2022,1.25543620445816,8.36929098869189,7.417,,10.114251277564,64288785008.4922,,4.02280803536862,1.69
Sweden,SWE,2023,-0.204061304891439,8.5486248974891,7.611,,10.6101612965536,60862760991.0537,,6.22102368947912,5.03
Sweden,SWE,2024,1.01779633304398,2.83581658224034,8.4,,10.5676364344775,62569356006.7168,,6.85769099152574,5.14
Sweden,SWE,2025,1.54316373266217,0.679869285243995,8.694,,9.82070570950185,74195224037.4302,,6.05502404848928,4.21
Switzerland,CHE,2000,3.63321673470911,1.55852919679008,2.658,,1.6888425,53620270122.4935,25.493827182166,11.1830809846991,6.24
Switzerland,CHE,2001,1.59219781357001,0.989020329832545,2.49,,1.687615,51549537913.3508,24.3982058134173,7.10867997766228,3.88
Switzerland,CHE,2002,0.380410134195273,0.642711506543278,2.924,,1.5586075,61276111966.1962,29.3043647460377,7.33454803627006,1.67
Switzerland,CHE,2003,-0.284222357857615,0.63827293088719,4.117,,1.34665083333333,69563022240.0611,28.4501748765119,11.145732111859,1.13
Switzerland,CHE,2004,2.58692895529093,0.802908730955226,4.316,,1.24349583333333,74567877421.4052,28.999210101642,12.370559423016,1.35
Switzerland,CHE,2005,2.95208487460334,1.17195420333703,4.437,,1.24517666666667,57575300181.4139,28.9660183148275,11.2370098937934,3.22
Switzerland,CHE,2006,4.13432251467916,1.05950928324805,3.995,,1.25384333333333,64461048829.5393,25.3815676930954,12.5827051327396,4.97
Switzerland,CHE,2007,3.98319384807056,0.732350603122236,3.641,,1.20036583333333,75172320982.2309,23.2645728562594,8.62602411965998,5.02
Switzerland,CHE,2008,2.53159615417233,2.42604117060157,3.35,3.3425,1.08309,74145636040.695,22.7839840958267,1.71685956202742,1.92
Switzerland,CHE,2009,-1.93490944903913,-0.480481936423305,4.109,2.75083333333333,1.08814169630268,134565689169.637,21.3379292066506,6.20993663529341,0.16
Switzerland,CHE,2010,3.26063082122047,0.688238707219975,4.808,2.73333333333333,1.04290564573352,270479819574.103,20.6098805096939,13.5122041081735,0.18
Switzerland,CHE,2011,1.40766067483813,0.2313492076509,4.409,2.71833333333333,0.888042028223281,330585879227.201,20.8122296243624,6.78869248151288,0.1
Switzerland,CHE,2012,1.12413575027705,-0.692552018105163,4.491,2.68833333333333,0.937684480709349,531302252827.225,20.9939249927212,9.26545401355282,0.14
Switzerland,CHE,2013,1.83612392927999,-0.217323155115673,4.747,2.68916666666667,0.926903547758285,536235288240.201,19.8661577696882,10.0987695815989,0.11
Switzerland,CHE,2014,2.54342347675991,-0.0132025387515946,4.826,2.69,0.916151047283613,545787281753.12,20.2043865151802,7.31047606764298,0.09
Switzerland,CHE,2015,1.45450336491099,-1.14390867228178,4.801,2.68083333333333,0.962381328004354,602402585638.351,20.0896435277265,9.03526946600204,0.13
Switzerland,CHE,2016,1.91159094214852,-0.434618664285815,4.918,2.64666666666667,0.985394394244835,678909680869.541,19.0838082260798,7.11825025698579,0.39
Switzerland,CHE,2017,1.42034612231261,0.533787839825876,4.797,2.62743867833333,0.984691666666667,811030675725.885,19.9554681912168,5.23116441578826,1.0
Switzerland,CHE,2018,3.32743256101493,0.936335464113572,4.713,2.62742559333333,0.977891666666667,787021335043.725,18.2949120373139,5.9935622611881,1.83
Switzerland,CHE,2019,1.11532187197474,0.362886179940674,4.394,2.63292318,0.993709166666667,854928999231.114,18.567762730375,4.02412129092586,2.16
Switzerland,CHE,2020,-2.2552579425106,-0.725874933313403,4.817,2.63484670416667,0.938965,1083404341999.89,20.4633377506952,0.439023949410653,0.37
Switzerland,CHE,2021,6.17622836050151,0.581814168489856,5.013,2.63985731416667,0.913845833333333,1109821661884.41,19.3367603778384,7.43974843118479,0.08
Switzerland,CHE,2022,3.53430286842426,2.83502798644451,4.122,2.64672373583333,0.9548325,923627520640.528,16.9722395480807,8.95592029075919,1.69
Switzerland,CHE,2023,0.825560934124624,2.13540088016387,4.043,2.86414745583333,0.89849,863891876435.069,19.1539698862517,5.86347462172406,5.03
Switzerland,CHE,2024,1.39033363875791,1.06234041976595,4.343,2.97616142777778,0.880440833333333,909365744096.394,22.2786942016816,8.88762829753527,5.14
Switzerland,CHE,2025,1.30007790958307,0.154376978290185,4.873,,0.831355833333334,1075680064272.89,,6.98382706222827,4.21
Syrian Arab Republic,SYR,2000,0.675642589410501,-3.84615384615379,9.587,,11.225,354635059.439828,,5.60277884022277,6.24
Syrian Arab Republic,SYR,2001,3.79340343988601,2.99999999999995,11.63,,11.225,356737907.547416,,6.08110138526857,3.88
Syrian Arab Republic,SYR,2002,7.85855098148016,-0.130505282417402,10.94,,11.225,411551014.99826,,6.92741102450934,1.67
Syrian Arab Republic,SYR,2003,0.590781711933914,5.79682944905841,10.28,,11.225,473633099.16808,,3.44509352863578,1.13
Syrian Arab Republic,SYR,2004,6.9025333036284,4.43314136719839,9.513,,11.225,547669435.960193,,2.35780329038975,1.35
Syrian Arab Republic,SYR,2005,6.21550444795768,7.24034939348535,8.81,,11.225,17774179269.9883,,1.03607417982209,3.22
Syrian Arab Republic,SYR,2006,5.04600280095076,10.0241105377571,8.17,,11.225,16996900531.0078,,2.72518694366777,4.97
Syrian Arab Republic,SYR,2007,5.6747382107833,3.90770950443607,8.42,,11.225,17707471673.8149,,1.13572765569761,5.02
Syrian Arab Republic,SYR,2008,4.47662154277957,15.7453252219709,10.94,,11.225,17783782583.9648,,0.897965597415557,1.92
Syrian Arab Republic,SYR,2009,5.91229460524147,2.92089711805367,8.14,,11.225,18300334790.1589,,-1.90259194896943,0.16
Syrian Arab Republic,SYR,2010,5.19150915015936,4.3974138315007,8.61,,11.225,20631907296.8694,,-0.598441906450217,0.18
Syrian Arab Republic,SYR,2011,2.8502205980333,4.7531638888563,8.626,,48.3366666666667,,,,0.1
Syrian Arab Republic,SYR,2012,-26.338904668983,36.7022953364139,13.8,,64.5808333333333,,,,0.14
Syrian Arab Republic,SYR,2013,-26.3002577493205,40.0318378290723,14.5,,108.733333333333,,,,0.11
Syrian Arab Republic,SYR,2014,-10.3103412087823,10.9271141804297,14.782,,154.13,,,,0.09
Syrian Arab Republic,SYR,2015,-4.17969204561759,38.4611429599733,14.244,,237.029166666667,,,,0.13
Syrian Arab Republic,SYR,2016,-6.40568496867387,47.7051615298923,13.798,,460.275833333333,,,,0.39
Syrian Arab Republic,SYR,2017,-0.723346297115341,18.0752696281771,13.603,,492.610833333333,,,,1.0
Syrian Arab Republic,SYR,2018,1.39323324059961,0.940983843906769,13.505,,436.5,,,,1.83
Syrian Arab Republic,SYR,2019,1.22072818348491,13.4175653228571,13.369,,436.5,,,,2.16
Syrian Arab Republic,SYR,2020,0.954914586675713,,15.179,,877.945250896057,,,,0.37
Syrian Arab Republic,SYR,2021,1.7896919997567,,14.887,,1256.0,,,,0.08
Syrian Arab Republic,SYR,2022,-0.20247264200475,,13.245,,2505.74691085873,,,,1.69
Syrian Arab Republic,SYR,2023,,,13.27,,,,,,5.03
Syrian Arab Republic,SYR,2024,,,13.359,,,,,,5.14
Syrian Arab Republic,SYR,2025,,,13.569,,,,,,4.21
Tajikistan,TJK,2000,8.32432449473859,,4.15,,2.07625,94280831.9251688,114.076117982873,,6.24
Tajikistan,TJK,2001,9.58083617842951,38.59188944886,3.75,,2.37219166666667,94282905.7069105,79.804079881426,,3.88
Tajikistan,TJK,2002,10.8000037591665,12.2499847845885,3.95,14.2108333333333,2.76413333333333,89508809.9390934,,-1.23935164268065,1.67
Tajikistan,TJK,2003,10.9999990780572,16.3034912049491,3.85,16.7283333333333,3.06136666666667,117567950.058852,,-0.306284579701348,1.13
Tajikistan,TJK,2004,10.2999989410117,7.14196508692253,3.45,20.3146154041655,2.97050833333333,172081994.761396,,-2.74745860241597,1.35
Tajikistan,TJK,2005,6.69999851655409,7.09193244083773,3.45,23.2848680154185,3.11656666666667,188914218.257725,,-12.809877638523,3.22
Tajikistan,TJK,2006,7.00000321108996,10.0108651886461,3.65,24.155,3.29840833333333,203823197.160821,,-13.1584118273093,4.97
Tajikistan,TJK,2007,7.80000011872161,13.1491247062982,2.874,22.96,3.44248333333333,85217536.0208877,,-32.096259393905,5.02
Tajikistan,TJK,2008,7.89999827154939,20.4705219109964,4.942,23.5944101034641,3.430725,163514355.01099,,-20.5138549086729,1.92
Tajikistan,TJK,2009,3.90000114826496,6.44823481066697,7.028,22.6158333333333,4.14270833333333,254940310.793792,,-14.40853186566,0.16
Tajikistan,TJK,2010,6.49999908585235,6.44531440780658,7.037,23.3996236146712,4.37896666666667,403106833.866534,,-10.2987565843148,0.18
Tajikistan,TJK,2011,7.40000059956711,12.4315490430406,7.04,22.4616666666667,4.61018333333333,518942135.239755,,-6.33655867344342,0.1
Tajikistan,TJK,2012,7.49999946321525,5.83116601031462,7.022,21.0933333333333,4.73770833333333,630690451.23968,,-8.92695486705108,0.14
Tajikistan,TJK,2013,7.39999974700379,5.00964645344951,7.019,24.3341666666667,4.76423333333334,661311872.523758,,-10.4728821493758,0.11
Tajikistan,TJK,2014,6.70000069016253,6.10442765129667,7.024,24.5312363359939,4.93756666666667,512645031.16602,,-3.47271227917375,0.09
Tajikistan,TJK,2015,6.01930331771186,5.7145594964971,7.033,25.8362601612347,6.16311666666667,493391433.036105,,-5.76773865149509,0.13
Tajikistan,TJK,2016,6.89999999999999,6.00458082322139,7.036,24.9431399980747,7.835675,644763434.415511,,-5.23235146296922,0.39
Tajikistan,TJK,2017,7.10000041864309,,7.035,29.6467008842335,8.54974166666667,1291955730.80213,,2.10935261893798,1.0
Tajikistan,TJK,2018,7.5999988895536,,7.028,27.1887964575151,9.15121666666667,1284070863.38126,,-4.88966506186355,1.83
Tajikistan,TJK,2019,7.40000016310556,,7.026,23.5497072150821,9.53036666666667,1466304531.22901,,-2.23224918510585,2.16
Tajikistan,TJK,2020,4.40000111553493,,7.576,,10.3219416666667,2238305810.05378,,4.3491809262765,0.37
Tajikistan,TJK,2021,9.39999955037523,,7.687,,11.30885,2498779540.05517,,8.22937866606437,0.08
Tajikistan,TJK,2022,8.00000033846364,,7.051,,11.031075,3847356746.4018,,15.2573634253921,1.69
Tajikistan,TJK,2023,8.29999921651935,,7.037,,10.844525,3303825209.68631,,4.76980054377008,5.03
Tajikistan,TJK,2024,8.39999980983981,,7.041,,10.7994916666667,3630709354.49572,,6.42365269759176,5.14
Tajikistan,TJK,2025,8.40000053390075,,6.931,,10.0177083333333,4309985679.29893,,17.0983293460641,4.21
Tanzania,TZA,2000,4.52078463603256,5.92396109637479,3.129,21.5775,800.408516666667,994821489.507032,,-3.20303174427397,6.24
Tanzania,TZA,2001,6.07080828734129,5.14746800222618,2.994,20.0572614143728,876.411666666667,1177357651.66215,,-4.15575639482293,3.88
Tanzania,TZA,2002,7.09319498355502,5.31783366118203,3.023,16.3982407569744,966.582784259259,1554545483.08318,,-0.324018475277026,1.67
Tanzania,TZA,2003,6.67278983053497,5.30356621509782,3.053,14.5169608907399,1038.41900659604,2038411250.71436,,-1.14522022259737,1.13
Tanzania,TZA,2004,7.50381465859829,4.73580143949058,3.105,14.14031946585,1089.33477148983,2295701465.88251,,-2.89917810279357,1.35
Tanzania,TZA,2005,7.47631925974784,5.03457009267163,3.193,15.2489487237996,1128.93417916192,2048775519.3419,,-5.93931026684705,3.22
Tanzania,TZA,2006,6.53222138847813,7.25097262082546,3.299,15.652097785396,1251.89997292515,2259345786.15223,,-5.91870284632789,4.97
Tanzania,TZA,2007,6.76853520293716,7.02551436974771,3.023,16.0703661501379,1245.03546404783,2886381413.93065,,-7.84401666779704,5.02
Tanzania,TZA,2008,5.68641685905224,10.2783937621135,2.775,14.9821346779129,1196.31070921046,2862895993.28886,,-9.22106341671595,1.92
Tanzania,TZA,2009,5.26910524873463,12.1422278742988,2.5,15.0304818249447,1320.31206074041,3470413229.48011,,-6.15605248067037,0.16
Tanzania,TZA,2010,6.33652342666889,6.20015595647403,3.03,14.5441666666667,1395.625,3904676571.71261,,-6.90590514874114,0.18
Tanzania,TZA,2011,7.67215543486064,12.6909694699162,3.47,14.9633333333333,1557.43333333333,3726158402.29752,,-12.6408334198025,0.1
Tanzania,TZA,2012,4.50015356010131,16.0010938506338,3.223,15.5566666666667,1571.69833333333,4052224337.93442,,-9.49381708629512,0.14
Tanzania,TZA,2013,6.78158560065316,7.87072364573959,2.93,15.8608333333333,1597.55583333333,4673729809.18131,,-10.92678991973,0.11
Tanzania,TZA,2014,6.73246186832483,6.13161432988012,2.125,16.2908333333333,1653.23083333333,4390430240.97061,,-9.97566998652383,0.09
Tanzania,TZA,2015,6.16062877406682,5.58816952959298,2.009,16.105,1991.39083333333,4080762377.72074,,-5.52237840763772,0.13
Tanzania,TZA,2016,6.86711619644551,5.17476629301493,1.931,15.9583333333333,2177.08666666667,4350687047.93764,,-2.44600098634938,0.39
Tanzania,TZA,2017,6.72726996832438,5.31871605228931,1.854,17.7741666666667,2228.85666666667,5887869884.67437,,-2.77322833378381,1.0
Tanzania,TZA,2018,5.50267599384966,3.49445848856181,1.792,17.4141666666667,2263.78166666667,5049646420.4773,,-4.05016373285836,1.83
Tanzania,TZA,2019,5.79999999996723,3.46428057999021,1.735,16.9708333333333,2288.20666666667,,,-2.19612703390999,2.16
Tanzania,TZA,2020,1.99196460647855,3.29029062798325,1.792,16.6795341089585,2294.14615050509,,,-2.2076089771516,0.37
Tanzania,TZA,2021,4.32138429480482,3.69091958802199,1.876,,2297.76422623792,,,-3.36035890344051,0.08
Tanzania,TZA,2022,4.56600576430955,4.35027204269101,1.573,,2303.03367612332,,,-7.2373333204952,1.69
Tanzania,TZA,2023,5.06952353203394,3.79923291384916,1.565,,2383.04258333333,,,-3.74610299942785,5.03
Tanzania,TZA,2024,5.5263138305945,3.05694676312373,1.557,,2597.90041666667,,,-3.00342879227062,5.14
Tanzania,TZA,2025,5.85286828692739,3.32697361316105,1.572,,,,,,4.21
Thailand,THA,2000,4.45524704335014,1.59196917460972,2.389,7.83333333333333,40.1118033333333,32665494240.0387,21.9645865139196,7.36845240260665,6.24
Thailand,THA,2001,3.44424900968372,1.62690887314091,2.6,7.27083333333333,44.4319,33040506129.7247,24.5783340358589,4.24027233043999,3.88
Thailand,THA,2002,6.14903605210036,0.697308976625449,1.82,,42.9600833333333,38903305773.6231,30.0703562721572,3.46550516817669,1.67
Thailand,THA,2003,7.18924330340971,1.80434994635718,1.54,,41.4846166666667,42161780759.8806,27.0460183720806,3.13356400154558,1.13
Thailand,THA,2004,6.28934214285795,2.75914926231082,1.51,4.55308715722008,40.2224149175021,49846608741.8778,24.3963998008709,1.59597338993786,1.35
Thailand,THA,2005,4.18763842884337,4.54036919634536,1.35,4.71935005845093,40.2201302083333,52075784293.7999,25.4581282780769,-4.036464315232,3.22
Thailand,THA,2006,4.96781089246107,4.63747436011764,1.22,6.27380728455047,37.8819832215363,67007805167.6806,24.3806591494652,1.04380762367254,4.97
Thailand,THA,2007,5.43515169050809,2.24154095286802,1.18,6.04656836196979,34.5181805917013,87472466803.2528,22.9934668319175,5.92665423116421,5.02
Thailand,THA,2008,1.72569884866334,5.46848949649846,1.18,5.82188819286142,33.3133006412338,111009214971.921,22.4502172623288,0.319466151466348,1.92
Thailand,THA,2009,-0.690618232300579,-0.845716092316721,1.49,4.77599754065056,34.2857741234241,138419119047.989,26.7791952036446,7.87655950254759,0.16
Thailand,THA,2010,7.51339053261624,3.24758842443725,0.622,4.33403991889774,31.685705,172027935376.446,26.9008455437265,3.36732467219252,0.18
Thailand,THA,2011,0.840132083053334,3.81191694558332,0.66,5.06756761337228,30.4917333333333,174891021491.419,28.1319763006874,2.54217096328341,0.1
Thailand,THA,2012,7.24279620249642,3.00948610403357,0.58,5.18731410654716,31.0830916666667,181481264053.903,28.4447160238828,-1.23233637957653,0.14
Thailand,THA,2013,2.68749556320556,2.18617704418967,0.249,5.06043360051236,30.7259666666667,167230223498.308,38.1666950570794,-2.10153458942232,0.11
Thailand,THA,2014,0.984468863619426,1.89455652481545,0.576,4.94915214812624,32.4798333333333,157162740027.006,35.3904739452699,2.85828409870041,0.09
Thailand,THA,2015,3.13404724911635,-0.898143410569433,0.597,4.73187498877014,34.2477166666667,156459956382.606,36.6705695355179,6.91581517168623,0.13
Thailand,THA,2016,3.43515771692182,0.186235191075453,0.688,4.46834552349908,35.2963833333333,171772074486.519,37.3065204045664,10.5083543932086,0.39
Thailand,THA,2017,4.1776810321001,0.664415139830893,0.83,4.41658283333333,33.9398110566858,202538295197.399,,9.63103019182141,1.0
Thailand,THA,2018,4.22287028746071,1.06683487370758,0.765,4.14666666666666,32.3102257431458,205640628937.522,37.9104188436045,5.61986314598972,1.83
Thailand,THA,2019,2.11455779628278,0.705524801910317,0.716,4.08416666666666,31.0476057805499,224355506654.641,38.6277055941279,7.04854832033554,2.16
Thailand,THA,2020,-6.09306312966953,-0.846087518861799,1.099,3.2925,31.2936732130832,258104429788.605,50.3415889301099,4.1441730948501,0.37
Thailand,THA,2021,1.55858232076893,1.23104516549814,1.215,3.06,31.9770934417717,246025242648.57,58.5282063695337,-2.14183455857728,0.08
Thailand,THA,2022,2.63784213566305,6.07589952842433,0.94,3.13833333333333,35.0613502144776,216500525687.125,60.3442670368319,-3.42866250197224,1.69
Thailand,THA,2023,2.24883437970568,1.22908986612448,0.733,4.28583333333333,34.8021885808364,224470464418.923,60.993475200655,1.64003832144024,5.03
Thailand,THA,2024,2.94859986593323,0.398333333333422,0.781,4.51416666666667,35.2935380808081,236933974075.014,61.861415782411,2.19482817825998,5.14
Thailand,THA,2025,2.44247444990198,-0.133634356480207,0.781,3.9425,32.882809252867,282261124353.135,,2.76290010089629,4.21
Timor-Leste,TLS,2000,58.0780959334582,,3.529,,1.0,,,,6.24
Timor-Leste,TLS,2001,16.3476940466477,,3.386,,1.0,,,,3.88
Timor-Leste,TLS,2002,-6.70069541098115,,3.371,,1.0,43468355.213188,,,1.67
Timor-Leste,TLS,2003,-2.18226413236545,7.16515891441839,3.54,,1.0,61303449.3702122,,,1.13
Timor-Leste,TLS,2004,0.400003981151968,3.23751394003321,3.668,,1.0,182433882.007243,,,1.35
Timor-Leste,TLS,2005,2.98457963807486,1.11167400387198,3.611,,1.0,153299848.265643,,,3.22
Timor-Leste,TLS,2006,-4.11609268942114,3.93616259929866,3.634,,1.0,83755117.6418799,,119.207266158977,4.97
Timor-Leste,TLS,2007,10.2653884542201,10.3009020174895,3.523,,1.0,230271660.438162,,216.87805627519,5.02
Timor-Leste,TLS,2008,11.3948048266465,9.06423621948942,3.434,,1.0,210423736.879578,,311.746057299892,1.92
Timor-Leste,TLS,2009,10.1469544183475,0.669681185965433,3.289,,1.0,249928530.792892,,176.762854008732,0.16
Timor-Leste,TLS,2010,9.33149490201264,6.76597680236481,3.301,,1.0,406188383.994682,,189.518293303779,0.18
Timor-Leste,TLS,2011,5.95855605611087,13.499840238577,3.385,11.0441666666667,1.0,461610880.986764,,225.032885152327,0.1
Timor-Leste,TLS,2012,4.86062186827468,11.8003096701544,3.47,12.2108333333333,1.0,883551410.78244,,235.750605362852,0.14
Timor-Leste,TLS,2013,3.10436683211147,11.0849085109954,3.57,12.4141666666667,1.0,686998202.842836,,171.239439829776,0.11
Timor-Leste,TLS,2014,4.47249846569638,0.726275016139465,3.618,12.8666666666667,1.0,311471064.613909,,76.4167145421125,0.09
Timor-Leste,TLS,2015,2.48004040218397,0.552796026277853,3.678,13.4966666666667,1.0,437752180.980057,,14.1369482552281,0.13
Timor-Leste,TLS,2016,3.00993062553351,-1.33853876185163,4.657,14.0483333333333,1.0,280953720.723143,,-32.4953735667323,0.39
Timor-Leste,TLS,2017,-3.18241522489195,0.557215537430361,4.254,13.2866666666667,1.0,544434360.995242,,-21.3947164358606,1.0
Timor-Leste,TLS,2018,-0.466502170658785,2.63647201015892,3.765,13.456301443692,1.0,673903564.681158,,-12.2846134533332,1.83
Timor-Leste,TLS,2019,24.2128840085001,0.958812739703141,3.148,15.3621803257428,1.0,656221032.73923,,22.1597723779213,2.16
Timor-Leste,TLS,2020,31.7257416721413,0.495499215459571,2.808,14.1277354995604,1.0,667685724.209921,,22.5397947997903,0.37
Timor-Leste,TLS,2021,5.36980119392668,3.69792094666786,2.344,11.1598355669949,1.0,979959343.84168,,54.7594426573303,0.08
Timor-Leste,TLS,2022,-20.5224802314812,7.00530945399787,1.537,11.0044920794713,1.0,873769544.845485,,15.2239220178329,1.69
Timor-Leste,TLS,2023,-18.1359049134472,8.42035103310377,1.525,10.7247153336773,1.0,825304004.273166,,-9.25901088177511,5.03
Timor-Leste,TLS,2024,-9.10069289810397,2.06284153005468,1.523,10.6074346146692,1.0,780435177.882018,,-32.4155608501652,5.14
Timor-Leste,TLS,2025,6.97538939119629,0.428322848346937,1.592,10.4149289274873,1.0,850559733.202912,,-36.8713347686307,4.21
Togo,TGO,2000,-0.783479610048047,1.86260595463067,4.162,,710.207977031367,,,-6.64451964783898,6.24
Togo,TGO,2001,0.823438752111855,3.91959133653146,4.108,,732.397693260228,,,-8.08590195490082,3.88
Togo,TGO,2002,3.82662257675142,3.05981857535884,4.087,,693.713226496374,,,-5.81784745652387,1.67
Togo,TGO,2003,6.72017142336034,-0.930000884072214,3.957,,579.897426172466,,,-5.43138096608201,1.13
Togo,TGO,2004,-0.978665332738743,0.393078681031669,3.992,,527.338032291576,,,-6.49399507558124,1.35
Togo,TGO,2005,-4.66629938413338,6.78292893028314,4.149,8.75583333333333,527.258362649626,,,-6.33089706237215,3.22
Togo,TGO,2006,2.65013209943473,2.22897779414027,4.229,4.73666666666667,522.425624895176,,,-5.31324873611491,4.97
Togo,TGO,2007,-1.1751368996605,0.945673271705214,3.822,4.75166666666667,478.633718476363,,,-5.74598605436746,5.02
Togo,TGO,2008,4.03561315398862,8.69482814363902,3.279,4.98416666666667,446.000041432788,,,-4.86721309193415,1.92
Togo,TGO,2009,5.45381096920332,3.71360592035809,2.847,4.9775,470.293423341398,,,-3.75655470430214,0.16
Togo,TGO,2010,5.85433399076879,1.44594517430864,2.379,5.11333333333333,494.794262222947,,,-4.21167785064637,0.18
Togo,TGO,2011,5.82325622135289,3.5635147290396,1.982,5.25591666666667,471.248625718937,,,-5.57134555457932,0.1
Togo,TGO,2012,6.30271426865185,2.57718174055848,2.029,5.03916666666667,510.556338454251,,,-5.43302431064873,0.14
Togo,TGO,2013,5.82425069283059,1.82539475909162,2.084,5.2875,493.899623852237,,,-9.43944638209534,0.11
Togo,TGO,2014,5.63323739145223,0.19087507624975,2.141,5.33833333333333,493.757329875312,,,-7.17108249416322,0.09
Togo,TGO,2015,5.4680413807304,2.58500390801595,2.204,5.15416666666667,591.21169798261,,,-8.01021600244542,0.13
Togo,TGO,2016,4.21490387414525,1.28544847051417,2.968,5.295,592.605615063022,,,-7.19180652142337,0.39
Togo,TGO,2017,4.00791259566937,-0.981889868943119,3.744,,580.656749587858,,,-1.51302452827798,1.0
Togo,TGO,2018,4.79518333086139,0.927755426457183,2.9,,555.446458398226,,,-2.62976116468944,1.83
Togo,TGO,2019,4.91949260488683,0.674652770077525,2.036,,585.911013180369,,,-0.792850409861065,2.16
Togo,TGO,2020,2.15900131150536,1.69928463299399,2.231,,575.586004510945,,,-0.277018884474411,0.37
Togo,TGO,2021,5.13562929064506,4.1862150652352,2.344,,554.530675033104,,,,0.08
Togo,TGO,2022,6.29443692019429,7.96757361617945,1.965,,623.759700911182,,,,1.69
Togo,TGO,2023,6.19762969378132,5.48928568141131,1.942,,606.569750165917,,,,5.03
Togo,TGO,2024,6.52651376797853,2.86262074089801,1.948,,606.345297609063,,,,5.14
Togo,TGO,2025,6.31032671625633,0.433183451279109,1.995,,581.92848104034,,,,4.21
Tonga,TON,2000,3.75409745006452,6.32763551411153,3.966,,1.75850260417167,24642268.2072333,,,6.24
Tonga,TON,2001,1.49248125545273,8.29028318850332,4.368,,2.12357416892489,23759782.4929206,,-7.26085680790225,3.88
Tonga,TON,2002,4.4292235994526,10.3590607918507,4.683,,2.19518733528738,25120530.7470288,,-3.46620189323188,1.67
Tonga,TON,2003,0.0518054450729011,11.6386219580734,5.18,,2.1458922520016,39771012.5925288,,-6.34024407217632,1.13
Tonga,TON,2004,-1.96794740326561,10.9734053679554,3.878,,1.97156279313261,55262356.5109295,,-3.26824811194436,1.35
Tonga,TON,2005,-0.657650703495165,8.66569221131751,2.542,,1.94303621693648,46864163.2271085,,-9.29333405709878,3.22
Tonga,TON,2006,-2.16566342680382,6.14911606456568,1.09,,2.02588079490914,47972473.597744,,-8.10879558988649,4.97
Tonga,TON,2007,-2.46430779100223,5.8422487490138,1.21,,1.97093365696189,65238721.718125,,-16.4953983377192,5.02
Tonga,TON,2008,4.86284132376997,10.4469875128223,1.279,,1.94244425686853,69753902.8457779,,-18.207471277767,1.92
Tonga,TON,2009,-5.12917819150532,1.42685972070539,1.419,,2.03449361322879,95702573.8593442,,-30.038855601242,0.16
Tonga,TON,2010,0.824396914081831,3.53491239189831,1.501,,1.90598784238353,104527450.867601,,-23.83210956232,0.18
Tonga,TON,2011,6.70369746238768,6.27075302995692,1.594,,1.72895070977832,143294510.36368,,-20.2517397724188,0.1
Tonga,TON,2012,0.919761024923076,1.14753853706055,1.638,9.92742756260372,1.71950701586165,152403989.217978,,-14.8200258513003,0.14
Tonga,TON,2013,0.393922530137331,0.77562932236742,1.75,9.35397224610026,1.77371311869907,155520937.735289,48.914577670051,-9.47350598315126,0.11
Tonga,TON,2014,1.99053769890816,2.51087633253696,1.914,8.64435559021165,1.84677368453546,158784814.420293,47.3558963062096,-6.26556410417194,0.09
Tonga,TON,2015,1.11374402398066,-1.05399831971283,2.022,8.23684100594144,2.10576325744967,156107668.817026,51.1149689118074,-10.9245837700646,0.13
Tonga,TON,2016,6.59869879417958,2.57815515245081,2.048,7.92752471631559,2.21566110422528,176497315.495875,49.3817810314465,-8.24779157519442,0.39
Tonga,TON,2017,3.20231976224244,7.51706283551116,2.137,7.87198632346278,2.2059726971784,198522418.422513,45.6224784601413,-7.60028838125784,1.0
Tonga,TON,2018,0.527828083180253,5.03209691984883,2.248,8.03811869008348,2.23657147594223,215149318.603045,48.2405777445809,-7.24899766469124,1.83
Tonga,TON,2019,-0.285210784299821,1.17954334821801,2.165,8.06577613962305,2.28948563032632,218448401.776129,43.0541806436068,-7.77583753617423,2.16
Tonga,TON,2020,1.80618715298932,-0.349737696727419,2.712,7.82858252049211,2.29956150787889,298947629.788317,43.0808031004535,-6.63043841446944,0.37
Tonga,TON,2021,-0.934919892094683,5.64051140636743,2.111,7.75674121847486,2.26495960050055,361811847.800967,,-9.54536182301015,0.08
Tonga,TON,2022,-2.12854876486114,10.9713652903022,2.002,7.85920663005895,2.32792982731644,375564012.935228,,-8.45659467313937,1.69
Tonga,TON,2023,2.79014715494606,6.35112980255182,1.652,7.73563920961447,2.36369881809753,396530126.417996,,-7.93410488050172,5.03
Tonga,TON,2024,1.71653807667747,3.18188924237472,1.965,7.76129756597384,2.37304157408369,377298748.746431,,-6.7207014341911,5.14
Tonga,TON,2025,2.79999999999998,5.59276642101027,2.008,7.5647054715086,2.41052686435725,412716557.109435,,,4.21
Trinidad and Tobago,TTO,2000,6.90135959072803,3.55541319666877,12.1,16.5,6.29979666666667,1402802249.32216,,6.67497170338997,6.24
Trinidad and Tobago,TTO,2001,4.16852398185424,5.536653263223,10.88,15.6666666666667,6.23321666666666,1923855111.96432,,4.7139618278455,3.88
Trinidad and Tobago,TTO,2002,7.93670968715332,4.1500586166472,10.39,12.4791666666667,6.24868333333333,2048593954.45554,,0.848106912773139,1.67
Trinidad and Tobago,TTO,2003,14.4409895389734,3.8111062439687,10.48,11.1666666666667,6.2951,2476582262.09186,,8.70995091964198,1.13
Trinidad and Tobago,TTO,2004,7.95005151069972,3.72154938995965,8.33,9.3125,6.29899166666666,3195021782.02602,,13.5001449215207,1.35
Trinidad and Tobago,TTO,2005,6.20893787954175,6.87453459583516,7.95,9.10416666666667,6.29955833333334,4992257912.04651,,24.2851478911928,3.22
Trinidad and Tobago,TTO,2006,13.2080586051735,8.32960351465347,6.27,10.9175,6.31228333333333,6607231897.34595,16.803206848237,38.7864453052226,4.97
Trinidad and Tobago,TTO,2007,4.75420970092722,7.89438834757299,5.54,11.75,6.32803333333333,6745220697.57387,15.928004235045,23.8728005055128,5.02
Trinidad and Tobago,TTO,2008,3.39173707807387,12.0303445477177,4.63,12.4375,6.28943333333333,9478682838.77815,,30.4935230853502,1.92
Trinidad and Tobago,TTO,2009,-4.3917292474614,6.97808725251547,5.28,11.9375,6.32490833333333,8823426554.27755,,8.51638835816151,0.16
Trinidad and Tobago,TTO,2010,3.32322471027371,10.5492003179988,4.033,9.2825,6.37550833333333,9180991459.69022,,18.8299588165597,0.18
Trinidad and Tobago,TTO,2011,-0.294354409043763,5.1071328926456,3.425,7.96916666666667,6.40930070568579,9980126113.5272,,18.5128374343258,0.1
Trinidad and Tobago,TTO,2012,6.71074625448722,9.26028137068292,3.718,7.70833333333333,6.42960265594542,9370784004.2165,,14.2426782258206,0.14
Trinidad and Tobago,TTO,2013,3.36819291689019,5.19981740465611,2.683,7.5,6.44262939764659,10176864833.5733,,19.5071171990968,0.11
Trinidad and Tobago,TTO,2014,3.67086851032413,5.68441814595659,2.477,7.5,6.40909457829793,11493196340.5523,,14.0953972400973,0.09
Trinidad and Tobago,TTO,2015,-0.406283288730492,4.66121598098264,2.428,8.1825,6.37744166666667,9927294618.75719,,7.66416918106465,0.13
Trinidad and Tobago,TTO,2016,-7.53636305379372,3.07066742464024,3.207,9.0,6.66896666666667,9464961137.25085,,-3.28637045850336,0.39
Trinidad and Tobago,TTO,2017,-4.87274946918724,1.88038440183532,3.389,9.0,6.779525,8369757249.16876,,5.91333517535429,1.0
Trinidad and Tobago,TTO,2018,-0.945449700943314,1.01856930188822,3.497,9.09375,6.77075089824606,7575050348.59938,,6.80751807437132,1.83
Trinidad and Tobago,TTO,2019,0.467734528855885,1.00054293027237,3.523,9.25,6.7543266828632,6928951713.59145,,4.34515288873141,2.16
Trinidad and Tobago,TTO,2020,-8.78879817831519,0.598986330824643,4.206,6.555,6.75105268711505,6953756951.24419,,-6.49357154648654,0.37
Trinidad and Tobago,TTO,2021,-0.716740625909793,2.05922746915458,4.446,7.4375,6.75853004916294,6879594621.96588,,10.8546107118222,0.08
Trinidad and Tobago,TTO,2022,0.86126082651883,5.82838638517959,4.383,7.48958333333333,6.75412896099475,6832392604.5144,,10.1709014983169,1.69
Trinidad and Tobago,TTO,2023,1.46645947294053,4.62930242419968,3.361,7.52083333333333,6.75026237934502,6255633381.74802,,11.548724774634,5.03
Trinidad and Tobago,TTO,2024,2.50920813979569,0.526884625776839,3.318,7.5,6.75012324870591,5601120709.15512,,2.51810824357524,5.14
Trinidad and Tobago,TTO,2025,-0.787768572727643,0.994489987904821,3.329,,6.74884660621027,,,4.81226059467447,4.21
Tunisia,TUN,2000,4.7099729138049,2.96230794738605,14.94,,1.37068333333333,1871427065.05158,56.7212758294998,-3.82558496867724,6.24
Tunisia,TUN,2001,3.79627166202512,1.98333333333337,14.4,,1.4387125,2049572900.90431,56.4678199732883,-3.80893714007523,3.88
Tunisia,TUN,2002,1.32255714828946,2.72103284850455,14.55,,1.42173333333333,2364944045.85817,55.9344340024072,-3.22389381333494,1.67
Tunisia,TUN,2003,4.70239953285241,2.71259247474352,14.51,,1.28845833333333,3036243871.63543,55.0213155722411,-2.66077074311872,1.13
Tunisia,TUN,2004,6.23579072222647,3.63228004956625,14.23,,1.24546666666667,4031139050.31146,53.8375580931292,-1.41663593407068,1.35
Tunisia,TUN,2005,3.4865455430439,2.01778641357144,12.872,,1.29743333333333,4548431873.5589,52.4205297222421,-0.927371928635414,3.22
Tunisia,TUN,2006,5.24409983246916,3.22525337438917,12.51,,1.331025,6911623380.49484,48.5639104645928,-1.80172304518295,4.97
Tunisia,TUN,2007,6.70952097453554,2.96694432477349,12.365,,1.28135833333333,8032361912.05129,45.7824704950416,-2.35618464912073,5.02
Tunisia,TUN,2008,4.23778147502819,4.34502807623045,12.444,,1.23214166666667,9038905598.88531,43.2877054340983,-3.81468880111158,1.92
Tunisia,TUN,2009,3.04345012371552,3.66490330642919,13.29,,1.350275,11294387681.3622,42.9297921509547,-2.83909252656909,0.16
Tunisia,TUN,2010,2.97113275066512,3.33897963601069,13.049,,1.4314,9764265037.07788,38.7660002963438,-4.55447131361942,0.18
Tunisia,TUN,2011,-2.04663389535644,3.24002842009531,18.334,,1.40778333333333,7785305507.43057,42.4807224505219,-7.03556585573611,0.1
Tunisia,TUN,2012,4.21667711535632,4.6118443220664,17.63,,1.56189166666667,8717830200.54899,42.5197543010178,-7.86572520912914,0.14
Tunisia,TUN,2013,2.42993096446429,5.31623531326689,15.934,,1.62465833333333,7550027499.83122,,-7.96677847902681,0.11
Tunisia,TUN,2014,3.09032803070775,4.62555099534031,14.259,,1.697675,7498010302.87675,,-8.87794509825977,0.09
Tunisia,TUN,2015,0.967834205635981,4.437371273215,15.159,,1.961625,7559201960.29189,,-8.57094815049074,0.13
Tunisia,TUN,2016,1.117231963992,3.62939937384381,15.557,,2.14803333333333,6137077790.03259,,-8.52887305480808,0.39
Tunisia,TUN,2017,2.25261437620587,5.30884839565844,15.33,,2.419425,6143986079.65126,,-10.0143611259515,1.0
Tunisia,TUN,2018,2.60696965356362,7.30759176031652,15.459,,2.64686666666667,5661370258.89029,,-10.7946228980082,1.83
Tunisia,TUN,2019,1.55009304966742,6.72007532863799,17.153,,2.93443333333333,7919981404.82365,,-8.04912453318917,2.16
Tunisia,TUN,2020,-8.97512622934723,5.63415115897625,17.651,,2.81235833333333,9810630874.82627,,-6.01234016088557,0.37
Tunisia,TUN,2021,4.73603648206102,5.706350208307,16.632,,2.79446666666667,8845557076.37304,,-5.88456562547468,0.08
Tunisia,TUN,2022,2.75228761004381,8.30646124447623,15.3,,3.1036,8094326708.95378,,-8.83429553808937,1.69
Tunisia,TUN,2023,0.184015548469745,9.32899597507865,15.106,,3.10616666666667,9239745488.47506,,-2.30371483601794,5.03
Tunisia,TUN,2024,1.61444564976986,7.20661657168794,15.341,,3.10745,9343597097.75793,,-1.50801033952852,5.14
Tunisia,TUN,2025,2.49311010666248,5.15100197572676,15.108,,,,,,4.21
Turkiye,TUR,2000,6.98528697817062,54.9153705812683,6.495,,0.6252185,23514529510.39,,-3.61057524589502,6.24
Turkiye,TUR,2001,-5.45940838563062,54.4001887619074,8.381,,1.22558808333333,19911331846.7119,,1.85959025093731,3.88
Turkiye,TUR,2002,6.43550883793114,44.964120947985,10.358,,1.50722641666667,28348030216.9613,,-0.259990521546323,1.67
Turkiye,TUR,2003,5.79909321038525,21.6024384490573,10.542,,1.50088520858333,35548509276.1176,,-2.39510781690365,1.13
Turkiye,TUR,2004,9.92540551918624,8.59826168115262,10.838,,1.42553725,37304121308.7358,,-3.46160310805252,1.35
Turkiye,TUR,2005,9.11157745861635,8.17916036802008,10.636,,1.34358310833333,52493941950.0754,,-4.12736838327371,3.22
Turkiye,TUR,2006,7.06762607623939,9.59724212288446,10.227,,1.42845341333845,63264841173.6432,,-5.5679426761279,4.97
Turkiye,TUR,2007,5.10818513903604,8.75618090972632,10.285,,1.30293090533794,76496127491.481,,-5.39177822047968,5.02
Turkiye,TUR,2008,0.920118221365883,10.4441283764885,10.965,,1.30152170281795,73674684815.6172,41.0318813015611,-5.0844969449165,1.92
Turkiye,TUR,2009,-4.88269401706633,6.25097663090626,14.026,,1.54995977566564,74933099954.2986,48.4871401208098,-1.73697758122388,0.16
Turkiye,TUR,2010,8.54219848467686,8.56644420552976,11.879,,1.5028486296723,85959461665.9826,45.1797411840038,-5.70254261669491,0.18
Turkiye,TUR,2011,10.9799625273598,6.471879671151,9.789,,1.67495455197133,87937253858.338,39.9693425323809,-8.81351105932507,0.1
Turkiye,TUR,2012,4.80762696633448,8.89156996512163,9.21,,1.79600094441355,119182965975.41,37.6997174684634,-4.72096418758118,0.14
Turkiye,TUR,2013,8.48825689298511,7.49309030547693,9.713,,1.90376824244752,131053847400.859,31.7836465280795,-5.12686124176872,0.11
Turkiye,TUR,2014,4.60079447270559,8.85457271364316,9.901,,2.18854241775473,127421921235.759,31.1206735016751,-3.40746259930754,0.09
Turkiye,TUR,2015,5.80557386628684,7.67085364845885,10.304,,2.72000852790578,110489628113.015,29.145145266046,-2.46735825450658,0.13
Turkiye,TUR,2016,3.32366508200445,7.7751341532833,10.899,,3.02013474808043,104810530764.478,30.075201418508,-2.54530792537505,0.39
Turkiye,TUR,2017,7.82585730002594,11.1443110840764,10.919,,3.64813263536867,107657025384.516,29.5734179673603,-4.06783613710293,1.0
Turkiye,TUR,2018,3.46815306092219,16.3324638988929,10.956,,4.82837014720942,92997230040.5605,29.3999927208091,-1.85233343060557,1.83
Turkiye,TUR,2019,1.30162365464503,15.1768215720022,13.73,,5.67381930843574,105619672447.934,33.4600744570718,1.9351600379275,2.16
Turkiye,TUR,2020,1.80306247087255,12.2789574462574,13.148,,7.00860541558522,93584577917.0715,41.0396523893444,-4.22284721473811,0.37
Turkiye,TUR,2021,11.811094450607,19.5964926913324,11.969,,8.85040754928315,111184882382.134,41.6375124693568,-0.74064931592423,0.08
Turkiye,TUR,2022,5.44122511322401,72.3088359891207,10.465,,16.5488604173067,128735003395.893,35.3300843740665,-4.99763806227356,1.69
Turkiye,TUR,2023,5.04512369812289,53.8594087593315,9.388,,23.7385661219918,140868480001.696,33.2548360254558,-3.63367003503212,5.03
Turkiye,TUR,2024,3.3276230893799,58.5064507300342,8.8,,32.8058614432703,155548682878.169,26.6192344930079,-0.766008235540632,5.14
Turkiye,TUR,2025,3.60462514082589,34.8811629820306,8.52,,39.4548130977983,185567690700.458,,,4.21
Turkmenistan,TKM,2000,5.46906425232281,,11.73,,5200.0,,,,6.24
Turkmenistan,TKM,2001,4.34384545203714,,10.898,,5200.0,,,,3.88
Turkmenistan,TKM,2002,0.257179997445405,,10.141,,,,,,1.67
Turkmenistan,TKM,2003,3.2688286670479,,9.289,,,,,,1.13
Turkmenistan,TKM,2004,5.00040735874585,,8.419,,,,,,1.35
Turkmenistan,TKM,2005,13.0340347988606,,7.495,,,,,,3.22
Turkmenistan,TKM,2006,10.9733082952862,,6.601,,,,,,4.97
Turkmenistan,TKM,2007,11.0592995865825,,5.719,,,,,,5.02
Turkmenistan,TKM,2008,14.7000000144534,,4.852,,,,,,1.92
Turkmenistan,TKM,2009,6.10000001746145,,4.0,,,,,,0.16
Turkmenistan,TKM,2010,9.20000007329543,,4.0,,,,,,0.18
Turkmenistan,TKM,2011,14.7183120474814,,4.003,,,,,,0.1
Turkmenistan,TKM,2012,11.0508311776258,,3.994,,,,,,0.14
Turkmenistan,TKM,2013,10.1628450365084,,3.993,,,,,,0.11
Turkmenistan,TKM,2014,10.3497353947965,,4.005,,,,,,0.09
Turkmenistan,TKM,2015,6.45254918531575,,4.016,,,,,,0.13
Turkmenistan,TKM,2016,6.22909997062793,,4.026,,,,,,0.39
Turkmenistan,TKM,2017,6.45138358820188,,4.035,,,,,,1.0
Turkmenistan,TKM,2018,6.20602363832646,,4.036,,,,,,1.83
Turkmenistan,TKM,2019,6.33169567608873,,4.035,,,,,,2.16
Turkmenistan,TKM,2020,5.87065623130427,,4.489,,,,,,0.37
Turkmenistan,TKM,2021,6.15115785574542,,4.458,,,,,,0.08
Turkmenistan,TKM,2022,6.23491365071671,,4.017,,,,,,1.69
Turkmenistan,TKM,2023,6.31879850268643,,4.007,,,,,,5.03
Turkmenistan,TKM,2024,6.28235647996578,,4.02,,,,,,5.14
Turkmenistan,TKM,2025,6.30000003697894,,4.267,,,,,,4.21
Turks and Caicos Islands,TCA,2000,,,,,1.0,,,,6.24
Turks and Caicos Islands,TCA,2001,,,,,1.0,,,,3.88
Turks and Caicos Islands,TCA,2002,,,,,1.0,,,,1.67
Turks and Caicos Islands,TCA,2003,,,,,1.0,,,,1.13
Turks and Caicos Islands,TCA,2004,,,,,1.0,,,,1.35
Turks and Caicos Islands,TCA,2005,,,,,1.0,,,,3.22
Turks and Caicos Islands,TCA,2006,,,,,1.0,,,,4.97
Turks and Caicos Islands,TCA,2007,,,,,1.0,,,,5.02
Turks and Caicos Islands,TCA,2008,8.27189312486149,,,,1.0,,,,1.92
Turks and Caicos Islands,TCA,2009,-19.5502467595022,,,,1.0,,,,0.16
Turks and Caicos Islands,TCA,2010,0.984924853810682,,,,1.0,,,,0.18
Turks and Caicos Islands,TCA,2011,4.62049892978239,,,,1.0,,,,0.1
Turks and Caicos Islands,TCA,2012,-2.66655562053364,,,,1.0,,,,0.14
Turks and Caicos Islands,TCA,2013,1.07088049554032,,,,1.0,,,,0.11
Turks and Caicos Islands,TCA,2014,8.71129580824217,,,,1.0,,,11.2746582075413,0.09
Turks and Caicos Islands,TCA,2015,11.3148293929929,,,,1.0,,,14.2411154163207,0.13
Turks and Caicos Islands,TCA,2016,7.25118627570265,,,,1.0,,,20.5545024828499,0.39
Turks and Caicos Islands,TCA,2017,74.5879880544188,,,,1.0,,,2.9229683096609,1.0
Turks and Caicos Islands,TCA,2018,6.75264845178367,,,,1.0,,,13.1404891042622,1.83
Turks and Caicos Islands,TCA,2019,4.98170549382992,,,,1.0,,,,2.16
Turks and Caicos Islands,TCA,2020,-33.8170973434652,,,,1.0,,,,0.37
Turks and Caicos Islands,TCA,2021,29.6293781722414,,,,1.0,,,,0.08
Turks and Caicos Islands,TCA,2022,14.0871234168153,,,,1.0,,,,1.69
Turks and Caicos Islands,TCA,2023,13.7311481139228,,,,1.0,,,,5.03
Turks and Caicos Islands,TCA,2024,5.63682517443362,,,,1.0,,,,5.14
Turks and Caicos Islands,TCA,2025,,,,,1.0,,,,4.21
Tuvalu,TUV,2000,-0.924982787727885,,,,1.72482666666667,,,,6.24
Tuvalu,TUV,2001,0.695632721154311,,,,1.9334425,,,-55.2183117560852,3.88
Tuvalu,TUV,2002,8.31734087106138,,,,1.8405625,,,0.150200355708208,1.67
Tuvalu,TUV,2003,-4.35078593434982,,,,1.54191416666667,,,-32.1132837366209,1.13
Tuvalu,TUV,2004,-1.88813964522959,,,,1.3597525,,,-30.8619475703454,1.35
Tuvalu,TUV,2005,-3.74664896498648,,,,1.30947333333333,,,-18.7240022967409,3.22
Tuvalu,TUV,2006,1.30103846348952,,,,1.3279734405,,,26.9794542429323,4.97
Tuvalu,TUV,2007,6.90547330117343,,,,1.1950725,,,-15.2873932470538,5.02
Tuvalu,TUV,2008,6.57919977159274,,,,1.19217833333333,,,-11.7348781633598,1.92
Tuvalu,TUV,2009,-5.61992222980298,,,,1.28218881008452,,,-60.7028687959192,0.16
Tuvalu,TUV,2010,-2.46826250374198,,,,1.09015948638677,,,-43.2184886122594,0.18
Tuvalu,TUV,2011,7.52010985962886,0.5005807431527,,,0.969463201496735,,,-60.1588561372753,0.1
Tuvalu,TUV,2012,-2.8527626821171,,,,0.965801030658708,,,16.5198797492105,0.14
Tuvalu,TUV,2013,3.80502330116951,,,,1.03584309652054,,,2.83508546925475,0.11
Tuvalu,TUV,2014,1.66722583350807,,,,1.10936329281692,,,-0.481358144883789,0.09
Tuvalu,TUV,2015,9.37896384662504,,,,1.33109026245502,,,-33.6508558404122,0.13
Tuvalu,TUV,2016,4.77650497336539,,,,1.34521397601947,,,29.8763555684924,0.39
Tuvalu,TUV,2017,3.26802914033142,,,,1.30475807671592,,,2.07231989129787,1.0
Tuvalu,TUV,2018,1.38668386152332,,,,1.33841214646451,,,60.9075410272212,1.83
Tuvalu,TUV,2019,13.4465048163198,,,,1.43850654421382,,,-22.4210470726777,2.16
Tuvalu,TUV,2020,-3.03030303030303,,,,1.45308511847016,,,16.175940920155,0.37
Tuvalu,TUV,2021,0.0,,,,1.33122425957081,,,28.2644481240152,0.08
Tuvalu,TUV,2022,-10.9375,,,,1.44166445896522,,,-0.271496007405072,1.69
Tuvalu,TUV,2023,3.50877192982458,,,,1.50519106560509,,,40.0273112804596,5.03
Tuvalu,TUV,2024,3.38983050847457,,,,1.51535803855596,,,,5.14
Tuvalu,TUV,2025,1.63934426229508,,,,1.5519978866485,,,,4.21
Uganda,UGA,2000,3.141907338187,3.39202158512998,3.531,22.9197575,1644.47533333333,808042388.803331,,-5.79340706801523,6.24
Uganda,UGA,2001,5.18366112490236,1.86512524084773,3.522,22.655,1755.65875,983357418.978631,,-5.23214599458246,3.88
Uganda,UGA,2002,8.73268576440127,-0.287508511765196,3.5,19.0971782285593,1797.5505,934009575.937527,,-2.46011695217404,1.67
Uganda,UGA,2003,6.47325867166543,8.68047651566884,3.6,18.9421408936285,1963.72008333333,1080256630.13831,,-0.581756161515947,1.13
Uganda,UGA,2004,6.80723334361883,3.72128743978228,2.699,20.6031757398424,1810.30471365151,1308101595.45735,,-0.0210973345748702,1.35
Uganda,UGA,2005,6.33256511623156,8.44872642299532,1.9,19.645388401657,1780.54026086523,1344201156.70341,,0.579537398767585,3.22
Uganda,UGA,2006,10.7847443857453,7.31067613561864,2.264,18.6973347967076,1831.45185089088,1810879485.55993,,-3.18903604186136,4.97
Uganda,UGA,2007,8.41242596551071,6.1385108328505,2.667,19.1057894680034,1723.49158714041,2559789963.82403,,-4.72875221684934,5.02
Uganda,UGA,2008,8.70875190154499,12.0508555482886,3.035,20.450066096838,1720.4438791511,2300539404.85552,,-8.47510327903429,1.92
Uganda,UGA,2009,6.80151734860395,13.0172561889185,3.6,20.9551657814281,2030.48807433418,2994459465.38175,,-4.17084923224742,0.16
Uganda,UGA,2010,5.63761163749757,3.97655288478168,3.623,20.1746301259357,2177.55750683358,2706005010.33156,,-6.03511814570153,0.18
Uganda,UGA,2011,9.3916554927176,16.5643496174515,3.523,21.8333142597665,2522.80203252264,2617450463.11354,,-7.48878445953836,0.1
Uganda,UGA,2012,3.83745560605229,12.6790377224659,3.551,26.1501302489385,2504.56307758328,3167158060.13695,,-6.06312638733372,0.14
Uganda,UGA,2013,3.58690582623025,4.90520875694557,1.91,23.2835727165863,2586.88956856561,3337539363.36546,,-6.05719389968621,0.11
Uganda,UGA,2014,5.10630732539796,3.07570668958641,2.357,21.5842268570126,2599.78820061067,3316363815.29631,,-6.64160843323991,0.09
Uganda,UGA,2015,5.18785986002466,5.58968606251725,2.681,22.60135726942,3240.64542033826,2908876773.27382,,-5.16028723789941,0.13
Uganda,UGA,2016,4.78100029254482,5.70637504616212,3.002,23.8861326246628,3420.09800724736,3097848069.80846,,-2.85393787294637,0.39
Uganda,UGA,2017,3.13140551723596,5.20971705914209,3.428,21.2786714889596,3611.22445804461,3720863721.20488,,-4.88278660173815,1.0
Uganda,UGA,2018,6.30392378262997,2.61601190952274,3.249,19.8465587059191,3727.06899484612,3233114649.90299,34.6735709945694,-6.32983605256251,1.83
Uganda,UGA,2019,6.43874503276439,2.867588034469,3.057,,3704.04907169681,3246999026.90564,38.4769453120331,-7.44419073613669,2.16
Uganda,UGA,2020,2.95130642218098,3.31332289544502,3.819,,3718.24892270924,3912651478.07551,44.1859143089924,-9.56958764500258,0.37
Uganda,UGA,2021,3.53658034070898,2.20457204757414,3.416,,3587.05170733909,4878616030.6679,51.3026623500196,-8.89448758335781,0.08
Uganda,UGA,2022,4.58802192181773,7.1957888597581,2.885,,3689.81738566862,4080407824.1636,53.890283064004,-8.91897823001289,1.69
Uganda,UGA,2023,5.33697295511469,5.35094804280395,2.754,,3726.14045997085,3939109256.17839,53.1469350748667,-7.43279149697524,5.03
Uganda,UGA,2024,6.05558075875589,3.32338033691819,2.74,,3757.2625354215,3482906765.58962,54.4305525836671,-7.7752151397725,5.14
Uganda,UGA,2025,6.33181157677313,3.58082784438067,2.746,,3602.98994206814,,,,4.21
Ukraine,UKR,2000,5.90000000024899,28.2030972388552,11.707,41.528425,5.44023333333333,1477202335.54994,43.7297874273256,4.14516299850109,6.24
Ukraine,UKR,2001,8.80000000367222,11.9588085390459,11.061,32.277975,5.37215833333333,3088921702.57906,,3.36813562211436,3.88
Ukraine,UKR,2002,5.33964720719075,0.75742084639286,10.136,25.3494583333333,5.326625,4462353859.41443,,7.23448030648592,1.67
Ukraine,UKR,2003,9.51660986436364,5.17967781908315,9.057,17.8948916666667,5.33268833333333,6946076993.56649,,5.57773535288709,1.13
Ukraine,UKR,2004,11.7953525281136,9.04806786050888,8.59,17.401225,5.31918066666667,9718436095.67767,,10.2811427404739,1.35
Ukraine,UKR,2005,3.07123039245209,13.5695764909248,7.18,16.1741666666667,5.124729,19388177690.8784,,2.83956995265949,3.22
Ukraine,UKR,2006,7.57142076322967,9.05252491133248,6.81,15.1691666666667,5.05,22359564313.3789,,-1.44702469655834,4.97
Ukraine,UKR,2007,8.21584445165715,12.8387796190181,6.351,13.8991666666667,5.05,32483841812.7738,,-3.53046707122563,5.02
Ukraine,UKR,2008,2.24349159628288,25.226461707384,6.363,17.4925,5.26722141666667,31543343236.6617,13.2299542095983,-6.79441468128891,1.92
Ukraine,UKR,2009,-15.1364679101502,15.8811924594476,8.84,20.8633333333333,7.79124033333333,26500887342.1218,23.9900342329063,-1.42819353735104,0.16
Ukraine,UKR,2010,4.09200436668087,9.37293105078978,8.1,15.8683916666667,7.93563941666667,34571298928.1666,28.8666366228354,-2.13583862214825,0.18
Ukraine,UKR,2011,5.44528081048476,7.95572466274652,7.851,15.947225,7.96756283333333,31788750906.6251,26.4808201734686,-6.04309232577169,0.1
Ukraine,UKR,2012,0.152314967200653,0.568727971803862,7.529,18.3922166666667,7.99102933333333,24552796496.6833,32.445911715199,-7.85084742299342,0.14
Ukraine,UKR,2013,0.045439094492707,-0.238948626045407,7.17,16.6492,7.993,20413621998.9497,35.6313995863809,-8.67092024008033,0.11
Ukraine,UKR,2014,-10.0788949840953,12.0718562874251,9.27,17.7180416666667,11.8866594166667,7538804512.33223,63.6653191884884,-3.44259678457888,0.09
Ukraine,UKR,2015,-9.7729872128676,48.6998646434424,9.14,21.8229416666667,21.8446977666667,13300880765.1311,70.2588376218982,5.53108477509173,0.13
Ukraine,UKR,2016,2.44098194492067,13.9127101997797,9.35,19.2371666666667,25.5513341166667,15537256304.3675,71.8095454494004,-1.99880308749136,0.39
Ukraine,UKR,2017,2.35997228099491,14.4383227488749,9.5,16.383525,26.5966063,18810931196.5576,66.7346465062875,-3.09838910750506,1.0
Ukraine,UKR,2018,3.48836234022659,10.9518559353178,8.799,19.004875,27.2004923333333,20817897004.1028,56.9059506749708,-4.9140091077667,1.83
Ukraine,UKR,2019,3.19950386354134,7.88671745611133,8.194,19.8217083333333,25.8455893333333,25317002926.8886,48.3272696003568,-2.67995732261758,2.16
Ukraine,UKR,2020,-3.75281793983162,2.73249209419427,9.475,14.2924,26.9575243833333,29137541200.0461,58.7161850732326,2.71233673009119,0.37
Ukraine,UKR,2021,3.44562065945944,9.36313917695223,9.834,13.2921083333333,27.2861893833333,30966674653.8888,,-2.7316980047145,0.08
Ukraine,UKR,2022,-28.7585842155085,20.1836366617478,,18.6094166666667,32.3423016,28505931892.0519,,4.52251476971106,1.69
Ukraine,UKR,2023,5.53473354963334,12.8490222828559,,22.1117666666667,36.5738081166667,40510106307.8863,,-5.15446515946609,5.03
Ukraine,UKR,2024,3.24811808426423,6.50198464669254,,19.58905,40.152082715,43780549772.8406,,-7.96032840013333,5.14
Ukraine,UKR,2025,1.82152376756284,12.7303341026903,,19.7001583333333,41.6890720433333,57268434039.4417,,,4.21
United Arab Emirates,ARE,2000,10.852837927302,,2.25,,3.6725,13631620189.1667,,,6.24
United Arab Emirates,ARE,2001,1.39892161061073,,2.443,,3.6725,14256130113.4802,,,3.88
United Arab Emirates,ARE,2002,2.43337487237925,,2.659,,3.6725,15355431325.3937,,,1.67
United Arab Emirates,ARE,2003,8.80057809996346,,2.903,,3.6725,15087811903.6616,,,1.13
United Arab Emirates,ARE,2004,9.56652626277928,,2.965,,3.6725,18529923697.6481,,,1.35
United Arab Emirates,ARE,2005,4.85513657996815,,3.12,,3.6725,21010295842.2662,,,3.22
United Arab Emirates,ARE,2006,9.83727922860218,,2.964,,3.6725,27617445822.5769,,,4.97
United Arab Emirates,ARE,2007,3.18441281459761,,2.934,,3.6725,77238765358.1158,,,5.02
United Arab Emirates,ARE,2008,3.19181235452885,12.2504202448139,2.818,,3.6725,31694454694.0485,,,1.92
United Arab Emirates,ARE,2009,-5.2429219073683,1.5618131744907,2.932,,3.6725,26104201597.7902,,,0.16
United Arab Emirates,ARE,2010,1.60285004336325,0.877983288285867,2.798,,3.6725,32785291883.4009,,,0.18
United Arab Emirates,ARE,2011,6.73651167897515,0.87734659568512,2.587,,3.6725,37269318422.5758,,,0.1
United Arab Emirates,ARE,2012,4.68325642918792,0.662268900269009,2.323,,3.6725,47035150430.9523,,,0.14
United Arab Emirates,ARE,2013,4.9184505919085,1.1011183637571,2.125,,3.6725,68202650660.2746,1.80326819075483,,0.11
United Arab Emirates,ARE,2014,4.63291785879667,2.34626865671643,1.999,,3.6725,78424381665.0826,,,0.09
United Arab Emirates,ARE,2015,7.08766622657654,4.06996608361593,1.793,,3.6725,93929134196.4176,,,0.13
United Arab Emirates,ARE,2016,5.65790147196586,1.61748808904198,1.64,,3.6725,85390832746.3078,,,0.39
United Arab Emirates,ARE,2017,-1.06137114472548,1.96682557818842,2.462,,3.6725,95377648625.516,,,1.0
United Arab Emirates,ARE,2018,1.53720634021511,3.06863379251997,2.236,,3.6725,99503335478.7452,,,1.83
United Arab Emirates,ARE,2019,1.27129120536284,-1.93108114782173,2.331,,3.6725,108359358451.761,,,2.16
United Arab Emirates,ARE,2020,-8.69343363776639,-2.07940317940944,4.294,,3.6725,106701571777.291,,,0.37
United Arab Emirates,ARE,2021,4.55280140106356,0.179935336174431,3.105,,3.6725,131116705892.304,,,0.08
United Arab Emirates,ARE,2022,7.51452414254605,5.29122604376849,2.872,,3.6725,138433303844.914,,,1.69
United Arab Emirates,ARE,2023,4.30113648499413,1.62670837213248,2.151,,3.6725,189490945175.271,,13.1295797567307,5.03
United Arab Emirates,ARE,2024,3.99181200361831,1.66336510224894,2.16,,3.6725,237931339945.397,,14.4792979326645,5.14
United Arab Emirates,ARE,2025,,1.250865245598,2.174,,3.6725,292319262021.321,,,4.21
United Kingdom,GBR,2000,4.52438074810904,1.18295624210408,5.558,5.96389166666667,0.660930833333333,50939389681.351,87.284376049437,-1.80322397590519,6.24
United Kingdom,GBR,2001,2.39102229602824,1.53234960272418,4.696,5.122375,0.694655,47417467709.4427,84.04178204707,-1.75946787442188,3.88
United Kingdom,GBR,2002,1.70902736258567,1.52040245947455,5.037,4.0,0.667223333333333,54959281998.9798,86.1686223366587,-1.96774674220137,1.67
United Kingdom,GBR,2003,3.21851612669614,1.37650038542013,4.807,3.69579166666667,0.6124725,56349681040.0796,86.4073086616893,-1.82204886055783,1.13
United Kingdom,GBR,2004,2.32601853325993,1.39039756680422,4.594,4.37981666666667,0.54618,62138194998.7523,90.2045973945536,-2.28435751976608,1.35
United Kingdom,GBR,2005,2.7906547174688,2.0891364902507,4.884,4.648675,0.549998333333333,59135108205.0069,91.8639528693767,-1.97517731781616,3.22
United Kingdom,GBR,2006,2.18982132415704,2.4556616643929,5.472,4.63825833333333,0.543486666666667,63823577313.6433,91.788062892401,-3.10941980167091,4.97
United Kingdom,GBR,2007,2.93091133582351,2.38656150773327,5.399,5.50870833333333,0.499771666666667,77715465906.5662,93.3735852072108,-3.71636602944723,5.02
United Kingdom,GBR,2008,-0.0494116727402769,3.52140856342539,5.748,4.67530833333333,0.54396625,64785716443.2505,104.84023075526,-3.86567706212856,1.92
United Kingdom,GBR,2009,-4.58740819226323,1.96173173560109,7.683,0.644866666666667,0.641919263495996,79453490100.2467,122.887383328898,-3.01852853421921,0.16
United Kingdom,GBR,2010,2.26054460931586,2.49265472467065,7.973,0.5,0.647179345560165,98025460114.4246,130.497283454602,-2.75934253189814,0.18
United Kingdom,GBR,2011,0.851437739020326,3.8561124468282,8.195,0.5,0.624140835740495,109733899591.288,143.125971214621,-1.6237867474026,0.1
United Kingdom,GBR,2012,1.52826034721852,2.5732347965453,8.279,0.5,0.633046988857327,117156976864.591,146.371335905972,-3.13257837481106,0.14
United Kingdom,GBR,2013,1.71846961308464,2.29166666666659,7.752,0.5,0.639660577613477,118750193779.676,141.033172505075,-4.63114682704939,0.11
United Kingdom,GBR,2014,3.16017351468152,1.45112016293279,6.398,0.5,0.607729626878255,124487425221.296,149.584281299965,-4.97786981840052,0.09
United Kingdom,GBR,2015,2.14040560033371,0.36804684232536,5.552,,0.654545478931426,148109299505.898,147.063146778865,-4.91700489264857,0.13
United Kingdom,GBR,2016,2.20652020635357,1.0084173681141,4.909,,0.740634463697084,134931850848.279,155.581504971929,-5.46283821927875,0.39
United Kingdom,GBR,2017,3.02322219840339,2.55775577557747,4.501,,0.776976682344123,150857673778.943,160.141177233502,-3.47326460218152,1.0
United Kingdom,GBR,2018,1.55133095078786,2.29283990345938,4.145,,0.749531540259847,172657749536.315,156.766820519267,-3.88728858372976,1.83
United Kingdom,GBR,2019,1.25629899760824,1.73810460086513,3.657,,0.783445110011929,173569199262.767,158.972569875821,-2.66245642145608,2.16
United Kingdom,GBR,2020,-10.047896637362,0.989486703772491,4.472,,0.779999576697153,180054101389.553,194.682828796265,-2.92883387550299,0.37
United Kingdom,GBR,2021,8.5431118453255,2.51837109614213,4.864,,0.727064944688323,194181397315.03,183.804848939919,-0.752836357784013,0.08
United Kingdom,GBR,2022,5.14970388522993,7.92204883147902,3.768,,0.811301715827773,176409966646.608,138.215904304967,-2.06737101121871,1.69
United Kingdom,GBR,2023,0.271650048355255,6.79396706793963,4.025,,0.804538906734353,177915356242.234,136.142431919028,-3.57676183842871,5.03
United Kingdom,GBR,2024,1.08027716858781,3.2715729463592,4.361,,0.782414580986262,174597843325.182,130.735888365813,-2.95960422411904,5.14
United Kingdom,GBR,2025,1.38844207858726,3.88306881626,4.746,,0.759473957338608,214355349052.166,,-2.42693271936225,4.21
United States,USA,2000,4.07758575997799,3.37685727149929,3.992,9.23333333333333,1.0,128399516602.723,33.2676418736523,-3.92088461637514,6.24
United States,USA,2001,0.955538337599847,2.82617111885407,4.731,6.92166666666667,1.0,130076677027.985,52.6289015925168,-3.72407526075822,3.88
United States,USA,2002,1.70044733078285,1.58603162650601,5.783,4.675,1.0,157762914914.241,54.0472378898626,-4.17334150234402,1.67
United States,USA,2003,2.79560596378604,2.27009497336115,5.989,4.1225,1.0,184024332193.35,56.4292429155629,-4.55897769378821,1.13
United States,USA,2004,3.84777169267127,2.67723669309172,5.529,4.34,1.0,190464790633.305,56.8322960522202,-5.20485224269137,1.35
United States,USA,2005,3.48354993710312,3.3927468454955,5.084,6.18916666666667,1.0,188259141662.468,56.6929850051349,-5.74598267055862,3.22
United States,USA,2006,2.78453963674239,3.22594410070404,4.623,7.9575,1.0,221088725058.691,55.6206495230784,-5.91102091022869,4.97
United States,USA,2007,2.0038583039496,2.85267248150138,4.622,8.05,1.0,277548941768.855,55.8142306449781,-5.08872735734161,5.02
United States,USA,2008,0.113587247501258,3.839100296651,5.784,5.0875,1.0,294045673779.627,63.9719179502151,-4.71585990444596,1.92
United States,USA,2009,-2.5765002366652,-0.355546266299747,9.254,3.25,1.0,404098925258.352,76.0321802627381,-2.62283632200348,0.16
United States,USA,2010,2.69519258673525,1.6400434423899,9.633,3.25,1.0,488928508742.44,85.1547923110491,-2.87064145448882,0.18
United States,USA,2011,1.56440685205419,3.156841568622,8.949,3.25,1.0,537267041107.474,89.7346954422037,-2.91862065322661,0.1
United States,USA,2012,2.28911339009767,2.06933726526067,8.069,3.25,1.0,574268084132.446,93.8330143343442,-2.57236847367136,0.14
United States,USA,2013,2.11783009443471,1.46483265562717,7.375,3.25,1.0,448508920737.711,95.5058927414252,-2.01090797096302,0.11
United States,USA,2014,2.52381981757846,1.62222297740817,6.168,3.25,1.0,434416188744.626,95.6360178458392,-2.10117617206317,0.09
United States,USA,2015,2.94555045227337,0.118627135552451,5.28,3.26,1.0,383728497570.133,96.1410808045622,-2.2325584903738,0.13
United States,USA,2016,1.81945147909089,1.26158320570536,4.869,3.51166666666667,1.0,405942428719.749,98.1169229551873,-2.10699725119707,0.39
United States,USA,2017,2.45762230126449,2.13011000365961,4.355,4.09666666666667,1.0,451285263406.24,97.2074691432871,-1.87442427129943,1.0
United States,USA,2018,2.96650506701943,2.44258329692817,3.896,4.90416666666667,1.0,449907088828.546,98.62934291533,-2.12518413076048,1.83
United States,USA,2019,2.58382533052225,1.81221007526021,3.669,5.2825,1.0,516700583371.247,100.234364169849,-2.05182158462342,2.16
United States,USA,2020,-2.081375977796,1.23358439630629,8.055,3.54416666666667,1.0,628369715338.322,124.509268439559,-2.77659039897534,0.37
United States,USA,2021,6.15202247867526,4.69785886363742,5.349,3.25,1.0,716152260973.711,118.284809538371,-3.61901225446136,0.08
United States,USA,2022,2.52421385073222,8.00279982052121,3.65,,1.0,706644215998.894,112.71753248772,-3.81177015326345,1.69
United States,USA,2023,2.93436322440155,4.11633838374488,3.638,,1.0,773426187289.127,114.73462594651,-3.33680827263036,5.03
United States,USA,2024,2.79318715363841,2.94952520485207,4.022,,1.0,910036546651.5,115.768352618316,-4.04564637199117,5.14
United States,USA,2025,2.16138195623856,,4.198,,1.0,1385447111476.7,,-3.62698693844919,4.21
Upper middle income,,2000,5.98938554447042,4.06396201382596,5.5440284421365,,,,,,6.24
Upper middle income,,2001,3.47176313358794,5.34550195567142,5.80136022985993,,,,,,3.88
Upper middle income,,2002,4.85760888264437,5.03072733151295,6.09771736070604,,,,,,1.67
Upper middle income,,2003,5.93182709987083,4.22085086801267,6.20263523475666,,,,,,1.13
Upper middle income,,2004,7.85818127906606,4.76979071866839,6.05455318877558,,,,,,1.35
Upper middle income,,2005,7.53091329686855,4.61565895269152,6.04628742550639,,,,,,3.22
Upper middle income,,2006,8.54599449140774,4.63742222298699,5.81135995546678,,,,,,4.97
Upper middle income,,2007,9.34587228012785,5.28735184747553,5.70858976228737,,,,,,5.02
Upper middle income,,2008,6.27582959663708,9.82113386576177,5.67683744867821,,,,,,1.92
Upper middle income,,2009,3.53070135416004,3.03363356306333,5.97493735808703,,,,,,0.16
Upper middle income,,2010,8.47976782694566,3.82467272315376,5.65648139349247,,,,,,0.18
Upper middle income,,2011,6.86028171206145,5.55389892257493,5.46548968228103,,,,,,0.1
Upper middle income,,2012,5.7971024867346,3.73815231282227,5.37033176143252,,,,,,0.14
Upper middle income,,2013,5.66814396000228,2.70281658214477,5.33490578969923,,,,,,0.11
Upper middle income,,2014,5.02375276809626,3.03372718252381,5.34707785695012,,,,,,0.09
Upper middle income,,2015,4.56055688519767,1.78640243954172,5.55781700600781,,,,,,0.13
Upper middle income,,2016,4.62482816773941,2.04528420858843,5.7624084064723,,,,,,0.39
Upper middle income,,2017,5.40459151052542,3.31608762172158,5.77337201527055,,,,,,1.0
Upper middle income,,2018,4.95165024884356,3.12170076631027,5.67121545409166,,,,,,1.83
Upper middle income,,2019,4.24595361596556,1.93780995920407,5.80585688987594,,,,,,2.16
Upper middle income,,2020,-0.502919871037122,1.8903591682421,6.47637385311808,,,,,,0.37
Upper middle income,,2021,7.58860883559845,3.92718022100332,6.15372931005527,,,,,,0.08
Upper middle income,,2022,3.53652312476997,8.81109209279587,5.75041485644261,,,,,,1.69
Upper middle income,,2023,4.57426687515756,5.0341072621757,5.36297560426889,,,,,,5.03
Upper middle income,,2024,4.23445227221156,3.18188924237472,5.26143156011161,,,,,,5.14
Upper middle income,,2025,4.20533481650185,3.20550474112603,5.18391394822957,,,,,,4.21
Uruguay,URY,2000,-1.92993063549235,4.76382472733251,12.627,47.5403296902658,12.0995916666667,2775536525.06834,,-2.48133850696421,6.24
Uruguay,URY,2001,-3.84412995940374,4.3593406521727,15.052,50.1184487497555,13.3191166666667,3099292334.44093,40.6433348596506,-2.38113794693639,3.88
Uruguay,URY,2002,-7.73200721540044,13.9724725913515,16.648,118.379940833333,21.2569666666667,772025423.559993,95.2678607204109,2.80710265957685,1.67
Uruguay,URY,2003,0.805283915893824,19.3797301743995,16.661,58.9409958333333,28.2086833333333,2086675964.76736,105.602780852245,-0.724417111042172,1.13
Uruguay,URY,2004,5.00416035564457,9.15760507540997,12.98,23.6791141666667,28.7037333333333,2512109312.05214,85.425594123742,0.0228310712848396,1.35
Uruguay,URY,2005,7.4601321302473,4.6992773903564,12.009,13.6095233333333,24.4786,3078376701.73893,76.1144597080025,0.243497121353953,3.22
Uruguay,URY,2006,4.09857735445401,6.39764974385131,10.844,9.25001575,24.0733583333333,3090608691.74437,68.4607045920176,-1.98506902354451,4.97
Uruguay,URY,2007,6.54151084504817,8.11464561179313,9.403,8.93970391666667,23.471025,4121414262.81292,57.5599818770038,-0.926356077597875,5.02
Uruguay,URY,2008,7.17614466455107,7.87707374730888,8.025,12.4476125,20.9493166666667,6360194479.33838,55.8665794658295,-5.55595054569104,1.92
Uruguay,URY,2009,4.24349419462426,7.06221874388574,7.74,15.284842385802,22.5679833333333,8037871915.97406,47.6955014411912,-1.16571403141018,0.16
Uruguay,URY,2010,7.8034096507169,6.69870886978132,7.158,10.3262221820083,20.059275,7655538208.89576,42.4666388141691,-1.74215679383919,0.18
Uruguay,URY,2011,5.16213302463606,8.0928320630299,6.307,9.78182074182773,19.3142083333333,10301678592.7052,43.2074168775786,-2.61132861090732,0.1
Uruguay,URY,2012,3.53817872056869,8.09776580573602,6.451,11.1991921565682,20.310575,13604619913.6442,41.0282347488741,-3.75505695244851,0.14
Uruguay,URY,2013,4.63753862902416,8.57513504005397,6.444,12.4340649587398,20.4816083333333,16280547228.7409,40.0884943756463,-3.28720935568054,0.11
Uruguay,URY,2014,3.23879122952364,8.87735333229828,6.547,15.5341402019916,23.246025,17554713318.1913,41.2850007406183,-2.98942522248203,0.09
Uruguay,URY,2015,0.370741257681345,8.66626987079328,7.488,15.8410813948786,27.3273666666667,15633854333.4106,47.2765585126953,-0.255015059040964,0.13
Uruguay,URY,2016,1.68979822971775,9.6394134763508,7.841,16.1703130380291,30.1626,13471669447.4569,46.4584676105582,0.825062149663386,0.39
Uruguay,URY,2017,1.74037649141989,6.2180938256186,7.89,13.8334581432191,28.6764,15959345500.7884,45.0743906712828,0.011326168182089,1.0
Uruguay,URY,2018,0.164777608846705,7.60653360377047,8.336,12.201184744586,30.7252583333333,15556520867.2273,47.341475064134,-0.459786698499486,1.83
Uruguay,URY,2019,0.928351027546341,7.88198870879619,8.836,11.5571850608681,35.255375,14504021740.9161,50.1314400407486,1.29076830125487,2.16
Uruguay,URY,2020,-7.35732706897301,9.75640636078194,10.413,11.2312594501517,42.0132916666667,16250371651.3164,60.4014234820884,-0.64129448995452,0.37
Uruguay,URY,2021,5.84427325018082,7.74791402314762,9.328,7.45064820808614,43.554575,16962770286.5533,58.1130748248069,-2.43351228613427,0.08
Uruguay,URY,2022,4.60623000920732,9.10437983075437,7.877,10.8653622268844,41.1710833333333,15126762057.5326,53.7450190240355,-3.5174343179116,1.69
Uruguay,URY,2023,0.761749241321681,5.86910359896119,8.355,11.8954328669923,38.8239166666667,16256769466.6151,61.4088137546665,-2.95412894360151,5.03
Uruguay,URY,2024,3.32575905957381,4.84914366613156,8.209,9.90709477725299,40.2127875,17377698943.2229,65.3068312327003,-0.756844684468695,5.14
Uruguay,URY,2025,1.78471117082752,4.65032720433324,7.516,10.0619986594372,41.1909791666667,18987045163.6795,,-0.438287342587356,4.21
Uzbekistan,UZB,2000,3.83500000014025,,12.301,,236.608333333333,,,,6.24
Uzbekistan,UZB,2001,4.16383824998903,,11.279,,,,,,3.88
Uzbekistan,UZB,2002,3.97348819235708,,10.256,,,,,,1.67
Uzbekistan,UZB,2003,4.23262738154382,,9.22,,,,,,1.13
Uzbekistan,UZB,2004,7.4490006055965,,8.152,,,,,,1.35
Uzbekistan,UZB,2005,6.95000719569107,,7.092,,,,,8.02147599172507,3.22
Uzbekistan,UZB,2006,7.45141847621767,,6.035,,,,,9.98278095339078,4.97
Uzbekistan,UZB,2007,9.47300530544537,,4.99,,,,,8.10827572787105,5.02
Uzbekistan,UZB,2008,9.02916101784781,,4.89,,,,,10.775516002095,1.92
Uzbekistan,UZB,2009,8.05093332733964,,5.04,,,,,5.22767728940485,0.16
Uzbekistan,UZB,2010,7.5971679610016,,5.36,,,,,4.10238879075232,0.18
Uzbekistan,UZB,2011,8.12793681625645,13.7797446476602,4.96,,,,,4.12954871071007,0.1
Uzbekistan,UZB,2012,7.35682138899483,13.2088026688373,4.87,,,,,1.60515911912695,0.14
Uzbekistan,UZB,2013,7.9217749261021,11.8414333622049,4.86,16.2015669481166,2094.98846505376,22501939340.8419,,1.59150571044043,0.11
Uzbekistan,UZB,2014,7.71373911707978,9.28309356162695,5.09,15.9901521817941,2310.94815880696,24195780634.2289,,2.27365092203661,0.09
Uzbekistan,UZB,2015,7.94477659311639,8.75188196737508,5.15,13.773762892753,2567.98721339827,24287333269.6036,,0.918048539753847,0.13
Uzbekistan,UZB,2016,6.71108022628,8.130886695236,5.16,13.5239667915277,2965.25349937684,26284410686.6739,,0.217874038430629,0.39
Uzbekistan,UZB,2017,4.70027401956061,13.8757425441635,5.83,15.3767768819838,5113.87894595717,28070940955.3947,,2.04476697126481,1.0
Uzbekistan,UZB,2018,5.72368380757618,17.5241796514055,5.392,19.9656221631193,8069.60623655914,27077105981.1617,,-5.85985590733897,1.83
Uzbekistan,UZB,2019,6.79331098484522,14.5257359560687,4.936,23.6060674782463,8836.7875,29291325502.0694,,-4.80432180452473,2.16
Uzbekistan,UZB,2020,1.62162281640448,12.8677297362606,5.293,22.3410510306587,10054.2613341653,34903111839.0572,,-4.31770821939444,0.37
Uzbekistan,UZB,2021,8.20448512353877,10.8492397508122,5.364,21.4230858508675,10609.464390809,35375443899.6491,,-6.03366775527398,0.08
Uzbekistan,UZB,2022,6.08592335737373,11.4466436998836,4.456,21.7461154561416,11050.145422363,35773956817.6684,,-3.01865917303125,1.69
Uzbekistan,UZB,2023,6.31603004201926,9.95659071258018,4.434,22.150086026479,11734.8334198669,34557511091.0994,,-7.25129879099619,5.03
Uzbekistan,UZB,2024,6.67618796188361,9.62825465956682,4.439,23.1339383845928,12652.2868209739,41236890133.3347,,-4.71597432187069,5.14
Uzbekistan,UZB,2025,7.69962477932913,8.79638847052461,4.622,,12579.3943476702,,,-3.93381123699979,4.21
Vanuatu,VUT,2000,5.92480905652918,2.53768844221106,8.266,,137.643333333333,38922820.4827534,,1.83612901398448,6.24
Vanuatu,VUT,2001,-3.39758248938266,3.57755452095074,8.415,,145.3125,37658099.7240221,,0.705178324233457,3.88
Vanuatu,VUT,2002,-5.19831875936025,1.96356754199195,8.598,,139.198333333333,36521984.7950927,,-6.49555151242909,1.67
Vanuatu,VUT,2003,4.28833511695457,3.01624129930394,8.659,,122.189166666667,43816496.3348545,,-7.04462338564548,1.13
Vanuatu,VUT,2004,3.98739280216959,1.41891891891893,8.432,,111.79,61813729.4176844,,-6.14777943367831,1.35
Vanuatu,VUT,2005,5.30532647259227,1.19920053297801,8.121,,109.245833333333,67197553.9261927,,-8.62045532228855,3.22
Vanuatu,VUT,2006,8.46069747205426,2.04081632653062,8.006,,110.640833333333,104661394.460191,,-6.85825815927699,4.97
Vanuatu,VUT,2007,2.87589228775376,3.93548387096774,6.855,,102.4375,119623134.384304,,-6.66442097163022,5.02
Vanuatu,VUT,2008,5.60099182147225,4.84171322160149,5.663,,101.334166666667,115230049.975587,,-23.9660923505511,1.92
Vanuatu,VUT,2009,3.03730354099639,4.29706572955357,4.565,,106.740833333333,148612899.92884,,1.73468872565137,0.16
Vanuatu,VUT,2010,1.25886720329254,2.76269469477348,4.681,,96.9058333333333,161382135.428761,,-6.28849949641009,0.18
Vanuatu,VUT,2011,3.13980290023437,0.8737931047811,4.811,,89.4691666666667,173789321.593301,,-7.91488480979288,0.1
Vanuatu,VUT,2012,1.01004768692017,1.34740362877658,4.936,,92.6375,182228490.812076,,-9.17502386187912,0.14
Vanuatu,VUT,2013,0.463390415135436,1.45893371757921,5.038,10.5483333333333,94.5425,179199339.275513,,-0.596870701197757,0.11
Vanuatu,VUT,2014,3.10512947273315,0.798863838097023,5.137,10.4058333333333,97.0716666666667,183998594.875318,,0.481689706354945,0.09
Vanuatu,VUT,2015,3.50101268962098,2.48326875660439,5.168,10.2007999185791,108.989166666667,269167136.176373,,-13.4017212958754,0.13
Vanuatu,VUT,2016,3.61980830670927,0.842069084035061,5.197,10.1,108.475,267345975.934803,,-7.75456020639786,0.39
Vanuatu,VUT,2017,4.22332192519966,3.08452624403546,5.247,9.965,107.820833333333,395101633.946324,,-7.09262183131197,1.0
Vanuatu,VUT,2018,2.51532789491979,2.33096379566866,5.353,10.1816666666667,110.165,431976166.443576,,2.8620287508492,1.83
Vanuatu,VUT,2019,3.27677257380314,2.76252019386111,5.444,10.0458333333333,114.7325,511546284.1172,,6.90413979627201,2.16
Vanuatu,VUT,2020,-5.72530282073851,5.32935073101715,4.046,9.76083333333333,115.38,613636752.088083,,-5.68678771450503,0.37
Vanuatu,VUT,2021,-1.16332488626091,2.34328358208953,4.776,9.33333333333333,109.448333333333,664751367.261715,75.6544327692488,-6.89789620099998,0.08
Vanuatu,VUT,2022,5.59195729750803,6.67930581887121,5.077,8.80583333333334,115.353916666667,638537154.34393,73.0673129026431,-11.0631077358069,1.69
Vanuatu,VUT,2023,5.82973013269719,11.1825017088175,5.011,8.93583333333333,119.1125,643768389.576285,67.9251282486115,,5.03
Vanuatu,VUT,2024,3.76564827114278,1.14348948727412,4.988,8.63833333333333,119.165,614649778.922429,,,5.14
Vanuatu,VUT,2025,3.05357824026483,0.656455142231905,5.073,8.44888888888889,,,,,4.21
"Venezuela, RB",VEN,2000,3.53535353535352,,13.99,25.1991666666667,0.679966666666667,15898851162.5221,,10.1181029223116,6.24
"Venezuela, RB",VEN,2001,3.41463414634147,,13.04,22.4516666666667,0.723658333333334,12264400222.6423,,1.61336203199244,3.88
"Venezuela, RB",VEN,2002,-8.72641509433961,,16.17,36.5775,1.16095,12106510810.7652,,8.18032781959924,1.67
"Venezuela, RB",VEN,2003,-7.75193798449614,,16.78,25.1933333333333,1.60695833333333,20820560020.6513,,14.1065670038791,1.13
"Venezuela, RB",VEN,2004,18.2072829131653,,15.07,18.4966666666667,1.89133333333333,23408050057.2128,,13.8006284860414,1.35
"Venezuela, RB",VEN,2005,10.1895734597156,,10.663,16.8091666666667,2.08975,29802940547.6946,,17.4877257502927,3.22
"Venezuela, RB",VEN,2006,9.89247311827957,,8.606,15.4766666666667,2.147,36715128120.2438,,14.422475131385,4.97
"Venezuela, RB",VEN,2007,8.80626223091976,,7.279,17.105,2.147,33759218864.9235,,5.84466290956638,5.02
"Venezuela, RB",VEN,2008,5.21582733812949,,6.245,22.3708333333333,2.147,43065463087.2778,,9.9055750430549,1.92
"Venezuela, RB",VEN,2009,-3.07692307692308,27.080941446613,6.097,19.8933333333333,2.147,34317956993.5458,,0.13008371520602,0.16
"Venezuela, RB",VEN,2010,-1.5873015873016,28.1874647092039,7.112,18.3475,2.58206031746032,29665473906.3905,,1.42042436378266,0.18
"Venezuela, RB",VEN,2011,4.12186379928315,26.0902123160959,6.902,17.15,4.2893,27934651458.8556,,5.1636396849605,0.1
"Venezuela, RB",VEN,2012,5.67986230636832,21.0689956331876,6.601,16.38,4.2893,29468789162.686,,0.695448050133362,0.14
"Venezuela, RB",VEN,2013,1.30293159609121,40.6394275161589,7.54,15.895,6.04796184166667,20275216409.4457,,1.78095908201548,0.11
"Venezuela, RB",VEN,2014,-3.85852090032154,62.1686499794829,6.821,17.2116666666667,6.2842,21454894042.4243,,2.28962414136924,0.09
"Venezuela, RB",VEN,2015,-6.18729096989966,121.738085297503,6.139,19.395,6.2842,15625329211.5224,,-12.8151756100373,0.13
"Venezuela, RB",VEN,2016,-17.1122994652406,254.948534781816,5.319,20.775,9.25734444444167,10150000483.5116,,-3.42635441425869,0.39
"Venezuela, RB",VEN,2017,-15.6989247311828,,5.045,21.0591666666667,9.975,9794062064.62109,,,1.0
"Venezuela, RB",VEN,2018,-19.6428571428571,,5.468,,,,,,1.83
"Venezuela, RB",VEN,2019,-27.6190476190476,,5.89,,,,,,2.16
"Venezuela, RB",VEN,2020,-29.8245614035088,,7.53,,,,,,0.37
"Venezuela, RB",VEN,2021,0.625000000000014,,7.027,,,,,,0.08
"Venezuela, RB",VEN,2022,8.07453416149069,,5.646,,,,,,1.69
"Venezuela, RB",VEN,2023,4.02298850574712,,5.407,,,,,,5.03
"Venezuela, RB",VEN,2024,5.52486187845305,,5.321,,,,,,5.14
"Venezuela, RB",VEN,2025,1.57068062827224,,5.307,,,,,,4.21
Viet Nam,VNM,2000,6.78731640463151,-1.71033727851111,2.26,10.55,14167.75,3416511105.0847,,3.54799694298148,6.24
Viet Nam,VNM,2001,6.19289331233377,-0.43154451172818,2.76,9.42,14725.1666666667,3674565622.65934,,2.08657136826562,3.88
Viet Nam,VNM,2002,6.32082099160833,3.83082838168468,2.12,9.06166666666667,15279.5,4121051660.52162,,-1.72255927072095,1.67
Viet Nam,VNM,2003,6.89906349055258,3.23464817293925,2.25,9.48,15509.5833333333,6224181087.75992,,-4.88211706972335,1.13
Viet Nam,VNM,2004,7.53641060890386,7.75494748709606,2.14,9.7225,15746.0,7041460609.52428,,-2.10663701040253,1.35
Viet Nam,VNM,2005,7.54724772895918,8.28457243128667,2.078,11.025,15858.9166666667,9050561631.2151,,-0.971989162897001,3.22
Viet Nam,VNM,2006,6.97795481056711,7.41801715108469,2.046,11.17625,15994.25,13384067982.157,,-0.246704373698266,4.97
Viet Nam,VNM,2007,7.12950448605439,8.34444889773847,2.026,11.18,16105.125,23479392779.8197,,-8.98165936412439,5.02
Viet Nam,VNM,2008,5.66177120891362,23.1154483474477,1.889,15.7835714285714,16302.25,23890250550.2909,,-10.9179529896098,1.92
Viet Nam,VNM,2009,5.39789754014181,6.71698269988631,1.737,10.069,17065.0833333333,16447104123.628,,-6.23310024019381,0.16
Viet Nam,VNM,2010,6.42324482239482,9.20746648778413,1.114,13.13525,18612.9166666667,12466600610.9074,,-2.90486815229253,0.18
Viet Nam,VNM,2011,6.41316889681683,18.6777322770706,0.999,16.9538333333333,20509.75,13539119001.0033,,0.136736251193688,0.1
Viet Nam,VNM,2012,5.5045447041189,9.09470339557193,1.027,13.4716666666667,20828.0,25573282232.2766,,4.82078231422777,0.14
Viet Nam,VNM,2013,5.55351081026072,6.59267475899192,1.316,10.3741666666667,20933.4166666667,25893489673.0736,,3.62409015316054,0.11
Viet Nam,VNM,2014,6.42224312118567,4.08455446637625,1.256,8.665,21148.0,34189368832.6688,,4.00897026449707,0.09
Viet Nam,VNM,2015,6.98715430598611,0.631200905175685,1.848,7.1175,21697.5675,28250254960.181,,-0.853052854546214,0.13
Viet Nam,VNM,2016,6.69000892660424,2.66824816969082,1.848,6.96,21935.0008333333,36527291044.3307,,0.243099852637275,0.39
Viet Nam,VNM,2017,6.94019037359206,3.52025688811618,1.874,7.0675,22370.0866666667,49075567812.4586,,-0.586095207209378,1.0
Viet Nam,VNM,2018,7.46500685572751,3.53962805942641,1.161,7.371875,22602.05,55452622582.5609,,1.90236367538642,1.83
Viet Nam,VNM,2019,7.35926270105006,2.79582367452244,1.681,7.7075,23050.2416666667,78334835182.609,,3.91824395534243,2.16
Viet Nam,VNM,2020,2.86541320912272,3.22093436652515,2.103,7.6475,23208.3683333333,94833616150.4504,,4.34486906553373,0.37
Viet Nam,VNM,2021,2.55372852648131,1.83471554810462,2.383,7.811,23159.7825925926,109371353442.833,,-1.26284279203588,0.08
Viet Nam,VNM,2022,8.53750041218142,3.15650749963112,1.57,8.01333333333333,23271.2125,86539530966.6451,,0.339101746979362,1.69
Viet Nam,VNM,2023,4.97865959483225,3.25289282667662,1.645,9.323,23787.3191666667,92237540812.2468,,5.94575853346696,5.03
Viet Nam,VNM,2024,7.03955197123018,3.62109273885844,1.602,,24164.8858333333,83081854928.1161,,6.33496605552948,5.14
Viet Nam,VNM,2025,8.01882998978245,3.3099931421974,1.523,,,85580367980.9694,,,4.21
Virgin Islands (U.S.),VIR,2000,,,9.834,,1.0,,,,6.24
Virgin Islands (U.S.),VIR,2001,,,9.969,,1.0,,,,3.88
Virgin Islands (U.S.),VIR,2002,,,10.227,,1.0,,,,1.67
Virgin Islands (U.S.),VIR,2003,-0.396080883885759,,10.574,,1.0,,,,1.13
Virgin Islands (U.S.),VIR,2004,3.28589367936377,,10.266,,1.0,,,,1.35
Virgin Islands (U.S.),VIR,2005,3.4853090172239,,10.228,,1.0,,,,3.22
Virgin Islands (U.S.),VIR,2006,3.50499314666143,,9.734,,1.0,,,,4.97
Virgin Islands (U.S.),VIR,2007,4.01059402194477,,9.523,,1.0,,,,5.02
Virgin Islands (U.S.),VIR,2008,1.21862495452891,,9.605,,1.0,,,,1.92
Virgin Islands (U.S.),VIR,2009,-6.59478885893981,,10.864,,1.0,,,,0.16
Virgin Islands (U.S.),VIR,2010,0.596383224317051,,11.059,,1.0,,,,0.18
Virgin Islands (U.S.),VIR,2011,-8.20424555364315,,11.337,,1.0,,,,0.1
Virgin Islands (U.S.),VIR,2012,-14.8125,,11.387,,1.0,,,,0.14
Virgin Islands (U.S.),VIR,2013,-6.28515529469308,,11.802,,1.0,,,,0.11
Virgin Islands (U.S.),VIR,2014,-1.77453027139875,,11.871,,1.0,,,,0.09
Virgin Islands (U.S.),VIR,2015,-0.425079702444208,,11.649,,1.0,,,,0.13
Virgin Islands (U.S.),VIR,2016,1.6008537886873,,11.734,,1.0,,,,0.39
Virgin Islands (U.S.),VIR,2017,-0.735294117647058,,11.445,,1.0,,,,1.0
Virgin Islands (U.S.),VIR,2018,1.87830687830687,,11.703,,1.0,,,,1.83
Virgin Islands (U.S.),VIR,2019,2.90833549727343,,11.774,,1.0,,,,2.16
Virgin Islands (U.S.),VIR,2020,-1.61493817814787,,14.366,,1.0,,,,0.37
Virgin Islands (U.S.),VIR,2021,3.66760707873814,,13.508,,1.0,,,,0.08
Virgin Islands (U.S.),VIR,2022,-1.31123206333498,,12.092,,1.0,,,,1.69
Virgin Islands (U.S.),VIR,2023,,,11.358,,1.0,,,,5.03
Virgin Islands (U.S.),VIR,2024,,,11.423,,1.0,,,,5.14
Virgin Islands (U.S.),VIR,2025,,,11.443,,1.0,,,,4.21
West Bank and Gaza,PSE,2000,-8.5555726838292,2.79819892435758,10.625,,,,,-19.8583877091309,6.24
West Bank and Gaza,PSE,2001,-9.31108114182962,1.22278475878898,21.493,,,,,-20.6776260427205,3.88
West Bank and Gaza,PSE,2002,-12.4883821798129,5.70951585976626,27.465,,,,,-13.6551918587104,1.67
West Bank and Gaza,PSE,2003,14.0156476793996,4.40303221730888,23.004,,,,,-26.9797547641018,1.13
West Bank and Gaza,PSE,2004,21.9244861205987,3.00417498638593,23.215,7.2825,,,,-34.4972336341483,1.35
West Bank and Gaza,PSE,2005,11.2906511829271,4.10725070715931,20.016,7.335,,,,-26.6372592440418,3.22
West Bank and Gaza,PSE,2006,-0.996556103477076,3.84234125624782,19.014,7.7275,,314081277.73,,-23.0633352516594,4.97
West Bank and Gaza,PSE,2007,3.78828152085981,1.85974379351111,18.282,7.9775,,354784633.92,,-7.19650679252473,5.02
West Bank and Gaza,PSE,2008,7.42918225547835,9.88999788691849,22.913,7.1875,,509535838.78,,5.20627128726086,1.92
West Bank and Gaza,PSE,2009,8.59349087893864,2.75393485083151,20.452,6.18769425921147,,498173298.132,,-14.1407042757884,0.16
West Bank and Gaza,PSE,2010,5.77736205629419,3.74915727597096,21.416,6.33375,,531755697.08,,-13.4993932332553,0.18
West Bank and Gaza,PSE,2011,9.60080848913594,2.8772435849594,17.597,6.78660760685902,,498047447.64,,-18.500705760576,0.1
West Bank and Gaza,PSE,2012,6.09645656326154,2.77908768282492,19.202,6.96807981690715,,664041719.54,,-14.9170751410581,0.14
West Bank and Gaza,PSE,2013,4.69856986552234,1.72439933626931,19.894,7.51586793615925,,685224934.26,,-14.7723926183376,0.11
West Bank and Gaza,PSE,2014,-0.157866650855297,1.73298510037447,20.526,6.4085572520006,,672378108.54,,-13.5869104014545,0.09
West Bank and Gaza,PSE,2015,3.72129967114788,1.43161145810476,23.005,6.78210778307195,,580939642.18,,-13.8789175930847,0.13
West Bank and Gaza,PSE,2016,8.86461881995935,-0.219106604907316,23.939,6.14971653355566,,312800333.67,,-13.90776226662,0.39
West Bank and Gaza,PSE,2017,1.41936756294787,0.212570934228881,25.677,5.79209839789852,,446349334.35,,-13.2065607876551,1.0
West Bank and Gaza,PSE,2018,1.22707737782703,-0.195107773730735,26.256,5.87296103777134,,537846124.64,,-13.1500305467431,1.83
West Bank and Gaza,PSE,2019,1.36268746558062,1.58018333639455,25.34,5.93196071275098,,658352116.3,,-10.3854804313719,2.16
West Bank and Gaza,PSE,2020,-11.3184661065134,-0.735332001092191,25.895,5.51730657376974,,697074683.28,,-12.251111498554,0.37
West Bank and Gaza,PSE,2021,7.01198227592003,1.23748102831369,26.39,5.55524249655977,,872540971.01,,-9.81804738509635,0.08
West Bank and Gaza,PSE,2022,4.08276027347105,3.74122391852077,24.42,,,896900000.0,,-10.6265229873781,1.69
West Bank and Gaza,PSE,2023,-0.97217780620403,5.87110177678988,,,,1323200000.0,,-15.5371822753305,5.03
West Bank and Gaza,PSE,2024,-22.8573273913324,53.6691458303782,,,,1328000000.0,,-18.0999264452664,5.14
West Bank and Gaza,PSE,2025,4.34444072337577,9.80840118100493,,,,1825200000.0,,-15.8215746940007,4.21
World,WLD,2000,4.56720186018067,3.43351563418764,6.11136985422602,,,,,,6.24
World,WLD,2001,2.02994447591411,3.83657262052543,6.18991573511442,,,,,,3.88
World,WLD,2002,2.31891535273219,2.90799688587762,6.41192315850576,,,,,,1.67
World,WLD,2003,3.07416318395302,3.02504526252236,6.4840269461924,,,,,,1.13
World,WLD,2004,4.49537859755031,3.51799903099596,6.32979745144597,,,,,,1.35
World,WLD,2005,4.0591513939051,4.10725070715931,6.22399179620437,,,,,,3.22
World,WLD,2006,4.48913510541222,4.26717463390264,5.97382359730159,,,,,,4.97
World,WLD,2007,4.43123376835285,4.81023704342912,5.77491185936386,,,,,,5.02
World,WLD,2008,2.0916044806491,8.94995335353387,5.82419029603435,,,,,,1.92
World,WLD,2009,-1.33303814192499,2.86044855902674,6.40956451671123,,,,,,0.16
World,WLD,2010,4.52085213873784,3.32634463368643,6.28118787402205,,,,,,0.18
World,WLD,2011,3.31431839310667,4.80063594169405,6.14906482504464,,,,,,0.1
World,WLD,2012,2.74743359443485,3.72532666110646,6.15209851207895,,,,,,0.14
World,WLD,2013,2.88974765617324,2.65167342916577,6.09934489950025,,,,,,0.11
World,WLD,2014,3.16849193058366,2.39371597209796,5.9574710533091,,,,,,0.09
World,WLD,2015,3.12721325699906,1.43702380935655,5.9985085966435,,,,,,0.13
World,WLD,2016,2.78974074234593,1.59691227583204,5.97088327776689,,,,,,0.39
World,WLD,2017,3.44658623167955,2.22314331448899,5.89802388961045,,,,,,1.0
World,WLD,2018,3.28663086462807,2.44258329692817,5.7595415280045,,,,,,1.83
World,WLD,2019,2.680308747553,2.20607305781525,5.58847960382446,,,,,,2.16
World,WLD,2020,-2.88621185457086,1.90509722047501,6.58768935720693,,,,,,0.37
World,WLD,2021,6.48508887596752,3.47540320289875,6.04556088000376,,,,,,0.08
World,WLD,2022,3.44001097265647,8.08169507021982,5.23462796913747,,,,,,1.69
World,WLD,2023,2.85938493335973,5.79944107391962,4.84991713588619,,,,,,5.03
World,WLD,2024,2.90001340156714,3.01447576977999,4.80627976615483,,,,,,5.14
World,WLD,2025,2.92127318539153,3.0414132155654,4.7913330740211,,,,,,4.21
"Yemen, Rep.",YEM,2000,6.1819155928913,4.58999999999981,11.557,19.5416666666667,161.718333333333,2913976400.77575,,,6.24
"Yemen, Rep.",YEM,2001,3.80364587188127,11.9115912929855,11.724,17.5,168.671666666667,3671925615.7976,,,3.88
"Yemen, Rep.",YEM,2002,3.9352315052778,12.2385339389711,11.839,17.7083333333333,175.625,4427672645.30584,,,1.67
"Yemen, Rep.",YEM,2003,3.74739818489111,10.8323607023242,12.014,18.0,183.448333333333,5007811167.81285,,,1.13
"Yemen, Rep.",YEM,2004,3.972696401183,12.5150951495207,12.131,18.5,184.775833333333,5686685058.21904,,,1.35
"Yemen, Rep.",YEM,2005,5.59174807563268,11.8112639374949,12.213,18.0,191.509166666667,6141048031.6436,,3.73034951201846,3.22
"Yemen, Rep.",YEM,2006,3.17040935922364,10.8447986914257,12.349,18.0,197.049166666667,7543297619.00255,,1.07915046332431,4.97
"Yemen, Rep.",YEM,2007,3.33842795605096,7.9051177898873,12.486,18.0,198.953333333333,7757119856.4048,,-6.96671209606465,5.02
"Yemen, Rep.",YEM,2008,3.64756947012633,18.9762574318076,12.656,18.0,199.764166666667,8154861549.00909,,-4.64975922341766,1.92
"Yemen, Rep.",YEM,2009,3.86622951587742,5.40776098077522,12.762,18.0,202.846666666667,6989929590.72352,,-10.0572613544162,0.16
"Yemen, Rep.",YEM,2010,7.70128607527964,11.1748338605044,12.777,23.8333333333333,219.59,5938628775.49031,,-3.41069923528219,0.18
"Yemen, Rep.",YEM,2011,-12.7148969035133,19.5435617131144,13.311,25.0,213.8,4525488820.12166,,-1.61143995618416,0.1
"Yemen, Rep.",YEM,2012,2.39299021364694,9.88538714484871,13.473,24.5,214.349166666667,6150781007.79467,,-0.94521109936014,0.14
"Yemen, Rep.",YEM,2013,4.82351908493912,10.9684421500198,13.673,22.0833333333333,214.89,5344296754.57831,,-3.78691356368033,0.11
"Yemen, Rep.",YEM,2014,-0.188690241954504,8.10472583623915,13.467,,214.89,4357504076.77657,,-3.44275275189167,0.09
"Yemen, Rep.",YEM,2015,-27.9945462502541,,17.9,,230.833333333333,1442757093.53636,,-7.12936953882745,0.13
"Yemen, Rep.",YEM,2016,-9.37512379736752,,18.42,,283.895833333333,877442199.453389,,-7.72391058547812,0.39
"Yemen, Rep.",YEM,2017,-5.07179568062152,,18.611,,282.195,920558927.722887,,,1.0
"Yemen, Rep.",YEM,2018,0.752447592962554,,17.593,,214.89,2983208349.3994,,,1.83
"Yemen, Rep.",YEM,2019,,,17.213,,486.730922939068,1653643445.98599,,,2.16
"Yemen, Rep.",YEM,2020,,,17.963,,743.005964356532,969612981.567713,,,0.37
"Yemen, Rep.",YEM,2021,,,18.312,,1028.107754329,1687999721.249,,,0.08
"Yemen, Rep.",YEM,2022,,,17.224,,1115.00238710662,1250826378.53556,,,1.69
"Yemen, Rep.",YEM,2023,,,16.944,,1355.11637864823,,,,5.03
"Yemen, Rep.",YEM,2024,,,16.97,,,,,,5.14
"Yemen, Rep.",YEM,2025,,,17.322,,,,,,4.21
Zambia,ZMB,2000,3.89732294341896,26.0304117888121,12.93,38.8,3.11084416666667,244824131.796944,,-18.3980639927089,6.24
Zambia,ZMB,2001,5.31686827418419,21.3937821792546,13.404,46.2333333333333,3.610935,183446871.748212,,-18.0007855963506,3.88
Zambia,ZMB,2002,4.50601428032604,22.2333446430947,14.131,45.1980166666667,4.398595,535132846.101975,,-15.8142108448002,1.67
Zambia,ZMB,2003,6.94497398221223,21.4015783901995,14.704,40.5710333333333,4.73327104649872,247729406.935735,,-13.5299667044381,1.13
Zambia,ZMB,2004,7.03239511515218,17.9677891087286,15.332,30.7271,4.77887538643578,337106225.049386,,-7.14878830806073,1.35
Zambia,ZMB,2005,7.23559900655543,18.324439701174,15.9,28.2091666666667,4.465,559788508.275448,,-2.78498414861087,3.22
Zambia,ZMB,2006,7.90369444480079,9.01957247226486,13.229,23.1533333333333,3.60166666666666,719716911.583293,,4.64474506229629,4.97
Zambia,ZMB,2007,8.35243624447406,10.6573496000153,10.559,18.8908333333333,4.00166666666667,1089952022.63547,,-1.23802039926345,5.02
Zambia,ZMB,2008,7.77389581542363,12.4455793463192,7.93,19.0641666666667,3.745,1095608609.0688,,-3.33057905300122,1.92
Zambia,ZMB,2009,9.2203484058663,13.3952546325895,10.583,22.0625,5.045,1892077713.20001,,5.95342818479562,0.16
Zambia,ZMB,2010,10.2982233241213,8.50176133365265,13.19,20.9166666666667,4.7975,2093753266.11924,17.3215114809658,7.52549147652089,0.18
Zambia,ZMB,2011,5.56925219263019,6.4293968107234,10.548,18.8366666666667,4.86166666666666,2324018126.65836,18.0499093578444,4.65823655766585,0.1
Zambia,ZMB,2012,7.59738104901994,6.57589970757698,7.85,12.1508333333333,5.1475,3042223849.42812,23.4889192806696,5.37898486156033,0.14
Zambia,ZMB,2013,5.05753695047252,6.97767605490307,7.272,9.52083333333333,5.39648333333333,2683813403.45786,24.2239941438767,-0.575955750525117,0.11
Zambia,ZMB,2014,4.69328316376705,7.80687553566333,6.576,11.5733333333333,6.15416666666667,3078362296.84348,44.3958675879332,-1.4270939600475,0.09
Zambia,ZMB,2015,2.92037511217961,10.1105928909618,5.951,13.25,8.63166666666667,2967626716.43206,49.4073473457883,-3.61227207947561,0.13
Zambia,ZMB,2016,3.75510031678988,17.8697300795268,5.244,15.5,10.3075,2352719004.10271,46.4328935811391,-4.55168827542136,0.39
Zambia,ZMB,2017,3.52586277149926,6.57731154205644,4.529,12.375,9.5175,2082083919.53427,52.2809418398754,-1.6812705761785,1.0
Zambia,ZMB,2018,4.03449389667165,7.4945719272852,5.032,9.79166666666667,10.4583333333333,1569229906.13102,59.7122211727371,-1.30116677554112,1.83
Zambia,ZMB,2019,1.44130602603785,9.15031644316296,5.538,10.2916666666667,12.89,1448624290.19899,61.9301173816653,0.603690808802686,2.16
Zambia,ZMB,2020,-2.78505506545167,15.7330604721369,6.032,9.47916666666667,18.3440926453379,1203448374.22209,103.54315235027,11.790957110182,0.37
Zambia,ZMB,2021,6.23492204726448,22.0207676245777,5.197,,20.0184865859688,2753875454.2912,71.4111761686383,11.9003513535048,0.08
Zambia,ZMB,2022,5.21122360356247,10.9932039209136,5.993,,16.9375943252989,2967565317.1942,,3.74784661580663,1.69
Zambia,ZMB,2023,5.36794285493059,10.884531691282,5.861,,20.212017866195,3173177777.1366,,-3.03751016927581,5.03
Zambia,ZMB,2024,3.82004825518591,14.9856262747939,5.898,,26.1664181859876,4089834507.97439,,-4.41103708042779,5.14
Zambia,ZMB,2025,3.75772836763902,13.9099095827735,5.918,,25.2756892021939,,,,4.21
Zimbabwe,ZWE,2000,-3.05911780575599,,5.685,,0.04446837641743,321301858.310207,,,6.24
Zimbabwe,ZWE,2001,1.43951727721958,,5.313,,0.0551146597125865,119459329.273258,,,3.88
Zimbabwe,ZWE,2002,-8.89401285792752,,5.005,,0.0550982905810338,131685657.802575,,,1.67
Zimbabwe,ZWE,2003,-16.9950733355763,,4.738,,0.698216071305723,136092039.396785,,,1.13
Zimbabwe,ZWE,2004,-5.80753964196205,,4.39,,5.07441941463195,234290933.911466,,,1.35
Zimbabwe,ZWE,2005,-5.71112541241364,,4.632,,22.3890396048255,97191584.4838922,,,3.22
Zimbabwe,ZWE,2006,-3.46140290336963,,4.767,,164.547356500646,154593586.734786,,,4.97
Zimbabwe,ZWE,2007,-3.653250914872,,5.008,,9686.77166954175,163198334.210503,,,5.02
Zimbabwe,ZWE,2008,-17.6689987958491,,5.401,,6723052073.33811,81875982.8372812,,,1.92
Zimbabwe,ZWE,2009,13.2720546167979,,5.476,,,821891029.988351,,-7.55339145897765,0.16
Zimbabwe,ZWE,2010,19.6754077019323,3.02267002518892,5.469,,,731779021.646729,,-13.7402060432655,0.18
Zimbabwe,ZWE,2011,14.1939156801139,3.4661297281749,5.368,,,660229297.319734,,-19.4876884701887,0.1
Zimbabwe,ZWE,2012,16.6654290410337,3.72532666110646,5.057,11.5966666666667,,575552811.073803,,-13.3008995685092,0.14
Zimbabwe,ZWE,2013,1.98948554025198,1.63495041543822,4.948,9.74,,474968710.14602,,-13.8673146361313,0.11
Zimbabwe,ZWE,2014,2.37698561663417,-0.19778481012661,4.774,9.4675,,363832802.383277,,-11.9650275581452,0.09
Zimbabwe,ZWE,2015,1.77985356392176,-2.43096842383404,5.399,8.54177133537791,,434586085.852928,,-7.99403914904329,0.13
Zimbabwe,ZWE,2016,0.75579405855224,-1.54366960054161,5.896,7.11333333333333,,407193244.098736,,-3.39239266445641,0.39
Zimbabwe,ZWE,2017,4.73441117758482,0.893962316050027,6.35,6.91416666666666,,292621249.111637,,-0.531376263214759,1.0
Zimbabwe,ZWE,2018,5.00992154297603,10.6188658669575,6.788,7.13166666666667,,86951094.0294849,,-4.0409221974903,1.83
Zimbabwe,ZWE,2019,-6.33244976028571,255.304990757856,7.373,16.1816666666667,,151240506.889991,,2.75911970898556,2.16
Zimbabwe,ZWE,2020,-7.81695060188729,557.201817362051,8.617,33.0083333333333,51.3290131226287,33405021.0134395,,2.12127429305519,0.37
Zimbabwe,ZWE,2021,8.46801676808001,98.5461050920624,9.54,45.4766666666667,88.5524472597436,838780244.641997,,0.843384712102206,0.08
Zimbabwe,ZWE,2022,6.13926327570213,104.705170628667,10.087,131.813333333333,374.954362604663,598621573.627058,,0.748242887484687,1.69
Zimbabwe,ZWE,2023,5.3508687909833,,9.348,170.293833333333,3509.17222037558,115529709.859095,,0.373211096901899,5.03
Zimbabwe,ZWE,2024,1.67649454921512,,9.435,68.8858333333334,3266.3319125,484972804.72655,,1.2070735013076,5.14
Zimbabwe,ZWE,2025,8.10671343048909,,9.293,46.363185964308,26.5961940841935,,,,4.21
