year,crisis_next_12m,inflation,gdp_growth,unemployment,fed_funds_rate,real_interest_rate_10y,country,iso3,interest_rate,exchange_rate,foreign_reserves,government_debt_gdp,current_account_gdp
1960.0,0,,,,3.21,,Maldives,MDV,,4.7619000037619,,,
1960.0,0,,,,3.21,,Libya,LBY,,0.357142999,82390000.0,,
1960.0,0,,,,3.21,,Bermuda,BMU,,0.85714,,,
1960.0,0,,,,3.21,,Malta,MLT,,0.357142999357143,59300000.0,,
1960.0,0,0.332829047091752,,,3.21,,Indonesia,IDN,,,352739200.0,,
1960.0,0,-1.74623815710751,,,3.21,,Botswana,BWA,,0.713320882169215,,,
1960.0,0,1.43879470321092,,,3.21,,Maldives,MDV,,4.7619000037619,,,
1960.0,1,,,,3.21,,Naoero,NRU,,0.892856999892857,,,
1960.0,0,1.25523012552923,,,3.21,,Ireland,IRL,,0.357142999357143,324568724.0,,
1960.0,0,1.24378109452731,,,3.21,,"Korea, Rep.",KOR,,63.125,157015600.0,,
1960.0,0,,,,3.21,,Nigeria,NGA,,0.714285999714286,343000000.0,,
1960.0,0,3.046592778327,,,3.21,,Morocco,MAR,,5.06049000406049,206112400.0,,
1960.0,0,1.45797598627791,,5.5,3.21,,Mexico,MEX,,0.0125000000125,444341600.0,,
1960.0,0,3.5745115253591,,1.7,3.21,,Chad,TCD,,245.195101398359,12240000.0,,
1960.0,0,,,,3.21,,Puerto Rico (US),PRI,,1.0,,,
1960.0,0,5.4443273618724,,,3.21,,Syrian Arab Republic,SYR,,3.579999999,28330800.0,,
1960.0,0,39.5904436860067,,,3.21,,Faroe Islands,FRO,,6.90714000590714,,,
1960.0,0,4.14177915090215,,,3.21,,Angola,AGO,,2.86684433333333e-08,,,
1960.0,1,1.47784758493376,,,3.21,,"Korea, Rep.",KOR,,63.125,157015600.0,,
1960.0,0,-1.54467680609201,,,3.21,,Tunisia,TUN,,0.41999999942,84451418.4,,
1960.0,0,2.32394366197218,,,3.21,,Cyprus,CYP,,0.357142999357143,27400000.0,,
1960.0,0,-0.765864332603765,,,3.21,,Poland,POL,,0.0003999999999,,,
1960.0,0,,,,3.21,,Botswana,BWA,,0.713320882169215,,,
1960.0,0,1.17777108409632,,,3.21,,Tanzania,TZA,,7.14286000614286,,,
1960.0,0,,,,3.21,,Gibraltar,GIB,,0.357142999357143,,,
1960.0,1,,,,3.21,,Central African Republic,CAF,,245.195101398359,,,
1960.0,0,1.98839723902034,,,3.21,,Kuwait,KWT,,0.357142999357143,71700000.0,,
1960.0,0,,,,3.21,,Ethiopia,ETH,,2.48447000148447,55049600.0,,
1960.0,0,38.5040374002647,,,3.21,,Guinea,GIN,,24.685000023685,,,
1960.0,0,5.81407628204986,,,3.21,,South Africa,ZAF,6.20833333333333,0.714285999714286,272204000.0,,0.56008961456233
1960.0,0,2.3501614137705,,,3.21,,Bermuda,BMU,,0.85714,,,
1960.0,0,0.063182597888167,,,3.21,,Fiji,FJI,,0.792857999703316,,,
1960.0,0,11.5331525756195,,,3.21,,Myanmar,MMR,,4.7619000037619,121690000.0,,
1960.0,0,1.00357570390172,,,3.21,,Gabon,GAB,,245.195101398359,9500000.0,,
1960.0,0,0.790205817960074,,,3.21,,Grenada,GRD,,1.71429000071429,,,
1960.0,0,,,,3.21,,Puerto Rico (US),PRI,,1.0,,,
1960.0,0,-3.56219179976055,,,3.21,,Fiji,FJI,,0.792857999703316,,,
1960.0,0,0.697929233796477,,,3.21,,Romania,ROU,,0.0005999999999,,,
1960.0,0,8.18181818181802,,,3.21,,Botswana,BWA,,0.713320882169215,,,
1960.0,0,0.360492346844622,,,3.21,,Isle of Man,IMN,,0.357142999357143,,,
1960.0,0,1.67659912611285,,,3.21,,Virgin Islands (U.S.),VIR,,1.0,,,
1960.0,0,,,,3.21,,Barbados,BRB,,1.71429000071429,,,
1960.0,0,3.42429906542058,,,3.21,,Portugal,PRT,,28.75000002875,801276000.0,,
1960.0,0,,,,3.21,,Kuwait,KWT,,0.357142999357143,71700000.0,,
1960.0,0,4.92751886903116,,,3.21,,"Gambia, The",GMB,,1.78571071450171,,,
1960.0,0,,,,3.21,,Belize,BLZ,,1.42857000042857,,,
1960.0,0,0.299467254769695,,,3.21,,Belgium,BEL,,50.000000049,1526945820.56682,,
1960.0,1,,,,3.21,,Lao PDR,LAO,,80.0001547257747,,,
1960.0,0,,,,3.21,,Faroe Islands,FRO,,6.90714000590714,,,
1960.0,0,4.15482177982161,,,3.21,,Poland,POL,,0.0003999999999,,,
1960.0,0,,,,3.21,,Kenya,KEN,,7.14286000614286,,,
1960.0,0,1.28887692687992,,,3.21,,Liberia,LBR,,1.0,,,
1960.0,0,1.77987784677382,,,3.21,,Mauritania,MRT,,4.93699111607702,,,
1960.0,0,4.13993575518437,,,3.21,,Zimbabwe,ZWE,,0.000714286000714286,,,
1960.0,0,1.94574935198645,,,3.21,,Burundi,BDI,,50.000000049,,,
1960.0,0,1.53661234295201,,,3.21,,Costa Rica,CRI,,5.615000004615,13460727.6,,
1960.0,1,,,,3.21,,Jamaica,JAM,,0.714285999571429,69200000.0,,
1960.0,0,5.66473988439306,,,3.21,,United States,USA,4.82083333333333,1.0,19664164000.0,,
1960.0,0,1.35869565217392,,,3.21,,Finland,FIN,,3.2000000022,327964400.0,,
1960.0,0,3.41812725350792,,,3.21,,Mexico,MEX,,0.0125000000125,444341600.0,,
1960.0,0,0.450837269431776,,,3.21,,Portugal,PRT,,28.75000002875,801276000.0,,
1960.0,0,0.0511770724157666,,,3.21,,Angola,AGO,,2.86684433333333e-08,,,
1960.0,0,8.6644591627191,,,3.21,,French Polynesia,PYF,,89.765000088765,,,
1960.0,0,,,,3.21,,"Micronesia, Fed. Sts.",FSM,,1.0,,,
1960.0,1,,,,3.21,,Mali,MLI,,245.195101398359,,,
1960.0,0,3.72881355932203,,,3.21,,American Samoa,ASM,,1.0,,,
1960.0,0,7.38993710703491,,,3.21,,"Micronesia, Fed. Sts.",FSM,,1.0,,,
1960.0,0,-1.19069315346,,,3.21,,Suriname,SUR,,0.001885,17501597.906988,,
1960.0,0,-0.0389741990030698,,,3.21,,Algeria,DZA,,4.93706000393706,265802800.0,,
1961.0,0,-0.146412882872103,0.471561080379175,,1.95,,Maldives,MDV,,4.7619000037619,,,
1961.0,0,2.28758169934641,2.48085739405019,,1.95,,Libya,LBY,,0.357142999,86960000.0,,
1961.0,0,-0.553335382726564,4.29851834874688,,1.95,,Bermuda,BMU,,0.85714,,,
1961.0,0,3.45162858557827,6.37883247557379,,1.95,,Malta,MLT,,0.357142999357143,59300000.0,,
1961.0,1,,5.42784287621933,,1.95,,Indonesia,IDN,,,133183550.0,,
1961.0,0,1.69100191533953,7.60467047924413,,1.95,,Botswana,BWA,,0.714694435086178,,,
1961.0,0,5.91670898836375,7.34709633145569,,1.95,,Maldives,MDV,,4.7619000037619,,,
1961.0,0,,,,1.95,,Naoero,NRU,,0.892856999892857,,,
1961.0,0,2.7569993586355,5.01616911525804,,1.95,,Ireland,IRL,,0.357142999357143,342337293.5,,
1961.0,0,1.01876675603211,3.16329168371298,,1.95,,"Korea, Rep.",KOR,,124.791666666667,207046579.966885,,
1961.0,0,,3.42967401462874,,1.95,,Nigeria,NGA,,0.714285999714286,307070650.0,,
1961.0,0,4.71161499679353,-0.074183976261267,,1.95,,Morocco,MAR,,5.06049000406049,185269350.0,,
1961.0,1,,,,1.95,,Mexico,MEX,,0.0125000000125,413480000.0,,
1961.0,0,,5.51961070344885,,1.95,,Chad,TCD,,245.26010162116,7690000.0,,
1961.0,0,3.54223986727557,5.53797931684521,,1.95,,Puerto Rico (US),PRI,,1.0,,,
1961.0,0,2.29369500700884,4.29843956416359,,1.95,,Syrian Arab Republic,SYR,,3.579999999,21086450.0,,
1961.0,0,0.400000000000083,8.13752950817668,,1.95,,Faroe Islands,FRO,,6.90714000590714,,,
1961.0,0,1.69521293914433,3.72274253311053,,1.95,,Angola,AGO,,2.873486e-08,,,
1961.0,0,1.59563300452722,5.69547095029755,,1.95,,"Korea, Rep.",KOR,,124.791666666667,207046579.966885,,
1961.0,0,2.10235059955978,3.84473414174089,,1.95,,Tunisia,TUN,,0.41999999942,73314576.45,,
1961.0,0,7.56149307183899,2.08929594236771,,1.95,,Cyprus,CYP,,0.357142999357143,44700000.0,,
1961.0,0,,,,1.95,,Poland,POL,,0.0003999999999,,,
1961.0,0,-3.90000000099988,-2.31324874995215,,1.95,,Botswana,BWA,,0.714694435086178,,,
1961.0,0,1.79770429009208,3.31564965480375,,1.95,,Tanzania,TZA,,7.14286000614286,,,
1961.0,0,,1.36138199147489,,1.95,,Gibraltar,GIB,,0.357142999357143,,,
1961.0,0,,,,1.95,,Central African Republic,CAF,,245.26010162116,,,
1961.0,0,3.4474962304662,2.7013141929652,,1.95,,Kuwait,KWT,,0.357142999357143,83886000.0,,
1961.0,0,3.17285699708263,1.15606938539699,,1.95,,Ethiopia,ETH,,2.48447000148447,57280450.0,,
1961.0,0,,7.49774339849093,,1.95,,Guinea,GIN,,24.685000023685,,,
1961.0,0,1.6087596908193,5.00000000072309,,1.95,,South Africa,ZAF,6.83333333333333,0.714285999714286,394839500.0,,2.92867981907739
1961.0,0,0.992676260767339,4.97842306319178,,1.95,,Bermuda,BMU,,0.85714,,,
1961.0,1,,4.70000000000022,,1.95,,Fiji,FJI,,0.792857999703316,,,
1961.0,0,,22.8490949956659,,1.95,,Myanmar,MMR,,4.7619000037619,94990000.0,,
1961.0,0,3.98562050634913,5.12441487887448,,1.95,,Gabon,GAB,,245.26010162116,10700000.0,,
1961.0,0,2.15517277670922,6.27333551040714,,1.95,,Grenada,GRD,,1.71429000071429,,,
1961.0,0,18.4873949579832,6.90028551422945,,1.95,,Puerto Rico (US),PRI,,1.0,,,
1961.0,0,-0.180407721631565,7.59799400028281,,1.95,,Fiji,FJI,,0.792857999703316,,,
1961.0,0,2.05069731278698,8.20724591384787,,1.95,,Romania,ROU,,0.0005999999999,,,
1961.0,0,0.809252873882167,11.8386741948328,,1.95,,Botswana,BWA,,0.714694435086178,,,
1961.0,0,,,,1.95,,Isle of Man,IMN,,0.357142999357143,,,
1961.0,0,,-27.2700000038883,,1.95,,Virgin Islands (U.S.),VIR,,1.0,,,
1961.0,0,8.28319045648716,5.08921698439107,,1.95,,Barbados,BRB,,1.71429000071429,,,
1961.0,0,-2.68247036807419,,,1.95,,Portugal,PRT,,28.75000002875,693999000.0,,
1961.0,0,0.693606754935329,5.16111414342448,,1.95,,Kuwait,KWT,,0.357142999357143,83886000.0,,
1961.0,0,0.613810741946727,10.926594841623,,1.95,,"Gambia, The",GMB,,1.78571071450171,,,
1961.0,0,1.84539787448658,8.10867221090632,,1.95,,Belize,BLZ,,1.42857000042857,,,
1961.0,1,,8.60000000000014,,1.95,,Belgium,BEL,,50.000000049,1819222317.90635,,
1961.0,0,,-13.6054413245993,,1.95,,Lao PDR,LAO,,80.0001547257747,,,
1961.0,0,2.40046104546321,4.94642545980355,,1.95,,Faroe Islands,FRO,,6.90714000590714,,,
1961.0,0,,,,1.95,,Poland,POL,,0.0003999999999,,,
1961.0,0,5.36846178480055,12.0435364080117,1.4,1.95,,Kenya,KEN,,7.14286000614286,,,
1961.0,0,1.07072414764724,2.29999999999977,6.7,1.95,,Liberia,LBR,,1.0,,,
1961.0,0,1.54899696989872,5.53490347567545,,1.95,,Mauritania,MRT,,4.93699111607702,,,
1961.0,0,1.76312460493452,,,1.95,,Zimbabwe,ZWE,,0.000714286000714286,,,
1961.0,0,2.45700245700254,-7.77463490371655,,1.95,,Burundi,BDI,,50.000000049,,,
1961.0,0,13.6919315403424,5.74064582266813,,1.95,,Costa Rica,CRI,,5.95166667161833,6263920.65,,
1961.0,0,1.1344436397999,,,1.95,,Jamaica,JAM,,0.714285999571429,76100000.0,,
1961.0,0,6.27914723477514,0.191795489572229,,1.95,,United States,USA,4.5,1.0,18825530000.0,,
1961.0,0,2.15797310981964,5.68129282767997,,1.95,,Finland,FIN,,3.2000000022,342971000.0,,
1961.0,1,2.10357934997025,13.2038386052462,,1.95,,Mexico,MEX,,0.0125000000125,413480000.0,,
1961.0,0,1.30763936682731,0.295546672716625,,1.95,,Portugal,PRT,,28.75000002875,693999000.0,,
1961.0,0,22.747263986796,2.49303791805684,,1.95,,Angola,AGO,,2.873486e-08,,,
1961.0,0,7.38699007717708,5.36214630168787,,1.95,,French Polynesia,PYF,,89.765000088765,,,
1961.0,1,2.43079391009159,1.8792765563641,,1.95,,"Micronesia, Fed. Sts.",FSM,,1.0,,,
1961.0,0,1.56299237392687,1.66356461642803,,1.95,,Mali,MLI,,245.26010162116,,,
1961.0,0,,6.3161572666004,,1.95,,American Samoa,ASM,,1.0,,,
1961.0,0,,3.19251943889351,,1.95,,"Micronesia, Fed. Sts.",FSM,,1.0,,,
1961.0,0,,4.95355379797229,,1.95,,Suriname,SUR,,0.001885,16262115.6300738,,
1961.0,0,,,,1.95,,Algeria,DZA,,4.93706000393706,311729450.0,,
1962.0,0,,10.8907983290977,,2.71,,Maldives,MDV,,4.7619000037619,,,
1962.0,0,4.6970939506247,5.41188961342047,,2.71,,Libya,LBY,,0.357142999,96165600.0,,
1962.0,0,0.10844026784809,6.42102960904312,,2.71,,Bermuda,BMU,,0.85714,,,
1962.0,0,,,,2.71,,Malta,MLT,,0.357142999357143,66700000.0,,
1962.0,0,,-5.57999999019671,,2.71,,Indonesia,IDN,,,108100020.0,,
1962.0,0,2.68085396987461,3.08087345285611,,2.71,,Botswana,BWA,,0.713265494271677,,,
1962.0,0,4.19649888238551,1.09869626167405,,2.71,,Maldives,MDV,,4.7619000037619,,,
1962.0,0,6.8354403481973,8.90897299558067,1.3,2.71,,Nepal,NPL,,7.619000006619,24045769.17,,
1962.0,0,4.38179863851178,2.64867511295262,,2.71,,Ireland,IRL,,0.357142999357143,359296150.3,,
1962.0,0,1.40460703543514,5.21200350925544,,2.71,,"Korea, Rep.",KOR,,130.0,168650269.905316,,
1962.0,1,,6.09999999999982,,2.71,,Niger,NER,,245.013850686544,,,
1962.0,1,3.88832025146507,5.57142858180481,,2.71,,Morocco,MAR,,5.06049000406049,174203030.0,,
1962.0,0,1.19898417815082,4.66441467253127,,2.71,,Mexico,MEX,,0.0125000000125,427198020.0,,
1962.0,0,,,,2.71,,Turks and Caicos Islands,TCA,,1.0,,,
1962.0,0,,,,2.71,,Poland,POL,,0.0003999999999,,,
1962.0,0,10.9074243811899,-1.57454885002421,,2.71,,Seychelles,SYC,,4.76189475297145,,,
1962.0,0,,,,2.71,,Faroe Islands,FRO,,6.90714000590714,,,
1962.0,0,2.66206417934763,6.61444776877332,,2.71,,Angola,AGO,,2.86784433333333e-08,,,
1962.0,0,5.33128007065639,6.85626464484753,,2.71,,"Korea, Rep.",KOR,,130.0,168650269.905316,,
1962.0,0,,-3.71380018409685,,2.71,,Trinidad and Tobago,TTO,,1.71429000071429,23300000.0,,
1962.0,0,2.87088531460987,4.91914694399127,,2.71,,Cyprus,CYP,,0.357142999357143,52350000.0,,
1962.0,0,5.09672908138148,,,2.71,,Papua New Guinea,PNG,,0.892856999892857,,,
1962.0,0,,-19.6850418256566,,2.71,,Botswana,BWA,,0.713265494271677,,,
1962.0,0,3.11750599520378,9.45735874072126,,2.71,,Tuvalu,TUV,,0.892856999892857,,,
1962.0,0,131.397849462365,1.84197770236842,,2.71,,Gibraltar,GIB,,0.357142999357143,,,
1962.0,0,4.31599287754389,4.78994131635299,,2.71,,Central African Republic,CAF,,245.013850686544,600000.0,,
1962.0,1,,6.59999999999992,,2.71,,Kuwait,KWT,,0.357142999357143,97298000.0,,
1962.0,0,0.0961538463947943,,,2.71,,Ethiopia,ETH,,2.48447000148447,65001370.0,,
1962.0,1,-0.475428291049914,0.364812289877747,,2.71,,Guinea,GIN,,24.685000023685,,,
1962.0,0,1.50357995251549,3.81801955808436,,2.71,,Samoa,WSM,,0.71918999971919,,,
1962.0,0,,1.4344708894259,,2.71,,Bermuda,BMU,,0.85714,,,
1962.0,0,4.76619721905823,4.25904719368346,,2.71,,Fiji,FJI,,0.792857999703316,,,
1962.0,0,1.41843971631208,3.30025851602093,,2.71,,Myanmar,MMR,,4.7619000037619,154184000.0,,
1962.0,0,4.69114360740471,6.20365045787119,,2.71,,Gabon,GAB,,245.013850686544,11250000.0,,
1962.0,0,5.70647719271309,9.9534381030183,,2.71,,Grenada,GRD,,1.71429000071429,,,
1962.0,0,4.38398278172668,2.98194553610338,,2.71,,Poland,POL,,0.0003999999999,,,
1962.0,0,,-2.49083947454871,,2.71,,Fiji,FJI,,0.792857999703316,,,
1962.0,0,-1.61290322727254,4.08687253044889,,2.71,,French Polynesia,PYF,,89.765000088765,,,
1962.0,0,,0.806486902725595,,2.71,,Botswana,BWA,,0.713265494271677,,,
1962.0,0,0.419580419580285,7.55344418052258,,2.71,,Isle of Man,IMN,,0.357142999357143,,,
1962.0,0,1.09215017084013,2.18523652981222,,2.71,,"Venezuela, RB",VEN,,0.00334966666566667,583412200.0,,
1962.0,0,2.84327019799062,4.62347095715678,,2.71,,Barbados,BRB,,1.71429000071429,,,
1962.0,0,,4.10915860625774,,2.71,,Puerto Rico (US),PRI,,1.0,,,
1962.0,0,5.79665220101376,4.84629418915898,,2.71,,Kuwait,KWT,,0.357142999357143,97298000.0,,
1962.0,0,5.27425952920732,2.81394513844555,,2.71,,"Gambia, The",GMB,,1.78571071450171,,,
1962.0,0,1.24627519965495,6.17793085042746,,2.71,,Belize,BLZ,,1.42857000042857,,,
1962.0,0,3.63221497106987,2.93112773548363,,2.71,,Belgium,BEL,,50.000000049,1756067570.04839,,
1962.0,0,-3.00307658790784,3.87561672369634,,2.71,,Lao PDR,LAO,,80.0001547257747,,,
1962.0,1,,,,2.71,,Faroe Islands,FRO,,6.90714000590714,,,
1962.0,0,6.64109326359749,10.0352933342212,,2.71,,Papua New Guinea,PNG,,0.892856999892857,,,
1962.0,0,11.016292445577,8.31477357089841,,2.71,,Kenya,KEN,,7.14286000614286,,,
1962.0,0,1.06157112526535,7.42783736424002,,2.71,,Liberia,LBR,,1.0,,,
1962.0,0,4.26372712149085,3.21644442741555,,2.71,,Mauritania,MRT,,4.93699111607702,7900000.0,,
1962.0,0,,,,2.71,,Zambia,ZMB,,0.714285999714286,,,
1962.0,0,-0.319488817891379,1.29693177230521,,2.71,,Burundi,BDI,,50.000000049,,,
1962.0,1,,-4.59008450551823,,2.71,,Costa Rica,CRI,,6.625000005625,12599154.97,,
1962.0,0,2.05255023209699,3.53650126284866,,2.71,,Jamaica,JAM,,0.714285999571429,74200000.0,,
1962.0,1,,-0.852021521903339,,2.71,,Uruguay,URY,,1.098e-05,202874030.0,,
1962.0,0,7.37781954818461,5.66682217271797,,2.71,,Finland,FIN,,3.2000000022,304091800.0,,
1962.0,0,5.26563234621733,4.10299258868014,,2.71,,Mexico,MEX,,0.0125000000125,427198020.0,,
1962.0,1,,3.93078479110629,,2.71,,Puerto Rico (US),PRI,,1.0,,,
1962.0,0,,8.53293376290748,,2.71,,Angola,AGO,,2.86784433333333e-08,,,
1962.0,0,0.788002033555912,8.24473681997463,,2.71,,Paraguay,PRY,,126.0,2140170.02,,
1962.0,0,9.15712799177066,17.0472409332998,,2.71,,"Micronesia, Fed. Sts.",FSM,,1.0,,,
1962.0,0,1.19877334820186,6.10000000000011,5.5,2.71,,Mali,MLI,,245.013850686544,,,
1962.0,0,3.69609856262894,7.55425444784086,,2.71,,American Samoa,ASM,,1.0,,,
1962.0,0,2.67785968742788,5.44239137528237,,2.71,,"Micronesia, Fed. Sts.",FSM,,1.0,,,
1962.0,0,2.4311226441781,6.84350732102845,,2.71,,Sao Tome and Principe,STP,,0.02875000002875,,,
1962.0,0,5.87933142225296,5.57891786210311,,2.71,,Algeria,DZA,,4.93706000393706,185716410.0,,
1963.0,0,4.99638188645285,3.28509963570336,,3.18,,Maldives,MDV,,4.7619000037619,,,
1963.0,0,,3.27239289272524,,3.18,,Libya,LBY,,0.357142999,121976000.0,,
1963.0,0,1.96849850441887,6.1021173586868,,3.18,,Bermuda,BMU,,0.85714,,,
1963.0,0,0.594055008461965,8.10688692761114,,3.18,,Malta,MLT,,0.357142999357143,69100000.0,,
1963.0,0,,5.68667190016438,,3.18,,Indonesia,IDN,,,58079560.0,,
1963.0,0,12.9280230755903,10.2810143934202,,3.18,,Botswana,BWA,,0.715287185250261,,,
1963.0,0,2.93161847051352,6.89892344200918,,3.18,,Maldives,MDV,,4.7619000037619,,,
1963.0,0,,,,3.18,,Nepal,NPL,,7.619000006619,36256169.6,,
1963.0,0,,10.2999999963989,,3.18,,Ireland,IRL,,0.357142999357143,406071293.2,,
1963.0,0,7.45471822539103,5.60972797819841,,3.18,,"Korea, Rep.",KOR,,130.0,131455308.888067,,
1963.0,0,3.10525365608344,7.33880352682334,,3.18,,Niger,NER,,245.016350696075,,,
1963.0,0,2.09790209790211,4.71029133985073,,3.18,,Morocco,MAR,,5.06049000406049,110211320.0,,
1963.0,0,1.33797064490693,7.37370924877223,,3.18,,Mexico,MEX,,0.0125000000125,548302680.0,,
1963.0,0,2.9669597758771,2.73529640413561,,3.18,,Turks and Caicos Islands,TCA,,1.0,,,
1963.0,0,-2.68256333834103,13.3492949251208,,3.18,,Poland,POL,,0.0003999999999,,,
1963.0,0,0.74664570813543,10.5180926173666,,3.18,,Seychelles,SYC,,4.76189475297145,,,
1963.0,0,2.45362058668928,4.7446342195897,,3.18,,Faroe Islands,FRO,,6.90714000590714,,,
1963.0,0,2.94616135685229,5.99435326188559,,3.18,,Angola,AGO,,2.87520266666667e-08,,,
1963.0,0,2.20519962859835,10.0401733131415,,3.18,,"Korea, Rep.",KOR,,130.0,131455308.888067,,
1963.0,0,,10.8654792457821,,3.18,,Trinidad and Tobago,TTO,,1.71429000071429,24500000.0,,
1963.0,0,2.47161052896497,3.78504308366054,,3.18,,Cyprus,CYP,,0.357142999357143,65750000.0,,
1963.0,1,,5.69999999999999,,3.18,,Papua New Guinea,PNG,,0.892856999892857,,,
1963.0,0,3.08145601867274,1.26827909278258,,3.18,,Botswana,BWA,,0.715287185250261,,,
1963.0,0,8.74369768409153,9.59649887419791,,3.18,,Tuvalu,TUV,,0.892856999892857,,,
1963.0,0,26.3554355250467,3.28670755407101,,3.18,,Gibraltar,GIB,,0.357142999357143,,,
1963.0,0,6.07014388428593,4.32824981844591,,3.18,,Central African Republic,CAF,,245.016350696075,1760000.0,,
1963.0,0,0.151450899375914,9.54104393054875,,3.18,,Kuwait,KWT,,0.357142999357143,109808800.0,,
1963.0,0,,,,3.18,,Ethiopia,ETH,,2.48447000127743,66080520.0,,
1963.0,0,1.62815126050428,5.29743988916486,,3.18,,Guinea,GIN,,24.685000023685,,,
1963.0,0,,-10.7339947141916,,3.18,,Samoa,WSM,,0.71918999971919,,,
1963.0,0,6.10503282302931,0.637021234202479,,3.18,,Bermuda,BMU,,0.85714,,,
1963.0,1,,-5.30819682539126,,3.18,,Fiji,FJI,,0.792857999703316,,,
1963.0,0,8.57959961876623,6.5029026339739,,3.18,,Myanmar,MMR,,4.7619000037619,184796000.0,,
1963.0,0,2.27290539996214,2.51674859433071,,3.18,,Gabon,GAB,,245.016350696075,7660000.0,,
1963.0,0,,,,3.18,,Grenada,GRD,,1.71429000071429,,,
1963.0,0,5.62554937008824,7.01626518416583,,3.18,,Poland,POL,,0.0003999999999,,,
1963.0,0,2.01854355976229,4.85954517089937,,3.18,,Fiji,FJI,,0.792857999703316,,,
1963.0,0,,13.8945256143361,,3.18,,French Polynesia,PYF,,89.765000088765,,,
1963.0,0,6.36270692832308,9.06630555240935,,3.18,,Botswana,BWA,,0.715287185250261,,,
1963.0,0,2.14800341332202,4.3515842816704,,3.18,,Isle of Man,IMN,,0.357142999357143,,,
1963.0,0,2.70876699499833,4.13826758157036,,3.18,,"Venezuela, RB",VEN,,0.00334966666566666,745526800.0,,
1963.0,0,,,,3.18,,Barbados,BRB,,1.71429000071429,,,
1963.0,0,0.641025641025652,6.21437634985244,,3.18,,Puerto Rico (US),PRI,,1.0,,,
1963.0,0,,4.40597419943647,,3.18,,Kuwait,KWT,,0.357142999357143,109808800.0,,
1963.0,0,1.56900416258926,,,3.18,,"Gambia, The",GMB,,1.78571071450171,,,
1963.0,0,,6.24434450629604,,3.18,,Belize,BLZ,,1.42857000042857,,,
1963.0,0,-2.69465535232731,8.57861891529701,,3.18,,Belgium,BEL,,50.000000049,1973351171.09007,,
1963.0,0,2.8717403448577,5.32793383778119,,3.18,,Lao PDR,LAO,,80.0001547257747,,,
1963.0,0,3.24364737396401,3.62462153047385,,3.18,,Faroe Islands,FRO,,6.90714000590714,,,
1963.0,0,,7.99983078698784,,3.18,,Papua New Guinea,PNG,,0.892856999892857,,,
1963.0,1,,,,3.18,,Kenya,KEN,,7.14286000614286,,,
1963.0,0,-0.706357214552389,6.79762576905422,,3.18,,Liberia,LBR,,1.0,,,
1963.0,0,,,,3.18,,Mauritania,MRT,,4.93699111607702,10100000.0,,
1963.0,0,21.2546957175585,0.170458855734793,,3.18,,Zambia,ZMB,,0.714285999714286,,,
1963.0,0,1.23966942148753,4.39999999999982,5.7,3.18,,Burundi,BDI,,50.000000049,,,
1963.0,0,3.44021288042955,4.87919908861309,,3.18,,Costa Rica,CRI,,6.625000005625,15619750.68,,
1963.0,1,,0.600000000000065,,3.18,,Jamaica,JAM,,0.714285999571429,89900000.0,,
1963.0,0,0.449887528120002,8.53878879939805,,3.18,,Uruguay,URY,,1.46475e-05,186186760.0,,
1963.0,0,145.910780669145,-2.23702998571657,,3.18,,Finland,FIN,,3.2000000022,337893480.0,,
1963.0,0,4.99915289796841,6.1033388581149,,3.18,,Mexico,MEX,,0.0125000000125,548302680.0,,
1963.0,0,6.7069055639799,8.473642382794,1.3,3.18,,Puerto Rico (US),PRI,,1.0,,,
1963.0,0,0.697674418604589,8.77834021621184,,3.18,,Angola,AGO,,2.87520266666667e-08,,,
1963.0,0,,-0.707010752236329,,3.18,,Paraguay,PRY,,126.0,3220192.88,,
1963.0,0,5.93950905922402,2.10636824719379,,3.18,,"Micronesia, Fed. Sts.",FSM,,1.0,,,
1963.0,0,5.69971168745222,,,3.18,,Mali,MLI,,245.016350696075,,,
1963.0,0,,34.3137287803281,,3.18,,American Samoa,ASM,,1.0,,,
1963.0,1,3.18466272791608,11.8448666655957,,3.18,,"Micronesia, Fed. Sts.",FSM,,1.0,,,
1963.0,0,2.02158272759789,5.87370211616305,,3.18,,Sao Tome and Principe,STP,,0.02875000002875,,,
1963.0,0,,3.90095116381761,,3.18,,Algeria,DZA,,4.93706000393706,237218040.0,,
1964.0,0,3.09278350515449,9.26993821451785,,3.5,,Maldives,MDV,,4.7619000037619,,,
1964.0,1,,10.1302976615431,,3.5,,Libya,LBY,7.0,0.357142999,171922960.0,,
1964.0,0,3.44489848222768,6.31074738257485,,3.5,,Bermuda,BMU,,0.85714,,,
1964.0,0,3.19564717604592,3.90643383678592,,3.5,,Malta,MLT,,0.357142999357143,71500000.0,,
1964.0,0,2.10711150133545,6.76486511640719,,3.5,,Indonesia,IDN,,,25003680.0,,
1964.0,0,-0.193563997036552,4.63299243190491,,3.5,,Botswana,BWA,,0.717258646245895,,,
1964.0,0,-0.0993048669314341,4.96446728844091,,3.5,,Maldives,MDV,,4.7619000037619,,,
1964.0,0,3.08055687101806,5.25635078619852,,3.5,,Nepal,NPL,,7.619000006619,49119654.4,,
1964.0,0,3.21119170293105,6.58280685437494,,3.5,,Ireland,IRL,,0.357142999357143,446065243.2,,
1964.0,0,4.02154147421213,,,3.5,,"Korea, Rep.",KOR,,213.846666666667,136361055.508222,,
1964.0,0,,5.83941300772857,,3.5,,Niger,NER,,245.027184079042,,,
1964.0,0,,2.08032459940857,,3.5,,Morocco,MAR,,5.06049000406049,53111520.0,,
1964.0,0,4.03420453764312,7.40724535940373,,3.5,,Mexico,MEX,,0.0125000000125,587594480.0,,
1964.0,0,,3.39999999999985,,3.5,,Turks and Caicos Islands,TCA,,1.0,,,
1964.0,0,-0.792079207921113,6.83099614370542,,3.5,,Poland,POL,,0.0003999999999,,,
1964.0,0,108.994708994709,3.52969814993797,,3.5,,Seychelles,SYC,,4.76189475297145,,,
1964.0,0,10.1818181818181,3.95659653084577,,3.5,,Faroe Islands,FRO,,6.90714000590714,,,
1964.0,0,5.8237682581744,8.2749039306044,,3.5,,Angola,AGO,,2.88197766666667e-08,,,
1964.0,0,,,,3.5,,"Korea, Rep.",KOR,,213.846666666667,136361055.508222,,
1964.0,1,42.3694157015186,2.44052077893583,,3.5,,Trinidad and Tobago,TTO,,1.71429000071429,29940000.0,,
1964.0,0,,,,3.5,,Cyprus,CYP,,0.357142999357143,66210000.0,,
1964.0,0,3.32403316018127,3.65904831414015,,3.5,,Papua New Guinea,PNG,,0.892856999892857,,,
1964.0,0,5.91232253218587,2.79770227911476,,3.5,,Botswana,BWA,,0.717258646245895,,,
1964.0,0,10.2758607417486,5.23868659789332,,3.5,,Tuvalu,TUV,,0.892856999892857,,,
1964.0,0,,,,3.5,,Gibraltar,GIB,,0.357142999357143,,,
1964.0,0,3.80038945305753,11.676708196398,1.1,3.5,,Central African Republic,CAF,,245.027184079042,7133000.0,,
1964.0,0,3.28158694697213,5.59481102476671,,3.5,,Kuwait,KWT,,0.357142999357143,110363200.0,,
1964.0,0,1.89557417280998,-6.889492993565,,3.5,,Ethiopia,ETH,,2.5000000015,61174240.0,,
1964.0,0,,18.1799999938203,,3.5,,Guinea,GIN,,24.685000023685,,,
1964.0,0,,12.2140480179323,,3.5,,Samoa,WSM,,0.71918999971919,5680000.0,,
1964.0,0,2.33790317234362,11.9054807657866,,3.5,,Bermuda,BMU,,0.85714,,,
1964.0,0,1.11963781543123,5.45905679838043,,3.5,,Fiji,FJI,,0.792857999703316,,,
1964.0,0,0.856793145737554,4.95048866604155,,3.5,,Myanmar,MMR,,4.7619000037619,214887632.0,,
1964.0,0,8.1830790570033,3.40249443571273,,3.5,,Gabon,GAB,,245.027184079042,9293000.0,,
1964.0,1,,4.70000000000022,,3.5,,Grenada,GRD,,1.71429000071429,,,
1964.0,0,4.1687605856437,6.95668473344091,,3.5,,Poland,POL,,0.0003999999999,,,
1964.0,0,3.86856354936629,6.12435373762845,,3.5,,Fiji,FJI,,0.792857999703316,,,
1964.0,0,,,,3.5,,French Polynesia,PYF,,89.765000088765,,,
1964.0,0,2.33573581177832,6.63946990966824,,3.5,,Botswana,BWA,,0.717258646245895,,,
1964.0,0,3.66098294885468,11.5075774740325,,3.5,,Isle of Man,IMN,,0.357142999357143,,,
1964.0,0,-0.459418068919959,-5.8940188396242,,3.5,,"Venezuela, RB",VEN,,0.00435,832985200.0,,
1964.0,0,4.47210147080726,1.54715605635589,,3.5,,Barbados,BRB,,1.71429000071429,,,
1964.0,0,6.71728971926295,3.78596155115387,,3.5,,Puerto Rico (US),PRI,,1.0,,,
1964.0,0,17.0724352164554,6.16694132350723,,3.5,,Kuwait,KWT,,0.357142999357143,110363200.0,,
1964.0,0,6.97924673989605,5.30851024557084,,3.5,,"Gambia, The",GMB,,1.78571071450171,5850000.0,,
1964.0,0,,2.20932750184639,,3.5,,Belize,BLZ,,1.42857000042857,,,
1964.0,0,13.3552611508153,7.45295012250209,,3.5,,Belgium,BEL,,50.000000049,2227003946.66195,,
1964.0,0,1.72609584374285,-3.10316815597076,,3.5,,Lao PDR,LAO,,240.000464177324,,,
1964.0,0,,11.6984790301544,,3.5,,Faroe Islands,FRO,,6.90714000590714,,,
1964.0,0,5.86701538751922,5.0096509866239,,3.5,,Papua New Guinea,PNG,,0.892856999892857,,,
1964.0,0,1.36986301369865,4.21247735945683,,3.5,,Kenya,KEN,,7.14286000614286,,,
1964.0,0,3.4749054767661,6.10328462223218,,3.5,,Liberia,LBR,,1.0,,,
1964.0,0,19.2450543572579,9.88191423244254,,3.5,,Mauritania,MRT,,4.93699111607702,10450000.0,,
1964.0,1,,2.46113427734542,,3.5,,Zambia,ZMB,,0.714285999714286,,,
1964.0,1,,,,3.5,,Burundi,BDI,,50.000000049,12678000.0,,
1964.0,0,1.75756620405747,,,3.5,,Costa Rica,CRI,,6.625000005625,18612133.52,,
1964.0,1,,-1.10617185953048,,3.5,,Jamaica,JAM,,0.714285999571429,96950000.0,,
1964.0,0,3.38766231088349,6.82116446107321,,3.5,,Uruguay,URY,,1.64116666666667e-05,186682640.0,,
1964.0,0,0.617302978512524,9.40967732368279,,3.5,,Finland,FIN,,3.2000000022,384130412.333017,,
1964.0,0,,11.1293452932631,,3.5,,Mexico,MEX,,0.0125000000125,587594480.0,,
1964.0,0,-0.402731571003658,5.35896290971056,,3.5,,Puerto Rico (US),PRI,,1.0,,,
1964.0,0,2.53498854234898,7.93960864480677,,3.5,,Angola,AGO,,2.88197766666667e-08,,,
1964.0,0,,,,3.5,,Paraguay,PRY,,126.0,5470284.32,,
1964.0,0,1.27891156462591,5.8000000000003,5.2,3.5,,"Micronesia, Fed. Sts.",FSM,,1.0,,,
1964.0,0,1.91214470284237,6.65599998308328,,3.5,,Mali,MLI,,245.027184079042,,,
1964.0,0,,-4.6759498576432,,3.5,,American Samoa,ASM,,1.0,,,
1964.0,0,2.86624203821656,6.97757189326991,,3.5,,"Micronesia, Fed. Sts.",FSM,,1.0,,,
1964.0,0,2.41353570491375,4.43213036829097,,3.5,,Sao Tome and Principe,STP,,0.02875000002875,,,
1964.0,0,9.79228486663484,6.54786765047102,,3.5,,Algeria,DZA,,4.93706000393706,194924560.0,,
1965.0,0,,,,4.08,,Madagascar,MDG,,49.3706000495261,49882000.0,,
1965.0,0,0.461613216719862,9.16003626205379,,4.08,,Liberia,LBR,,1.0,,,
1965.0,0,5.44999999925051,4.55525481407106,,4.08,,Belize,BLZ,,1.42857000042857,,,
1965.0,0,,10.5694333376394,,4.08,,Mali,MLI,,245.060934207708,,,
1965.0,0,3.42492777745566,7.46898852994391,,4.08,,Haiti,HTI,,5.000000004,1400000.0,,
1965.0,0,3.22087246997095,10.7680109720411,,4.08,,Bhutan,BTN,,4.7619000037619,,,
1965.0,0,3.57852882806742,2.00909417103099,,4.08,,Madagascar,MDG,,49.3706000495261,49882000.0,,
1965.0,0,,4.16286666476383,,4.08,,Norway,NOR,,7.14286000614286,476020480.0,,
1965.0,0,-0.10548523224379,7.68486347467319,,4.08,,India,IND,,4.7619000037619,600850886.234668,,
1965.0,0,13.2141378382198,6.25313489898529,,4.08,,St. Kitts and Nevis,KNA,,1.71429000071429,,,
1965.0,0,4.06901853294584,6.12279809601442,,4.08,,New Caledonia,NCL,,89.765000088765,,,
1965.0,0,9.47475859170699,-2.63577011020728,,4.08,,St. Martin (French part),MAF,,4.93706000393706,,,
1965.0,0,0.178611297164573,7.83426046474929,,4.08,,Maldives,MDV,,4.7619000037619,,,
1965.0,0,,9.52515582624807,,4.08,,Syrian Arab Republic,SYR,,3.819999999,45070160.0,,
1965.0,0,3.56803865742936,7.09999999747173,,4.08,,Papua New Guinea,PNG,,0.892856999892857,,,
1965.0,0,7.5906836693158,3.60001138983772,,4.08,,Eswatini,SWZ,,0.714285999714286,,,
1965.0,0,4.55553368394821,2.82352954343872,,4.08,,France,FRA,,4.93706000393706,6359615200.0,,
1965.0,0,4.10345873811619,4.88497683412908,,4.08,,Angola,AGO,,2.87785266666667e-08,,,
1965.0,0,,0.947578712256856,,4.08,,St. Kitts and Nevis,KNA,,1.71429000071429,,,
1965.0,0,,2.40000000000001,,4.08,,Tonga,TON,,0.892856999892857,,,
1965.0,1,306.763110307415,1.08158946626055,,4.08,,Cayman Islands,CYM,,0.714285714795918,,,
1965.0,0,3.4144786084618,2.10455491544954,,4.08,,Philippines,PHL,,3.90917334748487,193590320.0,,
1965.0,0,3.06907066175736,3.27508248987445,,4.08,,Bhutan,BTN,,4.7619000037619,,,
1965.0,0,2.70310455873084,4.83875011249243,,4.08,,Turkiye,TUR,,9.039999999e-06,141387680.0,,
1965.0,0,3.4828212200169,,,4.08,,Ghana,GHA,,7.13915966742473e-05,132509200.0,,
1965.0,0,,6.20689821107077,,4.08,,Botswana,BWA,,0.71633440114268,,,
1965.0,0,0.166333998420151,8.18166153767717,,4.08,,"Korea, Rep.",KOR,,266.27,146287069.461636,,
1965.0,0,2.86028602860271,4.91344195525969,,4.08,,Spain,ESP,,60.000000059,1411897520.0,,
1965.0,0,3.90803782779622,8.64309493575048,,4.08,,Gibraltar,GIB,,0.357142999357143,,,
1965.0,0,,,,4.08,,Vanuatu,VUT,,89.765000088765,,,
1965.0,0,56.5565565566607,1.04560405431261,,4.08,,Belize,BLZ,,1.42857000042857,,,
1965.0,0,,,,4.08,,Finland,FIN,,3.2000000022,289463318.597585,,
1965.0,0,-0.665000000583401,8.1905275942481,,4.08,,Malta,MLT,,0.357142999357143,78900000.0,,
1965.0,0,4.51926830743458,3.26802371964186,,4.08,,"Micronesia, Fed. Sts.",FSM,,1.0,,,
1965.0,0,4.94058806755308,5.30285780228283,,4.08,,Greece,GRC,,30.000000029,250520560.0,,
1965.0,0,6.65599094260621,5.81970787298197,1.2,4.08,,Papua New Guinea,PNG,,0.892856999892857,,,
1965.0,0,4.77377455386914,2.13033310359295,,4.08,,Finland,FIN,,3.2000000022,289463318.597585,,
1965.0,0,,16.6474559632126,,4.08,,Paraguay,PRY,,126.0,10270284.32,,
1965.0,0,1.78556598298231,3.1969798965965,,4.08,,Bhutan,BTN,,4.7619000037619,,,
1965.0,0,,16.9500000038699,,4.08,,Indonesia,IDN,,,21003680.0,,
1965.0,0,2.56410256428449,5.34508932932236,,4.08,,St. Vincent and the Grenadines,VCT,,1.71429000071429,,,
1965.0,0,4.06520137474643,3.56065983986007,,4.08,,Brazil,BRA,,8.21654885346591e-13,484251120.0,,
1965.0,1,,42.4104142671799,,4.08,,Poland,POL,,0.0003999999999,,,
1965.0,0,4.93091637676269,3.48017491799546,,4.08,,"Korea, Rep.",KOR,,266.27,146287069.461636,,
1965.0,0,,,,4.08,,Guinea,GIN,,24.685000023685,,,
1965.0,0,3.24231923668133,5.24416405342727,,4.08,,"Bahamas, The",BHS,,1.02041,,,
1965.0,0,14.8390044616241,4.91404229223662,,4.08,,Belgium,BEL,,50.000000049,2339311318.17963,,
1965.0,0,17.6923076923075,10.6926495101691,,4.08,,Kuwait,KWT,,0.357142999357143,124077600.0,,
1965.0,0,,,,4.08,,France,FRA,,4.93706000393706,6359615200.0,,
1965.0,0,3.18627450998763,2.58333582121715,,4.08,,Philippines,PHL,,3.90917334748487,193590320.0,,
1965.0,0,,-2.5366922286227,,4.08,,Japan,JPN,,360.000000359,2153610240.0,,
1965.0,1,26.4447848490173,1.36899886970954,,4.08,,Lebanon,LBN,,3.071849999,251644720.0,,
1965.0,0,4.18722443998004,5.28560880055215,,4.08,,Mozambique,MOZ,,0.02875000002875,,,
1965.0,0,3.8592981578052,6.16797475642743,,4.08,,South Africa,ZAF,6.91666666666667,0.714285999714286,600866800.0,,-3.95286556130262
1965.0,0,3.39748975611084,6.11173186378382,,4.08,,Burundi,BDI,,84.375000080125,9220000.0,,
1965.0,0,7.31706942783346,7.29638009049766,,4.08,,Cabo Verde,CPV,,28.75000002875,,,
1965.0,0,,0.670838636062939,,4.08,,Italy,ITA,,625.000000625,4808141120.0,,
1965.0,1,,,,4.08,,Uganda,UGA,,0.07143000007143,,,
1965.0,0,0.456974672917124,,,4.08,,Ethiopia,ETH,,2.5000000015,77165920.0,,
1965.0,1,,4.91057058739648,,4.08,,Maldives,MDV,,4.7619000037619,,,
1965.0,0,5.01277129643838,3.821507586275,,4.08,,Poland,POL,,0.0003999999999,,,
1965.0,0,16.3899613894424,5.62173344947736,,4.08,,Angola,AGO,,2.87785266666667e-08,,,
1965.0,0,1.58516926383662,6.39999999999981,4.5,4.08,,Portugal,PRT,,28.75000002875,1011085200.0,,
1965.0,0,2.33265720081135,6.31720005153649,,4.08,,Faroe Islands,FRO,,6.90714000590714,,,
1965.0,0,4.98812351543946,1.93345000050924,,4.08,,Marshall Islands,MHL,,1.0,,,
1965.0,0,3.40557275541795,5.97750537090864,,4.08,,American Samoa,ASM,,1.0,,,
1965.0,0,0.222783306254021,2.5369535357154,,4.08,,Faroe Islands,FRO,,6.90714000590714,,,
1965.0,0,-1.8916595013061,-12.4818339161578,,4.08,,"Somalia, Fed. Rep.",SOM,,7.14286000614286,8600000.0,,
1965.0,0,-0.800000000003537,4.36176931452728,,4.08,,Dominican Republic,DOM,,1.0,50820320.0,,
1966.0,0,,,,5.11,,Monaco,MCO,,4.93706000393706,,,
1966.0,0,0.193470375092593,7.58140188284906,,5.11,,Lebanon,LBN,,3.130749999,282747660.0,,
1966.0,0,5.01439539323414,14.7285664015687,,5.11,,"Bahamas, The",BHS,,1.0,,,
1966.0,0,8.84060374922209,8.2389204457594,,5.11,,Marshall Islands,MHL,,1.0,,,
1966.0,0,3.81565906838453,6.75969011988171,,5.11,,Honduras,HND,,2.000000001,27389089.0,,
1966.0,0,3.05429864140273,0.893092501243231,,5.11,,Brunei Darussalam,BRN,,3.06122000206122,,,
1966.0,0,,-0.659726170629824,,5.11,,Monaco,MCO,,4.93706000393706,,,
1966.0,0,3.0150753768844,6.50000000000021,3.8,5.11,,Netherlands,NLD,,3.62000000262,2458087677.91406,,
1966.0,0,2.34658893413318,5.98479422519713,,5.11,,Isle of Man,IMN,,0.357142999357143,,,
1966.0,0,0.967969025261369,7.81671102618819,,5.11,,Kiribati,KIR,,0.892856999892857,,,
1966.0,0,3.87365401861324,2.37282301528172,,5.11,,Namibia,NAM,,0.716983431633873,,,
1966.0,0,10.8018483489342,-0.0553287704537979,,5.11,,Luxembourg,LUX,,50.000000049,,,
1966.0,0,,,,5.11,,Madagascar,MDG,,49.3706000495261,51482000.0,,
1966.0,0,8.47199621539219,11.2128150353513,,5.11,,Eswatini,SWZ,,0.714285999714286,,,
1966.0,0,,3.45486789269532,,5.11,,Philippines,PHL,,3.9000000029,193733830.0,,
1966.0,0,6.95187165775404,7.17058966306622,,5.11,,Suriname,SUR,,0.001885,27048178.9669973,,
1966.0,0,16.7281682748598,5.23673586229452,,5.11,,Fiji,FJI,,0.792857999703316,18040000.0,,
1966.0,0,,6.7000000000001,,5.11,,Angola,AGO,,2.882386e-08,,,
1966.0,0,5.45372692773346,-0.33952563927852,,5.11,,Kiribati,KIR,,0.892856999892857,,,
1966.0,1,1136.2541122077,2.79134682484525,,5.11,,Thailand,THA,,20.8000000198,923957800.0,,
1966.0,0,4.03520425067445,11.1225184946389,,5.11,,Cuba,CUB,,0.999999999,,,
1966.0,0,,-4.80497094328264,,5.11,,Peru,PER,,2.6819999999e-08,155236310.0,,
1966.0,0,-1.0135793646964,,,5.11,,Brunei Darussalam,BRN,,3.06122000206122,,,
1966.0,0,2.60200076636444,5.16354274190655,,5.11,,Trinidad and Tobago,TTO,,1.71429000071429,29690000.0,,
1966.0,0,3.48923715385175,4.43838608946889,,5.11,,United Kingdom,GBR,,0.357142999357143,3109538540.01562,,
1966.0,0,2.00579451749496,10.180095306912,,5.11,,Bhutan,BTN,,6.35912500535913,,,
1966.0,0,4.21578837738435,6.09613930256681,,5.11,,St. Kitts and Nevis,KNA,,1.71429000071429,,,
1966.0,0,,3.30113639858887,,5.11,,Eritrea,ERI,,2.50220418783714,,,
1966.0,0,,1.51025011101866,,5.11,,Ghana,GHA,,7.13915966742473e-05,111130400.0,,
1966.0,0,6.24036708297987,7.24606030950727,,5.11,,"Venezuela, RB",VEN,,0.0044,778787400.0,,
1966.0,0,,0.644783720237797,,5.11,,"Bahamas, The",BHS,,1.0,,,
1966.0,0,9.69034608375118,-4.25051418415514,,5.11,,Zambia,ZMB,,0.714285999714286,217613970.0,,
1966.0,0,9.0364406581763,5.04640371248233,,5.11,,Ethiopia,ETH,,2.5000000015,78676090.0,,
1966.0,0,3.53306035477689,2.81218127523877,,5.11,,Mali,MLI,,245.678436557644,,,
1966.0,0,,,,5.11,,Faroe Islands,FRO,,6.90714000590714,,,
1966.0,0,25.4901960784319,-4.85177870419901,,5.11,,Equatorial Guinea,GNQ,,245.678436557644,,,
1966.0,0,2.87319422160326,1.99150333527275,,5.11,,Philippines,PHL,,3.9000000029,193733830.0,,
1966.0,1,13.2378854626539,-4.25829036972007,,5.11,,Ethiopia,ETH,,2.5000000015,78676090.0,,
1966.0,0,1.78423465718738,-1.11932816500057,,5.11,,Portugal,PRT,,28.75000002875,1080200300.0,,
1966.0,0,3.250563343053,3.78651325489732,,5.11,,Brunei Darussalam,BRN,,3.06122000206122,,,
1966.0,0,0.262927256794539,13.4633448325871,,5.11,,Haiti,HTI,,5.000000004,2200000.0,,
1966.0,0,-1.18735543593374,7.16113774212035,,5.11,,Uruguay,URY,,5.38916666666667e-05,177305340.0,,
1966.0,0,6.40480825348414,2.09084426689796,,5.11,,Bolivia,BOL,,1.188e-05,41219613.49,,
1966.0,1,,1.52313002769391,,5.11,,Papua New Guinea,PNG,,0.892856999892857,,,
1966.0,0,,11.4634218589357,,5.11,,St. Kitts and Nevis,KNA,,1.71429000071429,,,
1966.0,1,,,,5.11,,Gibraltar,GIB,,0.357142999357143,,,
1966.0,0,10.6866430342387,8.75065893516079,,5.11,,Bahrain,BHR,,0.47618999947619,21545600.0,,
1966.0,0,2.75548077542815,6.24846226221023,,5.11,,Burundi,BDI,,87.5000000875,7040000.0,,
1966.0,0,,-5.57030980860466,,5.11,,"Korea, Rep.",KOR,,271.134166666667,245208677.319273,,
1966.0,0,2.50489556095841,-3.56820454752456,,5.11,,Fiji,FJI,,0.792857999703316,18040000.0,,
1966.0,0,,10.6499999984174,,5.11,,Peru,PER,,2.6819999999e-08,155236310.0,,
1966.0,0,,,,5.11,,Jordan,JOR,,0.357142999357143,167673430.0,,
1966.0,1,,7.39999999999996,,5.11,,Lao PDR,LAO,,240.000464177324,,,
1966.0,0,2.05482059257987,5.64286141093314,,5.11,,Northern Mariana Islands,MNP,,1.0,,,
1966.0,0,4.17434761852995,3.15589498173456,,5.11,,Vanuatu,VUT,,89.765000088765,,,
1966.0,0,5.39999999968075,4.4411585340256,,5.11,,Austria,AUT,,26.000000025,1336543420.0,,
1966.0,0,4.77597959563696,2.46145745672325,,5.11,,Zambia,ZMB,,0.714285999714286,217613970.0,,
1966.0,0,0.182882837621527,6.96931903096743,,5.11,,Comoros,COM,,245.676354692858,,,
1966.0,0,5.04083205887676,10.6385615591631,1.3,5.11,,Israel,ISR,,0.000299999342371052,621344090.0,,-3.40396729137634
1966.0,0,3.90961779211889,1.56744967539477,,5.11,,Tuvalu,TUV,,0.892856999892857,,,
1966.0,0,,,,5.11,,Spain,ESP,,60.000000059,1210578030.0,,
1966.0,0,73.4626932061085,3.06285593493642,,5.11,,Madagascar,MDG,,49.3706000495261,51482000.0,,
1966.0,0,5.76214023622459,2.74110433455468,,5.11,,Papua New Guinea,PNG,,0.892856999892857,,,
1966.0,0,3.29341317365269,2.3810335009272,,5.11,,Angola,AGO,,2.882386e-08,,,
1966.0,0,5.03926721858183,4.07790943398116,,5.11,,Puerto Rico (US),PRI,,1.0,,,
1966.0,0,0.684261974465235,5.51210399019357,,5.11,,France,FRA,,4.93706000393706,6761305400.0,,
1966.0,0,7.06495969658815,2.74091010903241,,5.11,,Mexico,MEX,,0.0125000000125,564571660.0,,
1966.0,0,4.90341596130601,6.49450138060494,,5.11,,Argentina,ARG,,2.09149999999667e-11,216174480.0,,
1966.0,0,-0.155601659973846,5.0237894383188,,5.11,,France,FRA,,4.93706000393706,6761305400.0,,
1967.0,0,4.30965682357132,8.61598233328198,,4.22,,Morocco,MAR,,5.06049000406049,75720000.0,,
1967.0,0,11.1999999990001,6.31721951733543,,4.22,,Lebanon,LBN,,3.20451666566667,282162800.0,,
1967.0,0,8.32819136425948,4.13486416579858,,4.22,,"Bahamas, The",BHS,,1.0,,,
1967.0,0,3.53896580236233,7.19652306514106,,4.22,,Mexico,MEX,,0.0125000000125,586953600.0,,
1967.0,0,6.39163108782116,4.34033841707546,,4.22,,Honduras,HND,,2.000000001,25089680.0,,
1967.0,0,,9.45296256280155,,4.22,,Brunei Darussalam,BRN,,3.06122000206122,,,
1967.0,0,2.7917770943515,4.80177080876672,,4.22,,Morocco,MAR,,5.06049000406049,75720000.0,,
1967.0,1,106.0,1.38040280607036,,4.22,,Nicaragua,NIC,,2.06064418965517e-09,32089600.0,,
1967.0,0,,4.2,,4.22,,Isle of Man,IMN,,0.362103332665675,,,
1967.0,0,3.81813815731002,4.62107394346161,,4.22,,Kiribati,KIR,,0.892856999892857,,,
1967.0,0,1.75919579598299,3.36123203258556,,4.22,,Malaysia,MYS,,3.06122000206122,457018000.0,,
1967.0,0,3.1833150395518,5.78570426266425,,4.22,,Luxembourg,LUX,,50.000000049,,,
1967.0,0,3.57995226730312,3.06542080784173,,4.22,,Monaco,MCO,,4.93706000393706,,,
1967.0,0,,3.19199662339177,,4.22,,Sweden,SWE,,5.17321000417321,841824518.78406,,
1967.0,0,0.485436893448745,4.11217561696343,,4.22,,Peru,PER,,3.02483333323333e-08,125860400.0,,
1967.0,0,1.37581462709177,8.55293117898977,,4.22,,Sao Tome and Principe,STP,,0.02875000002875,,,
1967.0,0,,,,4.22,,Fiji,FJI,,0.805853999731236,18370000.0,,
1967.0,0,9.78360256063414,3.85256440782895,,4.22,,Angola,AGO,,2.884161e-08,,,
1967.0,0,,0.161952470326938,,4.22,,Kiribati,KIR,,0.892856999892857,,,
1967.0,0,3.73333832073822,7.17861246556186,,4.22,,Togo,TGO,,246.000937791281,,,
1967.0,0,2.77278562259309,2.49999999999999,3.8,4.22,,Cuba,CUB,,0.999999999,,,
1967.0,0,,4.6766131089008,,4.22,,Panama,PAN,,1.0,6730000.0,,
1967.0,0,,2.83386903098939,,4.22,,Brunei Darussalam,BRN,,3.06122000206122,,,
1967.0,0,,6.96951382476809,,4.22,,Tonga,TON,,0.892856999892857,,,
1967.0,0,3.34280096132817,12.508612746034,,4.22,,United Kingdom,GBR,5.5,0.362103332665675,2702371600.0,,
1967.0,0,3.01694847502148,5.85492487897324,,4.22,,Bhutan,BTN,,7.5000000065,,,
1967.0,0,3.45533218314714,5.28001474697683,,4.22,,St. Kitts and Nevis,KNA,,1.76190833409524,,,
1967.0,0,3.97467292898832,3.00804779775473,,4.22,,Eritrea,ERI,,2.50220418783714,,,
1967.0,0,,7.49999999999996,,4.22,,Ghana,GHA,,8.60811947925269e-05,82732000.0,,
1967.0,0,2.73030268590907,3.86814694690048,,4.22,,St. Vincent and the Grenadines,VCT,,1.76190833409524,,,
1967.0,0,,7.91969651199875,,4.22,,"Bahamas, The",BHS,,1.0,,,
1967.0,0,1.87853219781646,4.38412936446954,,4.22,,South Africa,ZAF,8.25,0.714285999714286,781748000.0,,-2.37147155213875
1967.0,0,0.70189748435374,0.805264127039209,,4.22,,Ethiopia,ETH,,2.5000000015,64681200.0,,
1967.0,0,,-5.77000000405148,,4.22,,Marshall Islands,MHL,,1.0,,,
1967.0,0,6.25395319397734,5.22268758922664,,4.22,,Faroe Islands,FRO,,6.95654500538095,,,
1967.0,0,4.00519621563871,3.05592216743931,,4.22,,Equatorial Guinea,GNQ,,246.000937791281,,,
1967.0,0,-0.748276993897715,10.0288413593661,,4.22,,Peru,PER,,3.02483333323333e-08,125860400.0,,
1967.0,0,89.2752972850379,-3.65683411281653,,4.22,,Ethiopia,ETH,,2.5000000015,64681200.0,,
1967.0,0,,,,4.22,,Puerto Rico (US),PRI,,1.0,,,
1967.0,0,1.20834031134425,5.65012592038407,,4.22,,Brunei Darussalam,BRN,,3.06122000206122,,,
1967.0,0,,,,4.22,,Haiti,HTI,,5.000000004,1900000.0,,
1967.0,0,3.98984808881518,11.0821423246932,1.3,4.22,,Uganda,UGA,,0.07143000007143,34930000.0,,
1967.0,0,2.48211560474804,2.77573771674906,,4.22,,Bolivia,BOL,,1.188e-05,37943132.8,,
1967.0,0,,,,4.22,,Philippines,PHL,,3.9000000029,180332800.0,,
1967.0,1,1.36526759221905,9.15036720414034,,4.22,,St. Kitts and Nevis,KNA,,1.76190833409524,,,
1967.0,0,2.09184098667308,3.76437003674084,,4.22,,Gibraltar,GIB,,0.362103332665675,,,
1967.0,1,-8.42248589780283,3.07536405007809,,4.22,,Bahrain,BHR,,0.47618999947619,28342400.0,,
1967.0,0,2.18923933203517,6.43902442038787,,4.22,,Burundi,BDI,,87.5000000875,5050000.0,,
1967.0,0,1.79604992213175,-0.330256485487652,,4.22,,"Korea, Rep.",KOR,,270.511666666667,356582296.847622,,
1967.0,0,0.833333332291585,-5.92525888262607,,4.22,,Fiji,FJI,,0.805853999731236,18370000.0,,
1967.0,0,4.57926975753999,6.25607900635556,,4.22,,Panama,PAN,,1.0,6730000.0,,
1967.0,1,,,,4.22,,Jordan,JOR,,0.357142999357143,244064400.0,,
1967.0,0,,3.58811073177469,,4.22,,Lao PDR,LAO,,240.000464177324,,,
1967.0,0,13.9748929481675,4.73251024393737,,4.22,,Myanmar,MMR,,4.7619000037619,155498720.0,,
1967.0,0,,,,4.22,,Virgin Islands (U.S.),VIR,,1.0,,,
1967.0,0,-3.72633676514216,-15.7436282082049,,4.22,,Austria,AUT,,26.000000025,1488335600.0,,
1967.0,0,4.57556214033291,3.85714649161983,,4.22,,South Africa,ZAF,8.25,0.714285999714286,781748000.0,,-2.37147155213875
1967.0,0,13.062202477797,7.82596303082235,,4.22,,Comoros,COM,,245.998853193638,,,
1967.0,0,5.37778183372858,2.16882888287391,,4.22,,Israel,ISR,,0.000308332657439692,714857200.0,,-0.420216805821272
1967.0,0,4.28931922993319,3.36538864517098,,4.22,,Turkiye,TUR,,9.039999999e-06,119539200.0,,
1967.0,1,,8.36700892929179,,4.22,,Spain,ESP,,61.6666667275,1053098400.0,,
1967.0,0,1.23834498871987,3.32754228723313,,4.22,,Monaco,MCO,,4.93706000393706,,,
1967.0,0,1.46691635472379,5.43684884780356,,4.22,,Philippines,PHL,,3.9000000029,180332800.0,,
1967.0,0,3.32021867821532,-1.26030053320396,,4.22,,Angola,AGO,,2.884161e-08,,,
1967.0,0,6.05692006267522,-4.58942404013791,,4.22,,Poland,POL,,0.0003999999999,,,
1967.0,0,5.52647600753092,7.54448252895033,,4.22,,France,FRA,,4.93706000393706,7023698000.0,,
1967.0,0,3.47826086956522,6.30689948609215,,4.22,,Maldives,MDV,,4.76090833630158,,,
1967.0,0,1.84135702750597,5.66948643356486,,4.22,,Argentina,ARG,,3.33424999999917e-11,727208400.0,,
1967.0,0,8.20785355844014,5.88623124121932,,4.22,,France,FRA,,4.93706000393706,7023698000.0,,
1968.0,0,,,,5.66,,St. Martin (French part),MAF,,4.93706000393706,,,
1968.0,0,1.61904761953549,6.97738862373494,,5.66,,Lao PDR,LAO,,240.000464177324,,,
1968.0,1,,,,5.66,,"Bahamas, The",BHS,,1.0,44400000.0,,
1968.0,0,4.27179615288537,4.7999999999997,3.6,5.66,,Maldives,MDV,,4.749999999,,,
1968.0,0,2.37603305787562,12.0593401836478,,5.66,,Honduras,HND,,2.000000001,31572460.0,,
1968.0,0,0.366711570051019,7.9826899693479,,5.66,,Brunei Darussalam,BRN,,3.06122000206122,,,
1968.0,0,4.31192496550194,-0.0488485286226563,,5.66,,St. Martin (French part),MAF,,4.93706000393706,,,
1968.0,0,6.97710758672967,-6.88965573613312,,5.66,,Nigeria,NGA,,0.714285999714286,121194900.0,,
1968.0,0,2.52100840336134,5.09512980987455,,5.66,,Indonesia,IDN,,296.291666666667,87276600.0,,
1968.0,1,7.89473684210539,0.368860328659636,,5.66,,Cambodia,KHM,,35.0,,,
1968.0,0,,,,5.66,,Malawi,MWI,,0.833332999833333,22510000.0,,
1968.0,0,1.470289313277,5.66877305970866,,5.66,,Lesotho,LSO,,0.714285999714286,,,
1968.0,0,2.53768071348792,3.23669238728887,,5.66,,Morocco,MAR,,5.06049000406049,89140000.0,,
1968.0,0,,-4.09999998647768,,5.66,,Suriname,SUR,,0.001885,31456378.0121208,,
1968.0,0,-1.6757594245691,-1.60679234956356,,5.66,,Panama,PAN,,1.0,11100000.0,,
1968.0,0,0.139060583507755,7.20371768036424,,5.66,,"Somalia, Fed. Rep.",SOM,,7.14286000614286,6750000.0,,
1968.0,0,4.6808510638299,8.24392880348537,,5.66,,Fiji,FJI,,0.870833999870834,18490000.0,,
1968.0,0,,4.90000000000038,,5.66,,Angola,AGO,,2.872761e-08,,,
1968.0,0,2.76486447339768,4.47231278246069,,5.66,,Cambodia,KHM,,35.0,,,
1968.0,0,6.04623966197402,6.77799601038105,,5.66,,Chad,TCD,,247.564693756951,-2246152.08320851,,
1968.0,0,,,,5.66,,Cuba,CUB,,0.999999999,,,
1968.0,0,4.95436611736463,6.5970201375833,,5.66,,Pakistan,PAK,,4.7619000037619,258389140.0,,
1968.0,0,1.86122448972086,-1.17815493672721,,5.66,,Brunei Darussalam,BRN,,3.06122000206122,,,
1968.0,0,3.44829324254207,2.25987552819265,,5.66,,Timor-Leste,TLS,,1.0,,,
1968.0,0,2.35880645890594,5.03815939692956,,5.66,,United Kingdom,GBR,6.125,0.416666999416667,2712427900.01562,,
1968.0,0,2.39582226957016,3.58802600373956,,5.66,,Bhutan,BTN,,7.5000000065,,,
1968.0,0,,7.33723265821627,,5.66,,Kiribati,KIR,,0.892856999892857,,,
1968.0,0,4.31765612971037,1.90943839737609,,5.66,,Eritrea,ERI,,2.50220418783714,,,
1968.0,0,,10.4097285884098,,5.66,,Ghana,GHA,,0.000101985139685,97004000.0,,
1968.0,0,0.0359763993382312,0.238860484696033,,5.66,,United States,USA,6.3125,1.0,17857180000.0,,
1968.0,1,0.708073577854366,4.52707384188076,,5.66,,"Bahamas, The",BHS,,1.0,44400000.0,,
1968.0,0,1.94312582473244,3.638505638623,,5.66,,Samoa,WSM,,0.72106999972107,3060000.0,,
1968.0,0,1.79035960223026,8.12227025554289,,5.66,,Ethiopia,ETH,,2.5000000015,67958900.0,,
1968.0,0,5.47062350162299,8.52944308831106,,5.66,,Mexico,MEX,,0.0125000000125,689436600.0,,
1968.0,0,0.436479069044525,9.89173930674043,,5.66,,Faroe Islands,FRO,,7.5000000065,,,
1968.0,0,125.336991126492,1.88891174472745,,5.66,,Equatorial Guinea,GNQ,,247.564693756951,,,
1968.0,0,7.4475387831777,5.93311799878289,,5.66,,Panama,PAN,,1.0,11100000.0,,
1968.0,0,6.08136171148615,8.87550923376675,,5.66,,Ethiopia,ETH,,2.5000000015,67958900.0,,
1968.0,0,,,,5.66,,Poland,POL,,0.0003999999999,,,
1968.0,0,5.33943295739344,12.8824681383231,1.2,5.66,,Brunei Darussalam,BRN,,3.06122000206122,,,
1968.0,0,,10.7962385711022,,5.66,,Haiti,HTI,,5.000000004,2500000.0,,
1968.0,0,1.98613362103222,4.15337298293346,,5.66,,Tanzania,TZA,,7.14286000614286,77540000.0,,
1968.0,0,15.2317984034252,-5.49828178694162,,5.66,,Bolivia,BOL,,1.188e-05,41648875.1,,
1968.0,1,,1.97013496821758,,5.66,,Peru,PER,,3.8699999999e-08,115115400.0,,
1968.0,1,128.843042071197,10.9151785714295,,5.66,,Kiribati,KIR,,0.892856999892857,,,
1968.0,0,4.54320486402014,4.54401821190027,,5.66,,Gibraltar,GIB,,0.416666999416667,,,
1968.0,0,,9.79999999999998,,5.66,,Bahrain,BHR,,0.47618999947619,51630300.0,,
1968.0,0,9.19166799519512,2.30328998355675,,5.66,,Burundi,BDI,,87.5000000875,2950265.9,,
1968.0,0,4.09389143106836,8.47330434699462,,5.66,,St. Kitts and Nevis,KNA,,2.000000001,,,
1968.0,0,0.655391120507378,13.5269942226387,,5.66,,Fiji,FJI,,0.870833999870834,18490000.0,,
1968.0,1,3.23741242627502,3.38792917634143,,5.66,,Pakistan,PAK,,4.7619000037619,258389140.0,,
1968.0,0,3.72079328019141,6.4161340399009,,5.66,,Jamaica,JAM,,0.833333999833334,120240000.0,,
1968.0,0,,,,5.66,,Kuwait,KWT,,0.357142999357143,196544900.0,,
1968.0,0,,1.34296005265668,,5.66,,Malta,MLT,,0.416666999416667,153323100.0,,
1968.0,0,,1.40411317693092,,5.66,,"Venezuela, RB",VEN,,0.0044,1000929000.0,,
1968.0,0,-0.158346528794567,7.97799464201174,,5.66,,Austria,AUT,,26.000000025,1650819000.0,,
1968.0,0,2.33395093467026,9.42327881831926,,5.66,,Samoa,WSM,,0.72106999972107,3060000.0,,
1968.0,0,1.27731335390797,6.54455465470525,,5.66,,Comoros,COM,,247.562595908131,,,
1968.0,0,-0.476059059060833,-1.24836024581224,,5.66,,Iceland,ISL,,0.621666666635839,27955100.0,,
1968.0,0,,1.24832998222797,,5.66,,Tunisia,TUN,,0.524999999525,36228000.0,,
1968.0,0,2.70144982931349,4.19412962494732,,5.66,,Spain,ESP,,70.00000007,1303543700.0,,
1968.0,0,5.86056644898579,5.80109416633509,,5.66,,Morocco,MAR,,5.06049000406049,89140000.0,,
1968.0,0,4.69742798827245,5.47269304472715,,5.66,,Peru,PER,,3.8699999999e-08,115115400.0,,
1968.0,0,4.05529953917047,5.00827404258794,,5.66,,Angola,AGO,,2.872761e-08,,,
1968.0,0,,4.82250077932424,,5.66,,Papua New Guinea,PNG,,0.892856999892857,,,
1968.0,0,8.00520710366467,5.85299737649714,,5.66,,France,FRA,,4.93706000393706,4965133000.0,,
1968.0,1,19.086618545438,0.152237710931757,,5.66,,Madagascar,MDG,,49.3706000495261,30582000.0,,
1968.0,0,1.92632850230086,8.76603505425516,,5.66,,Argentina,ARG,,3.5e-11,780833300.0,,
1968.0,0,,3.57371701447551,,5.66,,France,FRA,,4.93706000393706,4965133000.0,,
1969.0,0,4.56155890168292,5.06703236278922,4.7,8.21,,St. Martin (French part),MAF,,5.1941975041942,,,
1969.0,0,,,,8.21,,Lao PDR,LAO,,240.000464177324,,,
1969.0,0,4.92419394498303,4.08114562089492,,8.21,,"Bahamas, The",BHS,,1.0,26070000.0,,
1969.0,0,1.25821445737097,0.881367760385189,,8.21,,Maldives,MDV,,4.749999999,,,
1969.0,0,0.956628066179126,10.8914458307792,,8.21,,Honduras,HND,,2.000000001,30929680.0,,
1969.0,0,2.691994585557,5.00907518225404,1.89,8.21,,Brunei Darussalam,BRN,,3.06122000206122,,,
1969.0,0,2.16034713599867,8.90701555527092,1.3,8.21,,St. Martin (French part),MAF,,5.1941975041942,,,
1969.0,0,,6.89999999999982,,8.21,,Nigeria,NGA,,0.714285999714286,132459200.0,,
1969.0,0,1.95551032285384,4.68947344100819,6.7,8.21,,Indonesia,IDN,,326.0,121712800.0,,
1969.0,0,3.08040419539532,6.27586716606976,2.8,8.21,,Cambodia,KHM,,43.5583333329167,,,
1969.0,0,2.96294951075211,4.50461145559137,,8.21,,Malawi,MWI,,0.833332999833333,21010000.0,,
1969.0,0,4.92524242695133,10.194671898837,,8.21,,Lesotho,LSO,,0.714285999714286,,,
1969.0,0,,,,8.21,,Morocco,MAR,,5.06049000406049,114120000.0,,
1969.0,0,2.31522056676472,4.93297089035192,,8.21,,Suriname,SUR,,0.001885,32474000.1446783,,
1969.0,0,-0.17150100656233,7.9592244594956,,8.21,,Panama,PAN,,1.0,14100000.0,,
1969.0,0,5.46238620028745,3.09999999999999,3.5,8.21,,"Somalia, Fed. Rep.",SOM,,7.14286000614286,14229600.0,,
1969.0,1,,,,8.21,,Fiji,FJI,,0.870833999870834,26810000.0,,
1969.0,0,-4.33905146321215,3.29174112062336,,8.21,,Angola,AGO,,2.85611933333333e-08,,,
1969.0,0,3.27868852459016,7.04760243224727,,8.21,,Cambodia,KHM,,43.5583333329167,,,
1969.0,0,7.41869918597554,5.86385507267597,,8.21,,Chad,TCD,,259.960574351236,-4810495.80882963,,
1969.0,0,,16.9399999960609,,8.21,,Cuba,CUB,,0.999999999,,,
1969.0,0,2.65725273386972,6.09805999558608,,8.21,,Pakistan,PAK,,4.7619000037619,332933120.0,,
1969.0,0,2.24684753574717,4.70115140770775,,8.21,,Brunei Darussalam,BRN,,3.06122000206122,,,
1969.0,0,2.48903598959377,5.63291212254617,,8.21,,Timor-Leste,TLS,,1.0,,,
1969.0,0,,4.74781540363225,,8.21,,United Kingdom,GBR,6.625,0.416666999416667,2535411000.01562,,
1969.0,0,6.32668144851309,4.66923798208919,,8.21,,Bhutan,BTN,,7.5000000065,,,
1969.0,0,,0.706036796156368,,8.21,,Kiribati,KIR,,0.892856999892857,,,
1969.0,0,2.45039085983097,6.55065988587748,,8.21,,Eritrea,ERI,,2.50220418783714,,,
1969.0,0,,,,8.21,,Ghana,GHA,,0.000101985139685,71832000.0,,
1969.0,0,2.20561093521246,9.59328778480038,2.83,8.21,,United States,USA,7.95166666666667,1.0,17031416000.0,,
1969.0,0,,7.09154252763096,,8.21,,"Bahamas, The",BHS,,1.0,26070000.0,,
1969.0,0,-0.273051879856979,13.8338251160131,,8.21,,Samoa,WSM,,0.72106999972107,5150000.0,,
1969.0,0,2.62934083658332,5.4917999425584,,8.21,,Ethiopia,ETH,,2.5000000015,71858800.0,,
1969.0,0,7.42179005501285,6.42944907759069,,8.21,,Mexico,MEX,,0.0125000000125,663370800.0,,
1969.0,0,5.44666363048887,1.93913774928538,,8.21,,Faroe Islands,FRO,,7.5000000065,,,
1969.0,0,-0.40901502529407,4.88853365256124,,8.21,,Equatorial Guinea,GNQ,,259.960574351236,,,
1969.0,0,,-0.436915823088214,,8.21,,Panama,PAN,,1.0,14100000.0,,
1969.0,0,7.45695273372576,7.71681966188686,,8.21,,Ethiopia,ETH,,2.5000000015,71858800.0,,
1969.0,0,3.75399229053284,6.62979979529493,,8.21,,Poland,POL,,0.0003999999999,,,
1969.0,0,10.155979202822,24.1973839456808,,8.21,,Brunei Darussalam,BRN,,3.06122000206122,,,
1969.0,0,3.36700336711678,3.41862002349839,,8.21,,Haiti,HTI,,5.000000004,3500000.0,,
1969.0,1,-0.584136610466349,6.53970029928357,,8.21,,Tanzania,TZA,,7.14286000614286,80260000.0,,
1969.0,0,5.24982091102027,12.4778945144981,1.1,8.21,,Bolivia,BOL,,1.188e-05,42066867.2,,
1969.0,0,8.7827710555412,2.1207411616964,,8.21,,Peru,PER,,3.8699999999e-08,167156800.0,,
1969.0,0,6.98166307955375,6.10251730873333,,8.21,,Kiribati,KIR,,0.892856999892857,,,
1969.0,0,,,,8.21,,Gibraltar,GIB,,0.416666999416667,,,
1969.0,0,,8.4332802824936,,8.21,,Bahrain,BHR,,0.47618999947619,67942400.0,,
1969.0,0,20.9666666659998,5.8647406331108,,8.21,,Burundi,BDI,,87.5000000875,7453827.2,,
1969.0,0,2.20974847251324,4.47409732886858,,8.21,,St. Kitts and Nevis,KNA,,2.000000001,,,
1969.0,0,2.94989135439242,8.36216535672018,,8.21,,Fiji,FJI,,0.870833999870834,26810000.0,,
1969.0,1,15.4798773314404,6.82229824913614,,8.21,,Pakistan,PAK,,4.7619000037619,332933120.0,,
1969.0,0,3.23821721585667,4.71590286722241,,8.21,,Jamaica,JAM,,0.833333749833334,117940000.0,,
1969.0,0,6.04596284173893,7.09364697994077,,8.21,,Kuwait,KWT,,0.357142999357143,182617600.0,,
1969.0,0,,9.49999999999993,,8.21,,Malta,MLT,,0.416666999416667,139294800.0,,
1969.0,0,3.40982028243742,5.27951751357089,,8.21,,"Venezuela, RB",VEN,,0.0044,935072000.0,,
1969.0,0,2.63891868835485,11.5636684082563,,8.21,,Austria,AUT,,26.000000025,1541024000.0,,
1969.0,1,7.31707316260125,6.00617496624768,,8.21,,Samoa,WSM,,0.72106999972107,5150000.0,,
1969.0,0,1.91267848797596,7.41810275269879,,8.21,,Comoros,COM,,259.958371460445,,,
1969.0,0,-0.194990250038154,3.48541881377602,,8.21,,Iceland,ISL,,0.879999999968158,38520800.0,,
1969.0,0,21.7632949193453,2.38961038961043,,8.21,,Tunisia,TUN,,0.524999999525,36924566.4,,
1969.0,0,,,,8.21,,Spain,ESP,,70.00000007,1285926800.0,,
1969.0,0,1.82755388941356,8.44138916877408,,8.21,,Morocco,MAR,,5.06049000406049,114120000.0,,
1969.0,1,,12.4282358363658,,8.21,,Peru,PER,,3.8699999999e-08,167156800.0,,
1969.0,0,,6.23770390833241,,8.21,,Angola,AGO,,2.85611933333333e-08,,,
1969.0,0,2.09728064471577,4.73690901583991,,8.21,,Papua New Guinea,PNG,,0.892856999892857,,,
1969.0,0,6.23615806078061,3.51445891251396,5.9,8.21,,France,FRA,,5.1941975041942,3853168000.0,,
1969.0,0,,4.10317976748962,,8.21,,Madagascar,MDG,,51.9419750520327,19382000.0,,
1969.0,0,,9.67952601078326,,8.21,,Argentina,ARG,,3.5e-11,538310000.0,,
1969.0,0,3.48791924395193,6.79912047392293,,8.21,,France,FRA,,5.1941975041942,3853168000.0,,
1970.0,0,,,,7.17,,St. Martin (French part),MAF,,5.55419000455419,,,
1970.0,0,,3.04564331917115,4.8,7.17,,Lao PDR,LAO,,240.000464177324,,,
1970.0,0,6.51484141652981,1.85600172758038,,7.17,,"Bahamas, The",BHS,,1.0,21680000.0,,
1970.0,0,2.34433934881414,5.70788359811974,,7.17,,Maldives,MDV,,4.749999999,,,
1970.0,0,5.02523590072424,3.36594600332614,4.84,7.17,,Honduras,HND,,2.000000001,20245847.0,,
1970.0,0,3.08329498367029,6.95922610779934,7.1,7.17,,Brunei Darussalam,BRN,,3.06122000206122,,,
1970.0,0,13.3724751491846,7.45814307458133,,7.17,,St. Martin (French part),MAF,,5.55419000455419,,,
1970.0,0,,1.69447257971353,,7.17,,Nigeria,NGA,7.0,0.714285999714286,223498270.0,,
1970.0,0,,10.4,,7.17,,Indonesia,IDN,,362.833333333333,160280180.0,,
1970.0,0,6.90862275848241,6.20779696127698,,7.17,,Cambodia,KHM,,55.539999999,,,
1970.0,0,1.27918132376476,4.71346037515517,,7.17,,Malawi,MWI,,0.833332999833333,29200000.0,,
1970.0,0,6.59999999900017,8.86265711007658,,7.17,,Lesotho,LSO,,0.714285999714286,,,
1970.0,0,4.99192455435617,5.24866143118292,,7.17,,Morocco,MAR,,5.06049000406049,141722000.0,,
1970.0,0,12.399468513041,7.55463451394223,,7.17,,Suriname,SUR,,0.001885,37078136.8013246,,
1970.0,0,5.29964124562675,6.20017438615466,2.42,7.17,,Panama,PAN,,1.0,15750000.0,,
1970.0,0,,1.35382659012741,,7.17,,"Somalia, Fed. Rep.",SOM,,7.14286000614286,21252110.0,,
1970.0,0,0.4633529907327,13.9420030031916,6.06,7.17,,Fiji,FJI,,0.870833999870834,27350000.0,,
1970.0,0,4.65229749303154,7.50313434335064,,7.17,,Angola,AGO,,2.862511e-08,,,
1970.0,1,5.09226161997552,5.15722973718955,,7.17,,Cambodia,KHM,,55.539999999,,,
1970.0,0,13.757079924793,25.0072419293896,,7.17,,Chad,TCD,,276.403137026845,2308557.60920868,,
1970.0,0,1.84393596556387,5.98653863031986,5.136,7.17,,Cuba,CUB,,0.999999999,,,
1970.0,0,,4.79711290318896,,7.17,,Pakistan,PAK,,4.7619000037619,194529622.0,,
1970.0,0,6.38014449001673,9.11384195989883,,7.17,,Brunei Darussalam,BRN,,3.06122000206122,,,
1970.0,0,6.36656841727441,2.70858153682569,,7.17,,Timor-Leste,TLS,,1.0,,,
1970.0,0,,2.33288087679347,,7.17,,United Kingdom,GBR,7.25,0.416666999416667,2918294770.26573,,1.50789705294204
1970.0,0,2.7404204305122,7.47043264445793,1.89,7.17,,Bhutan,BTN,,7.5000000065,,,
1970.0,0,3.66893088808655,6.1401814080279,,7.17,,Kiribati,KIR,,0.892856999892857,,,
1970.0,0,,,,7.17,,Eritrea,ERI,,2.50220418783714,,,
1970.0,0,-0.0880410855462474,11.4079490662098,,7.17,,Ghana,GHA,,0.000101985139685,42579200.0,,
1970.0,0,,,,7.17,,United States,USA,7.91,1.0,15236515800.0,,0.244106277537657
1970.0,0,3.95550921099769,5.23102930423347,,7.17,,"Bahamas, The",BHS,,1.0,21680000.0,,
1970.0,1,16.3061449435998,2.33321338074524,7.5,7.17,,Samoa,WSM,,0.72106999972107,5220000.0,,
1970.0,0,2.8808864266098,4.94188689356858,,7.17,,Ethiopia,ETH,,2.5000000015,71745620.0,,
1970.0,0,3.81666666641709,18.2266828796502,,7.17,,Mexico,MEX,,0.0125000000125,756033730.0,,
1970.0,0,7.01635885100763,6.47367396370416,1.51,7.17,,Faroe Islands,FRO,,7.5000000065,,,
1970.0,0,-0.859556021006909,5.55342573311894,,7.17,,Equatorial Guinea,GNQ,,276.403137026845,,,
1970.0,0,6.5171810515548,-1.39760759972312,,7.17,,Panama,PAN,,1.0,15750000.0,,
1970.0,0,,4.6696317726705,,7.17,,Ethiopia,ETH,,2.5000000015,71745620.0,,
1970.0,0,3.45024936360895,5.1031445446857,,7.17,,Poland,POL,,0.0004,,,
1970.0,0,2.81785392208514,2.97729509281315,,7.17,,Brunei Darussalam,BRN,,3.06122000206122,,,
1970.0,0,2.84167067884117,8.93058020025967,,7.17,,Haiti,HTI,,5.000000004,4300000.0,,
1970.0,0,,,,7.17,,Tanzania,TZA,,7.14286000614286,64970000.0,,
1970.0,0,2.18852703907439,-4.65544691647621,,7.17,,Bolivia,BOL,,1.188e-05,46379966.09,,
1970.0,0,3.43915343915341,7.17469983682571,,7.17,,Peru,PER,,3.8699999999e-08,332057580.0,,
1970.0,0,4.96831987329335,5.31050242854884,5.44,7.17,,Kiribati,KIR,,0.892856999892857,,,
1970.0,0,3.76289859580536,5.59851503851672,2.4,7.17,,Gibraltar,GIB,,0.416666999416667,,,
1970.0,0,,19.2999999967022,,7.17,,Bahrain,BHR,,0.47618999947619,71656690.0,,
1970.0,0,8.20719016091027,2.6605292978217,,7.17,,Burundi,BDI,,87.5000000875,15395912.57,,
1970.0,0,10.6372065264183,1.94330050548342,,7.17,,St. Kitts and Nevis,KNA,,2.000000001,,,
1970.0,0,4.37282441582139,7.12287550213442,2.4,7.17,,Fiji,FJI,,0.870833999870834,27350000.0,,
1970.0,0,14.3814616757328,3.69248748654796,,7.17,,Pakistan,PAK,,4.7619000037619,194529622.0,,
1970.0,0,,4.70000000000033,,7.17,,Jamaica,JAM,,0.833332999833333,139190000.0,,
1970.0,0,5.73114484293532,4.24497076715365,1.1,7.17,,Kuwait,KWT,,0.357142999357143,209112310.0,,
1970.0,1,3.03030303053265,9.72347258708628,,7.17,,Malta,MLT,,0.416666999416667,158551490.0,,
1970.0,0,,7.71191438124387,,7.17,,"Venezuela, RB",VEN,,0.0044,1046548900.0,,-0.899567515617492
1970.0,0,5.17127612015708,6.87192932488124,,7.17,,Austria,AUT,,26.000000025,1805764300.0,,
1970.0,0,3.61598678629518,6.3774065194208,,7.17,,Samoa,WSM,,0.72106999972107,5220000.0,,
1970.0,0,5.00341205483431,6.50248403469675,,7.17,,Comoros,COM,,276.400794802734,,,
1970.0,0,,,,7.17,,Iceland,ISL,,0.879999999968158,53803730.0,,
1970.0,0,7.92395208301997,3.23350897293227,,7.17,,Tunisia,TUN,,0.524999999525,59897932.18,,
1970.0,0,3.34603981363832,2.91871307258708,5.9,7.17,,Spain,ESP,,70.00000007,1851302470.0,2003.94175624302,
1970.0,0,5.86695607765968,3.84662985663837,,7.17,,Morocco,MAR,,5.06049000406049,141722000.0,,
1970.0,0,6.92417383485781,0.399050644662367,1.1,7.17,,Peru,PER,,3.8699999999e-08,332057580.0,,
1970.0,0,3.9084723847191,6.35267211404256,,7.17,,Angola,AGO,,2.862511e-08,,,
1970.0,1,,,,7.17,,Papua New Guinea,PNG,,0.892856999892857,,,
1970.0,0,5.83825533848251,0.216606498194878,4.9,7.17,,France,FRA,,5.55419000455419,5199446700.0,,
1970.0,0,-4.00843881755277,4.97933059716335,,7.17,,Madagascar,MDG,,55.5419000555419,37122000.0,,
1970.0,1,,22.5651508392827,,7.17,,Argentina,ARG,,3.79166666566667e-11,681788410.0,,
1970.0,0,1.5418659432567,-0.402343022292044,,7.17,,France,FRA,,5.55419000455419,5199446700.0,,
1971.0,0,21.4033435366143,5.38900841621259,5.28,4.67,,"Macao SAR, China",MAC,,5.94736842066667,,,
1971.0,0,15.9991148482235,14.2375315562508,,4.67,,Kuwait,KWT,,0.356097713860093,301855035.603336,,
1971.0,0,4.79166438333786,1.81810794624113,5.44,4.67,,Bahrain,BHR,,0.474796287589076,96340310.0,,
1971.0,0,7.47767867671161,4.3169803653326,,4.67,,Madagascar,MDG,,55.4263250500801,46345062.7131481,,
1971.0,0,,,,4.67,,"Hong Kong SAR, China",HKG,,5.98041047018348,,,
1971.0,0,4.1553520683533,5.5968936595313,,4.67,,Barbados,BRB,,1.97487615196877,18860581.9485159,,-22.7300364442581
1971.0,0,11.9468983654056,6.63165162093394,,4.67,,"Macao SAR, China",MAC,,5.94736842066667,,,
1971.0,0,23.9530889061731,-0.251711531030196,7.6,4.67,,Niger,NER,,275.356456685332,,,
1971.0,0,1.76100628930819,12.4134371586342,4.8,4.67,,Hungary,HUN,,59.8216166656667,,,
1971.0,0,3.08304841408707,6.77850542642193,,4.67,,Kenya,KEN,9.0,7.1428599977626,170946360.160737,,
1971.0,1,3.07993868406537,1.64293037527582,,4.67,,Mauritius,MUS,,5.4857589225245,51697737.3737341,,
1971.0,0,,,,4.67,,Sri Lanka,LKA,,5.93494862096378,50332571.5216683,,
1971.0,0,1.91964285715142,9.61613757840476,7.6,4.67,,St. Martin (French part),MAF,,5.54060135472093,,,
1971.0,0,6.73187452980988,13.0608375831739,,4.67,,Sao Tome and Principe,STP,,0.0283601702878227,,,
1971.0,1,20.0522312040536,9.57107393842624,,4.67,,Pakistan,PAK,,4.76190000336508,198501968.272939,,
1971.0,1,,,,4.67,,El Salvador,SLV,,2.50000000129167,67645912.9078952,,
1971.0,0,,5.65813108184925,6.0,4.67,,Finland,FIN,,4.18441779068686,684060182.962208,,
1971.0,0,-0.453591880763805,5.58375454736793,,4.67,,Angola,AGO,,2.819112e-08,,,
1971.0,0,6.79063936495415,4.59053992759885,4.57,4.67,,Kenya,KEN,9.0,7.1428599977626,170946360.160737,,
1971.0,0,5.95742085213486,4.27893440296982,,4.67,,Turks and Caicos Islands,TCA,,1.0,,,
1971.0,0,5.39751865595105,5.29344622836985,2.67,4.67,,Costa Rica,CRI,,6.62583333840625,29789083.81613,,
1971.0,0,0.484652665370795,4.89537376024299,0.19,4.67,,Oman,OMN,,0.41544749932071,25048556.6706498,,
1971.0,0,3.67461430575032,5.06333643861974,9.0,4.67,,Barbados,BRB,,1.97487615196877,18860581.9485159,,-22.7300364442581
1971.0,0,,1.13020238405835,,4.67,,Thailand,THA,,20.8000000180667,890056634.2348,,
1971.0,0,1.09999999900012,,,4.67,,Gabon,GAB,,275.356456685332,25387173.8714496,,
1971.0,0,6.47576543061856,2.35692123166586,2.26,4.67,,Brunei Darussalam,BRN,,3.05226042980931,,,
1971.0,0,9.44483742337133,2.00453760135888,3.3,4.67,,Cambodia,KHM,,75.8216666659167,,,
1971.0,1,9.55882353746772,5.2161245570606,,4.67,,"Egypt, Arab Rep.",EGY,,0.434782641394297,163240183.243181,,
1971.0,0,6.57322111925795,4.07544263654522,,4.67,,United Kingdom,GBR,7.5,0.410920237429425,8956892354.16575,,1.83432771771503
1971.0,0,8.23688714893602,4.64947364578497,1.5,4.67,,Uruguay,URY,,0.000248,204611270.0,,
1971.0,0,,1.47929120998987,,4.67,,Bahrain,BHR,,0.474796287589076,96340310.0,,
1971.0,0,4.70425813828696,5.11496844003607,1.5,4.67,,Vanuatu,VUT,,100.689451223571,,,
1971.0,0,6.22386323501293,5.67361123845754,,4.67,,Spain,ESP,,69.4686667071667,3347891154.11526,1768.64893323575,
1971.0,0,,6.19999999999965,,4.67,,Maldives,MDV,,4.73441666566667,,,
1971.0,0,,-0.0860395508674401,,4.67,,France,FRA,,5.54060135472093,8819835375.32277,,
1971.0,0,1.61303596395808,10.0346605803438,,4.67,,Guinea-Bissau,GNB,,275.356456685332,,,
1971.0,0,2.66538020859991,1.30690539651886,,4.67,,Pakistan,PAK,,4.76190000336508,198501968.272939,,
1971.0,0,6.39534883720926,4.6989920420522,1.2,4.67,,Spain,ESP,,69.4686667071667,3347891154.11526,1768.64893323575,
1971.0,0,4.34362854612092,3.98582719666759,2.1,4.67,,Papua New Guinea,PNG,,0.882758271248973,,,
1971.0,0,5.46902899376838,3.76246768495716,,4.67,,Barbados,BRB,,1.97487615196877,18860581.9485159,,-22.7300364442581
1971.0,0,2.70491803278685,4.01884508716894,6.4,4.67,,Honduras,HND,,2.00000000091667,21909547.5584868,,
1971.0,0,19.0114086837676,5.56669450058796,,4.67,,Tuvalu,TUV,,0.882670259295548,,,
1971.0,0,,,,4.67,,Bermuda,BMU,,1.0,,,
1971.0,0,5.8698695907191,3.17782168196071,,4.67,,Panama,PAN,,1.0,21021736.0703781,,
1971.0,0,5.24097448273094,3.13269976979846,,4.67,,Cambodia,KHM,,75.8216666659167,,,
1971.0,0,0.445808667692475,3.85825751349313,,4.67,,Ghana,GHA,,0.00010342936280328,43092238.0362754,,
1971.0,0,4.95325693640987,5.538151942856,,4.67,,Bulgaria,BGR,,0.001169999999,,,
1971.0,0,10.3875683188138,3.78545794493455,,4.67,,Burundi,BDI,,87.5000000802083,17727076.9039864,,
1971.0,0,2.22324794223759,4.65493718159253,,4.67,,Kiribati,KIR,,0.882670259295548,,,
1971.0,0,3.58002889678131,10.8714660681825,,4.67,,Finland,FIN,,4.18441779068686,684060182.962208,,
1971.0,0,7.39554113837636,0.944646218021433,2.55,4.67,,Oman,OMN,,0.41544749932071,25048556.6706498,,
1971.0,0,3.14042171394198,4.05734632653112,1.82,4.67,,Italy,ITA,,620.359289297562,7283733924.50827,,1.29431173937062
1971.0,0,,7.05999999853672,,4.67,,"Korea, Rep.",KOR,,347.1475,437824675.474282,,
1971.0,0,,10.5601974806863,,4.67,,Mali,MLI,,275.356456685332,,,
1971.0,0,,3.30475650020483,,4.67,,St. Vincent and the Grenadines,VCT,,1.97487273321145,,,
1971.0,0,,11.3429219931908,,4.67,,Austria,AUT,,24.9855838961397,2455021251.70296,,
1971.0,0,4.23374587741607,7.02399719740848,,4.67,,Vanuatu,VUT,,100.689451223571,,,
1971.0,0,11.9402616979216,5.9607279462907,,4.67,,Colombia,COL,,19.9333333333333,205496025.849893,,-5.80516961648985
1971.0,0,2.62664165105635,-11.3317191682878,,4.67,,Iraq,IRQ,,935.617835005274,623398834.755072,,
1971.0,0,6.13810741687984,4.0009865700372,,4.67,,Trinidad and Tobago,TTO,,1.97487615196877,69382899.96741,,
1971.0,0,3.28947072230333,7.84117657760304,,4.67,,Eritrea,ERI,,2.49567343490688,,,
1971.0,0,3.78020612544907,22.1738919255764,,4.67,,St. Martin (French part),MAF,,5.54060135472093,,,
1971.0,0,,,,4.67,,Panama,PAN,,1.0,21021736.0703781,,
1971.0,0,8.96174863417669,3.46988866612384,,4.67,,Angola,AGO,,2.819112e-08,,,
1971.0,0,4.29276668813051,3.29272245005524,5.9,4.67,,Philippines,PHL,,6.43170833233333,392507820.0,,
1971.0,0,0.316344463692538,4.27356344804602,,4.67,,Fiji,FJI,,0.858823231057721,39617149.9945683,,
1971.0,0,9.52167078004847,6.29260619739669,,4.67,,Monaco,MCO,,5.54060135472093,,,
1971.0,0,2.08791208791186,4.12996244451452,,4.67,,Argentina,ARG,,4.52166666566667e-11,304314527.124963,,
1971.0,1,,8.91758664245974,,4.67,,Fiji,FJI,,0.858823231057721,39617149.9945683,,
1972.0,0,5.40954883948926,4.58281250525241,6.79,4.44,,"Macao SAR, China",MAC,,5.714561403,,,
1972.0,1,,8.32977472632579,,4.44,,Zimbabwe,ZWE,,0.000657831742046985,97094800.0,,
1972.0,0,,1.62841651825939,6.6,4.44,,Kuwait,KWT,,0.328948797864023,429915492.777225,,
1972.0,0,6.56236090256536,3.79759816845579,,4.44,,Bahrain,BHR,,0.438597783421538,98895593.4723569,,
1972.0,1,10.0671140939595,-2.48765540214929,,4.44,,Madagascar,MDG,,50.4053333316666,52241642.7066301,,
1972.0,0,6.35514612686787,6.20786057271572,1.3,4.44,,"Hong Kong SAR, China",HKG,,5.64141666658333,,,
1972.0,0,3.61228175799332,3.90537684149935,,4.44,,Barbados,BRB,,1.92128071035725,27988871.9452569,,-21.7473950633072
1972.0,0,6.00738969862495,2.28873878707626,2.7,4.44,,"Macao SAR, China",MAC,,5.714561403,,,
1972.0,0,4.84351713859905,8.41354725566508,1.4,4.44,,Niger,NER,,252.027627462649,,,
1972.0,0,7.80279219256605,3.53387455994611,,4.44,,Hungary,HUN,,55.259999999,,,
1972.0,0,6.5115440115437,7.967485209709,8.1,4.44,,Kenya,KEN,9.0,7.142859999,201994376.018234,,
1972.0,0,7.07109839479797,3.62637105743457,3.7,4.44,,Mauritius,MUS,,5.33852618760598,70118316.0638601,,
1972.0,0,,9.20886514231279,,4.44,,Sri Lanka,LKA,,5.97031718187335,59464611.0567989,,
1972.0,0,0.529703252323012,7.33305162061406,,4.44,,St. Martin (French part),MAF,,5.04454451564062,,,
1972.0,0,5.44843128438085,5.29560467072521,2.7,4.44,,"Somalia, Fed. Rep.",SOM,,6.980124999,31525583.2410085,,
1972.0,0,8.20403413498834,5.43038749392343,5.36,4.44,,Pakistan,PAK,,8.68138258259937,323798402.128806,,
1972.0,0,1.53521536678872,6.11753368716674,,4.44,,El Salvador,SLV,,2.50001381722561,95389003.0346459,,
1972.0,0,6.42567638879175,1.65482970884699,,4.44,,Finland,FIN,,4.14633333257077,758280979.242718,,
1972.0,0,6.34948605013613,-0.410479911058076,,4.44,,Angola,AGO,,2.7052815e-08,,,
1972.0,0,6.06300309718187,4.51410759995832,2.77,4.44,,Kenya,KEN,9.0,7.142859999,201994376.018234,,
1972.0,0,-0.0989119673600758,,,4.44,,Syrian Arab Republic,SYR,,3.819999999,157219440.860213,,
1972.0,0,,-0.0008671748311144,,4.44,,Costa Rica,CRI,,6.634999999,44482171.1507855,,
1972.0,0,6.52174091852604,7.03764320785962,,4.44,,Oman,OMN,,0.383772999,37308466.7984674,,
1972.0,0,,11.9403481162508,3.06,4.44,,Barbados,BRB,,1.92128071035725,27988871.9452569,,-21.7473950633072
1972.0,0,5.4849331221432,4.30034129247663,,4.44,,Togo,TGO,,252.027627462649,,,
1972.0,0,9.18037497303685,6.63129747573396,,4.44,,Gabon,GAB,,252.027627462649,23227404.6659069,,
1972.0,0,7.25843582961521,5.33060484229561,1.67,4.44,,Brunei Darussalam,BRN,,2.81955586834381,,,
1972.0,0,8.64073155607574,10.3941640767605,,4.44,,Cambodia,KHM,,162.25,,,
1972.0,0,,2.22072289181064,,4.44,,"Egypt, Arab Rep.",EGY,,0.434782608884688,209341387.16194,,
1972.0,0,4.83776673497427,4.27850803861051,0.51,4.44,,United Kingdom,GBR,7.5,0.400390461530008,6214060489.48363,,0.313802108167172
1972.0,0,2.08075813761874,13.3155626083739,4.7,4.44,,Uganda,UGA,,0.07142999999,35952613.8807368,,
1972.0,0,,6.09999999999948,,4.44,,Bahrain,BHR,,0.438597783421538,98895593.4723569,,
1972.0,0,8.60581745301066,6.48980775082018,,4.44,,Virgin Islands (U.S.),VIR,,1.0,,,
1972.0,0,2.10236334610113,3.05568062514286,1.53,4.44,,Spain,ESP,,64.2714166659167,5397172464.23363,,
1972.0,0,3.65630712983236,27.423969480425,,4.44,,Maldives,MDV,,4.374999999,,,
1972.0,1,,,,4.44,,France,FRA,,5.04454451564062,12723426514.4994,,
1972.0,0,7.64262648008593,2.43584137286746,,4.44,,Guinea-Bissau,GNB,,252.027627462649,,,
1972.0,0,5.39593552933404,8.346362138584,,4.44,,Pakistan,PAK,,8.68138258259937,323798402.128806,,
1972.0,1,77.7957404755204,-0.712365918422577,,4.44,,Spain,ESP,,64.2714166659167,5397172464.23363,,
1972.0,0,12.4444589907729,7.66914754440097,,4.44,,Papua New Guinea,PNG,,0.835038973751367,,,
1972.0,0,,3.81000000021984,,4.44,,Barbados,BRB,,1.92128071035725,27988871.9452569,,-21.7473950633072
1972.0,0,7.52511790034726,5.01764070581541,,4.44,,Honduras,HND,,2.00000921148374,35288349.769738,,
1972.0,0,4.94369236377875,8.22880731245257,,4.44,,Turkiye,TUR,,1.415e-05,1493838677.45191,,
1972.0,0,7.21972216770545,3.47753512310473,4.4,4.44,,Bermuda,BMU,,1.0,,,
1972.0,0,5.74950393730007,3.69048578366487,6.39,4.44,,Panama,PAN,,1.0,43128033.2355769,,
1972.0,0,10.6633559759477,8.01569616394021,,4.44,,Cambodia,KHM,,162.25,,,
1972.0,0,9.81132391279972,6.17733454676718,,4.44,,Ghana,GHA,,0.000133267478842706,104041173.889427,,
1972.0,0,3.27227824655283,5.25550195781351,5.6,4.44,,Bulgaria,BGR,,0.00108,,,
1972.0,0,8.27228754941943,8.14974586367205,1.5,4.44,,Burundi,BDI,,87.5,18549238.238545,,
1972.0,0,,,,4.44,,Kiribati,KIR,,0.838697807262207,,,
1972.0,0,76.4849237828812,-1.31956986163931,7.7,4.44,,Finland,FIN,,4.14633333257077,758280979.242718,,
1972.0,0,3.75917055722263,2.43723734665467,,4.44,,Oman,OMN,,0.383772999,37308466.7984674,,
1972.0,0,6.66000704160239,3.20050876339681,,4.44,,Italy,ITA,,583.217499999417,8300403742.10896,,1.36152665828258
1972.0,0,,1.28280503619366,,4.44,,"Korea, Rep.",KOR,,392.894166666666,529914853.024302,,
1972.0,0,,17.7427182610332,,4.44,,Mali,MLI,,252.027627462649,,,
1972.0,0,6.02409638554213,3.90697856876663,,4.44,,United States,USA,5.24833333333333,1.0,20573775352.1224,,-0.411223428790331
1972.0,0,,,,4.44,,Austria,AUT,,23.1153333323333,3280220048.61509,,
1972.0,0,4.60112569280858,8.17804513351518,,4.44,,Virgin Islands (U.S.),VIR,,1.0,,,
1972.0,0,6.93280459206854,5.11910876628924,,4.44,,Colombia,COL,,21.8666666666667,336885583.002056,,-2.20528657497706
1972.0,0,4.98802873104551,5.51967005803644,6.3,4.44,,Iraq,IRQ,,2144.56721419924,891753225.556624,,
1972.0,0,3.457649752015,3.3642620350363,,4.44,,Tonga,TON,,0.819200569046247,,,
1972.0,1,6.44209746158243,-0.553301305344547,,4.44,,Eritrea,ERI,,2.30202785281017,,,
1972.0,0,3.23155422354874,9.38844499098961,,4.44,,St. Martin (French part),MAF,,5.04454451564062,,,
1972.0,0,6.66249783515328,7.7354848193458,2.42,4.44,,Panama,PAN,,1.0,43128033.2355769,,
1972.0,0,,,,4.44,,Angola,AGO,,2.7052815e-08,,,
1972.0,0,5.83164474311005,17.082429349983,,4.44,,Philippines,PHL,,6.67484166575,600318225.165625,,
1972.0,0,4.33120123203348,10.1601515908652,,4.44,,Fiji,FJI,,0.825183711570471,69415439.9913093,,
1972.0,0,,,,4.44,,Monaco,MCO,,5.04454451564062,,,
1972.0,0,15.4164557223962,7.42578832564243,,4.44,,Argentina,ARG,,4.999999999e-11,572449755.175402,,
1973.0,0,10.7544718831368,6.98382835563822,2.45,8.74,,"Macao SAR, China",MAC,,4.92875475283333,,,
1973.0,0,31.0418824339182,8.1039755351653,,8.74,,Zimbabwe,ZWE,,0.00058571488122452,208907500.0,,
1973.0,0,,1.888939956294,,8.74,,Kuwait,KWT,,0.296572315572002,700276757.764417,,
1973.0,0,7.03202399303898,4.77748690945469,,8.74,,Bahrain,BHR,,0.399630307154623,90619113.4453415,,
1973.0,0,15.5095497002706,10.2364330148798,0.43,8.74,,Madagascar,MDG,,44.5776666666667,67901725.093916,,
1973.0,0,8.16666927326658,7.80027772802192,,8.74,,"Hong Kong SAR, China",HKG,,5.1465,,,
1973.0,0,2.47524752475231,,,8.74,,Barbados,BRB,,1.95922053743668,32374267.4537116,,-19.3581646856221
1973.0,0,7.38060106398912,6.19458406640176,2.69,8.74,,"Macao SAR, China",MAC,,4.92875475283333,,,
1973.0,0,9.43398376978394,4.57194474637271,,8.74,,Niger,NER,,222.889183053227,,,
1973.0,0,9.62664310171122,7.05739893467769,,8.74,,Hungary,HUN,,48.966224999,,,
1973.0,0,,13.9687217796782,2.78,8.74,,Kenya,KEN,9.0,7.00119166566667,233045794.709654,,
1973.0,0,16.5800322638464,8.78200912237088,4.77,8.74,,Mauritius,MUS,,5.44226571275832,66825994.3443947,,
1973.0,0,7.53107803827116,4.89043598428583,1.2,8.74,,Sri Lanka,LKA,,6.402499999,86601218.4283747,,
1973.0,0,5.19320162691133,4.44128830650889,,8.74,,St. Martin (French part),MAF,,4.45277967399083,,,
1973.0,1,17.6829268231711,2.8845841948016,,8.74,,"Somalia, Fed. Rep.",SOM,,6.281499999,35333860.8150034,,
1973.0,0,9.30338297973673,4.71949291132046,0.9,8.74,,Pakistan,PAK,,9.99424999991667,590281469.789527,,
1973.0,1,,2.60471469721666,,8.74,,El Salvador,SLV,,2.49999769844322,95802260.5293564,,
1973.0,0,,2.81175403849035,5.6,8.74,,Finland,FIN,,3.82116666588548,666703467.734995,,
1973.0,0,6.71799739819354,3.96798115589563,2.46,8.74,,Angola,AGO,,2.451462e-08,,,
1973.0,0,11.6086235489221,8.03259997458163,1.3,8.74,,Kenya,KEN,9.0,7.00119166566667,233045794.709654,,
1973.0,0,13.7960339945019,6.78283433749129,,8.74,,Syrian Arab Republic,SYR,,3.823249999,468474889.932656,,
1973.0,0,6.95528008719914,6.38170179993882,2.8,8.74,,Costa Rica,CRI,,6.64675833233333,55175241.5230483,,
1973.0,0,,6.41701397366108,,8.74,,Oman,OMN,,0.350676165666667,48619126.2415602,,
1973.0,0,15.0795349169139,12.8957637251018,,8.74,,Barbados,BRB,,1.95922053743668,32374267.4537116,,-19.3581646856221
1973.0,0,12.796894532602,7.30281290740682,,8.74,,Togo,TGO,,222.889183053227,,,
1973.0,0,19.6367305751764,10.6030030171787,4.51,8.74,,Gabon,GAB,,222.889183053227,47857419.6080694,,
1973.0,0,7.41947283637503,4.53293389868854,1.55,8.74,,Brunei Darussalam,BRN,,2.45857965494532,,,
1973.0,0,11.4148503873296,4.72142803863792,,8.74,,Cambodia,KHM,,244.916666666667,,,
1973.0,0,,7.10995789495608,,8.74,,"Egypt, Arab Rep.",EGY,,0.397956243179606,532593785.436518,,
1973.0,0,,-0.65464350226631,,8.74,,United Kingdom,GBR,8.0,0.408170945299307,7946929575.59681,,-1.25254746763939
1973.0,0,8.75467033024639,3.04990737667008,,8.74,,Uganda,UGA,,0.07021449999,29113281.882156,,
1973.0,0,,,,8.74,,Bahrain,BHR,,0.399630307154623,90619113.4453415,,
1973.0,0,7.48764728240211,6.72864134770903,5.6,8.74,,Virgin Islands (U.S.),VIR,,1.0,,,
1973.0,0,96.9972653187058,0.275199617416817,8.9,8.74,,Spain,ESP,,58.2600833323333,7771042558.04701,,
1973.0,0,4.08461403612973,3.55931083241548,,8.74,,Maldives,MDV,,3.98566666566667,,,
1973.0,0,11.4167076137084,7.7884653422601,2.49,8.74,,France,FRA,,4.45277967399083,15594821968.3547,,
1973.0,1,16.9408159791736,3.29552113471652,,8.74,,Guinea-Bissau,GNB,,222.889183053227,,,
1973.0,0,10.5601757413101,11.7010816119945,,8.74,,Pakistan,PAK,,9.99424999991667,590281469.789527,,
1973.0,0,5.4026644539422,5.39276048395909,,8.74,,Spain,ESP,,58.2600833323333,7771042558.04701,,
1973.0,0,15.2140342204182,7.70891581191246,,8.74,,Papua New Guinea,PNG,,0.704113907966658,31260000.0,,
1973.0,0,,,,8.74,,Barbados,BRB,,1.95922053743668,32374267.4537116,,-19.3581646856221
1973.0,0,6.39197420311837,4.86167350408661,,8.74,,Honduras,HND,,2.00000076831444,42003962.1090729,,
1973.0,0,9.09090909090915,2.6185458738897,,8.74,,Turkiye,TUR,,1.415e-05,2386716877.48642,,
1973.0,0,6.17776006377038,5.64567976314829,4.9,8.74,,Bermuda,BMU,,1.0,,,
1973.0,0,25.1999999992502,-0.968124718340604,,8.74,,Panama,PAN,,1.0,41714880.2855599,,
1973.0,0,22.5296486781843,6.72295496919133,,8.74,,Cambodia,KHM,,244.916666666667,,,
1973.0,1,352.810986573029,-5.03775611682208,,8.74,,Ghana,GHA,,0.000116437365491452,194039305.167838,,
1973.0,0,5.11218403908757,3.50683016247268,1.71,8.74,,Bulgaria,BGR,,0.00097916666575,,,
1973.0,0,13.4507978726776,11.9816863254232,,8.74,,Burundi,BDI,,80.0260833333333,21591190.3087651,,
1973.0,1,,,,8.74,,Kiribati,KIR,,0.704113907966658,,,
1973.0,0,6.17283950622715,3.81317629611722,,8.74,,Finland,FIN,,3.82116666588548,666703467.734995,,
1973.0,0,13.9381652448957,3.26233451840494,,8.74,,Oman,OMN,,0.350676165666667,48619126.2415602,,
1973.0,0,12.9746085239333,11.2006718999033,,8.74,,Italy,ITA,,582.995833331917,12211762049.6377,,-1.61514463554283
1973.0,0,21.3549309168298,6.80600969930141,,8.74,,"Korea, Rep.",KOR,,398.321666666666,897136978.98677,,
1973.0,0,,-0.962048756426327,,8.74,,Mali,MLI,,222.889183053227,,,
1973.0,1,9.19603316657812,7.31352424220155,2.6,8.74,,United States,USA,8.02166666666666,1.0,33703588954.2107,,0.53178950676874
1973.0,0,8.02220995878936,5.44422309613472,,8.74,,Austria,AUT,,19.5799999990833,4335902626.19018,,
1973.0,0,31.4860287891618,5.73916152572539,7.1,8.74,,Virgin Islands (U.S.),VIR,,1.0,,,
1973.0,0,3.38797814176702,6.90000000000038,,8.74,,Colombia,COL,,23.5716666666667,564310567.057911,,-0.530673745745332
1973.0,0,,7.76000000084325,,8.74,,Iraq,IRQ,,1950.84444829616,1840097013.29342,,
1973.0,0,12.0819394612938,7.86111986063614,,8.74,,Tonga,TON,,0.704113907966658,,,
1973.0,0,12.1281464590342,13.9506821300277,,8.74,,Eritrea,ERI,,2.10060041568928,,,
1973.0,0,9.48905109503398,6.27693475562022,4.23,8.74,,St. Martin (French part),MAF,,4.45277967399083,,,
1973.0,0,10.7986174547602,7.12586233109471,6.37,8.74,,Panama,PAN,,1.0,41714880.2855599,,
1973.0,0,,,,8.74,,Angola,AGO,,2.451462e-08,,,
1973.0,0,6.85643050053377,5.36431021720534,6.99,8.74,,Philippines,PHL,,6.75628333233333,1111431650.72234,,
1973.0,0,15.3846240702128,8.09237907118801,,8.74,,Fiji,FJI,,0.79422382521397,73949350.9915427,,
1973.0,0,9.28119422332106,5.89658021016672,,8.74,,Monaco,MCO,,4.45277967399083,,,
1973.0,0,,,,8.74,,Argentina,ARG,,4.999999999e-11,1597255505.79734,,
1974.0,1,,6.62515361824849,,10.51,,St. Martin (French part),MAF,,4.80961847285583,,,
1974.0,0,16.2680666277125,2.44831956246551,5.8,10.51,,Lao PDR,LAO,,600.00116044331,,,
1974.0,0,26.5608465867349,-6.43824057014004,,10.51,,Bahrain,BHR,,0.394739999,175720924.294449,,
1974.0,0,23.7840154425787,5.77682723020618,,10.51,,Maldives,MDV,,3.929999999,,,
1974.0,0,22.7040816226158,11.208509630308,4.4,10.51,,"Hong Kong SAR, China",HKG,,5.03158333333333,,,
1974.0,0,,2.31000000294736,,10.51,,Barbados,BRB,,2.05323091078878,39152392.3868118,,-18.4939178922161
1974.0,0,12.8495477454187,9.41117622705514,8.1,10.51,,St. Martin (French part),MAF,,4.80961847285583,,,
1974.0,0,18.1347150268463,6.85251683220585,,10.51,,Nigeria,NGA,7.0,0.630282046248239,5708969927.07708,,
1974.0,0,16.8916666665703,9.38683491938303,4.0,10.51,,Hungary,HUN,,46.752399999,,,
1974.0,0,9.4117681321189,3.92218177458818,1.48,10.51,,Kenya,KEN,9.5,7.142859999,193282885.761395,,
1974.0,0,12.6778877513452,4.56525850850306,3.0,10.51,,Malawi,MWI,,0.841203415666667,81791077.9301277,,
1974.0,0,19.1597695854699,5.50014109691006,5.38,10.51,,Lesotho,LSO,,0.679477003570251,,,
1974.0,0,23.8981615766704,5.59447440269354,,10.51,,Morocco,MAR,,4.36976666566667,504349098.84661,,
1974.0,0,25.0827778589527,1.14285965477239,1.77,10.51,,Sao Tome and Principe,STP,,0.0254081666665833,,,9.95465436928514
1974.0,0,9.52178819742238,3.94213819626765,1.3,10.51,,Panama,PAN,,1.0,39316004.7049513,,
1974.0,0,34.1635916359165,3.39460637850206,3.21,10.51,,San Marino,SMR,,650.343333331833,,,
1974.0,0,16.4948966890134,6.37502990286956,,10.51,,Finland,FIN,,3.7737499992161,749415388.602785,,
1974.0,0,,6.42815854892096,,10.51,,Angola,AGO,,2.54076008333333e-08,,,
1974.0,0,11.0548048048048,-0.540550192633191,5.6,10.51,,Kenya,KEN,9.5,7.142859999,193282885.761395,,
1974.0,0,42.5161819585292,5.70629209965455,,10.51,,Turks and Caicos Islands,TCA,,1.0,,,
1974.0,0,11.1094020122224,5.99344084900848,,10.51,,Costa Rica,CRI,,7.929999999,53239717.2485672,,
1974.0,0,4.69961240341694,7.4949177045299,,10.51,,Pakistan,PAK,,9.9,688502075.449753,,
1974.0,0,10.0243177516484,1.55893857170508,2.3,10.51,,Barbados,BRB,,2.05323091078878,39152392.3868118,,-18.4939178922161
1974.0,1,,,,10.51,,Thailand,THA,,20.3751027981272,2194580772.41438,,
1974.0,0,62.8360756029239,2.93956780827851,6.1,10.51,,Gabon,GAB,,240.704667637823,103292592.947595,,
1974.0,0,1.79704016823474,5.89999999999975,,10.51,,Brunei Darussalam,BRN,,2.43686666583333,,,
1974.0,0,23.8709573656697,5.74575718912141,,10.51,,Kiribati,KIR,,0.696665868638096,,,
1974.0,1,504.738541215978,1.2495800122858,,10.51,,"Egypt, Arab Rep.",EGY,,0.391303667451088,705412654.534802,,
1974.0,0,23.2222458076842,-1.22523982783679,1.4,10.51,,United Kingdom,GBR,9.0,0.427756439747663,9959015733.30559,,-3.61344972437301
1974.0,0,25.2116613422039,5.34237568950537,,10.51,,Uruguay,URY,,0.0011821325,740015363.943939,,
1974.0,0,9.59142267268508,3.43871774687629,,10.51,,Bahrain,BHR,,0.394739999,175720924.294449,,
1974.0,1,16.0440111889861,-1.67969792645223,2.6,10.51,,Vanuatu,VUT,,77.8032323233333,,,
1974.0,0,6.98643109327497,0.890068699312494,,10.51,,Spain,ESP,,57.686499999,8535016960.78679,,
1974.0,0,25.2333177791075,8.38152543650033,,10.51,,Mexico,MEX,,0.0124999689192605,1920866299.91621,,
1974.0,0,,14.1924250953043,,10.51,,France,FRA,,4.80961847285583,23350057845.1246,,
1974.0,0,24.3135598335014,4.46625338575453,0.47,10.51,,Guinea-Bissau,GNB,,240.704667637823,,,
1974.0,0,,8.0747823343126,,10.51,,Panama,PAN,,1.0,39316004.7049513,,
1974.0,0,29.115630311092,8.81182619793313,,10.51,,Spain,ESP,,57.686499999,8535016960.78679,,
1974.0,0,,2.06933320169247,,10.51,,Poland,POL,,0.0003319999999,,,
1974.0,0,16.9761273212048,4.26023030161873,,10.51,,Barbados,BRB,,2.05323091078878,39152392.3868118,,-18.4939178922161
1974.0,0,12.3028867952472,3.84583083633434,,10.51,,Honduras,HND,,2.00000000041448,44880473.8239536,,-8.36283185667402
1974.0,0,13.1407673714854,6.00190290333001,,10.51,,Tuvalu,TUV,,0.696665868638096,,,
1974.0,0,9.76741431913024,1.45490788032913,,10.51,,Bermuda,BMU,,1.0,,,
1974.0,0,9.91172530113238,3.19819561873223,1.98,10.51,,Peru,PER,,3.8699999999e-08,1112278560.78067,,
1974.0,0,30.0736292803636,5.54489999097112,,10.51,,Kiribati,KIR,,0.696665868638096,,,
1974.0,0,17.3289809824411,8.31866197361978,,10.51,,Ghana,GHA,,0.000114938171943065,101333084.902288,,
1974.0,0,,,,10.51,,Bulgaria,BGR,,0.000969999999,,,
1974.0,0,16.8990368422354,5.33600110676542,,10.51,,Burundi,BDI,,78.75,14367912.0433159,,
1974.0,1,28.598734077509,1.18533625466961,,10.51,,St. Kitts and Nevis,KNA,,2.05323240851763,,,
1974.0,0,16.9363999989274,3.23653343563224,1.61,10.51,,Finland,FIN,,3.7737499992161,749415388.602785,,
1974.0,0,40.491811600695,7.6346729055067,,10.51,,Pakistan,PAK,,9.9,688502075.449753,,
1974.0,0,,6.33903361228316,,10.51,,Italy,ITA,,650.343333331833,18789255456.8066,,-4.13523828552244
1974.0,0,,8.15393868457201,,10.51,,Kuwait,KWT,,0.293151415666667,1902721427.6816,,
1974.0,0,12.674393177433,11.1606745454862,,10.51,,Malta,MLT,,0.385481665666667,452512814.328785,,1.37957314674995
1974.0,0,7.05314009565229,,,10.51,,St. Vincent and the Grenadines,VCT,,2.05323240851763,,,
1974.0,0,15.4166666666666,4.10661101328289,,10.51,,Austria,AUT,,18.692499999,6428287967.073,,
1974.0,0,,,,10.51,,Vanuatu,VUT,,77.8032323233333,,,
1974.0,0,15.680373398539,5.61878564719633,3.04,10.51,,Colombia,COL,,26.0616666666667,511097534.818171,,-2.84487209687521
1974.0,0,10.997171145686,3.35777600467976,5.4,10.51,,Iraq,IRQ,,1902.26533390822,3861960542.04613,,
1974.0,0,77.213413779201,2.89534459834873,8.1,10.51,,Trinidad and Tobago,TTO,,2.05323091078878,390326808.383646,,
1974.0,0,11.7241315190611,6.11112210372188,,10.51,,Eritrea,ERI,,2.07182506752915,,,
1974.0,0,17.5568227452454,5.59604994440339,,10.51,,Morocco,MAR,,4.36976666566667,504349098.84661,,
1974.0,0,13.6493174728139,4.41471376407343,2.86,10.51,,Peru,PER,,3.8699999999e-08,1112278560.78067,,
1974.0,0,22.3684210526316,6.11740437109883,3.97,10.51,,Angola,AGO,,2.54076008333333e-08,,,
1974.0,0,,,,10.51,,Papua New Guinea,PNG,,0.696665868638096,32450000.0,,
1974.0,0,17.8099480331818,4.06561734893735,,10.51,,Fiji,FJI,,0.805603828108739,109147359.324254,,
1974.0,0,,,,10.51,,Madagascar,MDG,,48.14075,49408139.478192,,-2.06694200298536
1974.0,0,15.2752062218395,-0.964267384329801,2.1,10.51,,Argentina,ARG,,4.999999999e-11,1889579481.31192,,
1974.0,0,,5.5338043957736,3.4,10.51,,Fiji,FJI,,0.805603828108739,109147359.324254,,
1975.0,0,5.91033626324104,-0.866738936529003,,5.82,,Monaco,MCO,,4.28779951537657,,,
1975.0,0,13.4259248530376,1.69543377931099,,5.82,,Liberia,LBR,,46.4387280455991,19188682.3130794,,
1975.0,0,,2.89625778007183,7.01,5.82,,"Bahamas, The",BHS,,1.0,53283293.0695293,,
1975.0,0,8.23031665265143,5.04534161267209,,5.82,,Marshall Islands,MHL,,1.0,,,
1975.0,0,,7.15609990912363,,5.82,,Haiti,HTI,,4.999999999,12646577.3916726,,-3.6014088648236
1975.0,0,20.8758503401952,5.65664652614466,,5.82,,Brunei Darussalam,BRN,,2.37129999908333,,,
1975.0,0,23.4375025650554,2.32325528115796,10.55,5.82,,Monaco,MCO,,4.28779951537657,,,
1975.0,0,31.6556629348014,4.15270918852109,,5.82,,Netherlands,NLD,,2.52899166575,12503850961.6026,,2.38437757754443
1975.0,0,11.7312661498708,3.09157591647113,1.9,5.82,,Isle of Man,IMN,,0.452041165666667,,,
1975.0,0,10.2174757948241,0.0020287557873643,6.0,5.82,,St. Kitts and Nevis,KNA,,2.16979583233333,,,
1975.0,1,24.2072876743291,-0.676870194049812,4.0,5.82,,Namibia,NAM,,0.739507755296336,,,
1975.0,1,,,,5.82,,"Macao SAR, China",MAC,,5.12643735416667,,,
1975.0,0,7.97674602546866,7.31101773140004,5.2,5.82,,Madagascar,MDG,,42.8624166633333,35577005.9247934,,-2.43620776848846
1975.0,0,5.33009708749865,4.97040522766497,0.45,5.82,,Sweden,SWE,,4.15219166566667,3650634590.11819,,-0.372216303068345
1975.0,0,3.84215991793819,6.20000000000007,,5.82,,Philippines,PHL,,7.247899999,1462602770.84065,,
1975.0,0,15.2716857518483,-4.34763043220784,4.5,5.82,,Sao Tome and Principe,STP,,0.0255432499999167,,,-0.239380162623182
1975.0,0,14.6849834723994,-1.73168330378346,,5.82,,France,FRA,,4.28779951537657,22613021741.1594,,0.766910932919374
1975.0,0,11.6892234816854,4.95210299779964,2.29,5.82,,Angola,AGO,,2.55521808333333e-08,,,
1975.0,0,81.4053840067419,6.09691431298931,,5.82,,St. Kitts and Nevis,KNA,,2.16979583233333,,,
1975.0,0,2.2563176895509,,,5.82,,Togo,TGO,,214.312900341219,,,-8.65955588899924
1975.0,0,17.8113972340213,1.80489795187316,2.08,5.82,,Cayman Islands,CYM,,0.83333,,,
1975.0,0,,5.16664908406321,,5.82,,Peru,PER,,4.03708333325833e-08,566164817.195095,,
1975.0,1,,0.404987104042064,,5.82,,Brunei Darussalam,BRN,,2.37129999908333,,,
1975.0,1,5.74843029767437,9.14991201570659,,5.82,,Tonga,TON,,0.763901879621256,,,0.752711312250313
1975.0,0,17.3692020226552,2.10007104948492,,5.82,,Ghana,GHA,,0.000114938171943065,147155059.362711,,0.625389561981361
1975.0,0,33.9641883221776,-5.22774755532079,,5.82,,Bhutan,BTN,,8.37589194565386,,,
1975.0,0,4.48772226915906,0.801068092192338,,5.82,,"Korea, Rep.",KOR,,484.0,796941363.308375,,
1975.0,0,16.9532859334982,0.542203343297047,4.8,5.82,,Spain,ESP,,57.4069166656667,7507064705.72817,,-3.39422081591837
1975.0,0,,,,5.82,,Gibraltar,GIB,,0.452041165666667,,,
1975.0,0,,,,5.82,,St. Vincent and the Grenadines,VCT,,2.16979583233333,,,
1975.0,0,19.0884996543863,2.92353188852029,,5.82,,"Bahamas, The",BHS,,1.0,53283293.0695293,,
1975.0,0,6.69306008366748,6.85244471412953,,5.82,,South Africa,ZAF,11.7916666666667,0.739507755296336,2978267497.01579,,-5.58681904036424
1975.0,0,15.1624548736462,1.33870055771159,,5.82,,Finland,FIN,,3.67866666587732,548653232.834843,,-7.26075539532321
1975.0,0,14.738323271755,0.906090279353336,,5.82,,Mali,MLI,,214.312900341219,,,-7.36103616514136
1975.0,0,14.5017257437616,5.19325335716054,,5.82,,"Micronesia, Fed. Sts.",FSM,,1.0,,,
1975.0,0,6.6965952250783,-7.2831743804977,0.3,5.82,,Greece,GRC,,32.051325,1291435721.84633,,
1975.0,0,,-0.153246894342743,,5.82,,Philippines,PHL,,7.247899999,1462602770.84065,,
1975.0,0,9.66969548151245,8.93914715890884,2.57,5.82,,Finland,FIN,,3.67866666587732,548653232.834843,,-7.26075539532321
1975.0,0,16.9505025668306,-2.09016289171086,5.82,5.82,,Portugal,PRT,,25.552749999,4285387932.59225,,-3.9007505530448
1975.0,0,12.7681985920515,-1.96594188277651,5.1,5.82,,Brunei Darussalam,BRN,,2.37129999908333,,,
1975.0,0,8.44525863917974,-0.363735781670002,2.0,5.82,,Hungary,HUN,,43.9713833323333,,,
1975.0,0,6.76140270456077,5.45110286965478,3.83,5.82,,Uganda,UGA,,0.07421924999,31022694.3922206,,
1975.0,0,14.2896742946894,10.9721540022298,5.3,5.82,,Bolivia,BOL,,2.001e-05,196963507.555758,,
1975.0,0,9.14314686496535,-0.205619191121627,8.5,5.82,,Papua New Guinea,PNG,,0.763893332333333,179670000.0,,
1975.0,0,49.3613382334053,0.64615505171875,,5.82,,"Korea, Rep.",KOR,,484.0,796941363.308375,,
1975.0,1,374.735274232635,-12.2737621533613,14.69,5.82,,Guinea,GIN,,20.6732649333333,,,
1975.0,0,13.1592443798582,1.94999082158344,,5.82,,Bahrain,BHR,,0.395499999,310517289.762801,,-18.47263492924
1975.0,0,29.8245614048168,-12.4316290214597,,5.82,,Burundi,BDI,,78.75,30847714.1590549,,
1975.0,0,,-2.26932892418952,,5.82,,Kuwait,KWT,,0.290032332333333,2050783367.76412,,49.3260103187056
1975.0,0,,8.71999999747992,,5.82,,France,FRA,,4.28779951537657,22613021741.1594,,0.766910932919374
1975.0,0,5.88104130650944,1.74091944012658,6.41,5.82,,Peru,PER,,4.03708333325833e-08,566164817.195095,,
1975.0,0,8.3761625062971,5.3200213329476,,5.82,,Jordan,JOR,,0.319791665666667,570673410.772862,,3.28057236757378
1975.0,0,21.2273552385836,7.17411268977115,,5.82,,Lebanon,LBN,,2.30198333241667,2494061145.05357,,
1975.0,0,14.9445346409267,5.74448504862428,,5.82,,Northern Mariana Islands,MNP,,1.0,,,
1975.0,1,,,,5.82,,Virgin Islands (U.S.),VIR,,1.0,,,
1975.0,1,23.6187352963326,4.30086316548426,4.92,5.82,,Austria,AUT,,17.4167499991667,6510895769.23949,,
1975.0,0,13.6287617821755,6.36680794602181,,5.82,,South Africa,ZAF,11.7916666666667,0.739507755296336,2978267497.01579,,-5.58681904036424
1975.0,1,,-1.93122323911253,,5.82,,Comoros,COM,,214.311084266163,,,
1975.0,0,9.60561207538676,-1.40989953291778,5.1,5.82,,Israel,ISR,,0.000633614931146527,1291503393.57237,,-11.2944574663092
1975.0,0,,,,5.82,,Turkiye,TUR,,1.44420833326667e-05,1444445641.15843,,-3.57927396835247
1975.0,0,19.1201840136051,0.882203175319148,,5.82,,Ethiopia,ETH,,2.069999999,315252641.746838,,
1975.0,0,9.77987398822576,2.55286265850103,1.62,5.82,,Madagascar,MDG,,42.8624166633333,35577005.9247934,,-2.43620776848846
1975.0,0,,-0.0284121037110907,2.3,5.82,,Papua New Guinea,PNG,,0.763893332333333,179670000.0,,
1975.0,0,10.672188595094,1.5454033263216,,5.82,,Angola,AGO,,2.55521808333333e-08,,,
1975.0,0,7.91828926702741,7.55822156113805,,5.82,,Puerto Rico (US),PRI,,1.0,,,
1975.0,0,2.53653156878947,3.98873862550901,4.55,5.82,,Faroe Islands,FRO,,5.746149999,,,
1975.0,0,6.62599255320979,6.12623316072201,,5.82,,Mexico,MEX,,0.0125,1896784592.90344,,
1975.0,0,11.6859272493228,-0.945609616912307,4.08,5.82,,Argentina,ARG,,3.65749999995e-10,848224746.10848,,
1975.0,0,19.1656916610533,4.97730086669512,,5.82,,Faroe Islands,FRO,,5.746149999,,,
1976.0,0,10.3174158877413,13.2796894430741,,5.05,,Monaco,MCO,,4.8028783632131,,,
1976.0,0,22.3844016992292,6.08039622930205,,5.05,,Liberia,LBR,,46.4387280455991,17169646.9241552,,
1976.0,1,4.24663102299209,4.94925843456397,,5.05,,"Bahamas, The",BHS,9.5,1.0,47419157.5627205,,10.6058246379069
1976.0,0,12.9557291671836,23.7524440170883,,5.05,,Marshall Islands,MHL,,1.0,,,
1976.0,0,,5.20945449847707,,5.05,,Haiti,HTI,,4.999999999,28149129.3255547,,-1.41069397070307
1976.0,0,1.71547632285655,-1.40367604081918,0.7,5.05,,Brunei Darussalam,BRN,,2.47084166591667,,,
1976.0,0,9.43073540174557,8.38675648442262,,5.05,,Monaco,MCO,,4.8028783632131,,,
1976.0,0,,7.87685265272428,,5.05,,Netherlands,NLD,,2.64394166566667,12498495535.4082,,3.28091820473203
1976.0,0,17.9856958613386,1.39480668315268,,5.05,,Isle of Man,IMN,,0.556509832333333,,,
1976.0,0,56.0810810829756,-3.53018280627536,,5.05,,St. Kitts and Nevis,KNA,,2.61467083283333,,,
1976.0,0,,,,5.05,,Namibia,NAM,,0.869565218147448,,,
1976.0,0,10.1746301165654,7.39718761871015,,5.05,,"Macao SAR, China",MAC,,6.061448986,,,
1976.0,0,7.31868545106923,4.57844491490252,2.0,5.05,,Madagascar,MDG,,47.7899166633333,42161006.613332,,-1.28895947796277
1976.0,0,10.2492246529784,1.05810489091265,1.61,5.05,,Sweden,SWE,,4.35589166566667,3035642596.73134,,-1.7956523940445
1976.0,0,9.37403638606234,3.97498409081336,2.0,5.05,,Philippines,PHL,12.0,7.44025833233333,1739096908.5706,,
1976.0,0,16.6141664725788,7.12538510094043,6.64,5.05,,Sao Tome and Principe,STP,,0.0302290833333333,,,-1.01666053229792
1976.0,0,21.1419048031955,6.90023019372026,6.4,5.05,,France,FRA,,4.8028783632131,19232853329.8611,,-0.911114724504279
1976.0,0,10.72499999925,7.38726562476302,,5.05,,Angola,AGO,,2.93836233333333e-08,,,
1976.0,0,9.06860981054968,5.65274606308233,6.5,5.05,,St. Kitts and Nevis,KNA,,2.61467083283333,,,
1976.0,0,32.0351102236086,5.95936756657377,,5.05,,Togo,TGO,,238.950494267059,,,-2.80901559660612
1976.0,1,211.924302225904,3.60469484521828,12.75,5.05,,Cayman Islands,CYM,,0.83333,,,
1976.0,0,5.74481263549085,5.38803391770217,7.7,5.05,,Peru,PER,,5.57558333329166e-08,424499912.306521,,
1976.0,0,,-1.57000000165326,,5.05,,Brunei Darussalam,BRN,,2.47084166591667,,,
1976.0,0,4.88341895790898,16.1000612479848,,5.05,,Tonga,TON,,0.818316894865339,,,-6.96178389075447
1976.0,0,,6.22097526707175,,5.05,,Ghana,GHA,,0.000114938171943065,113297797.873544,,-2.6776478271648
1976.0,0,3.94999999941722,1.66446135972971,6.67,5.05,,Bhutan,BTN,,8.96041272812392,,,
1976.0,0,7.03468963198825,5.04926017375946,,5.05,,"Korea, Rep.",KOR,,484.0,1985105840.18285,,-1.02070804647746
1976.0,0,13.0242794587955,6.85189869571943,,5.05,,Spain,ESP,,66.9029166660833,6626926078.0785,,-3.90334975810331
1976.0,0,33.4832756634566,1.44711099517411,5.2,5.05,,Gibraltar,GIB,,0.556509832333333,,,
1976.0,0,15.824722489347,4.41744413626853,,5.05,,St. Vincent and the Grenadines,VCT,,2.61467083283333,4658148.14819336,,
1976.0,1,,0.464838905905296,,5.05,,"Bahamas, The",BHS,9.5,1.0,47419157.5627205,,10.6058246379069
1976.0,0,9.01029083562224,5.99340195153275,5.3,5.05,,South Africa,ZAF,12.25,0.869565218147448,2132510126.08571,,-4.64745712434372
1976.0,0,8.83065158603156,4.45630970254594,,5.05,,Finland,FIN,,3.86441666588796,573064058.535593,,-3.49799866270723
1976.0,0,16.906857005945,0.928812368981127,,5.05,,Mali,MLI,,238.950494267059,,,-4.49681215593962
1976.0,0,5.2283983330866,3.60000000000056,,5.05,,"Micronesia, Fed. Sts.",FSM,,1.0,,,
1976.0,0,19.8312249167931,4.7283687345395,,5.05,,Greece,GRC,,36.5175833323333,1268118820.87712,,-3.02413262009222
1976.0,0,4.49401164707216,4.6145674859863,5.3,5.05,,Philippines,PHL,12.0,7.44025833233333,1739096908.5706,,
1976.0,0,9.19922713611011,8.77840333051334,4.8,5.05,,Finland,FIN,,3.86441666588796,573064058.535593,,-3.49799866270723
1976.0,0,50.623049560462,3.93547017536275,,5.05,,Portugal,PRT,,30.2290833325833,3904791953.99635,,-6.30340941853929
1976.0,0,,,,5.05,,Brunei Darussalam,BRN,,2.47084166591667,,,
1976.0,0,16.5595225588084,2.80465599545295,5.5,5.05,,Hungary,HUN,,41.5752666656667,,,
1976.0,0,4.47461474664498,7.52594953142729,,5.05,,Uganda,UGA,,0.0826616666625,44534030.0461643,,
1976.0,0,4.41306266552893,,,5.05,,Bolivia,BOL,,2.001e-05,206830669.181962,,-1.95828379095249
1976.0,0,13.3228840125392,2.58782205117312,,5.05,,Papua New Guinea,PNG,,0.792807499,257201876.941074,,3.35905249036014
1976.0,0,7.76555023925677,6.72812264197154,,5.05,,"Korea, Rep.",KOR,,484.0,1985105840.18285,,-1.02070804647746
1976.0,0,3.48583333291706,5.51756440295588,,5.05,,Guinea,GIN,,21.3819569425,,,
1976.0,0,,7.72773984679837,6.34,5.05,,Bahrain,BHR,,0.395599165666667,456619581.369459,,-22.7736566715177
1976.0,0,9.62549578155529,4.33755647481964,4.47,5.05,,Burundi,BDI,,86.25,49159844.2330086,,
1976.0,0,1.3295186805823,3.33510669179992,,5.05,,Kuwait,KWT,,0.292387415666667,2453404527.73625,,52.7644638846264
1976.0,0,-1.84189298198423,7.43716681814959,4.48,5.05,,France,FRA,,4.8028783632131,19232853329.8611,,-0.911114724504279
1976.0,0,19.8286499927534,6.88656497352524,1.92,5.05,,Peru,PER,,5.57558333329166e-08,424499912.306521,,
1976.0,1,17.6248800527481,3.30379140860018,2.9,5.05,,Jordan,JOR,,0.331983332333333,578862216.074829,,2.1156537354282
1976.0,0,8.50215244349303,10.8127813442855,,5.05,,Lebanon,LBN,,2.87159166591667,2544358607.53347,,
1976.0,0,7.54173862982148,5.88927586333716,7.09,5.05,,Northern Mariana Islands,MNP,,1.0,,,
1976.0,0,2.63371150730571,11.5634897772546,,5.05,,Virgin Islands (U.S.),VIR,,1.0,,,
1976.0,1,,5.43251898691292,,5.05,,Austria,AUT,,17.9396666658333,6374077148.29675,,
1976.0,0,17.4556893891338,10.4611795563238,,5.05,,South Africa,ZAF,12.25,0.869565218147448,2132510126.08571,,-4.64745712434372
1976.0,0,,,,5.05,,Comoros,COM,,238.948469414465,,,
1976.0,0,-7.63394763392882,1.66310363813034,,5.05,,Israel,ISR,,0.000792557149185273,1476979092.58351,,-4.2391739727724
1976.0,0,4.14930555494793,9.32681108178437,0.6,5.05,,Turkiye,TUR,,1.60530833323333e-05,1471465349.52027,,-3.94363459669582
1976.0,0,,10.2571295347867,1.92,5.05,,Ethiopia,ETH,,2.069999999,331791559.230676,,
1976.0,1,,,,5.05,,Madagascar,MDG,,47.7899166633333,42161006.613332,,-1.28895947796277
1976.0,0,14.3426930852257,0.344383187103318,3.75,5.05,,Papua New Guinea,PNG,,0.792807499,257201876.941074,,3.35905249036014
1976.0,0,24.2999999999997,9.04235172630207,,5.05,,Angola,AGO,,2.93836233333333e-08,,,
1976.0,1,11.0204105892452,2.24986032919334,,5.05,,Puerto Rico (US),PRI,,1.0,,,
1976.0,0,,,,5.05,,Faroe Islands,FRO,,6.045024999,,,
1976.0,0,11.4490304932756,2.15396450322561,,5.05,,Mexico,MEX,,0.0154258499996667,1403804526.58856,,
1976.0,0,9.16147276547562,5.82553393357199,1.76,5.05,,Argentina,ARG,,1.39983333333167e-09,1983316224.28095,,1.27224225636723
1976.0,0,,-2.01825151683394,4.5,5.05,,Faroe Islands,FRO,,6.045024999,,,
1977.0,0,,6.93414775653342,2.8,5.54,,Monaco,MCO,,4.90517332253217,,,
1977.0,0,12.3245796860999,7.80922068405067,,5.54,,Liberia,LBR,,46.4387280455991,27344992.9595804,,
1977.0,0,9.10383971160298,4.1607148004549,1.46,5.54,,"Bahamas, The",BHS,9.5,1.0,68502133.002373,,4.05329593267882
1977.0,0,14.8209644818935,9.45379784408087,,5.54,,Marshall Islands,MHL,,1.0,,,
1977.0,1,25.9853378650601,3.40666980449136,,5.54,,Haiti,HTI,,4.999999999,34769239.5607594,,-3.95987328484688
1977.0,1,,,,5.54,,Brunei Darussalam,BRN,,2.43939999925,,,
1977.0,0,,,,5.54,,Monaco,MCO,,4.90517332253217,,,
1977.0,1,,3.80623491408234,,5.54,,Netherlands,NLD,,2.45424999908333,14753248519.6945,,1.11105582927399
1977.0,1,,6.27078351298829,5.11,5.54,,Isle of Man,IMN,,0.573271999,,,
1977.0,0,8.30747009171166,7.25476458760367,,5.54,,St. Kitts and Nevis,KNA,,2.7,,,
1977.0,0,,4.93432806978961,2.32,5.54,,Namibia,NAM,,0.869565218147448,,,
1977.0,0,15.0878340572687,6.02411784954168,,5.54,,"Macao SAR, China",MAC,,5.57378531,,,
1977.0,1,11.15195783193,-0.0939791161255812,,5.54,,Madagascar,MDG,,49.1357499925,68920781.313251,,-0.641889420518566
1977.0,0,4.78822401445964,7.75305838033998,,5.54,,Sweden,SWE,,4.48164166566666,4392816298.95279,,-2.24779254597737
1977.0,0,11.7933469184054,0.239510630103453,6.09,5.54,,Philippines,PHL,12.0,7.402824999,1653546123.30713,,-3.38372878226617
1977.0,0,7.60126687769031,9.84346323531113,0.9,5.54,,Sao Tome and Principe,STP,,0.0375580709605855,,,16.4530064602937
1977.0,0,12.8535275054287,4.98178395087527,,5.54,,France,FRA,,4.90517332253217,22642593460.4077,,-0.099680975756682
1977.0,0,12.3098201936376,3.59237581967973,,5.54,,Angola,AGO,,2.9918e-08,,,
1977.0,1,24.5380632929205,2.83857436106388,5.2,5.54,,St. Kitts and Nevis,KNA,,2.7,,,
1977.0,0,14.3835494194622,-3.93633757968402,,5.54,,Togo,TGO,,245.679686566576,,,-7.95053691477447
1977.0,0,,8.36848053029937,,5.54,,Cayman Islands,CYM,,0.83333,,,
1977.0,0,1.29599916278321,2.4336521429565,0.4,5.54,,Peru,PER,,8.42348333325833e-08,522224574.021281,,-6.34379826862785
1977.0,1,3.73416240635147,3.34721808033223,,5.54,,Brunei Darussalam,BRN,,2.43939999925,,,
1977.0,0,9.49455467190434,3.55415568976466,5.01,5.54,,Tonga,TON,,0.901861161455414,9001000.0,,-6.00686320396732
1977.0,0,,3.41109584954947,,5.54,,Ghana,GHA,,0.000114938171943065,181582891.516803,,-2.50038784561282
1977.0,0,11.989283322105,5.25858598646316,,5.54,,Bhutan,BTN,,8.73857617131458,,,
1977.0,0,1.22487958802845,5.10059026388485,,5.54,,"Korea, Rep.",KOR,,484.0,2991368743.26759,,0.0307184564610307
1977.0,0,3.16395014381583,6.85244239382494,3.93,5.54,,Spain,ESP,,75.9618333324167,8357980885.8469,,-1.85502527118762
1977.0,0,7.9764453961457,3.53482660580218,8.049,5.54,,Gibraltar,GIB,,0.573271999,,,
1977.0,0,11.0520846464477,8.76132560106353,1.29,5.54,,St. Vincent and the Grenadines,VCT,,2.7,4810000.00003052,,
1977.0,0,4.90278951821559,,,5.54,,"Bahamas, The",BHS,9.5,1.0,68502133.002373,,4.05329593267882
1977.0,0,4.1902404526167,8.90447443155173,,5.54,,South Africa,ZAF,12.5,0.869565218147448,2019343736.22277,,0.527704353103132
1977.0,0,116.450216453639,2.27410724169957,,5.54,,Finland,FIN,,4.02941666589741,680322458.407761,,-0.295739401191793
1977.0,0,13.4722552937948,8.21130051013432,,5.54,,Mali,MLI,,245.679686566576,,,0.514651729783945
1977.0,0,9.172498970748,6.54761905410257,,5.54,,"Micronesia, Fed. Sts.",FSM,,1.0,,,
1977.0,0,33.802818357982,4.15850545346419,9.4,5.54,,Greece,GRC,,36.8384166656667,1476777090.22437,,-3.01347678839082
1977.0,0,12.7321627929891,9.00304426675032,3.13,5.54,,Philippines,PHL,12.0,7.402824999,1653546123.30713,,-3.38372878226617
1977.0,0,12.5970009920069,6.0591676788529,,5.54,,Finland,FIN,,4.02941666589741,680322458.407761,,-0.295739401191793
1977.0,0,9.89875159736566,5.56297025151267,4.47,5.54,,Portugal,PRT,,38.276949999,4342230245.35505,,-4.46177336687468
1977.0,0,8.10725552050415,4.97121565700287,5.3,5.54,,Brunei Darussalam,BRN,,2.43939999925,,,
1977.0,0,29.0641247103461,3.39063970656844,,5.54,,Hungary,HUN,,40.960749999,,,
1977.0,1,,-6.86070319418188,,5.54,,Uganda,UGA,,0.0825899999933333,47205471.072112,,
1977.0,0,,,,5.54,,Bolivia,BOL,,2.001e-05,310364752.964208,,-3.65305430389743
1977.0,0,8.43470771895128,8.67824908440281,,5.54,,Papua New Guinea,PNG,,0.791408332333334,431365355.24409,,6.96583175372707
1977.0,0,,7.57000000138403,,5.54,,"Korea, Rep.",KOR,,484.0,2991368743.26759,,0.0307184564610307
1977.0,0,4.58553791889613,1.0940258905988,8.73,5.54,,Guinea,GIN,,21.1444826725,,,
1977.0,0,12.9444138723701,1.6048421092884,5.8,5.54,,Bahrain,BHR,,0.395649999,528660973.356273,,-16.2902935599115
1977.0,0,,-4.5642361743654,,5.54,,Burundi,BDI,,90.0,95905709.7833384,,
1977.0,0,31.0167490988807,5.60259779264088,,5.54,,Kuwait,KWT,,0.286565999,3297330595.81075,,32.2612487917374
1977.0,0,30.3167412725928,8.82227726391153,,5.54,,France,FRA,,4.90517332253217,22642593460.4077,,-0.099680975756682
1977.0,0,5.49461568127666,5.0799812066944,1.8,5.54,,Peru,PER,,8.42348333325833e-08,522224574.021281,,-6.34379826862785
1977.0,0,11.4418051091077,-1.59625857600648,,5.54,,Jordan,JOR,,0.329266665666667,776098876.444232,,-0.786351806460079
1977.0,0,15.8402667458768,2.36335094409922,5.8,5.54,,Lebanon,LBN,,3.06895833233333,3089266497.60308,,
1977.0,0,8.16182689596842,4.39033795035795,2.0,5.54,,Northern Mariana Islands,MNP,,1.0,,,
1977.0,0,7.09600059132598,0.626154572057786,5.67,5.54,,Virgin Islands (U.S.),VIR,,1.0,,,
1977.0,0,17.13004878665,2.56050082604729,7.12,5.54,,Austria,AUT,,16.526916666,6813640726.05985,,
1977.0,0,6.5016839947284,4.62418650601657,7.1,5.54,,South Africa,ZAF,12.5,0.869565218147448,2019343736.22277,,0.527704353103132
1977.0,0,91.9541325565104,11.1491944807539,11.83,5.54,,Comoros,COM,,245.677604691197,,,
1977.0,0,6.39929487406097,2.52044037565118,5.88,5.54,,Israel,ISR,,0.0010445457989628,1713580566.85654,,-1.95112888647118
1977.0,0,9.35985291662838,11.4940816019955,,5.54,,Turkiye,TUR,,1.8002249999e-05,1237511839.64509,,-5.35075262709458
1977.0,0,,,,5.54,,Ethiopia,ETH,,2.069999999,260491690.487484,,-1.46076990810982
1977.0,0,-1.15668724252864,5.95228661057057,,5.54,,Madagascar,MDG,,49.1357499925,68920781.313251,,-0.641889420518566
1977.0,0,58.1961750215737,1.45546117847255,,5.54,,Papua New Guinea,PNG,,0.791408332333334,431365355.24409,,6.96583175372707
1977.0,0,3.90889569564822,7.59999999999965,,5.54,,Angola,AGO,,2.9918e-08,,,
1977.0,0,,,,5.54,,Puerto Rico (US),PRI,,1.0,,,
1977.0,0,11.8202775391489,6.78006172824861,,5.54,,Faroe Islands,FRO,,6.00319166566667,,,
1977.0,0,10.9222378100329,1.98543025474245,6.4,5.54,,Mexico,MEX,,0.02257286666575,1938338554.76707,,
1977.0,0,12.3697970875078,2.94100090620763,,5.54,,Argentina,ARG,,4.07633333332834e-09,3843942355.42708,,1.98305770943701
1977.0,1,38.0540914196793,0.349063699303812,5.82,5.54,,Faroe Islands,FRO,,6.00319166566667,,,
1978.0,0,4.68714274853112,4.39999999999998,,7.94,,Monaco,MCO,,4.51309999933333,,,
1978.0,0,10.3556722757191,2.05269456633248,5.5,7.94,,Liberia,LBR,,46.4387280455991,18021337.9769553,,
1978.0,0,7.71111214621869,7.18672760788444,,7.94,,"Bahamas, The",BHS,9.5,1.0,61011359.6371956,,0.288322921672273
1978.0,1,73.091666667343,8.47593560232171,,7.94,,Marshall Islands,MHL,,1.0,,,
1978.0,0,8.54513915082285,3.83080608607303,,7.94,,Haiti,HTI,,4.999999999,40833162.0951539,,-4.58222131070908
1978.0,0,11.9566179733303,0.31856336907461,,7.94,,Brunei Darussalam,BRN,,2.27402499916667,,,
1978.0,1,,6.44047353293125,,7.94,,Monaco,MCO,,4.51309999933333,,,
1978.0,0,9.7160327495434,2.23266338861872,,7.94,,Netherlands,NLD,,2.16358333258333,17467545932.1739,,-0.57946441029442
1978.0,0,4.87254381306428,7.77718195422017,2.26,7.94,,Isle of Man,IMN,,0.521504582333333,,,
1978.0,0,8.97372335151214,3.73597638764802,8.376,7.94,,St. Kitts and Nevis,KNA,,2.7,,,
1978.0,0,8.10126582278465,,,7.94,,Namibia,NAM,,0.869565218147448,,,
1978.0,0,9.2505584672443,3.94936216342872,5.27,7.94,,"Macao SAR, China",MAC,,5.02916666575,,,
1978.0,1,12.141597276466,5.65383685776763,,7.94,,Madagascar,MDG,,45.1309999933333,59221295.5148927,,-2.97289244753707
1978.0,0,8.11259425677378,6.76706985763171,2.48,7.94,,Sweden,SWE,,4.518474999,5479529145.95039,,-0.183108304611842
1978.0,1,,-7.83880037064259,,7.94,,Philippines,PHL,12.0,7.3657583325,2104978569.08341,,-4.24652769150557
1978.0,0,12.0940138425074,3.24013978059317,7.24,7.94,,Sao Tome and Principe,STP,,0.0361547244398969,,,10.3008697370392
1978.0,0,9.99526541717732,1.75154803918647,,7.94,,France,FRA,,4.51309999933333,32328216861.7748,,1.4078873687173
1978.0,0,3.57431857551221,-0.21065365212003,2.1,7.94,,Angola,AGO,,2.9918e-08,,,
1978.0,0,43.7499982853606,6.01671453236096,,7.94,,St. Kitts and Nevis,KNA,,2.7,,,
1978.0,0,21.0387723599382,2.81596606697316,7.89,7.94,,Togo,TGO,,225.655860233957,,,-18.6740580106347
1978.0,0,7.63096383885606,5.53520648243719,6.1,7.94,,Cayman Islands,CYM,,0.83333,,,
1978.0,0,,0.553763844248408,,7.94,,Peru,PER,,1.5634883333275e-07,616609531.679181,,-1.54420351696589
1978.0,0,13.098138583854,5.70682494541619,,7.94,,Brunei Darussalam,BRN,,2.27402499916667,,,
1978.0,0,,-4.50612480201359,2.8,7.94,,Tonga,TON,,0.873694282031546,10116000.0,,-1.72387404615559
1978.0,0,,,,7.94,,Ghana,GHA,,0.000176263183812666,326657532.15608,,-1.25435152310235
1978.0,0,,11.3259779878892,5.3,7.94,,Bhutan,BTN,,8.19284034840393,,,
1978.0,0,4.20052123266097,9.79264391816659,8.06,7.94,,"Korea, Rep.",KOR,,484.0,2826038817.68616,,-2.05395976094371
1978.0,0,5.74832464618229,12.9383124816161,,7.94,,Spain,ESP,,76.6678333328333,13394127224.5126,,0.779412899279619
1978.0,0,44.5483436672392,5.37398534767648,,7.94,,Gibraltar,GIB,,0.521504582333333,,,
1978.0,0,8.26314103860768,3.40337382855367,5.7,7.94,,St. Vincent and the Grenadines,VCT,,2.7,5256296.29632568,,4.43752180221724
1978.0,0,17.7631590853462,8.4699008376688,,7.94,,"Bahamas, The",BHS,9.5,1.0,61011359.6371956,,0.288322921672273
1978.0,0,7.33452593917692,5.19238453027808,4.0,7.94,,South Africa,ZAF,12.125,0.869565218147448,2635700791.12426,,2.13031411036789
1978.0,0,1.02879289487425,0.409083760053534,0.4,7.94,,Finland,FIN,,4.11733333256911,1436537558.58223,,1.87649452165494
1978.0,0,11.078100382614,8.62876764493188,3.64,7.94,,Mali,MLI,,225.655860233957,,,-11.9435334966183
1978.0,1,2.71869696123339,3.00849288842491,,7.94,,"Micronesia, Fed. Sts.",FSM,,1.0,,,
1978.0,0,,4.96989768924738,2.36,7.94,,Greece,GRC,,36.7454166656667,2157055983.29951,,-2.18763340815346
1978.0,0,17.5239234455033,9.21483570068075,,7.94,,Philippines,PHL,12.0,7.3657583325,2104978569.08341,,-4.24652769150557
1978.0,1,19.7736704973662,1.46300333315605,6.97,7.94,,Finland,FIN,,4.11733333256911,1436537558.58223,,1.87649452165494
1978.0,0,4.86006458554252,6.65389221500463,,7.94,,Portugal,PRT,,43.9373333325833,5873321282.17082,,-1.97019776506817
1978.0,0,3.47785034212178,2.14068467652768,,7.94,,Brunei Darussalam,BRN,,2.27402499916667,,,
1978.0,0,21.7092457416665,-5.76415839390282,,7.94,,Hungary,HUN,,37.911349999,,,
1978.0,0,11.1356088829565,3.01447977912923,,7.94,,Uganda,UGA,,0.0773566666566667,52700057.3467262,,
1978.0,1,7.92408985303786,10.2957465349385,0.75,7.94,,Bolivia,BOL,,2.001e-05,315441347.098242,,-8.82066301428154
1978.0,0,6.00712709994902,6.2676868244256,,7.94,,Papua New Guinea,PNG,,0.708924999,414750082.194638,,-1.65194238127387
1978.0,0,8.0049261083744,0.895363440295682,,7.94,,"Korea, Rep.",KOR,,484.0,2826038817.68616,,-2.05395976094371
1978.0,1,,2.34689637191248,4.98,7.94,,Guinea,GIN,,19.723540755,,,
1978.0,0,57.8487826251505,-2.64250297882154,6.5,7.94,,Bahrain,BHR,,0.387453332333333,527347411.354709,,-17.0621593010365
1978.0,0,2.5230487569518,5.71253208869331,,7.94,,Burundi,BDI,12.0,90.0,83359466.469142,,
1978.0,0,7.79935074552145,2.91970756437469,7.23,7.94,,Kuwait,KWT,,0.275052749,3071067161.42502,,39.5375920681721
1978.0,1,,,,7.94,,France,FRA,,4.51309999933333,32328216861.7748,,1.4078873687173
1978.0,1,,-2.70692248428711,,7.94,,Peru,PER,,1.5634883333275e-07,616609531.679181,,-1.54420351696589
1978.0,0,10.2136545710405,2.41699354282181,7.3,7.94,,Jordan,JOR,,0.305624999,1068844177.6712,,-11.084479839863
1978.0,1,,1.2092354194359,,7.94,,Lebanon,LBN,,2.955374999,3918138374.42738,,
1978.0,0,,,,7.94,,Northern Mariana Islands,MNP,,1.0,,,
1978.0,1,61.8970444383435,1.50293301122338,,7.94,,Virgin Islands (U.S.),VIR,,1.0,,,
1978.0,0,8.1616715433962,3.86935443104663,1.8,7.94,,Austria,AUT,,14.52166666575,9804525357.23644,,
1978.0,0,8.28797624957704,4.99668981954586,,7.94,,South Africa,ZAF,12.125,0.869565218147448,2635700791.12426,,2.13031411036789
1978.0,0,16.9317824582842,6.91249354626197,,7.94,,Comoros,COM,,225.653948039319,,,
1978.0,0,4.20956601068681,5.2719415031039,2.2,7.94,,Israel,ISR,,0.00174353717363552,2889778655.91513,,-5.70367026752285
1978.0,0,17.4572925678265,8.95694232786306,,7.94,,Turkiye,TUR,,2.42821666656667e-05,1630117686.01986,,-1.91921107528921
1978.0,0,4.47059331592944,2.84189681697329,7.9,7.94,,Ethiopia,ETH,,2.069999999,217562055.91603,,-1.85768656541355
1978.0,0,40.0872246313854,8.02682491365691,14.26,7.94,,Madagascar,MDG,,45.1309999933333,59221295.5148927,,-2.97289244753707
1978.0,0,13.2751232921383,5.32276583472789,3.73,7.94,,Papua New Guinea,PNG,,0.708924999,414750082.194638,,-1.65194238127387
1978.0,0,,,,7.94,,Angola,AGO,,2.9918e-08,,,
1978.0,0,12.5724256724441,7.24686397906468,,7.94,,Puerto Rico (US),PRI,,1.0,,,
1978.0,0,-6.04470612570265,6.51781702314163,,7.94,,Faroe Islands,FRO,,5.514624999,,,
1978.0,0,4.11201196269291,2.696246606415,,7.94,,Mexico,MEX,,0.0227672833323333,2269381532.86607,,
1978.0,0,10.6602475929181,12.0287299461216,,7.94,,Argentina,ARG,,7.95749999999583e-09,5933322541.78131,,2.08423514758595
1978.0,0,,,,7.94,,Faroe Islands,FRO,,5.514624999,,,
1979.0,0,,,,11.2,,Monaco,MCO,,4.25441666608333,,,
1979.0,0,3.70185092546269,5.48404183215798,2.1,11.2,,Liberia,LBR,,46.4387280455991,54979005.5572829,,0.0428522932713301
1979.0,1,,6.56752117644017,,11.2,,"Bahamas, The",BHS,9.125,1.0,86298283.6251967,,-3.76381788350431
1979.0,0,11.3486005086091,7.47782655144202,,11.2,,Marshall Islands,MHL,,1.0,,,
1979.0,0,14.4663702058303,3.51652574676662,,11.2,,Haiti,HTI,,4.999999999,64132937.5499931,,-4.86396446515936
1979.0,1,19.7197167787999,0.133344047803448,5.6,11.2,,Brunei Darussalam,BRN,,2.1745583325,,,
1979.0,0,8.97641234700303,2.69999999999983,,11.2,,Monaco,MCO,,4.25441666608333,,,
1979.0,0,24.1340757440455,5.37911898820207,,11.2,,Netherlands,NLD,,2.00599166575,30104387121.8532,,0.194360807075478
1979.0,0,13.2954688248281,3.07303639266831,,11.2,,Isle of Man,IMN,,0.472181165666667,,,
1979.0,0,13.6995950156642,2.19177430217911,,11.2,,St. Kitts and Nevis,KNA,,2.7,,,
1979.0,0,9.90436051231129,4.54768962839718,4.55,11.2,,Namibia,NAM,,0.842022601934943,,,
1979.0,0,3.64764010558785,2.49151208080576,0.4,11.2,,"Macao SAR, China",MAC,,5.17666666566667,,,
1979.0,0,11.7097306212118,6.75943093519177,,11.2,,Madagascar,MDG,,42.5441666608333,5039519.96422063,,-12.3023030716153
1979.0,0,13.2936624628059,3.79051926405782,,11.2,,Sweden,SWE,,4.28708333233333,6621022419.20473,,-1.90644529878893
1979.0,0,9.89736596559918,5.37176651254237,0.92,11.2,,Philippines,PHL,14.0,7.377549999,3121121356.15879,,-4.79206163591047
1979.0,0,,6.7595601220408,2.76,11.2,,Sao Tome and Principe,STP,,0.0350245835666349,,,13.2301437217362
1979.0,0,3.65446799796414,9.34909993075928,,11.2,,France,FRA,,4.25441666608333,59520673560.722,,0.845337736665918
1979.0,1,15.6602355971772,0.0415465166768456,8.61,11.2,,Angola,AGO,,2.9918e-08,,,
1979.0,0,6.27568336762335,-5.23818270446218,,11.2,,St. Kitts and Nevis,KNA,,2.7,,,
1979.0,0,9.12200684150515,4.05155094854514,6.265,11.2,,Togo,TGO,,212.721644262377,,,-16.8932270740372
1979.0,0,9.17380513351446,4.53139921679188,,11.2,,Cayman Islands,CYM,,0.83333,,,
1979.0,0,9.18841043700977,4.93912395498313,,11.2,,Peru,PER,,2.24718916665667e-07,2113581929.71649,,4.57251743272507
1979.0,1,,0.764355145425426,5.81,11.2,,Brunei Darussalam,BRN,,2.1745583325,,,
1979.0,1,,,,11.2,,Tonga,TON,,0.894676790046131,12560000.0,,-5.38236124266185
1979.0,1,66.6944229664876,4.09075057410003,7.12,11.2,,Ghana,GHA,,0.000274852150537634,401235930.363199,,3.07195329346052
1979.0,0,63.5431082506343,-0.62411357022269,,11.2,,Bhutan,BTN,,8.12579094635689,,,
1979.0,1,,-2.46513778468636,,11.2,,"Korea, Rep.",KOR,,484.0,3110375729.00053,,-6.09689068540874
1979.0,0,9.61105037907122,4.05329979126334,6.1,11.2,,Spain,ESP,,67.1249999995833,20702703861.5845,,0.352780168130571
1979.0,0,19.0941746808767,3.28207958853159,,11.2,,Gibraltar,GIB,,0.472181165666667,,,
1979.0,1,,3.29703539947116,,11.2,,St. Vincent and the Grenadines,VCT,,2.7,8901851.85189819,,-5.06355039660806
1979.0,0,7.98881859610768,4.51475107985127,8.78,11.2,,"Bahamas, The",BHS,9.125,1.0,86298283.6251967,,-3.76381788350431
1979.0,0,11.3433858811607,4.71345609171885,,11.2,,South Africa,ZAF,10.0,0.842022601934943,5569820236.37346,,4.70353520571314
1979.0,0,4.50972761206209,4.37250649718715,1.99,11.2,,Finland,FIN,,3.8953333325564,2044853097.81794,,-0.366156863999986
1979.0,0,7.97935261848786,7.61522604591983,,11.2,,Mali,MLI,,212.721644262377,,,-7.10381454337424
1979.0,0,10.6467341716664,3.69531078677157,6.03,11.2,,"Micronesia, Fed. Sts.",FSM,,1.0,,,
1979.0,0,10.731921430873,6.40355692592513,,11.2,,Greece,GRC,,37.0384166656667,3292536813.64208,,-3.51052739369007
1979.0,1,,-26.478788867521,,11.2,,Philippines,PHL,14.0,7.377549999,3121121356.15879,,-4.79206163591047
1979.0,0,54.4412883345616,-2.51494141959301,,11.2,,Finland,FIN,,3.8953333325564,2044853097.81794,,-0.366156863999986
1979.0,0,7.02576112412187,,,11.2,,Portugal,PRT,,48.9234666656667,12262027702.8935,,-0.203001564466864
1979.0,0,8.33136541815462,4.79378720493398,,11.2,,Brunei Darussalam,BRN,,2.1745583325,,,
1979.0,0,4.07646537536398,9.55444873972347,2.12,11.2,,Hungary,HUN,,35.577999999,,,
1979.0,0,16.2327695334308,7.32430948559606,,11.2,,Uganda,UGA,,0.0748283333233333,22839243.3389618,,
1979.0,0,9.14467697907181,3.72519949149593,7.525,11.2,,Bolivia,BOL,,2.04033333333333e-05,527840704.0,,-8.97918560396111
1979.0,0,7.46696151310738,7.12192593764533,6.2,11.2,,Papua New Guinea,PNG,,0.711757499,530801852.207386,,4.66365658102384
1979.0,0,33.3892190102252,8.43582175738598,13.63,11.2,,"Korea, Rep.",KOR,,484.0,3110375729.00053,,-6.09689068540874
1979.0,0,14.7985735661484,5.95915952688955,7.64,11.2,,Guinea,GIN,,19.1070133208333,,,
1979.0,0,3.7074009635341,5.35669993923946,2.0,11.2,,Bahrain,BHR,,0.38161749925,690672790.518466,,-8.21855744120353
1979.0,0,13.4212799774012,2.74677219709527,5.3,11.2,,Burundi,BDI,12.0,90.0,96725113.6573312,,
1979.0,0,4.19929990168348,2.01416637933245,6.16,11.2,,Kuwait,KWT,5.85555555455556,0.276366082333333,4170019161.90453,,56.6975490231365
1979.0,0,66.8442861850437,6.1991167323612,,11.2,,France,FRA,,4.25441666608333,59520673560.722,,0.845337736665918
1979.0,0,5.67229502887827,5.20127748073821,,11.2,,Peru,PER,,2.24718916665667e-07,2113581929.71649,,4.57251743272507
1979.0,0,,,,11.2,,Jordan,JOR,,0.300333332333333,1583911654.63242,,-0.197707080735771
1979.0,0,28.1610386024436,11.862146971295,5.69,11.2,,Lebanon,LBN,,3.242749999,6253129755.95693,,
1979.0,0,4.04362006473399,4.15036333786591,,11.2,,Northern Mariana Islands,MNP,,1.0,,,
1979.0,0,,,,11.2,,Virgin Islands (U.S.),VIR,,1.0,,,
1979.0,0,4.46908394900479,2.34107304540791,6.96,11.2,,Austria,AUT,,13.3674999994167,14883522738.0883,,
1979.0,1,,10.2227634638681,2.0,11.2,,South Africa,ZAF,10.0,0.842022601934943,5569820236.37346,,4.70353520571314
1979.0,0,,7.59132468000007,5.4,11.2,,Comoros,COM,,212.719841671533,,,
1979.0,0,44.4444558043744,4.86058242659418,,11.2,,Israel,ISR,,0.00254063690827577,3693704330.02837,,-4.07155517635841
1979.0,0,10.1171908690016,3.73404840305636,,11.2,,Turkiye,TUR,,3.1077499999e-05,2586031059.0781,,-1.57672509988841
1979.0,0,12.1353558926061,11.5302614235207,,11.2,,Ethiopia,ETH,,2.069999999,319158932.856275,,-1.38706325139921
1979.0,0,,-3.02393103121803,,11.2,,Madagascar,MDG,,42.5441666608333,5039519.96422063,,-12.3023030716153
1979.0,0,21.8992248062015,5.63893733004393,7.94,11.2,,Papua New Guinea,PNG,,0.711757499,530801852.207386,,4.66365658102384
1979.0,0,11.2544711292795,3.16598821816159,5.8,11.2,,Angola,AGO,,2.9918e-08,,,
1979.0,0,17.5333333327501,5.59557107591131,3.5,11.2,,Puerto Rico (US),PRI,,1.0,,,
1979.0,0,7.20978617047808,3.84000348607525,,11.2,,Faroe Islands,FRO,,5.26095833233333,,,
1979.0,0,18.1912462987643,9.69817013704461,,11.2,,Mexico,MEX,,0.0228053833323333,3087692135.1823,,-4.02060772490222
1979.0,0,14.0560247361062,-4.18026543326904,6.79,11.2,,Argentina,ARG,,1.31696666666408e-08,11626505760.1271,,-0.740769310961666
1979.0,0,,,,11.2,,Faroe Islands,FRO,,5.26095833233333,,,
1980.0,1,17.3669682564025,-15.8368642948659,13.34,13.35,,St. Martin (French part),MAF,,4.22557499908333,,,
1980.0,0,,14.420683908318,,13.35,,Lao PDR,LAO,,9.99999973287923,,,
1980.0,0,13.8581814562484,5.5919762059677,,13.35,,Bulgaria,BGR,,,,,4.76058733505233
1980.0,0,,,,13.35,,Maldives,MDV,,7.549999999,949148.535136533,,-52.2800998128509
1980.0,0,13.7063223649005,1.69997145285421,,13.35,,"Hong Kong SAR, China",HKG,,4.97608333333334,,,
1980.0,0,10.878661087866,4.56424295324047,1.65,13.35,,Brazil,BRA,,2.28123189244443e-11,6875231542.0342,,-5.40495023928538
1980.0,0,,3.03562235066106,,13.35,,St. Martin (French part),MAF,,4.22557499908333,,,
1980.0,1,18.0615430355956,13.0461742022835,,13.35,,Nigeria,NGA,8.43166666633333,0.546780891916083,10639786873.239,,8.06453658137612
1980.0,0,6.32832536226101,1.731485495966,1.9,13.35,,Hungary,HUN,,32.5322833323333,,,
1980.0,0,17.9659242656857,-2.17910220206564,6.8,13.35,,Kenya,KEN,10.5833333333333,7.420187499,538712188.84167,,-12.0608408857918
1980.0,0,6.64868829655356,4.44405389248001,9.1,13.35,,Malawi,MWI,16.6666666666667,0.812095665666667,75955673.877928,,-14.4144229275812
1980.0,1,18.2005104938508,5.20071107911187,4.75,13.35,,Lesotho,LSO,11.0,0.778833737276042,50268480.6509681,,13.0526673010014
1980.0,0,6.51345545521797,1.34191398676504,,13.35,,Morocco,MAR,,3.93664583233334,813620198.046849,,-6.47378908140561
1980.0,0,9.28585743921337,0.200000000000884,,13.35,,Sao Tome and Principe,STP,,0.0347713987737202,,,0.827607580716013
1980.0,1,47.2416501018426,-1.37177291052787,6.1,13.35,,Panama,PAN,,1.0,117382779.39403,,-7.1238371262402
1980.0,0,17.1505454240954,1.2842522054453,,13.35,,San Marino,SMR,,856.447499997417,,,
1980.0,0,50.0701393436364,0.471695943172108,,13.35,,Finland,FIN,,3.73008333254693,2451468443.10174,,-2.61466300325739
1980.0,1,,4.6117322795338,,13.35,,Angola,AGO,,2.9918e-08,,,
1980.0,0,13.5625788483016,1.67641337198611,6.42,13.35,,Kenya,KEN,10.5833333333333,7.420187499,538712188.84167,,-12.0608408857918
1980.0,0,8.52694319425856,10.1133721068475,1.8,13.35,,Turks and Caicos Islands,TCA,,1.0,,,
1980.0,0,18.035422125313,9.88007752166418,1.66,13.35,,Cabo Verde,CPV,,40.1749166656667,42401306.7352194,,3.03775108158092
1980.0,0,13.6602404681115,6.62058342724157,,13.35,,Pakistan,PAK,,9.9,1567771124.70579,,-3.66146337714972
1980.0,1,9.68271334792129,,,13.35,,Brazil,BRA,,2.28123189244443e-11,6875231542.0342,,-5.40495023928538
1980.0,0,,9.19999999999976,,13.35,,Thailand,THA,16.1458333333333,20.4763533080478,3026261894.75063,,-6.41760937351161
1980.0,0,19.703500522778,5.17354100571934,0.93,13.35,,Gabon,GAB,,211.279555414705,114931035.908203,,8.96925457208746
1980.0,0,9.97226199001424,4.20483104427292,,13.35,,Barbados,BRB,,2.0,80572814.8922177,,-6.03004731335953
1980.0,0,11.5946192492107,5.38904748575388,4.86,13.35,,Kiribati,KIR,,0.878244332333333,,,7.30067816378551
1980.0,1,,-4.47863884794948,,13.35,,"Egypt, Arab Rep.",EGY,13.3333333333333,0.700000700490701,2479664000.0,,-2.01398440649132
1980.0,0,6.6749195345051,7.44182677934407,1.661,13.35,,United Kingdom,GBR,16.3126833333333,0.430294999,31755311531.2903,,1.21462434887475
1980.0,1,,-4.42132236441782,5.89,13.35,,Uruguay,URY,64.5660518845884,0.0090725,2401057735.64165,,-6.97725668083814
1980.0,1,,,,13.35,,Bulgaria,BGR,,,,,4.76058733505233
1980.0,0,59.1450712444914,5.94333539830841,6.97,13.35,,Vanuatu,VUT,,68.2921212121666,,,
1980.0,0,10.1358411703239,3.03453508064058,6.105,13.35,,Spain,ESP,,71.7019166659167,20473495450.3179,,-2.3989622888185
1980.0,0,11.3460734795095,6.7358215288198,,13.35,,Mexico,MEX,,0.0229510083323333,4175319837.11204,,-5.06963190827687
1980.0,1,15.5619020957245,2.20872810257116,11.4,13.35,,France,FRA,,4.22557499908333,75592384526.1005,,-0.605927092588723
1980.0,0,10.1292205085453,2.17719921287991,7.537,13.35,,Guinea-Bissau,GNB,,211.279555414705,,,
1980.0,0,18.1544622557972,3.07932918345945,,13.35,,Panama,PAN,,1.0,117382779.39403,,-7.1238371262402
1980.0,1,,7.41873959497985,,13.35,,Spain,ESP,,71.7019166659167,20473495450.3179,,-2.3989622888185
1980.0,0,4.02250084839003,4.60197730568336,0.2,13.35,,Poland,POL,,0.00442166666666667,574441000.0,,
1980.0,1,20.8192249324218,10.0113290379907,5.18,13.35,,Brazil,BRA,,2.28123189244443e-11,6875231542.0342,,-5.40495023928538
1980.0,0,41.9995143865699,-10.0612584967252,,13.35,,Honduras,HND,,2.0,159257508.251952,,-9.94849893229494
1980.0,0,,,,13.35,,Tuvalu,TUV,,0.878244332333333,,,
1980.0,0,0.608153083899614,7.93853808083058,,13.35,,Belize,BLZ,,2.0,12675500.0,,
1980.0,1,35.1383405330485,8.17228334347537,10.46,13.35,,Peru,PER,,2.88855249998667e-07,2803966993.94478,,-0.557429012722973
1980.0,1,11.9092893836134,3.70868296743329,,13.35,,Kiribati,KIR,,0.878244332333333,,,7.30067816378551
1980.0,0,58.5284260893646,5.74792072898289,,13.35,,Ghana,GHA,,0.000274852150537634,329581762.377928,,0.679380192289742
1980.0,0,13.5492019749684,-0.256775731395592,7.1,13.35,,Bangladesh,BGD,10.5157142857143,15.4540583325,331184644.40916,,-3.8710788966539
1980.0,0,,7.83414501593799,4.9,13.35,,Austria,AUT,,12.9379999990833,17725433544.0942,,
1980.0,1,,1.51878394990179,2.3,13.35,,St. Kitts and Nevis,KNA,8.06129580038006,2.7,,,-3.88985068167063
1980.0,1,26.3516513562834,8.75662242586424,,13.35,,Finland,FIN,,3.73008333254693,2451468443.10174,,-2.61466300325739
1980.0,0,15.8674803836094,4.58934022380851,,13.35,,Pakistan,PAK,,9.9,1567771124.70579,,-3.66146337714972
1980.0,0,21.0641682770745,3.43001634618649,7.53,13.35,,Italy,ITA,,856.447499997417,62427835828.1099,,-2.20943538571725
1980.0,1,63.4758304314673,5.84340090113461,7.3,13.35,,Kuwait,KWT,6.799999999,0.270297415666667,5425248387.81931,,53.4297058874729
1980.0,0,26.5526531495356,4.08735367550767,9.1,13.35,,Malta,MLT,,0.345426665666667,1245944943.77293,,3.10291536031431
1980.0,0,9.51782449754963,0.790606971852654,,13.35,,St. Vincent and the Grenadines,VCT,8.96865719474416,2.7,7270066.92626679,,-11.2945854265744
1980.0,1,,,,13.35,,Australia,AUS,9.97916666666667,0.878244332333333,6366460013.12232,,
1980.0,0,94.2608598807591,-2.44735042580159,,13.35,,Vanuatu,VUT,,68.2921212121666,,,
1980.0,0,9.40837947437956,3.64216481334074,,13.35,,"Congo, Rep.",COG,,211.279555414705,92619325.6866554,,-9.76997778326499
1980.0,1,18.135170796071,0.751895403326316,,13.35,,Iraq,IRQ,,1902.26533390822,9441535402.30843,,
1980.0,1,16.7531356897102,7.96873850744203,,13.35,,Trinidad and Tobago,TTO,10.0,2.399999999,2812572060.51705,,5.72430843483206
1980.0,1,26.1454101014465,5.84602651617143,,13.35,,Eritrea,ERI,,2.07182506752915,,,
1980.0,0,7.77858176555718,2.81759120759222,2.0,13.35,,Morocco,MAR,,3.93664583233334,813620198.046849,,-6.47378908140561
1980.0,0,5.44105754460347,1.40882864441943,,13.35,,Peru,PER,,2.88855249998667e-07,2803966993.94478,,-0.557429012722973
1980.0,0,22.4473301362177,11.712145943448,4.11,13.35,,Angola,AGO,,2.9918e-08,,,
1980.0,0,24.6758939736232,0.67713140669585,,13.35,,Papua New Guinea,PNG,,0.670945832333333,457765897.618934,,-11.3410645500268
1980.0,0,10.8238432335411,3.75997816033124,,13.35,,Fiji,FJI,,0.817964665666666,174050521.410692,,-1.45471224909323
1980.0,0,12.3053240760182,-0.751430002361559,7.0,13.35,,Madagascar,MDG,,42.2557499908333,9100000.0,,-10.6948496985696
1980.0,0,13.8079019078008,13.0844817290489,,13.35,,United Arab Emirates,ARE,,3.707364999,2354590963.61751,,
1980.0,0,,,,13.35,,Fiji,FJI,,0.817964665666666,174050521.410692,,-1.45471224909323
1981.0,0,,-4.40000121865036,,16.39,,St. Martin (French part),MAF,,5.43460833258333,,,
1981.0,0,15.2542337674194,5.36079105964045,,16.39,,Zimbabwe,ZWE,,0.000690975680561624,354712719.592008,,-6.80492269755648
1981.0,1,,5.36329018938126,,16.39,,Lao PDR,LAO,,21.666666087905,,,
1981.0,0,20.8128229121949,-13.1278804850514,,16.39,,Bulgaria,BGR,,,,,0.608306308536071
1981.0,1,13.0825985241676,3.42220873753665,5.36,16.39,,Maldives,MDV,,7.549999999,1145419.14069351,,-45.1079562259686
1981.0,1,10.3172842245396,7.3485538963286,4.97,16.39,,"Hong Kong SAR, China",HKG,,5.58933333333333,,,
1981.0,0,13.112546897642,6.00620362601497,,16.39,,Brazil,BRA,,4.03001093531326e-11,7479607844.25765,,-4.55942175163155
1981.0,0,51.7932416010108,4.2650070463216,,16.39,,St. Martin (French part),MAF,,5.43460833258333,,,
1981.0,0,15.3701595831853,4.65565399428766,,16.39,,Niger,NER,,271.731452550327,,,-8.3603997726812
1981.0,1,14.5493457170322,-0.13246859717357,14.17,16.39,,Hungary,HUN,,34.3142916656667,,,
1981.0,0,24.5060675977966,-1.55372126905196,3.42,16.39,,Kenya,KEN,12.4166666666667,9.04749833258333,262828031.489195,,-8.1930466544504
1981.0,1,-0.0333333333334091,-1.54446566470149,,16.39,,Mauritius,MUS,12.1875,8.93654166608333,50005948.3279326,,-12.6806719420357
1981.0,1,,,,16.39,,Lesotho,LSO,15.0,0.877578942758154,43395441.1150538,,0.984163429956205
1981.0,0,9.70000000000015,6.94210420118173,,16.39,,Morocco,MAR,,5.17229583233333,509516094.701301,,-10.2747156555108
1981.0,1,116.503603996541,-3.50306694696705,,16.39,,"Somalia, Fed. Rep.",SOM,10.0,6.294999999,38252036.8533672,,
1981.0,0,6.73892655204782,-0.783611600884143,7.92,16.39,,Pakistan,PAK,,9.9,1455323108.8897,,-3.24682449425173
1981.0,0,12.1039385302598,0.454830427902976,,16.39,,El Salvador,SLV,,2.5,276930424.558442,,-7.28849020781507
1981.0,0,12.4716124148372,3.41506518150013,7.607,16.39,,Finland,FIN,,4.31524999924711,1988162432.1307,,-0.911866486578685
1981.0,0,6.49030964005719,1.60133597507155,0.2,16.39,,Angola,AGO,,2.9918e-08,,,
1981.0,1,9.40569126142496,7.25433073403863,,16.39,,Kenya,KEN,12.4166666666667,9.04749833258333,262828031.489195,,-8.1930466544504
1981.0,1,,-1.28832143395154,7.0,16.39,,Syrian Arab Republic,SYR,,3.924999999,622538269.636405,,-1.98476610365325
1981.0,0,,12.5254248524607,,16.39,,Cabo Verde,CPV,,48.6946666656667,37829159.2142841,,-15.4976369560605
1981.0,1,,-5.18978914135593,4.5,16.39,,Oman,OMN,,0.345399999,853184856.438353,,17.0342593308451
1981.0,0,,5.11276109058952,3.8,16.39,,Brazil,BRA,,4.03001093531326e-11,7479607844.25765,,-4.55942175163155
1981.0,1,19.6868327084319,6.71863895635887,11.35,16.39,,Togo,TGO,,271.731452550327,,,-3.24893449437154
1981.0,0,0.318444733265915,6.35575459195157,,16.39,,Gabon,GAB,,271.731452550327,203862515.213667,,10.4421153102767
1981.0,0,7.62748656814276,-0.279283585394069,11.35,16.39,,Barbados,BRB,11.4583333333333,2.0,102966357.516246,,-11.8506944801428
1981.0,0,11.8766265142296,-1.3234581733779,10.4,16.39,,Kiribati,KIR,,0.870214582333333,,,-10.1530505836028
1981.0,1,14.0479686718868,5.61286412023385,,16.39,,"Egypt, Arab Rep.",EGY,15.0,0.700000700490701,1682922621.2587,,-9.64424162168997
1981.0,0,14.4615910742106,5.8823529013973,,16.39,,United Kingdom,GBR,13.255,0.497641332333334,22802299491.4455,,2.61238985947786
1981.0,0,,,,16.39,,Uganda,UGA,12.5,0.500523333326667,30003003.0064984,,1.89945656098534
1981.0,0,17.9692987519672,0.844227628121416,,16.39,,Bulgaria,BGR,,,,,0.608306308536071
1981.0,1,37.6147825797716,4.85664876652028,,16.39,,Virgin Islands (U.S.),VIR,,1.0,,,
1981.0,0,10.3347153402771,2.53770126828974,7.6,16.39,,Spain,ESP,,92.3218333325,16610948552.6341,,-2.64636721046839
1981.0,0,14.6548426360634,2.99999608841746,,16.39,,Mexico,MEX,,0.0245145999990833,4971260746.35438,,-6.156229614062
1981.0,1,,,,16.39,,France,FRA,,5.43460833258333,54798129412.4145,,-0.789714227353761
1981.0,0,19.0404107466915,1.61810337594387,,16.39,,Guinea-Bissau,GNB,,271.731452550327,,,
1981.0,1,34.0453358609474,1.55955982937495,6.6,16.39,,Pakistan,PAK,,9.9,1455323108.8897,,-3.24682449425173
1981.0,1,27.9337625982399,9.58584115454994,,16.39,,Spain,ESP,,92.3218333325,16610948552.6341,,-2.64636721046839
1981.0,0,4.66141394394755,2.86674495956183,,16.39,,Papua New Guinea,PNG,,0.672967499,420885883.583206,,-19.3872385945671
1981.0,1,27.4537624347993,2.27687274512178,8.13,16.39,,Brazil,BRA,,4.03001093531326e-11,7479607844.25765,,-4.55942175163155
1981.0,1,8.18202196816849,10.8159232986752,1.65,16.39,,Honduras,HND,,2.0,107377896.968617,,-8.64412587811982
1981.0,0,7.30232836526219,9.20680945357908,,16.39,,Turkiye,TUR,,0.000111218583332667,2425976885.28438,,-2.71985824579167
1981.0,0,11.6030534351142,3.77354419402822,,16.39,,Belize,BLZ,,2.0,10334500.0,,
1981.0,0,12.2659075874853,7.92715682412874,,16.39,,Panama,PAN,,1.0,119947433.483772,,-10.2442899333192
1981.0,1,32.1336011133424,0.275616372775957,10.16,16.39,,Kiribati,KIR,,0.870214582333333,,,-10.1530505836028
1981.0,1,14.7971516299733,-5.72099045152937,,16.39,,Ghana,GHA,,0.000274852150537634,268425872.792209,,-9.92747367168792
1981.0,0,11.7673874344181,-0.740986389012875,9.2,16.39,,Bangladesh,BGD,11.1342857142857,17.9866916658333,159682645.465368,,-5.02042185545132
1981.0,0,6.34424277746325,0.529240541969116,,16.39,,Austria,AUT,,15.9268333323333,13676529640.2529,,
1981.0,0,13.3144055680071,1.18831474293866,7.54,16.39,,St. Kitts and Nevis,KNA,8.53548967099065,2.7,4015555.5570428,,-5.80586080586081
1981.0,0,,6.16795740650589,,16.39,,Finland,FIN,,4.31524999924711,1988162432.1307,,-0.911866486578685
1981.0,0,11.3057566509548,1.28938426892493,5.04,16.39,,Oman,OMN,,0.345399999,853184856.438353,,17.0342593308451
1981.0,1,7.51463890696157,4.27986747952673,,16.39,,Italy,ITA,,1136.76499999958,46635435135.1551,,-2.40319580477236
1981.0,0,13.6429608127722,1.59834395257764,2.03,16.39,,Kuwait,KWT,9.2775,0.278785332333333,5076728716.35365,,54.6679741493516
1981.0,0,4.91216291820523,4.26062449361741,2.2,16.39,,Malta,MLT,,0.386700832333333,1255104544.59639,,6.94580025138224
1981.0,0,12.9746974698193,9.17045884942912,,16.39,,United States,USA,18.87,1.0,123907234985.741,,0.149982491648844
1981.0,0,,,,16.39,,Australia,AUS,11.8333333333333,0.870214582333333,4824242557.36492,,
1981.0,0,12.6629930710215,5.90686776303639,1.26,16.39,,Virgin Islands (U.S.),VIR,,1.0,,,
1981.0,1,17.9689954960101,5.69952476661454,,16.39,,"Congo, Rep.",COG,,271.731452550327,127900257.410641,,-23.1101971972452
1981.0,1,37.0563415239514,-2.26165550729665,,16.39,,Iraq,IRQ,,1902.26533390822,7007264890.77748,,
1981.0,0,75.4332687576064,5.55204181484046,6.77,16.39,,Tonga,TON,,0.870249477236523,13981000.0,,-12.0012475720559
1981.0,0,9.48766603415561,3.34242019351289,5.784,16.39,,Eritrea,ERI,,2.07182506752915,,,
1981.0,0,6.80304177599257,-0.144294731083647,2.06,16.39,,Morocco,MAR,,5.17229583233333,509516094.701301,,-10.2747156555108
1981.0,0,12.4925283921001,-1.7434349305055,,16.39,,Panama,PAN,,1.0,119947433.483772,,-10.2442899333192
1981.0,1,19.1271820448877,,,16.39,,Angola,AGO,,2.9918e-08,,,
1981.0,0,101.725072957927,-4.24999999999956,3.99,16.39,,Philippines,PHL,15.3350833333333,7.89964999908333,2858396304.27165,,-5.08896567960587
1981.0,0,20.3735110701934,3.32521731639946,,16.39,,Fiji,FJI,,0.854626582333333,139492121.978374,,-13.0501957717297
1981.0,0,11.4330679503505,0.646858610432233,2.15,16.39,,Madagascar,MDG,,54.3460833258333,26521651.8852826,,-7.62349463194935
1981.0,1,,5.51407282903942,,16.39,,United Arab Emirates,ARE,,3.670999999,3471503445.10964,,
1982.0,0,21.6792837277095,2.1353747657862,,12.24,6.9346889958333335,St. Martin (French part),MAF,,6.57209999908333,,,
1982.0,1,18.9925012952182,-9.75787146088504,11.7,12.24,6.9346889958333335,Zimbabwe,ZWE,,0.000759945603885814,320466114.816859,,-7.39020941887537
1982.0,1,58.9134198531048,-0.0495863656386035,,12.24,6.9346889958333335,Lao PDR,LAO,,34.9999990650773,,,
1982.0,1,24.7209882528585,0.948420786604515,11.46,12.24,6.9346889958333335,Bulgaria,BGR,,,,,0.893775777657925
1982.0,0,3.916286779942,7.10214484891354,1.5,12.24,6.9346889958333335,Maldives,MDV,,7.17366666566667,8406398.35471126,,-39.8653010474251
1982.0,0,8.59886383332186,2.09306886432368,10.9,12.24,6.9346889958333335,"Hong Kong SAR, China",HKG,,6.06991666666667,,,
1982.0,0,5.30474040537993,5.60387642556786,,12.24,6.9346889958333335,Brazil,BRA,,7.76854427171099e-11,3997356017.94856,,-6.01406236239061
1982.0,0,11.4156931283651,5.49707592772934,,12.24,6.9346889958333335,St. Martin (French part),MAF,,6.57209999908333,,,
1982.0,0,16.4804146202214,0.413585694308892,9.03,12.24,6.9346889958333335,Niger,NER,,328.60625269899,,,-11.5390650361038
1982.0,0,7.89074279377487,3.47573323969961,,12.24,6.9346889958333335,Hungary,HUN,,36.630549999,,,-2.19931065493853
1982.0,1,16.2844880461285,0.614845351988635,,12.24,6.9346889958333335,Kenya,KEN,14.5,10.9223249994167,248102847.327518,,-4.74747963662649
1982.0,1,9.94102693041832,-11.5020620535762,19.6,12.24,6.9346889958333335,Mauritius,MUS,13.375,10.8725499995833,55135753.7479028,,-3.76171848727161
1982.0,0,6.8358050825954,2.84108854244893,,12.24,6.9346889958333335,Lesotho,LSO,17.0,1.08581583308333,47535431.3966519,,38.0056279669334
1982.0,0,6.54250963007673,6.40000411483896,,12.24,6.9346889958333335,Morocco,MAR,,6.023022499,539242246.951104,,-10.5533058846663
1982.0,0,9.44542534921144,2.24644534036375,2.85,12.24,6.9346889958333335,"Somalia, Fed. Rep.",SOM,11.5,10.750349999,15260308.8716208,,
1982.0,0,20.6667146662827,1.50647825757706,,12.24,6.9346889958333335,Pakistan,PAK,,11.8474666658333,1812777232.67859,,-2.58632587353653
1982.0,1,,,,12.24,6.9346889958333335,El Salvador,SLV,,2.5,344119829.449706,,-3.53143048146395
1982.0,1,90.1213328504166,-7.28556884666179,,12.24,6.9346889958333335,Finland,FIN,,4.8204166659427,2097669136.11326,,-1.74877777345292
1982.0,0,11.3409961685824,0.235322458035654,1.7,12.24,6.9346889958333335,Angola,AGO,,2.9918e-08,,,
1982.0,0,5.24104507228422,-0.394840735634787,,12.24,6.9346889958333335,Kenya,KEN,14.5,10.9223249994167,248102847.327518,,-4.74747963662649
1982.0,1,,-2.81278262868891,,12.24,6.9346889958333335,Syrian Arab Republic,SYR,,3.924999999,578680554.415279,,-1.53322957492586
1982.0,0,11.9784719523806,2.44251268690125,8.2,12.24,6.9346889958333335,Cabo Verde,CPV,,58.2933333324167,42738961.3361534,,-10.5515714469761
1982.0,0,10.1208256779823,3.89211245643591,10.0,12.24,6.9346889958333335,Oman,OMN,,0.345399999,999747149.957833,,6.46891982907139
1982.0,1,5.25907990316827,5.35234875066743,2.66,12.24,6.9346889958333335,Brazil,BRA,,7.76854427171099e-11,3997356017.94856,,-6.01406236239061
1982.0,1,4.25057176328124,5.34845643837734,8.41,12.24,6.9346889958333335,Togo,TGO,,328.60625269899,,,-7.48372634309313
1982.0,1,123.535718565329,-3.93873792499589,11.6,12.24,6.9346889958333335,Gabon,GAB,,328.60625269899,317641899.132668,,8.55076121567185
1982.0,1,100.54335919485,0.829999999999529,4.83,12.24,6.9346889958333335,Barbados,BRB,13.375,2.0,124370268.889382,,-6.85036236223836
1982.0,0,11.3518197573657,3.32864998005238,7.163,12.24,6.9346889958333335,Kiribati,KIR,,0.985862832333333,,,-8.10723145788127
1982.0,0,9.58492764677445,3.08671541654802,5.28,12.24,6.9346889958333335,"Egypt, Arab Rep.",EGY,15.0,0.700000700490701,1809313172.89459,,-6.6921090195543
1982.0,0,2.7410409556314,3.27974274279195,2.4,12.24,6.9346889958333335,United Kingdom,GBR,11.9309666666667,0.572446832333333,21083020684.6915,,1.55028160702169
1982.0,1,7.64624306606148,1.69870863097844,,12.24,6.9346889958333335,Uganda,UGA,14.5,0.940466666661667,78324323.5359274,,-3.20994831044514
1982.0,0,5.12006543713188,-1.39761771803515,5.61,12.24,6.9346889958333335,Bulgaria,BGR,,,,,0.893775777657925
1982.0,0,16.1636941231018,0.929683828408145,,12.24,6.9346889958333335,Virgin Islands (U.S.),VIR,,1.0,,,
1982.0,1,29.1375145022677,3.56322781218334,10.93,12.24,6.9346889958333335,Spain,ESP,,109.859166665833,14328182502.4806,,-2.32222961238958
1982.0,1,,,,12.24,6.9346889958333335,Mexico,MEX,,0.05640169999925,1777613441.72025,,-3.19009571351936
1982.0,0,,9.05928417062999,3.2,12.24,6.9346889958333335,France,FRA,,6.57209999908333,53929067047.0264,,-2.08979094420012
1982.0,0,,,,12.24,6.9346889958333335,Guinea-Bissau,GNB,,328.60625269899,,,-18.4761682880882
1982.0,1,,2.64479628533559,8.05,12.24,6.9346889958333335,Pakistan,PAK,,11.8474666658333,1812777232.67859,,-2.58632587353653
1982.0,0,6.13142700027493,-1.80301378934359,9.7,12.24,6.9346889958333335,Spain,ESP,,109.859166665833,14328182502.4806,,-2.32222961238958
1982.0,0,8.72654906555469,0.594986767578831,13.0,12.24,6.9346889958333335,Papua New Guinea,PNG,,0.738458332333333,481383143.023957,,-18.7766660737937
1982.0,1,22.2955664080893,-6.92365041055389,,12.24,6.9346889958333335,Brazil,BRA,,7.76854427171099e-11,3997356017.94856,,-6.01406236239061
1982.0,0,8.58918509047123,1.24866467425022,3.14,12.24,6.9346889958333335,Honduras,HND,16.5,2.0,119538465.15151,,-6.30612987981862
1982.0,1,10.2217271376892,3.69840609851109,5.5,12.24,6.9346889958333335,Turkiye,TUR,,0.000162553416665667,2802367063.36263,,-1.47896532662359
1982.0,0,,2.6342971465491,10.8,12.24,6.9346889958333335,Belize,BLZ,14.5916666666667,2.0,9837496.64180636,,
1982.0,1,,-0.735659159103619,4.73,12.24,6.9346889958333335,Panama,PAN,,1.0,100969746.179575,,-3.36408679454853
1982.0,1,8.98262170616892,4.3913059235414,7.3,12.24,6.9346889958333335,Kiribati,KIR,,0.985862832333333,,,-8.10723145788127
1982.0,1,10.7689718997139,-3.16615022065891,11.04,12.24,6.9346889958333335,Ghana,GHA,,0.000274852150537634,314337128.267335,,-2.65807659865766
1982.0,0,5.65510182392343,-1.30941759603877,0.4,12.24,6.9346889958333335,Bangladesh,BGD,11.1342857142857,22.1178833323333,208528928.652138,,-2.70261503542757
1982.0,0,5.91109658468384,-1.24075659484494,,12.24,6.9346889958333335,Austria,AUT,,17.0592499991667,14949075030.3479,,
1982.0,0,5.8189000297783,5.94315245801018,3.4,12.24,6.9346889958333335,St. Kitts and Nevis,KNA,8.53548967099065,2.7,3329259.26049232,,-10.1394988375097
1982.0,1,13.2960986995663,7.71578363090393,,12.24,6.9346889958333335,Finland,FIN,,4.8204166659427,2097669136.11326,,-1.74877777345292
1982.0,0,20.9910886220016,-1.13264739051145,4.94,12.24,6.9346889958333335,Oman,OMN,,0.345399999,999747149.957833,,6.46891982907139
1982.0,1,14.8230088495577,9.90717113397825,5.21,12.24,6.9346889958333335,Italy,ITA,,1352.50999999808,44552893204.4945,,-1.72753520994507
1982.0,0,50.2432263896761,2.15456624389918,,12.24,6.9346889958333335,Kuwait,KWT,9.38833333333333,0.287910999,7073280386.52919,,23.002753424156
1982.0,1,,,,12.24,6.9346889958333335,Malta,MLT,,0.412142499,1294711788.23185,,1.00239914244345
1982.0,0,7.69774724714249,-6.80338881534801,,12.24,6.9346889958333335,United States,USA,14.8608333333333,1.0,143444661762.222,,-0.347121184979076
1982.0,0,14.6390405853128,-0.383419108375435,,12.24,6.9346889958333335,Australia,AUS,13.2916666666667,0.985862832333333,9995391402.50795,,
1982.0,1,,-0.816361918743468,,12.24,6.9346889958333335,Virgin Islands (U.S.),VIR,,1.0,,,
1982.0,0,,0.0,,12.24,6.9346889958333335,"Congo, Rep.",COG,,328.60625269899,42223139.3938074,,-15.3447405639315
1982.0,1,103.55871886121,,,12.24,6.9346889958333335,Iraq,IRQ,,1922.92537384858,6950021390.58313,,
1982.0,1,14.4150020548327,1.2464617922282,16.0,12.24,6.9346889958333335,Tonga,TON,,0.985902364638112,15561000.0,,5.46282257276298
1982.0,0,,-0.493737604022272,,12.24,6.9346889958333335,Eritrea,ERI,,2.07182506752915,,,
1982.0,0,17.1471262037092,2.28346843284601,,12.24,6.9346889958333335,Morocco,MAR,,6.023022499,539242246.951104,,-10.5533058846663
1982.0,1,64.4481585387929,-0.2227234441863,6.98,12.24,6.9346889958333335,Panama,PAN,,1.0,100969746.179575,,-3.36408679454853
1982.0,1,11.7288868654679,-6.30847137584757,,12.24,6.9346889958333335,Angola,AGO,,2.9918e-08,,,
1982.0,0,0.307385561437072,-3.53008900954855,2.27,12.24,6.9346889958333335,Philippines,PHL,18.12,8.53999999941667,1740333168.63728,,-7.58185837353019
1982.0,1,10.5278072972983,8.95737202254297,11.503,12.24,6.9346889958333335,Fiji,FJI,,0.932448665666667,131991929.988815,,-7.05586744817797
1982.0,0,5.43603082512847,2.01125455462991,3.35,12.24,6.9346889958333335,Madagascar,MDG,,69.9471666641667,19959209.2954003,,-6.25574404152798
1982.0,1,10.8257491675687,4.14149570229377,,12.24,6.9346889958333335,United Arab Emirates,ARE,,3.670999999,2588863919.62548,,
1983.0,0,,,,9.09,5.888257380833333,St. Martin (French part),MAF,,7.62129166575,,,
1983.0,1,5.65008336345438,4.39109267988809,,9.09,5.888257380833333,Zambia,ZMB,13.0,0.001259,137306439.119532,,-7.91918587965177
1983.0,1,4.60930327269779,3.62434641923983,11.088,9.09,5.888257380833333,Lao PDR,LAO,,34.9999990650773,,,
1983.0,1,31.3902710198445,4.97108077727097,12.06,9.09,5.888257380833333,Bulgaria,BGR,,,,,0.212274402676638
1983.0,0,7.34107586057345,3.49152501258526,,9.09,5.888257380833333,Maldives,MDV,,7.049999999,4541130.18946881,,-41.8469462840324
1983.0,0,7.27989573279491,0.722965871831008,,9.09,5.888257380833333,"Hong Kong SAR, China",HKG,,7.26516666658333,,,
1983.0,1,19.5973170624765,1.57395603843689,11.13,9.09,5.888257380833333,Brazil,BRA,,2.49718172221135e-10,4561475256.47813,,-3.60335647458237
1983.0,0,1.19641076769694,8.55448210614414,1.69,9.09,5.888257380833333,St. Martin (French part),MAF,,7.62129166575,,,
1983.0,1,101.874938435992,-4.62412795987231,,9.09,5.888257380833333,Niger,NER,,381.066036024628,,,-3.42934069561961
1983.0,0,24.0027623802917,-0.173112539564684,7.3,9.09,5.888257380833333,Hungary,HUN,,42.671149999,1815690371.97009,,-0.826041886603901
1983.0,1,49.1973796505637,-10.274399195032,,9.09,5.888257380833333,Kenya,KEN,15.8333333333333,13.3115166659167,406428158.505212,,-0.790278464204043
1983.0,0,1.89971971348485,3.63019857277,2.6,9.09,5.888257380833333,Mauritius,MUS,15.0833333333333,11.7061999994167,32229095.5976597,,-1.7317566692905
1983.0,0,5.9671639303272,5.40000302451797,,9.09,5.888257380833333,Lesotho,LSO,15.4166666666667,1.11409999975,66677059.626642,,43.8193034024677
1983.0,0,10.0389105058366,-2.22582353017135,9.961,9.09,5.888257380833333,Morocco,MAR,,7.11132333233333,375256521.384788,,-5.45026319040028
1983.0,0,8.87302152363213,1.90063868064665,3.48,9.09,5.888257380833333,"Somalia, Fed. Rep.",SOM,12.0,15.7876583323333,16476672.9894171,,
1983.0,1,122.874514572592,-4.56373750458945,,9.09,5.888257380833333,Pakistan,PAK,,13.1169749993333,2682849896.94921,,0.150761542164496
1983.0,0,3.70423546319373,6.25223081092673,3.8,9.09,5.888257380833333,El Salvador,SLV,,2.5,339013745.59766,,-0.79284776028208
1983.0,1,5.86358802977368,2.56225358775578,12.018,9.09,5.888257380833333,Finland,FIN,,5.5700833326523,1722253272.63098,,-2.20633460869342
1983.0,1,8.2528116584826,6.99586711936102,,9.09,5.888257380833333,Angola,AGO,,2.9918e-08,,,
1983.0,0,2.94979443545723,0.639079378496405,0.9,9.09,5.888257380833333,Kenya,KEN,15.8333333333333,13.3115166659167,406428158.505212,,-0.790278464204043
1983.0,1,,4.34909327926756,4.17,9.09,5.888257380833333,Syrian Arab Republic,SYR,,3.924999999,369971303.914759,,-4.79837797273881
1983.0,0,,1.5853054617689,,9.09,5.888257380833333,Cabo Verde,CPV,,71.6858333325,45902521.0694201,,-9.6395809674599
1983.0,0,20.1794812892138,-1.07862273931177,7.804,9.09,5.888257380833333,Oman,OMN,,0.345399999,872445977.708088,,6.23380439900374
1983.0,0,,4.68191738527311,,9.09,5.888257380833333,Brazil,BRA,,2.49718172221135e-10,4561475256.47813,,-3.60335647458237
1983.0,1,16.079873883342,5.09440684048046,6.47,9.09,5.888257380833333,Togo,TGO,,381.066036024628,,,-4.01160009502239
1983.0,1,,,,9.09,5.888257380833333,Gabon,GAB,,381.066036024628,191704655.540394,,2.88787433239867
1983.0,1,135.027682230473,-2.92999999999996,4.62,9.09,5.888257380833333,Barbados,BRB,11.7916666666667,2.0,125586462.582897,,-7.09104607602574
1983.0,0,2.74084033162258,2.0699579926675,11.851,9.09,5.888257380833333,Kiribati,KIR,,1.11001499916667,,,15.6606576795186
1983.0,1,10.0293565620481,1.89695178959097,4.89,9.09,5.888257380833333,"Egypt, Arab Rep.",EGY,15.0,0.700000700490701,1698907670.24248,,-1.06429269398936
1983.0,1,,-9.8555302269491,11.49,9.09,5.888257380833333,United Kingdom,GBR,9.82526666666667,0.659724582333334,18593267595.7146,,1.0807797343564
1983.0,1,,4.61321162700499,,9.09,5.888257380833333,Uganda,UGA,16.1666666666667,1.5386249999925,106496136.737262,,-3.22439954114226
1983.0,0,23.2123315511559,-10.9240850339388,,9.09,5.888257380833333,Bulgaria,BGR,,,,,0.212274402676638
1983.0,1,14.6126112868811,-8.12651359274568,,9.09,5.888257380833333,Virgin Islands (U.S.),VIR,,1.0,,,
1983.0,0,,4.20000142853753,,9.09,5.888257380833333,Spain,ESP,,143.429916666333,12974277206.465,,-1.76386517415544
1983.0,0,83.9500461937034,-2.15116172402108,,9.09,5.888257380833333,Mexico,MEX,,0.1200935833325,4793446679.03658,,3.75623530178317
1983.0,0,7.66160983743883,0.311843009473307,11.66,9.09,5.888257380833333,France,FRA,,7.62129166575,51077749562.1383,,-0.933487508264091
1983.0,0,,10.7273706842105,2.3,9.09,5.888257380833333,Guinea-Bissau,GNB,,381.066036024628,,,-16.9322053176086
1983.0,1,3.21243523316065,4.58379098362749,9.6,9.09,5.888257380833333,Pakistan,PAK,,13.1169749993333,2682849896.94921,,0.150761542164496
1983.0,0,,,,9.09,5.888257380833333,Spain,ESP,,143.429916666333,12974277206.465,,-1.76386517415544
1983.0,0,5.58949801843939,0.383795309593225,,9.09,5.888257380833333,Papua New Guinea,PNG,11.5833333333333,0.836145832333333,463965452.038875,,-13.1665014634039
1983.0,1,27.2571946726204,-4.9352297090374,14.65,9.09,5.888257380833333,Brazil,BRA,,2.49718172221135e-10,4561475256.47813,,-3.60335647458237
1983.0,1,48.4182220804492,-0.336868770002951,,9.09,5.888257380833333,Honduras,HND,16.1,2.0,119720761.772095,,-5.70751585059432
1983.0,1,111.150635209157,-10.408085798297,9.2,9.09,5.888257380833333,Turkiye,TUR,,0.00022545708333225,2728450850.85496,,-3.11147147233528
1983.0,0,14.646576674877,1.16920342741862,8.531,9.09,5.888257380833333,Belize,BLZ,14.5916666666667,2.0,9305511.47698691,,
1983.0,0,11.8680812986734,7.28889290305703,,9.09,5.888257380833333,Panama,PAN,,1.0,206695890.707738,,3.35429081404249
1983.0,1,,-1.96668929762134,,9.09,5.888257380833333,Kiribati,KIR,,1.11001499916667,,,15.6606576795186
1983.0,0,3.29341474302854,1.57241014192158,6.449,9.09,5.888257380833333,Ghana,GHA,,0.000882522770144633,291305077.11062,,-4.24335765919776
1983.0,1,5.62862329448988,4.62794634845423,,9.09,5.888257380833333,Bangladesh,BGD,11.1342857142857,24.6154249995,545881210.093418,,-0.26009532576288
1983.0,0,8.3662926064564,3.10384880639285,5.43,9.09,5.888257380833333,Austria,AUT,,17.9633333325,12575296676.6522,,
1983.0,0,13.4337555631631,-3.0426178847186,8.25,9.09,5.888257380833333,St. Kitts and Nevis,KNA,8.53548967099065,2.7,3147777.77894362,,-16.9679399727149
1983.0,1,6.20793538870313,1.38656957735846,,9.09,5.888257380833333,Finland,FIN,,5.5700833326523,1722253272.63098,,-2.20633460869342
1983.0,0,3.33916453409534,2.97308783817583,4.11,9.09,5.888257380833333,Oman,OMN,,0.345399999,872445977.708088,,6.23380439900374
1983.0,1,32.6237081487831,2.86299270239464,,9.09,5.888257380833333,Italy,ITA,,1518.84833333283,45540036598.4987,,0.145705703970541
1983.0,0,13.9643880065001,4.81399096956454,,9.09,5.888257380833333,Kuwait,KWT,8.35166666666667,0.291476665666667,6160745770.34154,,25.446157933025
1983.0,1,25.534759358289,,,9.09,5.888257380833333,Malta,MLT,,0.432449165666667,1292365497.84076,,-0.416568443192583
1983.0,1,275.586283560362,-4.04212140271022,14.19,9.09,5.888257380833333,United States,USA,10.7941666666667,1.0,123110064423.481,,-1.21688325768745
1983.0,1,,,,9.09,5.888257380833333,Australia,AUS,12.4166666666667,1.11001499916667,11987781859.6967,,
1983.0,1,2.10284124368167,-4.49136434642946,9.71,9.09,5.888257380833333,Virgin Islands (U.S.),VIR,,1.0,,,
1983.0,0,6.90822881158842,2.65480394401855,9.745,9.09,5.888257380833333,"Congo, Rep.",COG,,381.066036024628,11709254.94424,,-19.1156156143802
1983.0,0,11.3977827368523,1.3090502411486,,9.09,5.888257380833333,Iraq,IRQ,,2002.38557942674,6753651473.59991,,
1983.0,0,11.7997382076652,4.1929673681999,,9.09,5.888257380833333,Tonga,TON,,1.11005950987325,20953000.0,,1.31274926515967
1983.0,1,3.72653662124075,5.58420246919084,2.9,9.09,5.888257380833333,Eritrea,ERI,,2.07182506752915,,,
1983.0,0,8.46524432209222,3.97300737987926,2.04,9.09,5.888257380833333,Morocco,MAR,,7.11132333233333,375256521.384788,,-5.45026319040028
1983.0,0,9.45954847235318,1.26205761797051,7.918,9.09,5.888257380833333,Panama,PAN,,1.0,206695890.707738,,3.35429081404249
1983.0,0,10.4476255348594,-0.244301213870017,14.764,9.09,5.888257380833333,Angola,AGO,,2.9918e-08,,,
1983.0,0,12.3032053006006,-1.84655774595063,,9.09,5.888257380833333,Philippines,PHL,19.2379166664167,11.1127166658333,857185290.819172,,-7.33861277638986
1983.0,0,4.53867815133253,-2.57209144433914,,9.09,5.888257380833333,Fiji,FJI,,1.01702033233333,120053584.731141,,-4.9308331873045
1983.0,1,12.1740727351699,1.77011581051299,17.49,9.09,5.888257380833333,Madagascar,MDG,,86.0898333333333,29225634.7171917,,-5.27244208355967
1983.0,1,13.3143177303524,1.53902528398682,,9.09,5.888257380833333,United Arab Emirates,ARE,,3.670999999,2384157753.81783,,
1984.0,1,11.5071695057309,1.3352580295922,,10.23,6.6373992375,St. Martin (French part),MAF,,8.73909999958333,,,
1984.0,0,3.40675011837794,0.496697752643456,,10.23,6.6373992375,Zimbabwe,ZWE,,0.00125893678408442,259960292.488952,,-0.674045337885653
1984.0,1,11.2802765604038,1.78468751370853,20.25,10.23,6.6373992375,Lao PDR,LAO,,34.9999990650773,,,-6.91463415116002
1984.0,1,,,,10.23,6.6373992375,Bulgaria,BGR,,,,,3.07278862401186
1984.0,1,1281.34994174486,-0.200665696939325,14.66,10.23,6.6373992375,Maldives,MDV,,7.04999999958333,5129802.09569767,,-14.8853626943005
1984.0,1,,6.00000216509056,14.2,10.23,6.6373992375,"Hong Kong SAR, China",HKG,,7.818,,,
1984.0,1,1.58264332858587,2.70947377305887,10.08,10.23,6.6373992375,Brazil,BRA,,7.99741323974138e-10,11960814096.9956,,0.017521506074345
1984.0,0,6.29077936023771,4.33934505132922,8.867,10.23,6.6373992375,St. Martin (French part),MAF,,8.73909999958333,,,
1984.0,1,0.864898430279321,5.75243025148993,2.9,10.23,6.6373992375,Niger,NER,,436.956665788008,,,0.0819107267696866
1984.0,0,10.4550392231412,6.97552780884124,,10.23,6.6373992375,Hungary,HUN,,48.0422083329167,2196042504.19139,,0.183430955962035
1984.0,1,10.284098213138,1.75521697703473,,10.23,6.6373992375,Kenya,KEN,14.4166666666667,14.4138749994167,414388461.981152,,-2.04946964798652
1984.0,0,6.21827411167512,6.05238132229337,2.9,10.23,6.6373992375,Mauritius,MUS,13.25,13.8003333328333,35170100.9569767,,-4.84424708206638
1984.0,1,,-0.336834899256019,,10.23,6.6373992375,Lesotho,LSO,17.5833333333333,1.47527749975,48576065.2448819,,47.8490526479608
1984.0,0,7.67380262247321,1.60947146551595,9.533,10.23,6.6373992375,Morocco,MAR,,8.81053583275,265729346.698837,,-6.63891398714746
1984.0,0,2.4057933993196,2.82294783585535,6.673,10.23,6.6373992375,"Somalia, Fed. Rep.",SOM,12.0,20.0185499995833,6956602.87162736,,
1984.0,1,20.1516781053536,1.25289597452468,,10.23,6.6373992375,Pakistan,PAK,,14.0463333330833,1610425669.5035,,-3.80048637214436
1984.0,0,20.3114625460255,2.81659944601458,7.33,10.23,6.6373992375,El Salvador,SLV,,2.5,310473964.191395,,-1.46708478400945
1984.0,0,7.06765638328172,3.22653291609758,5.12,10.23,6.6373992375,Finland,FIN,,6.00999999977647,3145826967.05818,,-0.0390307790310157
1984.0,0,,,,10.23,6.6373992375,Angola,AGO,,2.9918e-08,,,
1984.0,0,16.6382537479217,5.09914655789932,,10.23,6.6373992375,Kenya,KEN,14.4166666666667,14.4138749994167,414388461.981152,,-2.04946964798652
1984.0,1,11.9474270118864,8.02410790730326,,10.23,6.6373992375,Syrian Arab Republic,SYR,,3.92499999958333,524999208.624065,,-4.53634493376868
1984.0,0,28.3846388897103,-1.87997986277209,,10.23,6.6373992375,Cabo Verde,CPV,,84.8779166661667,40990516.6133251,,-4.85922050376483
1984.0,0,5.66318573909351,0.0512751573205321,3.8,10.23,6.6373992375,Oman,OMN,10.348,0.345397499583333,989190245.184965,,3.43299250734983
1984.0,0,12.4475693291853,6.41838632129115,,10.23,6.6373992375,Brazil,BRA,,7.99741323974138e-10,11960814096.9956,,0.017521506074345
1984.0,1,16.1616171361426,3.35068373940706,13.0,10.23,6.6373992375,Togo,TGO,,436.956665788008,,,2.58175381502598
1984.0,0,8.04424238994422,4.22953525809793,3.07,10.23,6.6373992375,Gabon,GAB,,436.956665788008,203334402.312198,,3.16411772419284
1984.0,1,65.4488071277602,3.51341334932273,,10.23,6.6373992375,Barbados,BRB,11.5,2.0,134385154.862091,,-2.43451568198597
1984.0,1,55.3044235418763,-1.142617449752,9.94,10.23,6.6373992375,Kiribati,KIR,,1.13951916591667,,,34.9196679522013
1984.0,0,8.46785487646018,2.65804768265939,,10.23,6.6373992375,"Egypt, Arab Rep.",EGY,15.0,0.700000700204867,1485991444.00965,,-5.55386591533602
1984.0,0,8.116397955171,5.59999652938126,,10.23,6.6373992375,United Kingdom,GBR,9.6801,0.75180666625,15306822447.5626,,0.397286079597483
1984.0,1,48.3923231346863,6.71201571206028,11.92,10.23,6.6373992375,Uganda,UGA,21.9166666666667,3.597024999995,67907171.2167412,,2.86376682812996
1984.0,0,6.17125347924442,4.79269943541195,,10.23,6.6373992375,Bulgaria,BGR,,,,,3.07278862401186
1984.0,0,2.26161369193155,4.41088015355157,2.7,10.23,6.6373992375,Virgin Islands (U.S.),VIR,,1.0,,,
1984.0,0,,15.2325609955089,1.9,10.23,6.6373992375,Spain,ESP,,160.760999999667,16464821364.9284,,1.03360919597488
1984.0,0,6.34177491009126,2.46638245146747,11.882,10.23,6.6373992375,Mexico,MEX,,0.167827583332667,8018704802.99307,,2.27052210707829
1984.0,0,4.96071097821927,2.67092491032817,10.901,10.23,6.6373992375,France,FRA,,8.73909999958333,46174644006.7021,,-0.166846364681241
1984.0,0,4.84631154769053,4.9327280261799,,10.23,6.6373992375,Guinea-Bissau,GNB,,436.956665788008,,,-18.1954304988678
1984.0,1,19.8602056602626,3.98371018713553,13.91,10.23,6.6373992375,Pakistan,PAK,,14.0463333330833,1610425669.5035,,-3.80048637214436
1984.0,1,,,,10.23,6.6373992375,Spain,ESP,,160.760999999667,16464821364.9284,,1.03360919597488
1984.0,1,4.30053547523429,7.23645316474058,7.5,10.23,6.6373992375,Papua New Guinea,PNG,10.6391666666667,0.89855166625,454590614.851387,,-11.342973461573
1984.0,0,7.38916256169471,4.69838572777768,,10.23,6.6373992375,Brazil,BRA,,7.99741323974138e-10,11960814096.9956,,0.017521506074345
1984.0,0,2.60098522167485,8.79228623912256,2.69,10.23,6.6373992375,Honduras,HND,16.2,2.0,133089633.531163,,-7.85255217251048
1984.0,1,11.526481434496,5.09915163001477,,10.23,6.6373992375,Turkiye,TUR,,0.000366677833333167,2442157927.26788,,-2.40083010942351
1984.0,0,,,,10.23,6.6373992375,Belize,BLZ,14.5916666666667,2.0,6072200.27825425,,-1.82538315825728
1984.0,1,31.2195815120372,2.62527326806389,,10.23,6.6373992375,Panama,PAN,,1.0,215639208.382791,,-3.27166966467294
1984.0,0,8.9000000000001,5.74884326252969,,10.23,6.6373992375,Kiribati,KIR,,1.13951916591667,,,34.9196679522013
1984.0,1,110.208519562543,3.60828653816966,10.5,10.23,6.6373992375,Ghana,GHA,,0.00359668442513757,437210812.574186,,-0.879363988157938
1984.0,0,8.3189071186008,3.82073785610604,,10.23,6.6373992375,Bangladesh,BGD,11.1342857142857,25.3539333850833,408085833.850912,,-2.52446691018841
1984.0,0,3.96039603960396,4.5644786594345,8.987,10.23,6.6373992375,Austria,AUT,,20.0090833326667,10759891540.7682,,
1984.0,0,10.7944960076811,3.22585239030356,9.404,10.23,6.6373992375,St. Kitts and Nevis,KNA,9.48387741221184,2.7,5650740.74283361,,-4.39845246591293
1984.0,1,,1.57073870182023,3.54,10.23,6.6373992375,Finland,FIN,,6.00999999977647,3145826967.05818,,-0.0390307790310157
1984.0,1,4.72636815920389,2.35846275081614,,10.23,6.6373992375,Oman,OMN,10.348,0.345397499583333,989190245.184965,,3.43299250734983
1984.0,0,2.93145669136625,3.00845657385564,1.1,10.23,6.6373992375,Italy,ITA,,1756.96083333183,41349282775.6336,,-0.730455998948556
1984.0,1,4.30477830391737,5.8985694010334,11.344,10.23,6.6373992375,Kuwait,KWT,8.5775,0.296061916166667,5372970179.84865,,29.6206682856126
1984.0,1,39.6653137947268,8.64756945671597,,10.23,6.6373992375,Malta,MLT,,0.461034165916667,1133890944.77227,,0.74807466958359
1984.0,1,,5.22290283259414,12.86,10.23,6.6373992375,United States,USA,12.0425,1.0,104855936881.377,,-2.45214189670976
1984.0,1,3.89727260149768,7.76179012218883,5.84,10.23,6.6373992375,Australia,AUS,11.5,1.13951916591667,9886483620.48083,,
1984.0,1,50.3389756374498,-7.0393782012259,7.03,10.23,6.6373992375,Virgin Islands (U.S.),VIR,,1.0,,,
1984.0,0,3.30164075759304,3.06167906924874,,10.23,6.6373992375,"Congo, Rep.",COG,,436.956665788008,7535939.86281927,,9.58226395874383
1984.0,1,15.4009994265582,,,10.23,6.6373992375,Iraq,IRQ,,2002.38558318428,6744749010.47849,,
1984.0,0,18.4568132050187,2.01058093704644,8.1,10.23,6.6373992375,Tonga,TON,,1.13956485971655,26017000.0,,-0.400474983553625
1984.0,0,17.0363663799608,9.74576271171259,5.89,10.23,6.6373992375,Eritrea,ERI,,2.07182506752915,,,
1984.0,0,8.65111053796386,4.35437267775501,16.438,10.23,6.6373992375,Morocco,MAR,,8.81053583275,265729346.698837,,-6.63891398714746
1984.0,1,30.8523970770909,4.12911824601976,,10.23,6.6373992375,Panama,PAN,,1.0,215639208.382791,,-3.27166966467294
1984.0,1,2.54220966810047,9.48172665292533,,10.23,6.6373992375,Angola,AGO,,2.9918e-08,,,
1984.0,0,17.8205332860842,-1.11562321716821,,10.23,6.6373992375,Philippines,PHL,28.1951666664167,16.6987083329167,844406804.173814,,-3.62158767735571
1984.0,1,192.121733132051,5.39999999999988,4.04,10.23,6.6373992375,Fiji,FJI,,1.08259666608333,120842689.125105,,-1.56120176750965
1984.0,1,,-1.56609391319724,,10.23,6.6373992375,Madagascar,MDG,,115.3285,58899720.6417429,,-4.94886495208731
1984.0,0,,-1.9073601101602,,10.23,6.6373992375,United Arab Emirates,ARE,,3.67099999958333,2538886189.4422,,
1985.0,1,,-4.08185148731935,3.2,8.1,5.660392525833333,St. Martin (French part),MAF,,8.98522499975,,,
1985.0,0,12.1067560598247,5.79150579142357,,8.1,5.660392525833333,Zimbabwe,ZWE,,0.00161551637711188,345468089.630931,,-1.13630216180328
1985.0,0,0.480122911465343,-0.622701650113157,4.27,8.1,5.660392525833333,Lao PDR,LAO,,54.9999985308358,,,-4.81690151247769
1985.0,1,,-5.18902435343904,5.3,8.1,5.660392525833333,Bulgaria,BGR,,,,,-0.774387345934593
1985.0,1,,,,8.1,5.660392525833333,Maldives,MDV,,7.09808333333333,4591968.3655536,,-4.32421355782012
1985.0,1,,3.49999949008608,14.9,8.1,5.660392525833333,"Hong Kong SAR, China",HKG,,7.79075,,,
1985.0,1,16.2942252426421,-1.21154088240387,,8.1,5.660392525833333,Brazil,BRA,,2.68324234084592e-09,11617955161.6872,,-0.132777032570129
1985.0,0,6.69870394658498,6.9544754614702,,8.1,5.660392525833333,St. Martin (French part),MAF,,8.98522499975,,,
1985.0,0,5.39548620170352,3.08561465915007,17.92,8.1,5.660392525833333,Niger,NER,,449.262962711607,,,-4.44144017856569
1985.0,1,3.54564415209365,4.16957534699196,7.2,8.1,5.660392525833333,Hungary,HUN,,50.1194,2914082778.55888,,-2.11501606440306
1985.0,0,6.94234501879147,-0.253067484662495,,8.1,5.660392525833333,Kenya,KEN,14.0,16.4321166665,416724735.061511,,-1.87478428906864
1985.0,0,6.07139434015119,3.59938143817158,11.48,8.1,5.660392525833333,Mauritius,MUS,13.8333333333333,15.4424833331667,42240120.913884,,-2.70755756197359
1985.0,1,11749.6396321438,-1.67638978272157,19.28,8.1,5.660392525833333,Lesotho,LSO,19.6666666666667,2.22867499941667,43520456.9420035,,52.9105979559165
1985.0,1,30.7034989096151,3.55239860775048,,8.1,5.660392525833333,Morocco,MAR,,10.0624941664167,345295873.462214,,-5.94056592475513
1985.0,0,3.96203054065205,4.73768081475092,10.502,8.1,5.660392525833333,"Somalia, Fed. Rep.",SOM,19.0,39.4871416666667,8786945.19909335,,
1985.0,0,3.43539935298269,3.67359579947677,1.0,8.1,5.660392525833333,Pakistan,PAK,,15.92839166625,1429436612.12654,,-3.42647654062989
1985.0,0,6.80756655768333,2.85100023868532,,8.1,5.660392525833333,El Salvador,SLV,,2.5,333072336.731107,,-0.754663639732212
1985.0,1,31.9946290240703,3.29284143329744,,8.1,5.660392525833333,Finland,FIN,,6.19789583316667,4375152168.9321,,-1.44344195524999
1985.0,0,4.86873399496944,1.65179297063331,11.321,8.1,5.660392525833333,Angola,AGO,,2.9918e-08,,,2.58139146821178
1985.0,0,,13.435474366529,1.8,8.1,5.660392525833333,Kenya,KEN,14.0,16.4321166665,416724735.061511,,-1.87478428906864
1985.0,1,3.36267523608605,4.66822602953714,,8.1,5.660392525833333,Syrian Arab Republic,SYR,,3.925,355444602.811951,,-5.83715470111145
1985.0,1,7.7286389008592,6.00765207144033,,8.1,5.660392525833333,Cabo Verde,CPV,,91.6316666663333,55357731.5780941,,-6.48877026735916
1985.0,1,,0.867445543503692,13.16,8.1,5.660392525833333,Oman,OMN,10.236,0.345395,1184621071.20914,,-0.101276081520764
1985.0,1,163.399505243688,2.06113206625895,11.79,8.1,5.660392525833333,Brazil,BRA,,2.68324234084592e-09,11617955161.6872,,-0.132777032570129
1985.0,0,7.37257458126246,2.16037374917175,2.83,8.1,5.660392525833333,Togo,TGO,,449.262962711607,,,-2.54714631101484
1985.0,0,7.25436179981635,5.6485732365982,,8.1,5.660392525833333,Gabon,GAB,,449.262962711607,196666668.279435,,-4.86504498812799
1985.0,0,9.20599144253118,2.79808575480784,9.404,8.1,5.660392525833333,Barbados,BRB,10.5625,2.0,141755187.662566,,-0.374449432098751
1985.0,1,24.090174368125,3.1071061957296,13.89,8.1,5.660392525833333,Kiribati,KIR,,1.4318949995,,,-6.57033565578353
1985.0,1,,,,8.1,5.660392525833333,"Egypt, Arab Rep.",EGY,15.0,0.7000007000007,1587362857.64499,,-4.65076269628491
1985.0,1,27.9936107429224,3.93500141252335,,8.1,5.660392525833333,United Kingdom,GBR,12.2529833333333,0.77924599975,19081735746.9244,,0.677370024918344
1985.0,0,72.2225644287756,1.46653602887281,,8.1,5.660392525833333,Uganda,UGA,24.0,6.72020000000583,27288400.7029877,,0.130632123539501
1985.0,1,57.7484484008702,1.91921578613494,,8.1,5.660392525833333,Bulgaria,BGR,,,,,-0.774387345934593
1985.0,0,6.734693877551,5.28169814609451,8.258,8.1,5.660392525833333,Virgin Islands (U.S.),VIR,,1.0,,,
1985.0,0,5.55642423236554,5.25429922311382,,8.1,5.660392525833333,Spain,ESP,,170.044083333167,15966405780.3163,,1.54179312982115
1985.0,0,3.18951681805193,2.49867884980837,3.6,8.1,5.660392525833333,Mexico,MEX,,0.256871583333167,5678880167.02442,,0.4097498554593
1985.0,0,19.4614100078696,2.80743961484895,8.18,8.1,5.660392525833333,France,FRA,,8.98522499975,53354349369.5139,,-0.00632248222825551
1985.0,0,1.48118012235429,4.99940636872589,,8.1,5.660392525833333,Guinea-Bissau,GNB,,449.262962711607,,,-20.269593555121
1985.0,1,23.1031071803888,-6.85837720864683,6.07,8.1,5.660392525833333,Pakistan,PAK,,15.92839166625,1429436612.12654,,-3.42647654062989
1985.0,1,18.6867912971238,-0.609338955584263,,8.1,5.660392525833333,Spain,ESP,,170.044083333167,15966405780.3163,,1.54179312982115
1985.0,1,15.0574196445756,0.721601729268301,,8.1,5.660392525833333,Papua New Guinea,PNG,11.5416666666667,1.00031416641667,463143686.989455,,-5.02418007846706
1985.0,0,2.2585844298862,2.58017979341983,10.48,8.1,5.660392525833333,Brazil,BRA,,2.68324234084592e-09,11617955161.6872,,-0.132777032570129
1985.0,0,7.43534482758635,5.91302745911393,,8.1,5.660392525833333,Honduras,HND,16.3,2.0,111032000.0,,-5.08627455121027
1985.0,0,8.81445506678387,2.3214357659951,21.64,8.1,5.660392525833333,Turkiye,TUR,,0.000521983083333166,2317544642.7686,,-1.50670598794717
1985.0,0,2.0322773460849,5.15980790450274,2.6,8.1,5.660392525833333,Belize,BLZ,14.5916666666667,2.0,14812996.7294923,,3.15001740341107
1985.0,1,10.4238402303886,3.92721953798056,,8.1,5.660392525833333,Panama,PAN,,1.0,97962478.0316344,,1.14805172641068
1985.0,1,45.3361755532178,-2.12253497623708,,8.1,5.660392525833333,Kiribati,KIR,,1.4318949995,,,-6.57033565578353
1985.0,1,13.0065664218827,4.30056181879613,,8.1,5.660392525833333,Ghana,GHA,,0.00543357715053764,552078778.558875,,-2.97271052447471
1985.0,0,5.19562195429435,3.54005438717211,5.0,8.1,5.660392525833333,Bangladesh,BGD,11.1342857142857,27.9945916666667,356198543.655536,,-2.04311325466852
1985.0,0,4.72453518543398,2.46214356422551,2.1,8.1,5.660392525833333,Austria,AUT,,20.6894999998333,11678513739.8946,,
1985.0,0,15.4176555719917,1.61533460118027,,8.1,5.660392525833333,St. Kitts and Nevis,KNA,10.985491335812,2.7,7414814.81756104,,-6.01561457360203
1985.0,0,19.3146929406642,2.50955640237393,7.8,8.1,5.660392525833333,Finland,FIN,,6.19789583316667,4375152168.9321,,-1.44344195524999
1985.0,1,10.3054406698295,5.09161727201138,,8.1,5.660392525833333,Oman,OMN,10.236,0.345395,1184621071.20914,,-0.101276081520764
1985.0,1,2.43173123433475,4.64724035659331,4.93,8.1,5.660392525833333,Italy,ITA,,1909.439166664,37396565945.5184,,-0.901971773297405
1985.0,1,,1.61531036759311,,8.1,5.660392525833333,Kuwait,KWT,8.7475,0.300753249916667,6300968641.47627,,22.3722825469934
1985.0,0,4.6787514518325,4.15308383294486,7.797,8.1,5.660392525833333,Malta,MLT,,0.469154999833333,1139325497.3638,,-2.30730980160412
1985.0,1,225.989665211895,7.85000000000042,3.38,8.1,5.660392525833333,United States,USA,9.93333333333334,1.0,117981972231.986,,-2.86830150595336
1985.0,0,5.71485463958579,5.55340495751861,2.32,8.1,5.660392525833333,Australia,AUS,12.4166666666667,1.4318949995,8361034036.62566,,
1985.0,0,5.83109973854516,1.56907436604108,10.259,8.1,5.660392525833333,Virgin Islands (U.S.),VIR,,1.0,,,
1985.0,0,2.0662330121658,2.32793520067574,6.875,8.1,5.660392525833333,"Congo, Rep.",COG,,449.262962711607,7593095.0256717,,-7.46302019432509
1985.0,1,0.346458791259884,-1.02525025342071,6.92,8.1,5.660392525833333,Iraq,IRQ,,2002.38558586824,6744710984.18278,,
1985.0,0,44.9617301528779,4.24133571639942,11.21,8.1,5.660392525833333,Tonga,TON,,1.43195241733509,27509829.5254833,,-3.47555718094624
1985.0,0,10.4822870444467,3.69999725488672,,8.1,5.660392525833333,Eritrea,ERI,,2.07182506752915,,,
1985.0,1,11.5212607368495,,,8.1,5.660392525833333,Morocco,MAR,,10.0624941664167,345295873.462214,,-5.94056592475513
1985.0,0,,,,8.1,5.660392525833333,Panama,PAN,,1.0,97962478.0316344,,1.14805172641068
1985.0,1,25.2107164358818,4.5231356783092,5.13,8.1,5.660392525833333,Angola,AGO,,2.9918e-08,,,2.58139146821178
1985.0,1,1.02661989275157,4.94223365153981,12.34,8.1,5.660392525833333,Philippines,PHL,28.6116666666667,18.6073416665,1098200551.84534,,-0.10297045051637
1985.0,0,,6.94438776760782,,8.1,5.660392525833333,Fiji,FJI,,1.15355416625,134466185.061511,,1.64083841438865
1985.0,1,,,,8.1,5.660392525833333,Madagascar,MDG,,132.4955,48443936.7311072,,-4.827026549002
1985.0,1,22.3283750554416,0.614316239316253,16.95,8.1,5.660392525833333,United Arab Emirates,ARE,,3.671,3471498477.32865,,
1986.0,1,0.737002855391939,1.24059492750688,8.29,6.8,4.048303089166667,"Macao SAR, China",MAC,6.5,8.01315833333333,103053911.653807,,
1986.0,1,11.8350618936099,5.53625084315689,,6.8,4.048303089166667,South Africa,ZAF,14.3333333333333,2.28503166641667,2254162463.93404,,3.77065373212746
1986.0,0,7.97636193570627,4.35554691657009,,6.8,4.048303089166667,Kuwait,KWT,8.62833333333334,0.290594666583333,6493639575.43209,,31.367701374047
1986.0,1,1.14813777653338,3.51068403005506,6.43,6.8,4.048303089166667,Bangladesh,BGD,12.99,30.4069,434858727.396683,,-2.87122454357184
1986.0,1,77.9210255473595,9.42596236073652,5.32,6.8,4.048303089166667,Madagascar,MDG,,135.268166666667,114524463.934045,,-3.28096474425592
1986.0,0,5.82354691862017,2.85997186889063,10.535,6.8,4.048303089166667,Guyana,GUY,15.0,4.27241666666667,9000000.0,,
1986.0,1,23.0302261142618,3.46478251574867,,6.8,4.048303089166667,Bolivia,BOL,,1.92195833333333,513310580.538569,,-9.81625208725518
1986.0,1,18.8424631612406,5.82407613745866,12.94,6.8,4.048303089166667,"Macao SAR, China",MAC,6.5,8.01315833333333,103053911.653807,,
1986.0,0,,,,6.8,4.048303089166667,New Caledonia,NCL,,125.928813465,,,
1986.0,1,76.3806364119544,8.80980829469384,10.7,6.8,4.048303089166667,Haiti,HTI,,5.0,22839801.1943488,,-1.93688448990915
1986.0,0,4.19478629085621,2.12148083355379,9.593,6.8,4.048303089166667,Japan,JPN,,168.519833333083,51727340939.9207,,
1986.0,1,,6.07980818844057,10.93,6.8,4.048303089166667,Mauritania,MRT,12.0,7.43749999998334,52714501.5907673,,-16.3711950009784
1986.0,0,1.70544456731973,2.30139279474186,3.12,6.8,4.048303089166667,Sri Lanka,LKA,,28.01733333325,377188000.9,,-6.51148135328221
1986.0,0,23.0154508205013,0.517660006338886,7.356,6.8,4.048303089166667,St. Martin (French part),MAF,,6.92609166666667,,,
1986.0,0,4.23591011089793,2.69132318957357,2.23,6.8,4.048303089166667,San Marino,SMR,,1490.80999999875,,,
1986.0,1,55.8282208588966,0.723893955923913,13.0,6.8,4.048303089166667,Oman,OMN,9.9165,0.381981916666667,1080834344.11327,,-14.1973790061814
1986.0,1,24.5654160765001,5.19916067974877,,6.8,4.048303089166667,Sierra Leone,SLE,17.1875,0.01609213333325,13654727.0436559,,28.712450822981
1986.0,1,2.53427598892888,7.17755539065963,,6.8,4.048303089166667,Ethiopia,ETH,7.25,2.07,332198100.0,,-3.24092628403195
1986.0,1,5.71715145436302,0.0609452742066878,3.94,6.8,4.048303089166667,Afghanistan,AFG,,39.276429270146,635742142.31282,,
1986.0,1,1.84167596806046,5.53382776724771,3.5,6.8,4.048303089166667,Japan,JPN,,168.519833333083,51727340939.9207,,
1986.0,0,5.82266576732484,5.87504510359864,2.59,6.8,4.048303089166667,Seychelles,SYC,,6.17679166666667,7748927.86809047,,-15.0552771095238
1986.0,1,13.2133980640021,2.70564214390055,4.186,6.8,4.048303089166667,Comoros,COM,,346.302968978403,17769157.272328,,-6.07633451199021
1986.0,0,0.595586799453249,3.29404761349421,2.8,6.8,4.048303089166667,New Zealand,NZL,,1.91316083308333,3779914173.39165,,
1986.0,1,31.7425972672999,4.96483566571362,6.1,6.8,4.048303089166667,Bolivia,BOL,,1.92195833333333,513310580.538569,,-9.81625208725518
1986.0,0,2.93357920442327,2.75509931172768,5.32,6.8,4.048303089166667,Chad,TCD,,346.305903554493,20248623.259573,,-5.5600974872436
1986.0,1,16.5499681731383,,,6.8,4.048303089166667,"Micronesia, Fed. Sts.",FSM,,1.0,,,
1986.0,1,7.6389726657993,3.52199319901496,,6.8,4.048303089166667,Brazil,BRA,,5.90968226749251e-09,8184181031.96702,,-2.07071987979993
1986.0,0,-0.129413360854742,2.28733925852798,6.608,6.8,4.048303089166667,Kenya,KEN,14.0,16.2257416665,444494690.152961,,-0.621487120747491
1986.0,1,2.24515251162269,3.57797925430461,,6.8,4.048303089166667,Ecuador,ECU,,122.779241666667,806084056.626462,,-3.80040967405147
1986.0,0,12.3716091651299,0.400001002799627,,6.8,4.048303089166667,Gabon,GAB,,346.305903554493,131275302.185599,,-31.0681259413846
1986.0,1,3.67818411863452,4.73340611933794,6.033,6.8,4.048303089166667,Tanzania,TZA,,32.6980166664167,61090008.9293359,,-2.96165193064934
1986.0,0,12.3313334897219,4.14095608461172,8.698,6.8,4.048303089166667,Bangladesh,BGD,12.99,30.4069,434858727.396683,,-2.87122454357184
1986.0,0,9.05035054174634,3.96976309787884,8.081,6.8,4.048303089166667,"Venezuela, RB",VEN,8.48666666666667,0.00808333333333333,10917160674.7398,,-3.70975512362386
1986.0,1,8.73355918706675,9.27110576948627,,6.8,4.048303089166667,Eritrea,ERI,,2.07182506752915,,,
1986.0,0,8.72972072702581,4.77656416847516,,6.8,4.048303089166667,Maldives,MDV,,7.15073333333333,6914463.93404523,,-0.208041146185758
1986.0,0,36.9311212965016,0.143049595525113,,6.8,4.048303089166667,Fiji,FJI,,1.13286583325,175390088.919917,,1.29985652299845
1986.0,1,9.32546190007652,-1.05734875697635,,6.8,4.048303089166667,"Gambia, The",GMB,28.0,6.92497108826107,13562845.8894475,,1.66518287354913
1986.0,1,19.4768379232582,5.40556438635799,8.71,6.8,4.048303089166667,Oman,OMN,9.9165,0.381981916666667,1080834344.11327,,-14.1973790061814
1986.0,0,6.16438356164371,-1.44698841417973,,6.8,4.048303089166667,Eritrea,ERI,,2.07182506752915,,,
1986.0,0,3.42760940369314,4.01232987098167,11.508,6.8,4.048303089166667,Philippines,PHL,17.53375,20.3856833333333,2611227692.61434,,2.80105391342831
1986.0,1,276.335967563202,-2.57388420056624,19.76,6.8,4.048303089166667,Bolivia,BOL,,1.92195833333333,513310580.538569,,-9.81625208725518
1986.0,0,,8.93506493506504,2.0,6.8,4.048303089166667,"Hong Kong SAR, China",HKG,,7.80333333333333,,,
1986.0,0,0.750309839410783,1.85863294100406,0.8,6.8,4.048303089166667,Tunisia,TUN,,0.794029166666667,378244570.636001,,-6.70353470822905
1986.0,0,1.2943681910248,1.82276203316596,11.28,6.8,4.048303089166667,"Bahamas, The",BHS,9.25,1.0,231498467.823811,,0.930232558139535
1986.0,1,86.2333169923538,-3.92995990782299,,6.8,4.048303089166667,Pakistan,PAK,,16.6475083330833,1464868890.78015,,-1.99398424722894
1986.0,1,4.35272383207559,5.53564279745997,12.12,6.8,4.048303089166667,Kenya,KEN,14.0,16.2257416665,444494690.152961,,-0.621487120747491
1986.0,0,22.1284011876646,6.27054192019342,,6.8,4.048303089166667,United Kingdom,GBR,10.9013583333333,0.682197333333333,25853390487.5576,,-0.220092795315054
1986.0,1,18.6549230388755,0.0178492401652193,,6.8,4.048303089166667,Burkina Faso,BFA,,346.305903554493,,,
1986.0,0,5.29166170071091,1.53494882486977,,6.8,4.048303089166667,Australia,AUS,15.0,1.49597416641667,10346341271.7329,,
1986.0,1,,2.90000174246853,18.9,6.8,4.048303089166667,Kiribati,KIR,,1.49597416641667,,,-10.106758834423
1986.0,0,1.63265306122486,9.742033321316,,6.8,4.048303089166667,Ethiopia,ETH,7.25,2.07,332198100.0,,-3.24092628403195
1986.0,1,1.89804772234276,3.46265505694664,7.0,6.8,4.048303089166667,New Zealand,NZL,,1.91316083308333,3779914173.39165,,
1986.0,0,3.82704166542659,-0.428330204205935,18.02,6.8,4.048303089166667,Israel,ISR,,1.48784166658333,5057145300.0,,3.56500200004441
1986.0,1,,,,6.8,4.048303089166667,"Korea, Rep.",KOR,,881.455833333333,3443374519.14676,,2.30248645673297
1986.0,1,,6.15337706275693,4.4,6.8,4.048303089166667,Mali,MLI,,346.305903554493,,,-11.9136419554297
1986.0,0,-1.38570336391441,1.34281041445436,6.84,6.8,4.048303089166667,Uruguay,URY,91.8172226449838,0.151434166666667,1499847276.04492,,0.711891106621491
1986.0,1,,-1.01730916120101,4.7,6.8,4.048303089166667,Antigua and Barbuda,ATG,11.9000003602769,2.7,28260000.0,,-39.7513131363421
1986.0,0,,2.09902912557894,,6.8,4.048303089166667,"Venezuela, RB",VEN,8.48666666666667,0.00808333333333333,10917160674.7398,,-3.70975512362386
1986.0,0,23.8642898217366,4.74452554738158,,6.8,4.048303089166667,"Congo, Dem. Rep.",COD,,1.98705833333333e-10,451170300.0,,
1986.0,1,,,,6.8,4.048303089166667,"Iran, Islamic Rep.",IRN,,78.7787830685101,,,-2.465391713107
1986.0,1,147.142826237604,7.48999999999982,2.37,6.8,4.048303089166667,Timor-Leste,TLS,,1.0,,,
1986.0,1,7.17649274816357,4.04211219801826,1.79,6.8,4.048303089166667,"Egypt, Arab Rep.",EGY,15.0,0.7000007000007,1779681031.96702,,-3.49407515387107
1986.0,1,-0.0663841083593552,3.56778822819052,10.53,6.8,4.048303089166667,St. Martin (French part),MAF,,6.92609166666667,,,
1986.0,1,31.9350161472763,0.19467303778427,8.63,6.8,4.048303089166667,Pakistan,PAK,,16.6475083330833,1464868890.78015,,-1.99398424722894
1986.0,0,8.79493932290321,3.25332169179885,21.259,6.8,4.048303089166667,Afghanistan,AFG,,39.276429270146,635742142.31282,,
1986.0,0,,,,6.8,4.048303089166667,Peru,PER,36.1531491248368,1.39475e-05,2242553300.0,,-6.37463472368434
1986.0,0,0.0833467771085387,2.7869758715855,,6.8,4.048303089166667,Finland,FIN,,5.06952,2534550392.22359,,-0.943128240701193
1986.0,0,2.53852591781417,2.38953554470334,10.23,6.8,4.048303089166667,Monaco,MCO,,6.92609166666667,,,
1986.0,0,34.6100759738745,7.01203111054394,,6.8,4.048303089166667,Albania,ALB,1.0,,,,-0.1525752133222
1987.0,1,2.69873997713767,-0.325004075650469,14.7,6.66,4.218014031666667,"Macao SAR, China",MAC,6.625,8.00980833333333,174059038.741041,,
1987.0,1,85.8223062381846,9.72614643050372,3.63,6.66,4.218014031666667,South Africa,ZAF,12.5,2.03603333333333,3462962833.44919,,5.28788988004279
1987.0,0,8.80112581251833,3.96535563481719,,6.66,4.218014031666667,Kuwait,KWT,7.86166666666666,0.27866325,5370709617.40272,,20.3903662882294
1987.0,0,1.4019527178397,1.35716799468845,3.79,6.66,4.218014031666667,Bangladesh,BGD,14.8457142857143,30.9498333333333,876251489.007675,,-0.975865069282383
1987.0,1,16.8424201630394,4.76453327969497,,6.66,4.218014031666667,Madagascar,MDG,,213.842666666667,185199306.274738,,-4.38305379391795
1987.0,0,9.63483186245753,6.38139391332237,7.377,6.66,4.218014031666667,Guyana,GUY,15.0,9.75583333333333,8430000.0,,
1987.0,1,4.06976744186024,4.36180967277697,9.1,6.66,4.218014031666667,Bolivia,BOL,49.4141666666667,2.05485,530316463.410677,,-9.94113018636157
1987.0,0,12.3232132755046,3.54398330651921,2.4,6.66,4.218014031666667,"Macao SAR, China",MAC,6.625,8.00980833333333,174059038.741041,,
1987.0,0,4.74728490389789,3.19196062140115,10.719,6.66,4.218014031666667,New Caledonia,NCL,,109.285496775,,,
1987.0,1,0.290007909438412,5.19193211272702,7.33,6.66,4.218014031666667,Haiti,HTI,,5.0,25620159.0747379,,-1.52113239522274
1987.0,0,16.3968631635363,-2.25886322369171,7.448,6.66,4.218014031666667,Japan,JPN,,144.6375,92701644565.96,,
1987.0,0,7.71716560559269,1.72561069291237,,6.66,4.218014031666667,Mauritania,MRT,12.0,7.38783333333333,77375508.7510108,,-10.9484542524504
1987.0,0,8.2258064516129,6.70137109577689,,6.66,4.218014031666667,Sri Lanka,LKA,,29.44475,309506426.817445,,-4.87947833303539
1987.0,1,19.8808457201905,6.73884253090458,,6.66,4.218014031666667,St. Martin (French part),MAF,,6.01070833333333,,,
1987.0,0,8.67431417733243,4.05122959932378,,6.66,4.218014031666667,San Marino,SMR,,1296.07,,,
1987.0,0,16.1605948546791,2.10072902053675,,6.66,4.218014031666667,Oman,OMN,9.30025,0.3845,1541983749.50661,,10.0419527882384
1987.0,0,1.55338261314948,2.30665968936027,11.257,6.66,4.218014031666667,Sierra Leone,SLE,28.5416666666667,0.034042525,6328373.22135369,,-4.59710646458352
1987.0,1,14.5786984489191,2.46348461969905,20.32,6.66,4.218014031666667,Ethiopia,ETH,6.0,2.07,223865106.670544,,-2.00982272538635
1987.0,0,18.2977682232304,8.54593973363589,,6.66,4.218014031666667,Afghanistan,AFG,,39.276429270146,746832947.388954,,
1987.0,0,4.14892232052945,4.56208082572655,11.017,6.66,4.218014031666667,Japan,JPN,,144.6375,92701644565.96,,
1987.0,0,0.523306521949755,10.7979324702819,5.0,6.66,4.218014031666667,Seychelles,SYC,,5.60000833333333,13712559.8320305,,-7.96084271455493
1987.0,1,131.82738392309,2.06336322631584,,6.66,4.218014031666667,Comoros,COM,,300.534015672123,30950319.4354351,,-6.81960597632116
1987.0,1,3.6645632175169,3.45462966856461,6.2,6.66,4.218014031666667,New Zealand,NZL,,1.69456083333333,3270435792.70648,,
1987.0,0,24.7599999999999,-4.00563178606888,,6.66,4.218014031666667,Bolivia,BOL,49.4141666666667,2.05485,530316463.410677,,-9.94113018636157
1987.0,1,,,,6.66,4.218014031666667,Chad,TCD,,300.536562401478,57481196.7360451,,-2.19448360509664
1987.0,1,,4.08274863510731,,6.66,4.218014031666667,"Micronesia, Fed. Sts.",FSM,,1.0,,,
1987.0,0,1.44032188041722,1.58547798189052,0.8,6.66,4.218014031666667,Brazil,BRA,,1.6976307824584e-08,8134599725.9388,,-0.512971181312458
1987.0,0,0.518741633199852,8.89103982665314,,6.66,4.218014031666667,Kenya,KEN,14.0,16.4544916666667,294401562.808027,,-6.29861597226386
1987.0,1,,-0.706352941499915,5.8,6.66,4.218014031666667,Ecuador,ECU,,170.461666666667,691666393.201317,,-8.51175092710987
1987.0,1,,2.70486882770558,5.3,6.66,4.218014031666667,Gabon,GAB,,300.536562401478,18098132.6280505,,-13.6844773143339
1987.0,0,19.693593314763,3.83275261319132,,6.66,4.218014031666667,Tanzania,TZA,,64.26035,31799306.2747379,,-5.20646953898425
1987.0,0,,1.1507372027161,7.18,6.66,4.218014031666667,Bangladesh,BGD,14.8457142857143,30.9498333333333,876251489.007675,,-0.975865069282383
1987.0,1,0.996423096679178,-1.80905548139501,11.84,6.66,4.218014031666667,"Venezuela, RB",VEN,8.47166666666667,0.0145,11510455565.4641,,-2.89408274592524
1987.0,0,3.15941034835014,4.66309058769842,18.056,6.66,4.218014031666667,Eritrea,ERI,,2.07182506752915,,,
1987.0,0,23.302028364018,5.36893214821323,10.83,6.66,4.218014031666667,Maldives,MDV,,9.223,8194186.61067684,,5.70441069831851
1987.0,1,,4.80107391677578,9.1,6.66,4.218014031666667,Fiji,FJI,,1.24385833333333,132556887.17275,,2.32050169864632
1987.0,1,26.3790278536323,,,6.66,4.218014031666667,"Gambia, The",GMB,27.9166666666667,7.07440010539122,25757394.9126814,,6.45566366599968
1987.0,0,63.5666624326724,7.99313720510438,9.1,6.66,4.218014031666667,Oman,OMN,9.30025,0.3845,1541983749.50661,,10.0419527882384
1987.0,1,29.5039972488395,-0.259098708877119,7.24,6.66,4.218014031666667,Eritrea,ERI,,2.07182506752915,,,
1987.0,0,,,,6.66,4.218014031666667,Philippines,PHL,13.3379166666667,20.567675,2312132635.19698,,-1.17486771670517
1987.0,0,4.3561087122174,4.07201574110678,8.82,6.66,4.218014031666667,Bolivia,BOL,49.4141666666667,2.05485,530316463.410677,,-9.94113018636157
1987.0,0,4.18857151771368,3.35384296895474,2.15,6.66,4.218014031666667,"Hong Kong SAR, China",HKG,,7.79825,,,
1987.0,1,2.48715402223898,1.74009422609132,11.4,6.66,4.218014031666667,Tunisia,TUN,,0.8286625,615850811.510803,,-0.560028534688338
1987.0,0,7.23383553065609,11.6282225655699,2.0,6.66,4.218014031666667,"Bahamas, The",BHS,9.0,1.0,170115271.744527,,-2.01915998596758
1987.0,1,47.0472440944876,2.67566171341133,,6.66,4.218014031666667,Pakistan,PAK,,17.3988,1440835177.34739,,-1.66801834551223
1987.0,0,0.24990610870503,1.4021515883601,6.813,6.66,4.218014031666667,Kenya,KEN,14.0,16.4544916666667,294401562.808027,,-6.29861597226386
1987.0,0,38.8558434758408,9.48553884246728,,6.66,4.218014031666667,United Kingdom,GBR,9.7355,0.6119265,50917928958.4049,,-1.68950941079794
1987.0,1,228.336162575513,3.52999999999983,3.56,6.66,4.218014031666667,Burkina Faso,BFA,,300.536562401478,,,
1987.0,0,9.27865406602839,4.92592736496611,2.55,6.66,4.218014031666667,Australia,AUS,15.0833333333333,1.42818,12583630026.5048,,
1987.0,0,-0.691210481411519,1.93124842209245,9.898,6.66,4.218014031666667,Kiribati,KIR,,1.42818,,,-11.1516446025454
1987.0,0,7.44126091287247,-0.69999752622347,,6.66,4.218014031666667,Ethiopia,ETH,6.0,2.07,223865106.670544,,-2.00982272538635
1987.0,1,8.71704745166956,1.75355822215437,2.03,6.66,4.218014031666667,New Zealand,NZL,,1.69456083333333,3270435792.70648,,
1987.0,0,,,,6.66,4.218014031666667,Israel,ISR,,1.59464166666667,6368457379.49609,,-3.27104276155737
1987.0,0,3.28889821400133,2.55274621143047,10.735,6.66,4.218014031666667,"Korea, Rep.",KOR,,822.564166666667,3738510909.55533,,5.7985267829479
1987.0,1,13.5507237827822,10.1173673617477,,6.66,4.218014031666667,Mali,MLI,,300.536562401478,,,-8.76249123043547
1987.0,0,0.126176841696583,4.64886139743521,2.8,6.66,4.218014031666667,Uruguay,URY,92.8510548492904,0.225521666666667,1793011937.52359,,-1.91014744585118
1987.0,1,8.63767318980084,5.93710744420895,,6.66,4.218014031666667,Antigua and Barbuda,ATG,10.64000032213,2.7,25600000.0,,-32.0829863113161
1987.0,0,4.11302886205058,3.56103297195551,5.07,6.66,4.218014031666667,"Venezuela, RB",VEN,8.47166666666667,0.0145,11510455565.4641,,-2.89408274592524
1987.0,1,21.8102740350983,7.58230437604178,5.51,6.66,4.218014031666667,"Congo, Dem. Rep.",COD,,3.74595e-10,417014292.885415,,
1987.0,1,11.2903225806451,3.20012546702944,,6.66,4.218014031666667,"Iran, Islamic Rep.",IRN,,71.4774357190432,,,-1.55958515303459
1987.0,1,39.8150678775363,4.79489887940781,,6.66,4.218014031666667,Timor-Leste,TLS,,1.0,,,
1987.0,1,-6.98680270599974,-4.93898788502545,,6.66,4.218014031666667,"Egypt, Arab Rep.",EGY,16.3333333333333,0.7000007000007,2555643305.43489,,0.0497900138696242
1987.0,1,15.7443007888927,0.970838684961976,4.214,6.66,4.218014031666667,St. Martin (French part),MAF,,6.01070833333333,,,
1987.0,0,8.53302162478083,2.5567680273608,8.106,6.66,4.218014031666667,Pakistan,PAK,,17.3988,1440835177.34739,,-1.66801834551223
1987.0,0,2.46646112823953,9.5189460221079,5.77,6.66,4.218014031666667,Afghanistan,AFG,,39.276429270146,746832947.388954,,
1987.0,1,4.01999345683163,0.462955829960563,6.091,6.66,4.218014031666667,Peru,PER,31.8876030393784,1.68358333333333e-05,1370497700.0,,-5.59890601138475
1987.0,0,5.24801863489594,5.54712273579352,20.607,6.66,4.218014031666667,Finland,FIN,,4.395565,7363946495.54308,,-1.89097850106028
1987.0,1,,,,6.66,4.218014031666667,Monaco,MCO,,6.01070833333333,,,
1987.0,1,24.8645003373125,2.50816921310606,,6.66,4.218014031666667,Albania,ALB,1.0,,,,0.249904333497333
1988.0,0,,7.55237451045024,,7.57,4.452901190833333,"Macao SAR, China",MAC,8.0625,8.04059166666667,221365693.539563,,
1988.0,1,0.35922084492817,-13.3798437826627,16.33,7.57,4.452901190833333,South Africa,ZAF,15.3333333333333,2.2734675,2203670970.54945,,2.43671493279264
1988.0,1,4.5351330101572,0.272951118976223,6.486,7.57,4.452901190833333,Kuwait,KWT,6.72416666666667,0.27902925,2965163920.51311,,22.2406788578891
1988.0,1,-3.96446882079366,1.71016528472386,,7.57,4.452901190833333,Bangladesh,BGD,14.8457142857143,31.7332485981559,1076508569.83226,,-1.02651168165971
1988.0,0,9.15931413351054,6.79134674767192,,7.57,4.452901190833333,Madagascar,MDG,,281.421333333333,223721112.621281,,-4.70286125740763
1988.0,0,1.16093493415325,4.72320872854138,10.127,7.57,4.452901190833333,Guyana,GUY,15.0691666666667,10.0,4040000.0,,
1988.0,0,1.87246859731873,3.27759628671245,0.7,7.57,4.452901190833333,Bolivia,BOL,39.7941666666666,2.35024166666667,472580567.91584,,-6.62074085448543
1988.0,1,,-12.4498220367125,6.0,7.57,4.452901190833333,"Macao SAR, China",MAC,8.0625,8.04059166666667,221365693.539563,,
1988.0,1,4.07774110744413,4.1769823865164,5.5,7.57,4.452901190833333,New Caledonia,NCL,,108.307921995,,,
1988.0,1,14.684351250082,7.35081069623416,6.23,7.57,4.452901190833333,Haiti,HTI,,5.0,20357775.9554407,,-1.54422598089587
1988.0,1,16.0020910549391,2.90949796034215,18.0,7.57,4.452901190833333,Japan,JPN,,128.151666666667,106667696597.778,,
1988.0,1,43.8638323515053,2.15596333107848,,7.57,4.452901190833333,Mauritania,MRT,12.0,7.52608333333333,60285159.7896005,,-6.77608121715172
1988.0,0,0.678557580457558,6.66163652210332,2.5,7.57,4.452901190833333,Sri Lanka,LKA,,31.80675,247726247.871281,,-5.65273419241547
1988.0,1,22.5942571785268,5.91537206556045,4.72,7.57,4.452901190833333,St. Martin (French part),MAF,,5.95694166666667,,,
1988.0,0,,,,7.57,4.452901190833333,San Marino,SMR,,1301.6275,,,
1988.0,0,16.0428021801856,-11.3524394768121,,7.57,4.452901190833333,Oman,OMN,9.35,0.3845,1172670763.91075,,-3.69049465033338
1988.0,0,5.08592861394881,5.23111280719965,4.47,7.57,4.452901190833333,Sierra Leone,SLE,28.0,0.0325140833333333,7426913.91584019,,-0.269206507597221
1988.0,1,114.162258549066,1.21826122938586,1.76,7.57,4.452901190833333,Ethiopia,ETH,6.0,2.07,149969163.91584,,-2.03500398551599
1988.0,1,6.67636598771417,-0.255186919919623,3.02,7.57,4.452901190833333,Afghanistan,AFG,,39.276429270146,657015441.573253,,
1988.0,0,25.7255090852842,-0.089725977854286,,7.57,4.452901190833333,Japan,JPN,,128.151666666667,106667696597.778,,
1988.0,1,4.49125763640182,7.57442109483326,,7.57,4.452901190833333,Seychelles,SYC,,5.38356666666667,8707284.78960046,,-9.40807818957244
1988.0,0,,,,7.57,4.452901190833333,Comoros,COM,,297.845694870891,23775256.1179625,,-1.93708708492982
1988.0,0,15.7235490703556,-0.0652631433035538,,7.57,4.452901190833333,New Zealand,NZL,,1.52640083333333,2845129942.88304,,
1988.0,0,3.86273074733655,13.2881140717644,3.04,7.57,4.452901190833333,Bolivia,BOL,39.7941666666666,2.35024166666667,472580567.91584,,-6.62074085448543
1988.0,1,31.3592676264768,5.62816876359457,,7.57,4.452901190833333,Chad,TCD,,297.848218819378,67636520.2003837,,1.72041905063907
1988.0,1,6.37524944411053,-0.353677478990647,5.77,7.57,4.452901190833333,"Micronesia, Fed. Sts.",FSM,,1.0,,,
1988.0,1,13.8600691673319,6.69693110468185,8.34,7.57,4.452901190833333,Brazil,BRA,,1.1354767374037e-07,9114472122.65344,,1.34986811010486
1988.0,1,7.21593968766828,5.76137011855324,7.226,7.57,4.452901190833333,Kenya,KEN,15.0,17.7471,296453946.226837,,-5.64053600467968
1988.0,1,12.779553083028,4.20010964838187,,7.57,4.452901190833333,Ecuador,ECU,,301.610833333333,567569792.212627,,-5.20997667418132
1988.0,0,12.2649630481582,6.20318382314591,,7.57,4.452901190833333,Gabon,GAB,,297.848218819378,72604240.1648836,,-16.0520094477278
1988.0,0,1.52318519232634,11.26359213382,3.55,7.57,4.452901190833333,Tanzania,TZA,,99.2921083333333,77713456.9579201,,-4.81378864210928
1988.0,0,4.15535171583102,5.0321018040183,9.004,7.57,4.452901190833333,Bangladesh,BGD,14.8457142857143,31.7332485981559,1076508569.83226,,-1.02651168165971
1988.0,1,2.36905505487641,11.8752359788597,13.9,7.57,4.452901190833333,"Venezuela, RB",VEN,8.4975,0.0145,7793015712.54592,,-9.64526963195207
1988.0,0,1.91571684671258,3.2958798164712,3.55,7.57,4.452901190833333,Eritrea,ERI,,2.07182506752915,,,
1988.0,0,68.8096433837049,2.32073679394847,8.04,7.57,4.452901190833333,Maldives,MDV,,8.78458333333333,21586913.9158402,,5.36592222505338
1988.0,0,2.70081527508113,4.81422400170246,10.18,7.57,4.452901190833333,Fiji,FJI,,1.43025833333333,233691918.426612,,6.35550368382684
1988.0,1,10.8327037689912,3.89238706354786,,7.57,4.452901190833333,"Gambia, The",GMB,29.5416666666667,6.70842323781853,19049152.7499293,,12.0964807472798
1988.0,0,5.05824747667119,4.19437725054567,10.973,7.57,4.452901190833333,Oman,OMN,9.35,0.3845,1172670763.91075,,-3.69049465033338
1988.0,0,2.55651945320742,9.93771967651989,7.26,7.57,4.452901190833333,Eritrea,ERI,,2.07182506752915,,,
1988.0,0,10.1016321152266,7.4891073628233,6.008,7.57,4.452901190833333,Philippines,PHL,15.9213333333333,21.094675,2168908187.18292,,-0.903779279057262
1988.0,1,,-1.08993334133791,6.0,7.57,4.452901190833333,Bolivia,BOL,39.7941666666666,2.35024166666667,472580567.91584,,-6.62074085448543
1988.0,1,,,,7.57,4.452901190833333,"Hong Kong SAR, China",HKG,,7.806,,,
1988.0,1,19.7611617858858,1.878176962178,9.37,7.57,4.452901190833333,Tunisia,TUN,,0.857804166666666,975873145.005955,,2.07837753766463
1988.0,1,,6.12889047765088,,7.57,4.452901190833333,"Bahamas, The",BHS,9.0,1.0,172036083.486967,,-2.35991341069591
1988.0,1,667.019328585961,-9.44127344629392,,7.57,4.452901190833333,Pakistan,PAK,,18.0032916666667,1192694259.38085,,-3.69691808527703
1988.0,0,13.5288583215049,4.28786172851761,7.828,7.57,4.452901190833333,Kenya,KEN,15.0,17.7471,296453946.226837,,-5.64053600467968
1988.0,0,9.38347186185335,9.62778291607844,,7.57,4.452901190833333,United Kingdom,GBR,10.0957083333333,0.562170166666667,51899597618.1319,,-3.88147169402264
1988.0,0,,6.51035577626698,7.28,7.57,4.452901190833333,Burkina Faso,BFA,,297.848218819378,,,
1988.0,0,62.1919564596004,1.48093746177193,,7.57,4.452901190833333,Australia,AUS,14.0833333333333,1.27990833333333,16852981546.3693,,
1988.0,1,58.2162865413938,5.89046729088525,6.99,7.57,4.452901190833333,Kiribati,KIR,,1.27990833333333,,,-4.79656753718155
1988.0,1,54.5112247797673,7.33402548758716,,7.57,4.452901190833333,Ethiopia,ETH,6.0,2.07,149969163.91584,,-2.03500398551599
1988.0,0,,,,7.57,4.452901190833333,New Zealand,NZL,,1.52640083333333,2845129942.88304,,
1988.0,0,5.91154496373489,-1.00000549065851,,7.57,4.452901190833333,Israel,ISR,,1.59893333333333,4433201784.7896,,-1.59240698344012
1988.0,0,0.737950688332319,3.44121887987075,9.369,7.57,4.452901190833333,"Korea, Rep.",KOR,,731.463333333333,12477906377.4311,,6.20880539221146
1988.0,1,58.7208297320654,,,7.57,4.452901190833333,Mali,MLI,,297.848218819378,,,-8.89052518906395
1988.0,1,51.0040160642574,6.28074900897693,,7.57,4.452901190833333,Uruguay,URY,98.3917493192463,0.3585075,1602322497.87717,,0.26955495921193
1988.0,0,8.04535671530907,5.7804984881177,2.74,7.57,4.452901190833333,Antigua and Barbuda,ATG,9.380000283983,2.7,28030000.0,,-10.9473608397778
1988.0,0,1.27411894006923,3.70723567991882,6.319,7.57,4.452901190833333,"Venezuela, RB",VEN,8.4975,0.0145,7793015712.54592,,-9.64526963195207
1988.0,0,5.82489868439437,2.55903868133913,,7.57,4.452901190833333,"Congo, Dem. Rep.",COD,,6.2343e-10,371552500.0,,
1988.0,0,28.1083969771704,4.06417324490376,,7.57,4.452901190833333,"Iran, Islamic Rep.",IRN,,68.6997646296701,,,-1.5187977263221
1988.0,0,18.8118179448753,11.2225949825209,2.0,7.57,4.452901190833333,Timor-Leste,TLS,,1.0,,,
1988.0,1,629.114509120897,-0.059999999999917,3.79,7.57,4.452901190833333,"Egypt, Arab Rep.",EGY,17.0,0.7000007000007,2261158622.65344,,-2.97556725417425
1988.0,0,4.02823414871611,4.41083900341744,7.762,7.57,4.452901190833333,St. Martin (French part),MAF,,5.95694166666667,,,
1988.0,0,7.19696969696955,0.0721590773964209,,7.57,4.452901190833333,Pakistan,PAK,,18.0032916666667,1192694259.38085,,-3.69691808527703
1988.0,1,13.9915489002075,2.472685037698,,7.57,4.452901190833333,Afghanistan,AFG,,39.276429270146,657015441.573253,,
1988.0,1,20.8325332309203,3.43214737968853,,7.57,4.452901190833333,Peru,PER,155.497750277184,0.000128831666666667,1213348000.0,,-11.7797906974204
1988.0,0,17.66348615313,5.46132049551341,,7.57,4.452901190833333,Finland,FIN,,4.18283333333333,7171276634.67334,,-2.47056311444697
1988.0,0,4.83727066490361,5.09432412898086,19.854,7.57,4.452901190833333,Monaco,MCO,,5.95694166666667,,,
1988.0,0,2.13456989107103,5.21741342322537,17.431,7.57,4.452901190833333,Albania,ALB,1.0,,,,-1.3211544989028
1989.0,0,17.149151997396,0.736424821486906,,9.21,4.4047298725,"Macao SAR, China",MAC,10.5416666666667,8.03388333333333,354620866.342483,,
1989.0,0,4.98362189985958,2.33732975738413,7.546,9.21,4.4047298725,South Africa,ZAF,19.8333333333333,2.6226775,2194854121.48133,,1.38631701458896
1989.0,1,9.85040925769098,7.12826947076638,,9.21,4.4047298725,Kuwait,KWT,8.37583333333333,0.293779416666667,4120004424.34358,,37.5757201996048
1989.0,1,15.1734681125732,3.79013096203738,10.1,9.21,4.4047298725,Bangladesh,BGD,14.8457142857143,32.27,532096252.28796,,-3.82036356521579
1989.0,0,14.7308753982381,2.39479511538406,,9.21,4.4047298725,Madagascar,MDG,22.25,320.6875,245265708.203012,,-2.6404487024831
1989.0,0,2.34545627195895,10.1588286387889,2.35,9.21,4.4047298725,Guyana,GUY,18.9375,27.15875,13350000.0,,
1989.0,0,12.670042091136,4.46514860724652,,9.21,4.4047298725,Bolivia,BOL,37.2733333333333,2.69168333333333,563347083.0,,-5.72734353963638
1989.0,1,7.53390256152688,3.87901779350344,6.175,9.21,4.4047298725,"Macao SAR, China",MAC,10.5416666666667,8.03388333333333,354620866.342483,,
1989.0,0,20.7581950334485,0.258439804261698,,9.21,4.4047298725,New Caledonia,NCL,,116.002459755,,,
1989.0,0,5.35546507986216,12.1905059866109,1.39,9.21,4.4047298725,Haiti,HTI,,5.0,19828758.6090362,,-2.2899337571992
1989.0,1,4.54614335505379,1.03825236584341,4.83,9.21,4.4047298725,Japan,JPN,,137.964416666667,93672792067.3337,,
1989.0,0,25.2236920295825,5.08587270013842,,9.21,4.4047298725,Mauritania,MRT,10.0,8.3051,87029774.7654217,,-1.28119525557269
1989.0,0,3.10705065111094,3.46916697570174,8.284,9.21,4.4047298725,Sri Lanka,LKA,,36.0470833333333,269432907.53928,,-5.92088186722556
1989.0,1,,-1.73821633052118,8.66,9.21,4.4047298725,St. Martin (French part),MAF,,6.38014166666667,,,
1989.0,0,,,,9.21,4.4047298725,San Marino,SMR,,1372.09333333333,,,
1989.0,1,,0.0416214618373516,,9.21,4.4047298725,Oman,OMN,9.85225,0.3845,1470103635.44411,,3.25785325785326
1989.0,0,,,,9.21,4.4047298725,Sierra Leone,SLE,29.6666666666667,0.0598127583333333,3726283.28120483,,-6.40339698170486
1989.0,1,0.689055807312738,1.97727043451945,,9.21,4.4047298725,Ethiopia,ETH,6.0,2.07,123044566.56241,,-1.227552239329
1989.0,1,4.77272342435522,0.697173210370437,8.149,9.21,4.4047298725,Afghanistan,AFG,,39.276429270146,630659707.861329,,
1989.0,1,26.4221267235586,6.93520391103523,5.62,9.21,4.4047298725,Japan,JPN,,137.964416666667,93672792067.3337,,
1989.0,0,2.27228962064317,4.92578541317788,2.3,9.21,4.4047298725,Seychelles,SYC,15.5066666666667,5.64571666666667,12114849.8436145,,-12.2262606235245
1989.0,0,27.1985264490888,3.69529742267716,,9.21,4.4047298725,Comoros,COM,,319.005596230122,31002075.5493857,,1.64527020463883
1989.0,0,6.59290980189131,5.08392955255206,3.14,9.21,4.4047298725,New Zealand,NZL,,1.67214833333333,3027432006.8623,,
1989.0,1,17.0279367308962,10.3583568690228,5.29,9.21,4.4047298725,Bolivia,BOL,37.2733333333333,2.69168333333333,563347083.0,,-5.72734353963638
1989.0,1,5.7159915513563,0.161414613910125,7.305,9.21,4.4047298725,Chad,TCD,,319.008299487903,116184031.941454,,-3.57661020245615
1989.0,1,40.6579161175005,4.40053881491089,,9.21,4.4047298725,"Micronesia, Fed. Sts.",FSM,,1.0,,,
1989.0,1,20.0078767139978,3.62544873456009,,9.21,4.4047298725,Brazil,BRA,,1.22638743473744e-06,9678276000.0,,0.242620404807705
1989.0,1,,,,9.21,4.4047298725,Kenya,KEN,17.25,20.5724666666667,316624628.702657,,-7.12799762259636
1989.0,1,12.2429906542055,6.18391820283388,8.42,9.21,4.4047298725,Ecuador,ECU,,526.348333333333,706539001.118633,,-5.1472829488547
1989.0,1,123.40425531915,-1.02350178869868,,9.21,4.4047298725,Gabon,GAB,,319.008299487903,39478564.0548376,,-4.59078995928343
1989.0,1,11.3871321997958,3.94258951982349,1.94,9.21,4.4047298725,Tanzania,TZA,,143.376916666667,54213141.6406024,,-5.22030026793627
1989.0,0,,,,9.21,4.4047298725,Bangladesh,BGD,14.8457142857143,32.27,532096252.28796,,-3.82036356521579
1989.0,1,80.4474367280735,1.1039010238153,,9.21,4.4047298725,"Venezuela, RB",VEN,22.4975,0.0346916666666667,8701843814.75543,,4.96362734913486
1989.0,1,9.30436125843166,4.40000216059909,17.64,9.21,4.4047298725,Eritrea,ERI,,2.07182506752915,,,
1989.0,1,244.550932984827,,,9.21,4.4047298725,Maldives,MDV,,9.04083333333333,24766283.2812048,,5.60359364579896
1989.0,1,50.4666881235915,1.91938129589555,,9.21,4.4047298725,Fiji,FJI,,1.48333333333333,211914762.99314,,0.632738435882662
1989.0,1,1430.7237251472,3.16000000000032,4.145,9.21,4.4047298725,"Gambia, The",GMB,26.8333333333333,7.58358294004149,20589297.1850606,,5.4593551375244
1989.0,0,7.74088603961336,1.74669912824352,16.13,9.21,4.4047298725,Oman,OMN,9.85225,0.3845,1470103635.44411,,3.25785325785326
1989.0,0,18.2456383621648,4.20633435547828,2.6,9.21,4.4047298725,Eritrea,ERI,,2.07182506752915,,,
1989.0,0,2.78056955569751,3.89655170553733,5.705,9.21,4.4047298725,Philippines,PHL,19.2696666666667,21.7366833333333,2398209046.94194,,-3.00120952944866
1989.0,0,6.41554079916364,7.45658692516847,,9.21,4.4047298725,Bolivia,BOL,37.2733333333333,2.69168333333333,563347083.0,,-5.72734353963638
1989.0,0,6.4432758742661,2.65480690949124,1.46,9.21,4.4047298725,"Hong Kong SAR, China",HKG,,7.79991666666666,,,
1989.0,1,75.6481901026386,1.00577794490313,7.71,9.21,4.4047298725,Tunisia,TUN,,0.949320833333333,1036736149.82916,,-2.15852132286855
1989.0,0,1.08215810253299,4.42011805714839,8.704,9.21,4.4047298725,"Bahamas, The",BHS,9.0,1.0,146838360.448918,,-2.74983670803396
1989.0,1,,-7.15694965597953,7.3,9.21,4.4047298725,Pakistan,PAK,,20.5414916666667,1302246971.95048,,-3.33082801461705
1989.0,0,2.56834829029372,3.88707478685015,3.14,9.21,4.4047298725,Kenya,KEN,17.25,20.5724666666667,316624628.702657,,-7.12799762259636
1989.0,1,6.25983137956977,3.38838350504491,10.989,9.21,4.4047298725,United Kingdom,GBR,13.8418083333333,0.61117275,42381854893.7367,,-4.65090631621984
1989.0,1,3.2599694922639,2.84620258132841,16.3,9.21,4.4047298725,Burkina Faso,BFA,,319.008299487903,,,
1989.0,0,25.8675480831988,3.41409610966596,,9.21,4.4047298725,Australia,AUS,16.4583333333333,1.26459666666667,16961258792.9022,,-6.10798248225898
1989.0,0,63.2725524930958,0.2902440687796,8.26,9.21,4.4047298725,Kiribati,KIR,,1.26459666666667,,,-4.08350643146119
1989.0,0,2.81320089714805,9.0596008665043,5.73,9.21,4.4047298725,Ethiopia,ETH,6.0,2.07,123044566.56241,,-1.227552239329
1989.0,0,13.6555638723612,3.79999995287797,7.505,9.21,4.4047298725,New Zealand,NZL,,1.67214833333333,3027432006.8623,,
1989.0,1,3398.67901005332,-12.3120414471296,7.92,9.21,4.4047298725,Israel,ISR,,1.91641666666667,5684035274.76542,,0.397625567949774
1989.0,1,16.509808768739,5.66597554871299,,9.21,4.4047298725,"Korea, Rep.",KOR,,671.455833333333,15341828164.7563,,1.4814567561526
1989.0,0,7.07428002942301,5.94734333181324,,9.21,4.4047298725,Mali,MLI,,319.008299487903,,,-5.31436883838806
1989.0,0,3.49830220700749,4.40516927190527,9.618,9.21,4.4047298725,Uruguay,URY,123.65602381199,0.621178333333333,1547554304.49181,,1.58159459002142
1989.0,0,13.7893172763883,4.69034876792047,,9.21,4.4047298725,Antigua and Barbuda,ATG,10.64000032213,2.7,28070000.0,,-17.9377852998853
1989.0,1,,-13.9197067893711,9.74,9.21,4.4047298725,"Venezuela, RB",VEN,22.4975,0.0346916666666667,8701843814.75543,,4.96362734913486
1989.0,1,4.82700303008944,3.67223784383981,5.3,9.21,4.4047298725,"Congo, Dem. Rep.",COD,,1.27120833333333e-09,281700973.585302,,
1989.0,1,17.6340799385345,0.964059196617328,8.35,9.21,4.4047298725,"Iran, Islamic Rep.",IRN,,72.0322364263672,,,-0.158511008446553
1989.0,1,11.5675360890558,2.29930141198645,,9.21,4.4047298725,Timor-Leste,TLS,,1.0,,,
1989.0,0,12.6863036456149,6.44063956353789,5.13,9.21,4.4047298725,"Egypt, Arab Rep.",EGY,18.3333333333333,0.866666666666667,2495363416.40602,,-3.29141667060211
1989.0,0,,5.199766444125,,9.21,4.4047298725,St. Martin (French part),MAF,,6.38014166666667,,,
1989.0,1,0.205867258317745,1.56224700549564,16.31,9.21,4.4047298725,Pakistan,PAK,,20.5414916666667,1302246971.95048,,-3.33082801461705
1989.0,0,5.76024909185262,2.28144671930745,7.405,9.21,4.4047298725,Afghanistan,AFG,,39.276429270146,630659707.861329,,
1989.0,0,3.15526979710908,4.33079421991349,0.6,9.21,4.4047298725,Peru,PER,1352.50840169336,0.0026661875,1597167000.0,,-2.53538308021229
1989.0,0,6.79143584025099,4.82703031299745,17.331,9.21,4.4047298725,Finland,FIN,,4.29121583333333,5913980642.20436,,-4.87183687394227
1989.0,1,21.2618670886078,4.92086860390228,7.06,9.21,4.4047298725,Monaco,MCO,,6.38014166666667,,,
1989.0,0,4.08905388153544,5.81391994557339,16.092,9.21,4.4047298725,Albania,ALB,1.0,,,,-1.74427120088412
1990.0,0,3.31732886680118,8.46652776398362,14.077,8.1,4.3208969375,Luxembourg,LUX,,33.4179166666667,212608853.950435,2.52016078819326,
1990.0,1,16.7563747077691,5.66702915715818,8.43,8.1,4.3208969375,"Yemen, Rep.",YEM,,12.0100611997629,441445657.765575,,
1990.0,1,8.06346090938833,0.779266119883417,6.969,8.1,4.3208969375,"Korea, Rep.",KOR,,707.765833333333,14916134692.5271,7.22113697955519,-0.960131298063108
1990.0,0,5.4039590921894,3.67462550079662,2.07,8.1,4.3208969375,Bangladesh,BGD,14.8457142857143,34.5688083333333,659565596.029364,,-1.2592736415871
1990.0,0,6.72181952228657,3.7813935513235,16.273,8.1,4.3208969375,Monaco,MCO,,5.445275,,,
1990.0,0,3.44831217961808,3.13740221731629,7.25,8.1,4.3208969375,Guyana,GUY,32.75,39.5333333333333,28679759.2863951,,
1990.0,1,23.9991651130861,4.83290057793786,9.96,8.1,4.3208969375,Bolivia,BOL,41.8133333333333,3.17265,510931171.639826,,-4.08621725498031
1990.0,1,,-3.45009868500237,,8.1,4.3208969375,Luxembourg,LUX,,33.4179166666667,212608853.950435,2.52016078819326,
1990.0,0,6.78259401511006,3.41181222630115,15.8,8.1,4.3208969375,Namibia,NAM,,2.58732083333333,,,0.987750380407315
1990.0,1,20.433499109463,0.0,7.012,8.1,4.3208969375,Haiti,HTI,,5.0,10167737.8619596,,-0.707298134690105
1990.0,0,8.9712325027325,5.53345456125301,,8.1,4.3208969375,Japan,JPN,,144.7925,87828344748.001,,
1990.0,0,2.45409184818341,4.18322279220835,7.671,8.1,4.3208969375,Mozambique,MOZ,,0.929088833333333,231744264.266615,,
1990.0,0,13.6305705693074,3.95052317228428,4.645,8.1,4.3208969375,Liechtenstein,LIE,,1.38915833333333,,,
1990.0,1,21.495252052759,6.39999531084838,15.9,8.1,4.3208969375,"Macao SAR, China",MAC,10.4166666666667,8.02099166666667,520624844.411252,,
1990.0,0,3.19428338029475,2.82962715326478,9.36,8.1,4.3208969375,El Salvador,SLV,,6.84833333333333,595456226.572392,,-3.14984163467256
1990.0,1,,-2.46721377810472,7.06,8.1,4.3208969375,New Zealand,NZL,,1.67620333333333,4129354287.05595,,
1990.0,0,29.1520245976215,4.28199833053058,,8.1,4.3208969375,Solomon Islands,SLB,18.0,2.52878333333333,17599672.6465693,,-12.9191580663335
1990.0,0,2.61780104712051,9.00852713774628,4.5,8.1,4.3208969375,Ethiopia,ETH,6.0,2.07,55191078.3030544,47.1758923635809,-2.3541103991641
1990.0,0,3.26187231878578,4.34564183768971,3.25,8.1,4.3208969375,Afghanistan,AFG,,39.276429270146,637925667.368511,,
1990.0,1,107.023809523808,-0.481072027781664,15.0,8.1,4.3208969375,Japan,JPN,,144.7925,87828344748.001,,
1990.0,1,567.878800666191,,,8.1,4.3208969375,Seychelles,SYC,15.6475,5.3369,16638359.4343515,,-3.30912379866116
1990.0,1,16.6525343885432,0.800000580174981,21.26,8.1,4.3208969375,Comoros,COM,,272.262480798412,29914188.6473735,,-2.60861611827648
1990.0,1,,-0.0524997212688305,,8.1,4.3208969375,Naoero,NRU,,1.28105666666667,,,
1990.0,0,41.2218671380973,3.10256317557587,,8.1,4.3208969375,Bolivia,BOL,41.8133333333333,3.17265,510931171.639826,,-4.08621725498031
1990.0,1,19.0397526635649,3.55306336572285,,8.1,4.3208969375,Chad,TCD,,272.264787954393,132064062.902088,,-2.62378989206359
1990.0,1,60.3038691346446,9.26614667149315,8.01,8.1,4.3208969375,"Micronesia, Fed. Sts.",FSM,,1.0,,,
1990.0,1,6.456609061464,1.98577491758405,9.781,8.1,4.3208969375,Brazil,BRA,,2.95572678942699e-05,9997591007.59699,,-0.993090660229478
1990.0,1,2947.732772483,-4.35000000000022,4.703,8.1,4.3208969375,Kenya,KEN,18.75,22.9147666666667,236115155.443087,,-6.148642371178
1990.0,1,,,,8.1,4.3208969375,Ecuador,ECU,,767.750833333333,1009075807.30826,,-2.36231747522136
1990.0,1,112.525905573023,0.297348378681562,8.53,8.1,4.3208969375,Gabon,GAB,,272.264787954393,278707082.300407,,2.81747500972778
1990.0,1,10.3665533879493,0.754674765275468,1.806,8.1,4.3208969375,Tanzania,TZA,,195.055916666667,192800000.0,,-9.03771314435187
1990.0,0,,,,8.1,4.3208969375,Bangladesh,BGD,14.8457142857143,34.5688083333333,659565596.029364,,-1.2592736415871
1990.0,0,3.05229012075233,3.9416305983694,2.5,8.1,4.3208969375,"Venezuela, RB",VEN,35.5316666666667,0.0468916666666667,12732617576.9302,,17.0325429309471
1990.0,0,4.78047693336304,0.202947874139198,8.131,8.1,4.3208969375,Eritrea,ERI,,2.07182506752915,,,
1990.0,0,26.0364811362364,3.59872304691744,5.63,8.1,4.3208969375,Madagascar,MDG,25.8,298.829333333333,92084945.4410949,,-6.7402215427995
1990.0,1,12.1773522064946,3.08267252855887,8.13,8.1,4.3208969375,Fiji,FJI,,1.48090833333333,261102710.844916,,-7.03030144787266
1990.0,1,28.3695996532777,-3.49665976181741,1.7,8.1,4.3208969375,"Gambia, The",GMB,26.5,7.87899218084407,55386774.693773,,7.62398443950628
1990.0,1,23.3225664366467,21.1713674322465,4.78,8.1,4.3208969375,New Zealand,NZL,,1.67620333333333,4129354287.05595,,
1990.0,0,5.86399474375828,11.1671634446293,2.21,8.1,4.3208969375,Eritrea,ERI,,2.07182506752915,,,
1990.0,1,4.1310334831135,1.93229130670601,5.323,8.1,4.3208969375,Peru,PER,4260.01415900994,0.187885579166667,1890650000.0,189.246285557642,-5.37288606183094
1990.0,1,48.5191129963729,3.67991405308877,5.88,8.1,4.3208969375,Bolivia,BOL,41.8133333333333,3.17265,510931171.639826,,-4.08621725498031
1990.0,0,7.81919756505635,7.24213163856464,2.541,8.1,4.3208969375,"Hong Kong SAR, China",HKG,10.0,7.78975,24655780000.0,,
1990.0,1,7.36440030557696,11.7768859342067,,8.1,4.3208969375,Tunisia,TUN,,0.878333333333334,866664126.740977,54.7703800956018,-3.77018867031426
1990.0,0,15.510721994253,1.16937035968014,1.758,8.1,4.3208969375,"Bahamas, The",BHS,9.0,1.0,158165375.368113,24.4188250157928,-1.15603284902085
1990.0,0,17.78181442992,4.19205097155167,,8.1,4.3208969375,Oman,OMN,9.85375,0.3845,1783597593.42604,,8.31216538356325
1990.0,0,2.69646824292392,5.25500610110028,4.89,8.1,4.3208969375,Kenya,KEN,18.75,22.9147666666667,236115155.443087,,-6.148642371178
1990.0,1,17.1187746048239,4.63578742813344,6.69,8.1,4.3208969375,United Kingdom,GBR,14.7681166666667,0.563177166666667,43145747847.3062,30.2033709452908,-3.55031184555805
1990.0,0,17.6267750314504,2.81693327328911,6.0,8.1,4.3208969375,Burkina Faso,BFA,,272.264787954393,,,
1990.0,1,37.2599561799201,4.12328287941739,5.8,8.1,4.3208969375,Australia,AUS,16.3541666666667,1.28105666666667,19318743724.0756,12.211252069756,-4.98086922325911
1990.0,1,6.1495653117985,0.691649917806032,3.186,8.1,4.3208969375,Cambodia,KHM,,426.25,,,
1990.0,1,7481.66361124526,-4.98256353646605,8.6,8.1,4.3208969375,Ethiopia,ETH,6.0,2.07,55191078.3030544,47.1758923635809,-2.3541103991641
1990.0,0,14.3209918914915,-0.317760426540374,,8.1,4.3208969375,Naoero,NRU,,1.28105666666667,,,
1990.0,0,,,,8.1,4.3208969375,Israel,ISR,,2.016175,6598156851.73066,132.200479249748,0.2636399848875
1990.0,1,,-2.99999564243126,,8.1,4.3208969375,St. Kitts and Nevis,KNA,11.3806528946542,2.7,16284226.5723919,,-21.6195022161609
1990.0,1,7.33302195235872,3.57297569098456,6.926,8.1,4.3208969375,Marshall Islands,MHL,,1.0,,,
1990.0,0,,6.4678522746499,13.96,8.1,4.3208969375,Uruguay,URY,169.080026288713,1.16948416666667,1445585539.04483,31.5959630364015,1.99907346180948
1990.0,0,3.46075338652824,9.82089955731777,,8.1,4.3208969375,Antigua and Barbuda,ATG,10.64000032213,2.7,27500000.0,,-6.47252696241509
1990.0,1,5.39795643990325,1.88596558187626,5.6,8.1,4.3208969375,"Venezuela, RB",VEN,35.5316666666667,0.0468916666666667,12732617576.9302,,17.0325429309471
1990.0,0,13.4880887926371,7.18673677096029,,8.1,4.3208969375,"Congo, Dem. Rep.",COD,,2.39474833333333e-09,260650000.0,289.844727083008,
1990.0,0,37.2590664855671,3.32881788321653,,8.1,4.3208969375,"Iran, Islamic Rep.",IRN,,68.1123727149296,,,0.26199138594219
1990.0,1,50.4624792378524,-5.45431239511254,,8.1,4.3208969375,Timor-Leste,TLS,,1.0,,,
1990.0,0,6.09844414810204,0.153140653942785,7.971,8.1,4.3208969375,"Egypt, Arab Rep.",EGY,19.0,1.55,3619931742.61285,,5.41428288100209
1990.0,0,26.6516725646771,5.25004329944582,,8.1,4.3208969375,"Macao SAR, China",MAC,10.4166666666667,8.02099166666667,520624844.411252,,
1990.0,1,6.54529307282414,7.94981943665461,,8.1,4.3208969375,Oman,OMN,9.85375,0.3845,1783597593.42604,,8.31216538356325
1990.0,1,2.64160306382,1.66026774169177,8.338,8.1,4.3208969375,Afghanistan,AFG,,39.276429270146,637925667.368511,,
1990.0,0,3.0785162869516,4.84092905699353,2.103,8.1,4.3208969375,Panama,PAN,,1.0,343513777.012704,,3.2499389567898
1990.0,0,,6.98855293279334,,8.1,4.3208969375,Finland,FIN,,3.823505,10414929121.4892,10.4750437379078,-4.92220571481103
1990.0,1,-0.0123304562272102,-2.14752806574087,,8.1,4.3208969375,Morocco,MAR,,8.24234166666666,2337533790.10115,87.1967599759139,-0.648031086262141
1990.0,1,0.769485354956023,8.09899300573224,11.6,8.1,4.3208969375,Albania,ALB,1.0,,,,-5.83174096323551
1991.0,1,20.0844955754632,1.43834679171559,,5.69,3.9339278958333335,Luxembourg,LUX,,34.14825,201722868.203728,1.95657501786965,
1991.0,0,6.80877887943634,-0.223525498840075,2.549,5.69,3.9339278958333335,"Yemen, Rep.",YEM,,12.0100001707085,696933259.80918,,
1991.0,1,19.2614585266282,-0.436390080533428,10.598,5.69,3.9339278958333335,"Korea, Rep.",KOR,,733.329166666667,13814693350.5375,9.93619504178387,-2.35688840135155
1991.0,1,33.9722602535864,26.0469004465336,4.58,5.69,3.9339278958333335,Bangladesh,BGD,14.7683928571429,36.5961833333333,1307945065.4143,,0.208651431216537
1991.0,0,5.62586408593005,-2.0910550979319,10.316,5.69,3.9339278958333335,Monaco,MCO,,5.64211666666667,,,
1991.0,1,21.4470698171141,5.26652666784713,6.59,5.69,3.9339278958333335,Guyana,GUY,33.55,111.810666666667,124416126.678968,,
1991.0,1,3.43819599109134,3.08443862114596,5.553,5.69,3.9339278958333335,Bolivia,BOL,41.1475,3.58060833333333,422359443.149443,,-4.91460043574974
1991.0,0,5.70985259891396,8.5582603212423,2.63,5.69,3.9339278958333335,Luxembourg,LUX,,34.14825,201722868.203728,1.95657501786965,
1991.0,0,4.04703259753466,5.10826150190911,5.316,5.69,3.9339278958333335,Namibia,NAM,23.3633333333333,2.761315,,,3.50682146258358
1991.0,0,3.55668565220452,9.36170212784847,2.3,5.69,3.9339278958333335,Haiti,HTI,,6.03416666666667,41497494.3494428,,-2.63475888609836
1991.0,1,12.1856307214389,4.59998724404535,14.661,5.69,3.9339278958333335,Japan,JPN,,134.706666666667,80625862247.2161,,
1991.0,1,,9.13311056738961,5.44,5.69,3.9339278958333335,Mozambique,MOZ,,1.4344675,240557217.239554,,
1991.0,1,19.4558456445745,3.09999970633838,7.572,5.69,3.9339278958333335,Liechtenstein,LIE,,1.43399166666667,,,
1991.0,0,28.7092913706618,2.26565496296193,,5.69,3.9339278958333335,"Macao SAR, China",MAC,9.41666666666667,8.00425,650685700.737487,,
1991.0,1,97.6423231742383,-0.0361333838823299,18.9,5.69,3.9339278958333335,El Salvador,SLV,,8.01666666666667,453109120.0,,-3.18836063436411
1991.0,0,22.662359455061,3.97590497138043,3.047,5.69,3.9339278958333335,New Zealand,NZL,,1.73351416666667,2950278020.55426,,
1991.0,1,34.8175429072704,-11.8920408618435,8.5,5.69,3.9339278958333335,Solomon Islands,SLB,19.4583333333333,2.71475,8542562.90320273,,-15.7515879073781
1991.0,1,432.786661926461,1.0321895854696,,5.69,3.9339278958333335,Ethiopia,ETH,6.0,2.07,106436547.408774,49.6471547793914,0.747122815753611
1991.0,1,9.4446273294419,-1.14597485051154,3.256,5.69,3.9339278958333335,Afghanistan,AFG,,39.276429270146,576118920.253472,,
1991.0,0,101.971683202507,3.53880850451309,8.95,5.69,3.9339278958333335,Japan,JPN,,134.706666666667,80625862247.2161,,
1991.0,1,13.0069731037428,0.358352601660286,,5.69,3.9339278958333335,Seychelles,SYC,15.5758333333333,5.28930833333333,27650738.7889971,,-2.05103945604504
1991.0,1,4.31021289843465,-5.88059618513641,6.669,5.69,3.9339278958333335,Comoros,COM,,282.104518251279,29376988.2307479,,-2.55855728076927
1991.0,1,409.530166622023,2.2192591027909,5.8,5.69,3.9339278958333335,Naoero,NRU,,1.28375583333333,,,
1991.0,0,32.2720382866416,-0.650616908622624,,5.69,3.9339278958333335,Bolivia,BOL,41.1475,3.58060833333333,422359443.149443,,-4.91460043574974
1991.0,0,4.23496396453849,-0.108312882368935,6.8,5.69,3.9339278958333335,Chad,TCD,,282.10690880882,123724750.817937,,-3.49331969967201
1991.0,1,14.4026748806266,1.49408756791307,7.53,5.69,3.9339278958333335,"Micronesia, Fed. Sts.",FSM,,1.0,,,
1991.0,1,3.25143848753308,3.52335723553459,2.1,5.69,3.9339278958333335,Brazil,BRA,,0.000175961443086024,9391631540.11072,,-0.423315529310288
1991.0,0,2.60239285999773,-1.09079322533503,10.611,5.69,3.9339278958333335,Kenya,KEN,18.9975,27.5078666666667,145138376.123246,,-2.61695502722967
1991.0,1,19.7485448195578,1.12540459520747,9.38,5.69,3.9339278958333335,Ecuador,ECU,,1046.24933333333,1080977277.89412,,-4.16751643885901
1991.0,0,3.2153106926081,1.83307441343001,6.984,5.69,3.9339278958333335,Gabon,GAB,,282.10690880882,332016185.575922,,1.38433185743214
1991.0,0,13.8702461773683,1.05683143496063,,5.69,3.9339278958333335,Tanzania,TZA,,219.157416666667,203908582.585933,,-10.2458135935714
1991.0,0,7.00101377541879,4.43544626177179,,5.69,3.9339278958333335,Bangladesh,BGD,14.7683928571429,36.5961833333333,1307945065.4143,,0.208651431216537
1991.0,0,3.42570173078643,6.68839753958379,2.18,5.69,3.9339278958333335,"Venezuela, RB",VEN,37.1633333333333,0.056825,14718563242.2721,,3.24768591983123
1991.0,1,3.17667536988685,-0.384631357046658,9.579,5.69,3.9339278958333335,Eritrea,ERI,,2.07182506752915,,,
1991.0,1,,-5.04693945142463,,5.69,3.9339278958333335,Madagascar,MDG,25.475,367.072,88857217.2395543,,-7.05909513228602
1991.0,0,,9.72990963006499,,5.69,3.9339278958333335,Fiji,FJI,,1.4755575,271708384.441488,36.8418217433888,-4.93144143597924
1991.0,0,21.7844124277757,7.75620189312957,5.23,5.69,3.9339278958333335,"Gambia, The",GMB,26.5,8.73314083987557,67615345.6636485,,1.73224760432552
1991.0,1,76.7694992087347,-7.01557879301123,,5.69,3.9339278958333335,New Zealand,NZL,,1.73351416666667,2950278020.55426,,
1991.0,1,9.41906784347004,6.91198283591309,2.617,5.69,3.9339278958333335,Eritrea,ERI,,2.07182506752915,,,
1991.0,1,230.622494900178,-12.9182107298211,,5.69,3.9339278958333335,Peru,PER,670.534208256702,0.7725,3090441600.0,78.2167512063909,-4.3795451250649
1991.0,1,25.8863869348514,-1.2000005864423,20.6,5.69,3.9339278958333335,Bolivia,BOL,41.1475,3.58060833333333,422359443.149443,,-4.91460043574974
1991.0,0,,,,5.69,3.9339278958333335,"Hong Kong SAR, China",HKG,9.41666666666667,7.77116666666667,28888620800.0,,
1991.0,0,5.8595966346867,-0.915816616547943,1.818,5.69,3.9339278958333335,Tunisia,TUN,,0.924620833333333,866047319.14371,60.6727188081937,-3.58997627267365
1991.0,0,4.358333333333,9.54546741443052,0.481,5.69,3.9339278958333335,"Bahamas, The",BHS,9.0,1.0,181313537.598879,27.9767032232351,-5.77919489836588
1991.0,1,,-0.189281493926757,,5.69,3.9339278958333335,Oman,OMN,9.56875,0.3845,2640633703.41389,,-1.94077026836585
1991.0,0,65.9785679918951,0.720279035610119,8.21,5.69,3.9339278958333335,Kenya,KEN,18.9975,27.5078666666667,145138376.123246,,-2.61695502722967
1991.0,0,30.3878204854436,2.00160759559029,10.12,5.69,3.9339278958333335,United Kingdom,GBR,11.6949833333333,0.567015333333333,48572195808.5626,29.1948960284953,-1.66449946529553
1991.0,1,6.24999929790291,1.53844759206665,10.097,5.69,3.9339278958333335,Burkina Faso,BFA,,282.10690880882,,,
1991.0,0,3.33742703474788,3.44162748808654,3.42,5.69,3.9339278958333335,Australia,AUS,13.4166666666667,1.28375583333333,19339711736.4717,11.9025520926005,-3.24314665991037
1991.0,1,48.718080675219,4.29134246404705,8.19,5.69,3.9339278958333335,Cambodia,KHM,,718.333333333333,,,
1991.0,0,11.8494841773675,4.36820616663232,3.919,5.69,3.9339278958333335,Ethiopia,ETH,6.0,2.07,106436547.408774,49.6471547793914,0.747122815753611
1991.0,0,33.1664219167535,3.65824875006811,,5.69,3.9339278958333335,Naoero,NRU,,1.28375583333333,,,
1991.0,0,7.46178295746934,-1.29243974751705,8.55,5.69,3.9339278958333335,Israel,ISR,,2.27910833333333,6427966120.67688,117.800374652665,-1.80170678702012
1991.0,0,3.21081037142378,1.9296401741083,15.771,5.69,3.9339278958333335,St. Kitts and Nevis,KNA,11.2983717947221,2.7,16634304.3098886,,-16.1371040875961
1991.0,0,5.93421344335924,2.54600049647455,15.929,5.69,3.9339278958333335,Marshall Islands,MHL,,1.0,,,
1991.0,0,3.15820041477122,2.43913458059633,7.285,5.69,3.9339278958333335,Uruguay,URY,148.177231407888,2.01766333333333,1135960005.02367,24.5905757591411,0.37863047604701
1991.0,0,7.98616600790512,7.21608815359085,16.98,5.69,3.9339278958333335,Antigua and Barbuda,ATG,12.6500000953674,2.7,32540000.0,,-6.13126142864487
1991.0,0,3.21340732409687,1.23666248297356,9.134,5.69,3.9339278958333335,"Venezuela, RB",VEN,37.1633333333333,0.056825,14718563242.2721,,3.24768591983123
1991.0,1,83.7837837837838,0.991359302044742,,5.69,3.9339278958333335,"Congo, Dem. Rep.",COD,,5.19456941666667e-08,193104400.0,113.584666666667,
1991.0,0,,,,5.69,3.9339278958333335,"Iran, Islamic Rep.",IRN,,67.5217300147946,,,-7.17727711366915
1991.0,1,2.39515331724415,1.45818005306188,9.099,5.69,3.9339278958333335,Timor-Leste,TLS,,1.0,,,
1991.0,0,,5.53179037448064,,5.69,3.9339278958333335,"Egypt, Arab Rep.",EGY,19.8466666666667,3.13800833333333,6185285500.81964,,9.010952
1991.0,1,1.25626077674688,9.41900577743102,16.12,5.69,3.9339278958333335,"Macao SAR, China",MAC,9.41666666666667,8.00425,650685700.737487,,
1991.0,1,-2.76236280675762,-0.552543005101867,,5.69,3.9339278958333335,Oman,OMN,9.56875,0.3845,2640633703.41389,,-1.94077026836585
1991.0,1,47.079157410536,0.944138889056532,,5.69,3.9339278958333335,Afghanistan,AFG,,39.276429270146,576118920.253472,,
1991.0,0,15.3347785733672,-1.0182449675445,,5.69,3.9339278958333335,Panama,PAN,,1.0,499075403.939407,,-3.40793015877548
1991.0,1,24.2253521126763,3.49365015491472,5.1,5.69,3.9339278958333335,Finland,FIN,,4.04397916666667,8316763636.31688,17.01269264076,-5.32681492267676
1991.0,0,18.0314390089849,5.28182639834429,3.489,5.69,3.9339278958333335,Morocco,MAR,,8.70655,3349097140.1336,62.0674162757784,-1.27998993380056
1991.0,1,8.19371509544085,3.90454530313198,,5.69,3.9339278958333335,Albania,ALB,1.0,,,,-15.2788523176905
1992.0,0,3.94771176824031,-3.37389416853765,4.306,3.52,3.38244437,Libya,LBY,7.0,0.281553354124583,7382035579.63343,,4.15259932620101
1992.0,1,12.060323601829,1.64649818317035,5.52,3.52,3.38244437,Tanzania,TZA,27.3608695652174,297.708083333333,327336301.511131,,-10.6889176967354
1992.0,0,1.49013290374545,0.890466180427183,11.197,3.52,3.38244437,Japan,JPN,,126.651333333333,79696681098.0409,,
1992.0,1,8.75988625255494,9.03523521415093,3.06,3.52,3.38244437,Benin,BEN,,264.691800750579,,,-4.28904687368759
1992.0,1,2.32808504911857,3.5744589537378,6.011,3.52,3.38244437,Lesotho,LSO,18.25,2.85201416666667,157486270.573515,,-19.6848326440849
1992.0,0,5.05697796731731,2.01361340926105,6.323,3.52,3.38244437,Grenada,GRD,12.0231759977324,2.7,25880000.0,,-10.4438180860276
1992.0,0,2.36376046269353,1.5160611169627,10.203,3.52,3.38244437,Vanuatu,VUT,,113.391666666667,42458761.8078568,,-4.62269285924246
1992.0,1,211.205587610082,-8.7672284522824,8.26,3.52,3.38244437,Belarus,BLR,21.0,,,25.7608695652174,
1992.0,1,31.6696619117149,1.80000230253509,24.38,3.52,3.38244437,Libya,LBY,7.0,0.281553354124583,7382035579.63343,,4.15259932620101
1992.0,0,,,,3.52,3.38244437,Myanmar,MMR,,6.10453333333333,363826150.051563,,-4.74404746483468
1992.0,0,7.52351006242677,6.49750651682714,2.734,3.52,3.38244437,Guam,GUM,,1.0,,,
1992.0,0,70.0761038690372,5.03563493896803,8.51,3.52,3.38244437,Iceland,ISL,13.05,57.5459333333333,514653054.089265,36.3773083496902,-2.18758967163882
1992.0,0,4.59154929577461,1.29472849604493,9.772,3.52,3.38244437,Maldives,MDV,,10.5691666666667,28193754.5890797,41.6154638148062,-6.89375110912518
1992.0,1,5.2705899859293,0.834275417393798,9.321,3.52,3.38244437,Lao PDR,LAO,26.0,716.08331420526,46019622.6342319,,-4.29151462766678
1992.0,0,21.791168790061,9.2011037327736,,3.52,3.38244437,St. Lucia,LCA,12.810449932971,2.7,55461256.7547128,,-8.31318681318681
1992.0,1,,7.93729155643076,6.36,3.52,3.38244437,Romania,ROU,,0.0307953333333333,2324630290.73453,,-5.99482518410403
1992.0,1,15.8770737923919,0.700000337119789,8.927,3.52,3.38244437,New Caledonia,NCL,,96.2511007185,,,
1992.0,0,27.0106266231361,4.04492943933556,9.44,3.52,3.38244437,French Polynesia,PYF,,96.2511007185,,,
1992.0,1,165.70652700999,-1.73092217352566,,3.52,3.38244437,"Egypt, Arab Rep.",EGY,20.3283333333333,3.32174833333333,11620220747.8378,,7.81250251617541
1992.0,1,54.6078215093597,2.11431064978969,8.56,3.52,3.38244437,Afghanistan,AFG,,39.276429270146,,,
1992.0,0,4.02084780038557,2.0935244262602,3.59,3.52,3.38244437,Iceland,ISL,13.05,57.5459333333333,514653054.089265,36.3773083496902,-2.18758967163882
1992.0,0,4.76722829992821,8.88511797832156,3.71,3.52,3.38244437,Solomon Islands,SLB,16.5625,2.9281,23497502.9906362,,0.482380297963771
1992.0,0,3.18358181761551,1.70607086906817,5.555,3.52,3.38244437,"Congo, Dem. Rep.",COD,,2.1513626025e-06,166061000.0,128.444708097928,
1992.0,0,5.7402466286874,-2.097738754022,15.68,3.52,3.38244437,Namibia,NAM,20.2125,2.85201416666667,49717500.1031254,,1.45076530847198
1992.0,1,11.2144813801987,7.02196331575217,7.88,3.52,3.38244437,South Africa,ZAF,18.9058333333333,2.85201416666667,3207728532.39078,36.9022310979407,1.34745427194466
1992.0,0,9.55926033177508,1.08947689832507,3.985,3.52,3.38244437,Viet Nam,VNM,,11202.1916666667,,,
1992.0,1,299.509803921569,-5.83828073313154,,3.52,3.38244437,Belarus,BLR,21.0,,,25.7608695652174,
1992.0,0,3.06999853835904,3.34327412603812,15.021,3.52,3.38244437,San Marino,SMR,,1232.40583333333,,,
1992.0,1,951.962053052818,-0.544072051030298,7.086,3.52,3.38244437,Finland,FIN,,4.47944,5880752713.93197,34.1053360183611,-4.54594465904843
1992.0,1,44.588842715023,4.63119294607692,,3.52,3.38244437,Belize,BLZ,14.3166666666667,2.0,52942515.7781842,24.551156705335,-4.11072422552554
1992.0,0,6.35398134024869,14.2996108947926,2.3,3.52,3.38244437,Israel,ISR,,2.45908333333333,5130401751.13438,114.193496710768,-1.10189503695802
1992.0,1,5.82434514637906,7.80572887722397,,3.52,3.38244437,Denmark,DNK,,6.03613333333333,11596802126.6517,66.6053260676425,2.74488364106854
1992.0,1,11.3834370512206,4.39999125181939,14.22,3.52,3.38244437,Fiji,FJI,12.45,1.50299083333333,317136684.562817,33.6735845779785,-3.99878474352944
1992.0,1,46.0985621037431,2.51497861350261,,3.52,3.38244437,Chad,TCD,,264.691800750579,84189961.925617,,-4.55341511080141
1992.0,1,27.3323644475784,-0.799493958641349,,3.52,3.38244437,Viet Nam,VNM,,11202.1916666667,,,
1992.0,1,2.3743672511188,-1.15859275987265,5.832,3.52,3.38244437,Benin,BEN,,264.691800750579,,,-4.28904687368759
1992.0,0,68.4591938395374,7.93158841395443,8.96,3.52,3.38244437,Samoa,WSM,,2.46630833333333,57646263.1484868,,-39.6781988739143
1992.0,1,15.5078962533573,3.56861354412243,3.096,3.52,3.38244437,Samoa,WSM,,2.46630833333333,57646263.1484868,,-39.6781988739143
1992.0,0,1.01223112610714,0.433065864126704,10.729,3.52,3.38244437,Tonga,TON,,1.34717068495896,31769008.0437802,,-1.28998468802905
1992.0,0,4.64351929883709,6.51269858283499,,3.52,3.38244437,Samoa,WSM,,2.46630833333333,57646263.1484868,,-39.6781988739143
1992.0,0,15.4258064688928,11.5019314370192,4.35,3.52,3.38244437,Algeria,DZA,,21.836075,3317517177.46837,,
1992.0,0,2.26307118702851,6.63980556949564,3.09,3.52,3.38244437,Lithuania,LTU,,1.77275,107287429.898456,,
1992.0,0,5.9245312622849,0.929215482921151,17.697,3.52,3.38244437,Spain,ESP,,102.379083333333,50708513479.3062,37.0105702629969,-3.4160822661675
1992.0,1,2.91932319285011,-3.31137361706595,11.732,3.52,3.38244437,United Kingdom,GBR,9.56348333333333,0.569774166666667,42844142573.8515,30.3997500632281,-1.96702595518054
1992.0,1,73.5282942442641,-0.540509124723926,9.4,3.52,3.38244437,New Caledonia,NCL,,96.2511007185,,,
1992.0,1,13.874703748615,-2.13703284500521,,3.52,3.38244437,Algeria,DZA,,21.836075,3317517177.46837,,
1992.0,1,13.6374241717218,4.47285918408184,8.92,3.52,3.38244437,Netherlands,NLD,,1.75846633333333,36580975408.2822,56.0063065334887,1.88350974641952
1992.0,1,4.25902638893392,11.2374641300752,,3.52,3.38244437,Belarus,BLR,21.0,,,25.7608695652174,
1992.0,1,,-14.5310737729264,5.181,3.52,3.38244437,Greenland,GRL,,6.03613333333333,,,
1992.0,1,23.6557207806552,-3.06418034558638,9.933,3.52,3.38244437,Seychelles,SYC,15.5633333333333,5.12198333333333,31257754.1765782,,-1.49612461807546
1992.0,0,10.0561167448841,3.87941908037517,4.7,3.52,3.38244437,Bulgaria,BGR,74.05,0.0233411666666667,1241109201.35232,,-4.18348559995909
1992.0,0,4.13914575077056,8.08338802345332,1.35,3.52,3.38244437,Niger,NER,,264.691800750579,,,-4.70050474164019
1992.0,1,11.7878170418134,5.48239602040357,,3.52,3.38244437,Israel,ISR,,2.45908333333333,5130401751.13438,114.193496710768,-1.10189503695802
1992.0,1,,0.386346578416166,,3.52,3.38244437,France,FRA,,5.29381583333333,54305667500.9537,,0.280170781675052
1992.0,0,2.42795567164615,1.53065475142162,6.702,3.52,3.38244437,Belgium,BEL,,32.1495,22146931620.7312,,
1992.0,0,4.03703020778739,-0.0437330086271288,2.344,3.52,3.38244437,Antigua and Barbuda,ATG,12.7000000476837,2.7,50520000.0,,-1.87959318973665
1992.0,0,,,,3.52,3.38244437,Italy,ITA,16.5239166666667,1232.40583333333,49861589540.5455,77.2855315218802,-2.21274668808672
1992.0,0,3.02881967814969,3.52249717301392,7.5,3.52,3.38244437,"Egypt, Arab Rep.",EGY,20.3283333333333,3.32174833333333,11620220747.8378,,7.81250251617541
1992.0,0,21.9132104007913,9.66094245346783,,3.52,3.38244437,Namibia,NAM,20.2125,2.85201416666667,49717500.1031254,,1.45076530847198
1992.0,0,1.01456027171236,1.09383475591748,10.673,3.52,3.38244437,India,IND,18.9166666666667,25.9180833333333,9538786025.16566,49.6809013594637,-1.55624498023457
1992.0,0,8.65100357865265,0.417629066097945,9.866,3.52,3.38244437,Jordan,JOR,,0.679818333333333,1030115563.67993,152.601096831376,-15.7267736071471
1992.0,1,1.7602830605927,0.900586066438109,2.16,3.52,3.38244437,"Macao SAR, China",MAC,7.25,7.97234166666667,1301729869.41305,,
1992.0,1,-1.03360811667777,-6.42407819946331,,3.52,3.38244437,Viet Nam,VNM,,11202.1916666667,,,
1992.0,0,2.09604442933217,2.0228112415746,9.027,3.52,3.38244437,Thailand,THA,12.1666666666667,25.4001281507941,21183085549.8439,10.8789951587465,-5.65567692212437
1992.0,0,15.192743764172,1.69642801124701,4.98,3.52,3.38244437,American Samoa,ASM,,1.0,,,
1992.0,1,,6.06034937385407,,3.52,3.38244437,Tonga,TON,,1.34717068495896,31769008.0437802,,-1.28998468802905
1992.0,0,,-9.01556538665926,,3.52,3.38244437,China,CHN,8.64,5.51459166666667,24852636915.1072,,1.49380742683803
1992.0,0,10.0459179984088,4.83833884688683,,3.52,3.38244437,Hungary,HUN,33.05,78.9883916666667,4458714298.9605,75.2294883851339,0.905662683648787
1992.0,1,1.82452156989957,8.20168016089661,14.67,3.52,3.38244437,Slovenia,SVN,,81.2869916666667,715649933.71807,,6.8521543659339
1993.0,0,11.8196901746257,3.92713194504024,,3.02,2.7144275875,Lao PDR,LAO,25.33,716.249980867475,69653376.322047,,-2.68876183212059
1993.0,1,0.453930078840388,5.45574435675844,13.26,3.02,2.7144275875,Turkmenistan,TKM,,,799006867.792346,,
1993.0,1,18.5066883302714,5.81831555719015,9.94,3.02,2.7144275875,Jordan,JOR,,0.692850833333333,1946380519.70699,125.609617959016,-11.2209373919821
1993.0,0,6.71631104109973,2.181889985613,9.289,3.02,2.7144275875,Benin,BEN,,283.162579500018,,,-2.58299670414555
1993.0,0,2.55857796929705,3.49048744653493,10.346,3.02,2.7144275875,St. Lucia,LCA,11.8140626868538,2.7,60037821.2318872,,-7.32612222823148
1993.0,0,2.95165696638559,2.75179586709815,6.9,3.02,2.7144275875,Greece,GRC,,229.249843333333,9135322990.04867,,-0.696206808420449
1993.0,0,2.75442643473461,-0.961873076923027,8.078,3.02,2.7144275875,Ukraine,UKR,184.25,0.045325,166106210.469693,,
1993.0,0,2.28929964388641,11.459650875246,3.07,3.02,2.7144275875,Belarus,BLR,71.625,,,5.18781725888325,-2.67279898477157
1993.0,0,3.29262180313611,-0.125983460416222,3.551,3.02,2.7144275875,Lao PDR,LAO,25.33,716.249980867475,69653376.322047,,-2.68876183212059
1993.0,1,4.72817304626053,-2.06561636908388,9.482,3.02,2.7144275875,Marshall Islands,MHL,,1.0,,,
1993.0,0,1.86507936507939,2.65770691557481,11.377,3.02,2.7144275875,Guatemala,GTM,,5.6353625,949519630.536382,13.6225081203374,-6.15525381623952
1993.0,0,12.7277669490964,6.6855844008042,4.49,3.02,2.7144275875,Iraq,IRQ,,2002.38629443332,6744700000.0,,
1993.0,0,3.63178524943176,0.526809769496765,4.25,3.02,2.7144275875,Monaco,MCO,,5.66323,,,
1993.0,0,10.5178384472896,5.0820629557426,,3.02,2.7144275875,St. Kitts and Nevis,KNA,10.2793002918515,2.7,29420603.3770391,,-11.1045580925099
1993.0,0,31.83160687276,6.03941022663199,,3.02,2.7144275875,Lebanon,LBN,28.5283333333333,1741.36333333333,5862881281.06081,,
1993.0,0,,,,3.02,2.7144275875,Portugal,PRT,,160.800185833333,22115180394.544,8.24573773536288,0.245135265861298
1993.0,1,22.4642346133809,-0.576108518425613,12.101,3.02,2.7144275875,Mauritius,MUS,16.5833333333333,17.648025,781068454.157873,29.8242079194186,-2.78237744784667
1993.0,0,54.1007924425194,2.65754610698545,8.35,3.02,2.7144275875,Poland,POL,,1.81149666666667,4276726019.05823,,-6.02645744303895
1993.0,1,9.75146045357553,2.86699945461075,3.214,3.02,2.7144275875,Ecuador,ECU,,1919.105,1541717569.37448,,-4.48229932324834
1993.0,0,14.6100786356602,13.9290780143689,2.6,3.02,2.7144275875,Afghanistan,AFG,,39.276429270146,,,
1993.0,1,2.19065319556437,-0.779815061561479,16.423,3.02,2.7144275875,Iraq,IRQ,,2002.38629443332,6744700000.0,,
1993.0,0,,,,3.02,2.7144275875,Rwanda,RWA,,144.237020537225,47404713.2006829,,
1993.0,1,36.9641666120718,3.73831029461471,14.01,3.02,2.7144275875,"Congo, Dem. Rep.",COD,,2.514416814e-05,54794299.78,104.00210747895,
1993.0,0,11.7467370174946,6.90006325149474,13.82,3.02,2.7144275875,Mauritania,MRT,17.5833333333333,12.0805833333333,49051951.4073351,,-9.41968080103244
1993.0,0,6.78377994665407,-2.04327729359404,5.301,3.02,2.7144275875,St. Vincent and the Grenadines,VCT,11.9218397449356,2.7,31510399.496871,40.7099336377631,-15.3241141999664
1993.0,1,9.77860078293777,7.09719123999687,,3.02,2.7144275875,Uganda,UGA,,1195.01675,146356315.89724,,-5.31387173151944
1993.0,0,,8.20697907221228,10.1,3.02,2.7144275875,Belarus,BLR,71.625,,,5.18781725888325,-2.67279898477157
1993.0,0,22.4424828533275,5.38540993901029,7.8,3.02,2.7144275875,Senegal,SEN,,283.162579500018,,,-5.87632495790797
1993.0,1,10.748646716372,13.6371742968735,,3.02,2.7144275875,Ethiopia,ETH,14.0,5.0,499938564.082642,71.5033855542775,-0.552422468805537
1993.0,0,3.53658536585389,9.89494333377064,4.11,3.02,2.7144275875,Belize,BLZ,14.3666666666667,2.0,38746495.1016734,26.2914118966151,-6.44728055367916
1993.0,0,5.18311396030801,-0.740591700332374,15.69,3.02,2.7144275875,Iceland,ISL,14.1083333333333,67.6031816666666,445582069.697466,41.6073685299857,0.572651482701134
1993.0,1,2.10446277124644,-0.35899781051468,11.32,3.02,2.7144275875,Dominica,DMA,11.9238245391238,2.7,19915109.143162,,-7.41115066674712
1993.0,1,9.6719108926401,6.49640812045304,2.782,3.02,2.7144275875,Finland,FIN,,5.71229166666667,6192945394.77967,51.6838492204665,-1.27368110383661
1993.0,1,45.9788813036218,0.353197256227247,,3.02,2.7144275875,Slovenia,SVN,,113.241883333333,787924742.251979,18.5258461655266,1.32186349181442
1993.0,0,4.47457650752808,-0.973033082340891,7.675,3.02,2.7144275875,Uganda,UGA,,1195.01675,146356315.89724,,-5.31387173151944
1993.0,0,24.9598424742497,4.85000055379412,,3.02,2.7144275875,Benin,BEN,,283.162579500018,,,-2.58299670414555
1993.0,0,18.2086614173228,4.93635941475281,5.06,3.02,2.7144275875,Uruguay,URY,94.3371886429814,3.94109166666667,1422523149.97963,21.8791430371302,-1.62503515644754
1993.0,1,,0.275410410462172,,3.02,2.7144275875,Uruguay,URY,94.3371886429814,3.94109166666667,1422523149.97963,21.8791430371302,-1.62503515644754
1993.0,0,1.25785667953259,-0.078900412805325,10.719,3.02,2.7144275875,Turks and Caicos Islands,TCA,,1.0,,,
1993.0,1,-2.91535849298335,0.335275684646064,,3.02,2.7144275875,Uruguay,URY,94.3371886429814,3.94109166666667,1422523149.97963,21.8791430371302,-1.62503515644754
1993.0,1,874.245720380188,-8.66854034260423,5.883,3.02,2.7144275875,Dominican Republic,DOM,29.89,12.5,658256133.767187,,-4.07383436047879
1993.0,1,1.24304589707924,-0.459219716250544,2.503,3.02,2.7144275875,Liechtenstein,LIE,,1.47761666666667,,,
1993.0,0,9.71742729803028,1.23355793864741,,3.02,2.7144275875,Eritrea,ERI,,5.00440837567428,,,22.9133856737768
1993.0,0,1.75365344467641,4.04583374101011,10.874,3.02,2.7144275875,Gabon,GAB,,283.162579500018,5765214.98441806,,-1.12108668936338
1993.0,0,4.56907173681813,-1.03149183695307,22.156,3.02,2.7144275875,Mauritius,MUS,16.5833333333333,17.648025,781068454.157873,29.8242079194186,-2.78237744784667
1993.0,1,6.32689048779867,4.75077621776924,,3.02,2.7144275875,Dominican Republic,DOM,29.89,12.5,658256133.767187,,-4.07383436047879
1993.0,1,8.52787695688003,4.26929611661518,5.99,3.02,2.7144275875,New Caledonia,NCL,,102.967715214,,,
1993.0,1,3.9749563191613,2.18982886145824,,3.02,2.7144275875,Belarus,BLR,71.625,,,5.18781725888325,-2.67279898477157
1993.0,0,2.58418448671799,1.2575522529669,6.287,3.02,2.7144275875,Grenada,GRD,11.8323783953494,2.7,26900000.0,,-14.0981471570171
1993.0,1,,-0.392936046663081,,3.02,2.7144275875,Sao Tome and Principe,STP,,0.429854166666667,,,
1993.0,1,44.9550537592163,1.97321813678619,7.95,3.02,2.7144275875,Bulgaria,BGR,76.8558333333334,0.0275935833333333,1052450306.21187,,-10.1439787718906
1993.0,1,183.312041464393,6.79727404907118,19.7,3.02,2.7144275875,Malawi,MWI,29.5,4.40277833333333,61890325.7801308,,-5.49395887067223
1993.0,1,255.166861826698,1.52883449664077,,3.02,2.7144275875,Iceland,ISL,14.1083333333333,67.6031816666666,445582069.697466,41.6073685299857,0.572651482701134
1993.0,0,4.04285291076947,1.31344949985998,5.255,3.02,2.7144275875,Fiji,FJI,11.8891666666667,1.541775,269769155.661976,36.5383548067393,-8.4400396432111
1993.0,0,3.31219168428468,8.25191591524627,1.49,3.02,2.7144275875,Belgium,BEL,,34.5965208333333,21197694511.7278,,
1993.0,1,57.1652528349217,-2.03511877399139,,3.02,2.7144275875,Antigua and Barbuda,ATG,12.6758596545235,2.7,37806867.7923464,,2.66157704168822
1993.0,1,4.62673468331298,-0.852805731913904,10.212,3.02,2.7144275875,Israel,ISR,,2.83008333333333,6386155658.38842,111.935388596105,-3.10726187862662
1993.0,1,20.5403261235827,-2.10000075697259,26.23,3.02,2.7144275875,Ecuador,ECU,,1919.105,1541717569.37448,,-4.48229932324834
1993.0,1,14.4112644439348,-1.60000002186294,10.177,3.02,2.7144275875,Mauritania,MRT,17.5833333333333,12.0805833333333,49051951.4073351,,-9.41968080103244
1993.0,1,66.0938429820006,7.65126520301509,8.96,3.02,2.7144275875,Isle of Man,IMN,,0.666756553333333,,,
1993.0,1,1927.38079016026,4.92469000463774,6.03,3.02,2.7144275875,Jamaica,JAM,43.7116666666667,24.94855,417049933.96549,112.197175107941,-3.38248971095327
1993.0,1,48.5799864468885,5.24357700773291,9.87,3.02,2.7144275875,Lithuania,LTU,,4.34406333333333,422943337.67033,,
1993.0,0,2.28826933193057,2.8451826884301,6.056,3.02,2.7144275875,Uganda,UGA,,1195.01675,146356315.89724,,-5.31387173151944
1993.0,1,5.25033880690971,7.36669526975602,,3.02,2.7144275875,South Africa,ZAF,16.1583333333333,3.26774158333333,2879214919.10976,39.9507720898509,1.90438081566821
1993.0,0,1.28820776574386,6.39152850429893,9.799,3.02,2.7144275875,Eswatini,SWZ,14.3458333333333,3.26774158333333,264288572.765613,,-4.69230198926611
1993.0,1,12.0897922868977,2.90079079959442,10.92,3.02,2.7144275875,American Samoa,ASM,,1.0,,,
1993.0,0,1.46941522411422,2.69260841466448,15.571,3.02,2.7144275875,Turks and Caicos Islands,TCA,,1.0,,,
1993.0,1,1378.52760736196,-23.9834174420578,,3.02,2.7144275875,China,CHN,10.98,5.76195833333334,27348104116.5518,,-2.59966643215884
1993.0,0,,1.05137020092701,,3.02,2.7144275875,Haiti,HTI,,12.8225,39307976.7956273,,-0.629840344573008
1994.0,1,20.5661948376355,5.31791766023942,4.41,4.21,3.5351682466666667,Lao PDR,LAO,24.0,717.666647496299,67495870.261612,,-10.384772031231
1994.0,0,1.99201463809526,5.29469615156448,8.036,4.21,3.5351682466666667,Turkmenistan,TKM,,19.1983333333333,929007299.238106,,
1994.0,1,24.5710137275605,4.89994941000114,,4.21,3.5351682466666667,Jordan,JOR,,0.698764166666667,1996868732.10993,116.445964243913,-6.38176192342058
1994.0,1,307.722635553193,-12.5697559802151,8.13,4.21,3.5351682466666667,Benin,BEN,,555.204695655697,,,0.660280507734446
1994.0,1,0.695458057869004,1.0833831743207,2.889,4.21,3.5351682466666667,St. Lucia,LCA,11.0596618309,2.7,57790724.1282155,,-6.77841203943955
1994.0,1,13.5344687273427,4.51902837637206,,4.21,3.5351682466666667,Greece,GRC,,242.6028175,15809339689.2247,,-0.126978535177172
1994.0,0,5.14167152953361,10.5880004161286,17.931,4.21,3.5351682466666667,Ukraine,UKR,250.283333333333,0.327514166666667,664538694.999876,,-2.21314802923152
1994.0,1,,5.83620070368526,11.76,4.21,3.5351682466666667,Belarus,BLR,148.5,0.00036411125,100987552.590763,75.9557129208116,-2.97225278817512
1994.0,0,22.8462417553045,5.81466190724336,8.25,4.21,3.5351682466666667,Lao PDR,LAO,24.0,717.666647496299,67495870.261612,,-10.384772031231
1994.0,0,3.72497055359284,9.21204179334867,,4.21,3.5351682466666667,Marshall Islands,MHL,,1.0,,,
1994.0,1,1.65551532926993,2.38366086110145,12.593,4.21,3.5351682466666667,Guatemala,GTM,,5.75120083333333,943368756.060411,13.1619490409219,-4.81621168651736
1994.0,0,8.53199829189143,7.53997109551439,4.366,4.21,3.5351682466666667,Iraq,IRQ,,2002.38738948844,6744700000.0,,
1994.0,0,8.44871248698348,5.59991872510166,13.03,4.21,3.5351682466666667,Monaco,MCO,,5.552045,,,
1994.0,1,,,,4.21,3.5351682466666667,St. Kitts and Nevis,KNA,10.9438238701199,2.7,31821472.8986588,,-8.23284353707352
1994.0,0,5.42044019241626,0.964838285067799,6.709,4.21,3.5351682466666667,Lebanon,LBN,23.8841666666667,1680.07333333333,7418500690.93785,,
1994.0,1,2075.88839757325,5.8528703643893,,4.21,3.5351682466666667,Portugal,PRT,,165.992776666667,21670533104.749,5.6574045702943,-2.20261544389875
1994.0,1,4.05184218065716,2.15102367074849,11.086,4.21,3.5351682466666667,Mauritius,MUS,18.9166666666667,17.9603666666667,771186075.474994,30.7485422779047,-6.43547581135828
1994.0,1,54.6013218413016,-8.62544195231277,,4.21,3.5351682466666667,Poland,POL,,2.27227666666667,6023061697.80534,60.4543984704576,0.57218339303966
1994.0,0,1.55265627495777,3.60885792911003,5.327,4.21,3.5351682466666667,Ecuador,ECU,,2196.72833333333,2002942790.09083,,-3.95584535777111
1994.0,0,2.80152463293178,2.96109249092605,7.159,4.21,3.5351682466666667,Afghanistan,AFG,,38.818463,,,
1994.0,1,,3.33772611282539,,4.21,3.5351682466666667,Iraq,IRQ,,2002.38738948844,6744700000.0,,
1994.0,1,27.3108817940495,4.25825042741626,6.68,4.21,3.5351682466666667,Rwanda,RWA,,140.703847467575,51343323.8468,,
1994.0,1,4.73323063996595,3.17841132209441,,4.21,3.5351682466666667,"Congo, Dem. Rep.",COD,,0.0119411916666667,131421000.0,169.786611378329,
1994.0,1,7.87404421467434,4.6672651026673,3.08,4.21,3.5351682466666667,Mauritania,MRT,18.1666666666667,12.3575,44081264.0472013,,-3.59160631784022
1994.0,1,10.2479355556119,6.65892407028434,2.147,4.21,3.5351682466666667,St. Vincent and the Grenadines,VCT,11.7331882751291,2.7,31254260.4922898,43.2640630598352,-19.5334493525106
1994.0,0,4.71841373967329,2.38319537908909,24.209,4.21,3.5351682466666667,Uganda,UGA,20.7622222222222,979.445416666667,321367624.521353,,-4.36544383685547
1994.0,0,1.96963479688141,3.97884434177331,9.719,4.21,3.5351682466666667,Belarus,BLR,148.5,0.00036411125,100987552.590763,75.9557129208116,-2.97225278817512
1994.0,1,57.0317089119659,-1.81492448525675,,4.21,3.5351682466666667,Senegal,SEN,,555.204695655697,,,-3.72349006876092
1994.0,0,5.04774897680755,7.99702466720433,1.347,4.21,3.5351682466666667,Ethiopia,ETH,14.3333333333333,5.465,587541810.724552,90.2523100095927,1.76625983730632
1994.0,1,10.8740756809132,1.99999984724822,9.808,4.21,3.5351682466666667,Belize,BLZ,14.775,2.0,34521492.1816793,27.971219349138,-5.1898196253618
1994.0,0,10.3864734299517,4.37366591819077,9.483,4.21,3.5351682466666667,Iceland,ISL,10.5666666666667,69.9443783333333,311693227.749003,42.6148988162488,1.74850331751241
1994.0,1,136.759392815441,3.93194272962506,8.17,4.21,3.5351682466666667,Dominica,DMA,11.6104913178287,2.7,15414832.0518304,,-9.89338899707205
1994.0,0,1.08855677589405,3.96437283726799,16.626,4.21,3.5351682466666667,Finland,FIN,,5.2235125,11429608314.5553,58.3135962623348,1.07619185079872
1994.0,0,2.69305639854954,2.59685569693275,8.727,4.21,3.5351682466666667,Slovenia,SVN,,128.808558333333,1499101295.61061,16.2364911410258,3.49983630377216
1994.0,1,28.8143894306731,2.632784517837,,4.21,3.5351682466666667,Uganda,UGA,20.7622222222222,979.445416666667,321367624.521353,,-4.36544383685547
1994.0,1,,-2.34933212064234,8.56,4.21,3.5351682466666667,Benin,BEN,,555.204695655697,,,0.660280507734446
1994.0,0,24.8702554369576,3.29999973947747,,4.21,3.5351682466666667,Uruguay,URY,92.1564488370221,5.04391666666667,1621668140.4519,24.5301880718095,-2.50821351284002
1994.0,0,11.4431196444973,5.07680374667352,5.87,4.21,3.5351682466666667,Uruguay,URY,92.1564488370221,5.04391666666667,1621668140.4519,24.5301880718095,-2.50821351284002
1994.0,1,32.9912766093522,5.292802066626,14.435,4.21,3.5351682466666667,Turks and Caicos Islands,TCA,,1.0,,,
1994.0,0,24.2569897243361,13.0727091631599,2.8,4.21,3.5351682466666667,Uruguay,URY,92.1564488370221,5.04391666666667,1621668140.4519,24.5301880718095,-2.50821351284002
1994.0,0,7.32347154412294,4.13614286145543,,4.21,3.5351682466666667,Dominican Republic,DOM,28.68,12.6167803030303,259100074.739565,,-1.93243515666095
1994.0,0,0.165562913907291,4.49404929532982,10.395,4.21,3.5351682466666667,Liechtenstein,LIE,,1.3676925,,,
1994.0,0,24.0987860757019,7.47795835834528,,4.21,3.5351682466666667,Eritrea,ERI,,5.46981835461199,,,23.2450159506025
1994.0,0,44.7360421521933,7.28134264410127,9.04,4.21,3.5351682466666667,Gabon,GAB,,555.204695655697,180108557.78406,,7.57275373189422
1994.0,1,6.96581237191123,4.39412788764169,4.248,4.21,3.5351682466666667,Mauritius,MUS,18.9166666666667,17.9603666666667,771186075.474994,30.7485422779047,-6.43547581135828
1994.0,0,2.15813800724632,4.01576585901515,9.784,4.21,3.5351682466666667,Dominican Republic,DOM,28.68,12.6167803030303,259100074.739565,,-1.93243515666095
1994.0,1,18.8680749869283,2.94715455541068,11.013,4.21,3.5351682466666667,New Caledonia,NCL,,100.946171781,,,
1994.0,0,2.95340936761079,2.40211843259056,3.582,4.21,3.5351682466666667,Belarus,BLR,148.5,0.00036411125,100987552.590763,75.9557129208116,-2.97225278817512
1994.0,0,2.60744159215453,4.02902272983438,6.119,4.21,3.5351682466666667,Grenada,GRD,11.0280532690074,2.7,31231150.2285392,,-8.65343308097191
1994.0,0,3.10013262599502,11.0956893100227,3.03,4.21,3.5351682466666667,Sao Tome and Principe,STP,,0.732628166666667,,,
1994.0,0,2.37754084476398,3.22697145426247,9.645,4.21,3.5351682466666667,Bulgaria,BGR,102.515875,0.0541336666666666,1396927155.27122,,-0.327523392395831
1994.0,0,,,,4.21,3.5351682466666667,Malawi,MWI,31.0,8.736405,47716452.4458807,,-10.5056125795652
1994.0,1,,9.23523568054674,4.96,4.21,3.5351682466666667,Iceland,ISL,10.5666666666667,69.9443783333333,311693227.749003,42.6148988162488,1.74850331751241
1994.0,1,2.21901260504205,4.95341092800692,9.648,4.21,3.5351682466666667,Fiji,FJI,11.4416666666667,1.464125,273445494.747906,36.6282593243799,-6.17634955669447
1994.0,0,0.8521169951207,1.26975779924055,3.58,4.21,3.5351682466666667,Belgium,BEL,,33.4564975,23474024353.9273,,
1994.0,1,21.729346883819,29.0190204112194,,4.21,3.5351682466666667,Antigua and Barbuda,ATG,13.1467623059324,2.7,45808258.3579926,,-1.01497878795061
1994.0,1,10.5858066526451,4.6920617266787,7.68,4.21,3.5351682466666667,Israel,ISR,,3.01105520833333,6795646821.45604,103.56556091167,-3.80121729321793
1994.0,0,10.8553211494391,4.03374149641458,,4.21,3.5351682466666667,Ecuador,ECU,,2196.72833333333,2002942790.09083,,-3.95584535777111
1994.0,1,1.26843190106196,2.85014710063089,14.0,4.21,3.5351682466666667,Mauritania,MRT,18.1666666666667,12.3575,44081264.0472013,,-3.59160631784022
1994.0,0,1.74537790773743,5.11924841488023,8.362,4.21,3.5351682466666667,Isle of Man,IMN,,0.653426604166667,,,
1994.0,0,8.938563723594,3.20000000297172,,4.21,3.5351682466666667,Jamaica,JAM,49.4575,33.0859333333333,735930634.902329,94.6607428923022,1.49654503129105
1994.0,1,29.0476561173071,-0.899996552970833,27.74,4.21,3.5351682466666667,Lithuania,LTU,,3.97775,596691606.990845,,
1994.0,1,949.792531120332,1.33936343648007,,4.21,3.5351682466666667,Uganda,UGA,20.7622222222222,979.445416666667,321367624.521353,,-4.36544383685547
1994.0,0,2.30920192610951,5.75582797061618,14.544,4.21,3.5351682466666667,South Africa,ZAF,15.5833333333333,3.55079833333334,3294868535.33399,44.8169697430772,0.0192951572527621
1994.0,1,8.15423128587096,3.97317218034541,10.93,4.21,3.5351682466666667,Eswatini,SWZ,14.25,3.55079833333333,296970645.340239,,0.129989761643896
1994.0,1,23.7369050565046,12.3083661848445,,4.21,3.5351682466666667,American Samoa,ASM,,1.0,,,
1994.0,0,1.37567498071479,5.0552739968782,5.474,4.21,3.5351682466666667,Turks and Caicos Islands,TCA,,1.0,,,
1994.0,1,8.26076798575834,2.59378305986246,,4.21,3.5351682466666667,China,CHN,10.98,8.61874266666666,57781337884.3961,,1.21849357261851
1994.0,0,105.214986469202,-4.66814736394839,8.58,4.21,3.5351682466666667,Haiti,HTI,10.4999999999999,15.04,58174903.9609502,,-1.07908903948809
1995.0,1,1.55432816055009,4.40621652482287,,5.83,3.3100514933333334,Kuwait,KWT,8.36916666666667,0.298447720833333,4542636861.76615,,18.4498379359756
1995.0,1,23.1864981102567,4.15395304333353,,5.83,3.3100514933333334,Thailand,THA,13.25,24.9151757040726,36938829792.4213,4.61009471231839,-8.0232936998296
1995.0,0,59.4615536991446,4.11241897162861,,5.83,3.3100514933333334,Jamaica,JAM,43.5766666666666,35.1421166666667,681258961.125447,83.8611841763719,-1.50360607545815
1995.0,0,1.70616041317076,1.50499384201356,8.158,5.83,3.3100514933333334,Benin,BEN,,499.14842590131,,,-7.69564346950044
1995.0,0,0.791239406938498,4.23436710187066,17.005,5.83,3.3100514933333334,Libya,LBY,,0.418144934349807,6022971792.46293,,6.54681750805331
1995.0,1,,3.95160929610903,10.24,5.83,3.3100514933333334,Equatorial Guinea,GNQ,,499.14842590131,40812.3155034427,,-86.9941852940511
1995.0,1,197.414268084251,-4.1435284052602,9.449,5.83,3.3100514933333334,Tanzania,TZA,37.8050724637681,574.761741666666,299209720.644897,,-7.72805036797611
1995.0,1,-0.127899045020446,2.6309996164206,3.148,5.83,3.3100514933333334,Belarus,BLR,175.0,0.00115209666666667,377020387.881761,16.8800606245315,-3.279971291319
1995.0,0,2.08360842382846,3.03802150461165,6.992,5.83,3.3100514933333334,Kuwait,KWT,8.36916666666667,0.298447720833333,4542636861.76615,,18.4498379359756
1995.0,1,13.4254143646407,6.82281030358578,3.4,5.83,3.3100514933333334,Mexico,MEX,59.4316666666667,6.419425,17045558632.9877,30.7434988919319,-0.414680790187327
1995.0,0,72.8355022972638,-0.0726647639378371,,5.83,3.3100514933333334,Greenland,GRL,,5.60236666666667,,,
1995.0,1,19.1894039735098,7.20004555751903,,5.83,3.3100514933333334,Zambia,ZMB,45.5333333333333,0.864119166666667,222702264.273228,155.279224614308,
1995.0,1,25.1947123972847,6.94805143702995,,5.83,3.3100514933333334,"Iran, Islamic Rep.",IRN,,1748.35024562759,,,3.48270790819986
1995.0,0,2.24336631500905,2.66798388882503,4.345,5.83,3.3100514933333334,Morocco,MAR,,8.54023583333334,3873508557.29941,68.3949152787535,-3.03845005048267
1995.0,0,28.3054683706654,1.48952547593046,10.446,5.83,3.3100514933333334,Kiribati,KIR,,1.3490325,,,
1995.0,0,8.23263034116114,9.25542757753573,4.7,5.83,3.3100514933333334,Lao PDR,LAO,25.67,804.690820071722,98743357.0983238,,-13.4218955056777
1995.0,0,2.14876033057849,2.68232822733793,9.489,5.83,3.3100514933333334,Puerto Rico (US),PRI,,1.0,,,
1995.0,0,2.45514857818395,4.09438992772475,8.897,5.83,3.3100514933333334,Mauritania,MRT,20.3333333333333,12.9768333333333,89903817.1014139,,1.05695623655628
1995.0,0,16.7912251650916,11.0328121562746,2.9,5.83,3.3100514933333334,Papua New Guinea,PNG,13.1408333333333,1.27984166666667,266687775.109704,53.6620013882835,14.5331456032702
1995.0,1,34.9992712889592,-5.91029962358286,6.888,5.83,3.3100514933333334,Ecuador,ECU,,2564.49416666667,1787782198.96368,,-4.09288556316314
1995.0,0,42.2483197983755,-1.44759896894408,10.02,5.83,3.3100514933333334,Afghanistan,AFG,,36.5671446236559,,,
1995.0,0,1.79648142095595,2.30479278392259,11.834,5.83,3.3100514933333334,"Iran, Islamic Rep.",IRN,,1748.35024562759,,,3.48270790819986
1995.0,0,,,,5.83,3.3100514933333334,Romania,ROU,50.7166666666666,0.203327583333333,2624348053.98616,,-4.73949323312222
1995.0,0,2.80541968853662,2.6844307317787,5.65,5.83,3.3100514933333334,"Congo, Dem. Rep.",COD,,0.0702447166666667,157429000.0,232.936231054902,
1995.0,0,1.79982776867144,0.480866374676907,3.094,5.83,3.3100514933333334,Mozambique,MOZ,,9.02433333333333,195318936.152501,,
1995.0,0,1.72053384788524,7.17540112091071,3.3,5.83,3.3100514933333334,Uruguay,URY,96.0494732313643,6.349,1813383774.91097,,-1.10116960243742
1995.0,0,1.46796699090272,2.38475724870135,9.337,5.83,3.3100514933333334,Tuvalu,TUV,,1.3490325,,,
1995.0,0,1.92322003453525,3.11603588982837,7.157,5.83,3.3100514933333334,Belarus,BLR,175.0,0.00115209666666667,377020387.881761,16.8800606245315,-3.279971291319
1995.0,0,2.69749518304432,3.53339096338078,8.694,5.83,3.3100514933333334,Saudi Arabia,SAU,,3.75,10399125055.2735,,-3.71007215329782
1995.0,1,29.4645292281585,24.6744629260929,3.24,5.83,3.3100514933333334,Zimbabwe,ZWE,,0.00867521932931324,887899728.603537,,
1995.0,1,10.0296564501018,4.73408140229732,7.65,5.83,3.3100514933333334,Ethiopia,ETH,15.0833333333333,6.15833333333333,815019143.286737,80.6182076424932,0.501295996148241
1995.0,0,8.41141312270566,4.94854750210382,,5.83,3.3100514933333334,Belize,BLZ,15.6916666666667,2.0,37608482.6699033,27.5080847835654,-2.10685382583044
1995.0,1,,0.158034828064515,,5.83,3.3100514933333334,Iraq,IRQ,,2002.38722845093,6744700000.0,,
1995.0,1,0.994206982933841,1.75167879322248,14.01,5.83,3.3100514933333334,Dominica,DMA,11.5007436413857,2.7,22123442.2827651,,-14.6584638631427
1995.0,0,27.951388563304,7.92965956313934,13.339,5.83,3.3100514933333334,Finland,FIN,,4.36666666666667,10657228465.0454,,3.90223701682603
1995.0,1,7.67484873449805,5.5000852341585,12.27,5.83,3.3100514933333334,Suriname,SUR,40.325,0.442771989138674,169080965.592513,,
1995.0,0,,,,5.83,3.3100514933333334,Tuvalu,TUV,,1.3490325,,,
1995.0,0,9.42030300572996,8.22000739903493,,5.83,3.3100514933333334,Benin,BEN,,499.14842590131,,,-7.69564346950044
1995.0,0,4.22281614099486,4.28278017236022,7.064,5.83,3.3100514933333334,Uganda,UGA,20.1625,968.916666666667,458850278.567266,,-4.8905291793045
1995.0,1,,-2.84520961057079,18.8,5.83,3.3100514933333334,Uganda,UGA,20.1625,968.916666666667,458850278.567266,,-4.8905291793045
1995.0,0,20.8917930194849,5.20243759278655,8.72,5.83,3.3100514933333334,Seychelles,SYC,15.7608333333333,4.761975,27095250.0267567,,0.261751917899548
1995.0,0,3.45057509584895,9.82908519730812,3.15,5.83,3.3100514933333334,Uganda,UGA,20.1625,968.916666666667,458850278.567266,,-4.8905291793045
1995.0,0,6.12358164775523,-5.40544787197402,22.86,5.83,3.3100514933333334,Dominican Republic,DOM,30.6825,12.87,372632170.279792,,-1.09873129454882
1995.0,1,6.02933188484532,4.28773657145238,9.59,5.83,3.3100514933333334,St. Lucia,LCA,12.6827484777444,2.7,63090887.4909324,,-4.74708737864078
1995.0,1,66.0070335542481,4.2237936336472,7.092,5.83,3.3100514933333334,Eritrea,ERI,,6.16376298270549,40490517.0778784,,-5.44458433860014
1995.0,0,8.93451415961517,2.09971953235275,10.116,5.83,3.3100514933333334,Gabon,GAB,,499.14842590131,153050967.705736,,10.3786091380141
1995.0,1,32.2424847257597,6.23351148371351,8.01,5.83,3.3100514933333334,Mauritania,MRT,20.3333333333333,12.9768333333333,89903817.1014139,,1.05695623655628
1995.0,1,5.81818181818192,8.12031534625378,1.1,5.83,3.3100514933333334,Dominican Republic,DOM,30.6825,12.87,372632170.279792,,-1.09873129454882
1995.0,1,29.7796264864999,3.79999479063817,31.84,5.83,3.3100514933333334,Namibia,NAM,18.5083333333333,3.627085,220986649.546325,,4.4219120272764
1995.0,1,11.1287029707089,7.41139504735119,,5.83,3.3100514933333334,Belarus,BLR,175.0,0.00115209666666667,377020387.881761,16.8800606245315,-3.279971291319
1995.0,0,2.46036778693724,4.1556430062232,6.307,5.83,3.3100514933333334,Greece,GRC,,231.662735833333,16118557930.3879,,-2.12188049067422
1995.0,0,89.11331722485,7.87826687618991,7.64,5.83,3.3100514933333334,El Salvador,SLV,,8.75458333333333,939802924.713703,,-2.93184061861952
1995.0,1,12.5359594558963,5.69998859173715,,5.83,3.3100514933333334,Bulgaria,BGR,79.3615,0.0671708333333333,1635187896.10957,,-0.135843892423199
1995.0,0,5.23542258044301,2.88683671925843,11.661,5.83,3.3100514933333334,Mauritius,MUS,20.8125,17.3863166666667,887180814.047996,32.4319382714997,-0.533764277492421
1995.0,0,3.75494413677554,4.72208114777668,6.462,5.83,3.3100514933333334,Iraq,IRQ,,2002.38722845093,6744700000.0,,
1995.0,0,4.62776659959759,3.89017188961647,8.469,5.83,3.3100514933333334,Fiji,FJI,11.2375,1.40633333333333,349341745.375843,,-5.7201617680846
1995.0,0,6.24415028747146,2.35166985086541,,5.83,3.3100514933333334,Belgium,BEL,,29.4800166666667,24120462999.8407,,
1995.0,0,4.67380337624704,2.75749400293542,22.675,5.83,3.3100514933333334,Antigua and Barbuda,ATG,12.695846968362,2.7,59438706.3419391,,-0.084167999326656
1995.0,1,10.2248861637544,7.57449183788519,,5.83,3.3100514933333334,Iceland,ISL,11.5833333333333,64.6916666666666,327060134.476341,44.7793930745069,0.246166665235896
1995.0,0,6.83199610989534,4.62522511739661,9.526,5.83,3.3100514933333334,Ecuador,ECU,,2564.49416666667,1787782198.96368,,-4.09288556316314
1995.0,1,22.9341344145802,2.25254865225104,6.7,5.83,3.3100514933333334,Mozambique,MOZ,,9.02433333333333,195318936.152501,,
1995.0,0,1.65123150116658,0.116583656161382,5.196,5.83,3.3100514933333334,Indonesia,IDN,18.8516666666667,2248.607975,14907558865.922,30.8043248823304,-3.1815838591366
1995.0,1,34.9295874166667,2.89766889341698,,5.83,3.3100514933333334,Italy,ITA,13.236,1628.93315833333,60690107044.3537,,2.13154267228955
1995.0,1,,5.91190793658714,,5.83,3.3100514933333334,Lesotho,LSO,16.375,3.627085,456739363.843931,,-15.3062508116221
1995.0,1,10.1932067630745,4.67827659710034,3.69,5.83,3.3100514933333334,Tuvalu,TUV,,1.3490325,,,
1995.0,0,15.7422305021596,4.64245877240639,11.04,5.83,3.3100514933333334,Vanuatu,VUT,,112.111666666667,48289716.6165226,24.1834507924015,-7.3186574586249
1995.0,0,8.68042421392631,3.10000000054411,,5.83,3.3100514933333334,Slovenia,SVN,,118.518466666667,1820915494.4255,,-0.35053362750793
1995.0,0,2.52486446780802,9.63442136559036,11.97,5.83,3.3100514933333334,American Samoa,ASM,,1.0,,,
1995.0,1,2666.45059288538,15.0000000288633,,5.83,3.3100514933333334,Seychelles,SYC,15.7608333333333,4.761975,27095250.0267567,,0.261751917899548
1996.0,1,4145.10598220638,13.5443697551025,,5.3,3.1400511850000004,Kuwait,KWT,8.77083333333334,0.299408563333333,4452441460.89987,,22.5684646842298
1996.0,0,7.35411972085333,4.29999999726792,,5.3,3.1400511850000004,Thailand,THA,13.3958333333333,25.3426828609665,38644717230.5617,3.67349745742469,-8.02658256605427
1996.0,1,7.4761037778791,5.8603478716379,8.564,5.3,3.1400511850000004,Jamaica,JAM,39.8341666666666,37.1195583333333,879966322.803667,72.2521952357009,-1.92861894016571
1996.0,1,,6.3442683605154,,5.3,3.1400511850000004,Benin,BEN,,511.552430272516,,,-1.73457487701648
1996.0,1,12.4254866180049,4.36134195244541,5.23,5.3,3.1400511850000004,Libya,LBY,,0.436799769214902,6025287388.27089,,4.43842599053249
1996.0,1,,-0.197928583722387,11.77,5.3,3.1400511850000004,Equatorial Guinea,GNQ,,511.552430272516,516467.205190443,,-147.997312487613
1996.0,1,29.2682926829271,4.19592404660108,,5.3,3.1400511850000004,Tanzania,TZA,33.965,579.976666666667,467780725.002588,,-4.37556391827358
1996.0,1,15.7576656002606,2.20886405051482,8.035,5.3,3.1400511850000004,Belarus,BLR,62.3333333333333,0.00132298766666667,469150024.053594,11.5201288580528,-3.55782368148984
1996.0,1,3.72494110325802,-4.00009296364789,,5.3,3.1400511850000004,Kuwait,KWT,8.77083333333334,0.299408563333333,4452441460.89987,,22.5684646842298
1996.0,0,19.7949669196707,6.09387747385628,12.342,5.3,3.1400511850000004,Mexico,MEX,36.3858333333334,7.59944841666667,19526913035.8727,23.9323468344639,-0.580284830782933
1996.0,0,0.811634064628211,0.471280025458157,3.684,5.3,3.1400511850000004,Greenland,GRL,,5.79867166666667,,,
1996.0,0,1.94936713166008,3.42057733811352,6.421,5.3,3.1400511850000004,Zambia,ZMB,53.7833333333333,1.2079,222709084.988899,175.934490736564,
1996.0,0,2.07702107350674,1.32143214432601,9.483,5.3,3.1400511850000004,"Iran, Islamic Rep.",IRN,,1751.18635583594,,,4.34537304394513
1996.0,0,6.55097336065573,5.58784392666244,,5.3,3.1400511850000004,Morocco,MAR,,8.71587583333333,4054079031.06418,,0.0810758584150156
1996.0,0,1.57053112507138,1.68896122499937,9.62,5.3,3.1400511850000004,Kiribati,KIR,,1.27786333333333,,,
1996.0,1,3.48855945858916,10.0027006861844,2.52,5.3,3.1400511850000004,Lao PDR,LAO,27.0,921.021666666667,175827945.581995,,-14.1486911060263
1996.0,0,2.93120419993441,3.77277269119453,5.451,5.3,3.1400511850000004,Puerto Rico (US),PRI,,1.0,,,
1996.0,1,,,,5.3,3.1400511850000004,Mauritania,MRT,22.0,13.7221666666667,145464313.777623,,4.28139003061522
1996.0,1,16.2753966377374,6.44271534713997,,5.3,3.1400511850000004,Papua New Guinea,PNG,13.3033333333333,1.319075,607155822.237111,55.6433690965017,6.07669181615828
1996.0,0,1.86097115760433,2.21576713087359,5.282,5.3,3.1400511850000004,Ecuador,ECU,,3189.47416666667,2011360128.31461,,-0.217391362976912
1996.0,0,7.35911781788767,7.1148626270751,6.326,5.3,3.1400511850000004,Afghanistan,AFG,,47.5,,,
1996.0,0,1.26253249164502,5.02791307591366,5.036,5.3,3.1400511850000004,"Iran, Islamic Rep.",IRN,,1751.18635583594,,,4.34537304394513
1996.0,0,1.44972701963239,1.0378755674358,8.822,5.3,3.1400511850000004,Romania,ROU,55.1333333333333,0.30842175,3143305778.26157,,-6.96048631418109
1996.0,1,,,,5.3,3.1400511850000004,"Congo, Dem. Rep.",COD,,0.501849175,82500000.0,243.595506269697,
1996.0,0,15.9358310447214,3.79996720568178,11.35,5.3,3.1400511850000004,Mozambique,MOZ,,11.29375,344062454.704414,,
1996.0,0,17.5114524814591,1.35045949139338,,5.3,3.1400511850000004,Uruguay,URY,88.6995724038718,7.97183333333334,1892121944.56511,,-1.1376787138155
1996.0,0,3.06897732509789,3.50424653058748,7.298,5.3,3.1400511850000004,Tuvalu,TUV,,1.27786333333333,,,
1996.0,0,20.7975755127402,2.05585471287195,11.81,5.3,3.1400511850000004,Belarus,BLR,62.3333333333333,0.00132298766666667,469150024.053594,11.5201288580528,-3.55782368148984
1996.0,0,2.98680922773017,12.3728762700496,17.76,5.3,3.1400511850000004,Saudi Arabia,SAU,,3.75,16017714791.0019,,0.428246585132839
1996.0,0,28.3420486004309,5.57795776385868,11.93,5.3,3.1400511850000004,Zimbabwe,ZWE,,0.0100137132167889,834393882.519067,,
1996.0,1,8.31316028893909,9.97619992053447,3.0,5.3,3.1400511850000004,Ethiopia,ETH,13.9166666666667,6.351675,843310624.080735,70.3936489385985,0.908197347576536
1996.0,1,34.3783832235168,6.21829715869302,5.25,5.3,3.1400511850000004,Belize,BLZ,16.3,2.0,58401982.7843742,29.2899620868898,-0.781452952122277
1996.0,1,8.86408741577522,4.14683926876013,,5.3,3.1400511850000004,Iraq,IRQ,,2002.38721234717,6744700000.0,,
1996.0,0,2.12629802275584,2.89575069230459,6.844,5.3,3.1400511850000004,Dominica,DMA,11.4303325301194,2.7,22894379.5511279,,-17.5044667181976
1996.0,1,9.79968339016083,1.57378513175006,8.15,5.3,3.1400511850000004,Finland,FIN,,4.59355,7507184580.02272,,3.79006406550444
1996.0,1,5.39929385038922,5.96119319380874,,5.3,3.1400511850000004,Suriname,SUR,35.925,0.401018353709047,145619416.774105,,
1996.0,1,11.5379424115177,2.79897307912609,7.07,5.3,3.1400511850000004,Tuvalu,TUV,,1.27786333333333,,,
1996.0,0,2.61538461538461,3.86567479160071,8.506,5.3,3.1400511850000004,Benin,BEN,,511.552430272516,,,-1.73457487701648
1996.0,1,0.136600358575909,3.13387099272759,3.353,5.3,3.1400511850000004,Uganda,UGA,20.2941666666667,1046.08475,528370205.282472,,-3.49899932849718
1996.0,0,80.4121511388042,7.15779847930847,6.63,5.3,3.1400511850000004,Uganda,UGA,20.2941666666667,1046.08475,528370205.282472,,-3.49899932849718
1996.0,1,43.0730979982882,6.21854648894293,15.3,5.3,3.1400511850000004,Seychelles,SYC,16.2158333333333,4.96998333333333,21760021.4542903,,-9.79337791202402
1996.0,0,18.6790758601749,4.09999847167964,,5.3,3.1400511850000004,Uganda,UGA,20.2941666666667,1046.08475,528370205.282472,,-3.49899932849718
1996.0,0,4.0069766898104,1.34558477192847,11.864,5.3,3.1400511850000004,Dominican Republic,DOM,23.7341666666667,12.8963492063492,357007063.780119,20.9601830753133,-1.16601469767881
1996.0,0,2.85178236397749,2.61491606949487,8.189,5.3,3.1400511850000004,St. Lucia,LCA,12.8214561836334,2.7,56140803.4142806,,-7.33239436619718
1996.0,1,23.8378353073358,22.9573908956763,4.37,5.3,3.1400511850000004,Eritrea,ERI,,6.35727511391219,81319532.6809484,,-8.61532542588461
1996.0,1,,10.3607384594087,,5.3,3.1400511850000004,Gabon,GAB,,511.552430272516,253455805.994779,,15.606083485232
1996.0,0,1.38318052481876,7.47139086002002,3.57,5.3,3.1400511850000004,Mauritania,MRT,22.0,13.7221666666667,145464313.777623,,4.28139003061522
1996.0,0,0.533131978766297,1.70471985374236,9.547,5.3,3.1400511850000004,Dominican Republic,DOM,23.7341666666667,12.8963492063492,357007063.780119,20.9601830753133,-1.16601469767881
1996.0,0,0.629194238120966,3.66265716987186,15.572,5.3,3.1400511850000004,Namibia,NAM,19.16,4.29934916666667,193866390.030945,,2.90190452582366
1996.0,1,7.97328096513346,7.81818707670867,4.861,5.3,3.1400511850000004,Belarus,BLR,62.3333333333333,0.00132298766666667,469150024.053594,11.5201288580528,-3.55782368148984
1996.0,0,1.98288365089738,1.39707987198881,12.367,5.3,3.1400511850000004,Greece,GRC,,240.7115425,18782300412.3394,,-3.19572255088179
1996.0,0,,5.52668982715234,17.11,5.3,3.1400511850000004,El Salvador,SLV,,8.755,1110180407.87194,,-1.76340996059416
1996.0,0,23.4690301919185,0.101234227633242,10.022,5.3,3.1400511850000004,Bulgaria,BGR,291.05985,0.177888666666667,864262294.007178,,0.127688068438994
1996.0,1,47.7520122009939,-3.7550694383594,9.664,5.3,3.1400511850000004,Mauritius,MUS,20.8125,17.9480666666667,918954281.684018,35.2757196068331,0.758385031201646
1996.0,1,5.80510554737349,5.65194446499471,1.071,5.3,3.1400511850000004,Iraq,IRQ,,2002.38721234717,6744700000.0,,
1996.0,1,8.97715233826453,7.54952224920051,,5.3,3.1400511850000004,Fiji,FJI,11.1383333333333,1.4033,427533360.864614,,0.636047134440278
1996.0,0,7.18710369719992,4.98873056512208,9.0,5.3,3.1400511850000004,Belgium,BEL,,30.9615133333333,22609776070.2498,,
1996.0,0,1.75574469607419,7.37962465765875,11.692,5.3,3.1400511850000004,Antigua and Barbuda,ATG,12.2591910606266,2.7,47738676.6211506,,-8.75234501112517
1996.0,0,3.55884559338558,2.60741117110229,22.142,5.3,3.1400511850000004,Iceland,ISL,12.4333333333333,66.5,471824526.674067,44.1501840514072,-2.29207429851173
1996.0,0,3.72514472690715,7.14608096782061,,5.3,3.1400511850000004,Ecuador,ECU,,3189.47416666667,2011360128.31461,,-0.217391362976912
1996.0,0,2.28571305402195,3.61187886151062,6.298,5.3,3.1400511850000004,Mozambique,MOZ,,11.29375,344062454.704414,,
1996.0,0,2.26041898267297,4.49765343483963,3.6,5.3,3.1400511850000004,Indonesia,IDN,19.2175,2342.29629166667,19396148967.3555,23.92314220907,-3.37028227381292
1996.0,1,24.4114592150674,1.73174762607862,10.38,5.3,3.1400511850000004,Italy,ITA,12.8183333333333,1542.94696666667,70566438037.7751,,3.04033411855202
1996.0,1,38.8293013382852,3.90770208816159,6.74,5.3,3.1400511850000004,Lesotho,LSO,17.7083333333333,4.29934916666667,460505560.802494,,-22.8460765028951
1996.0,1,46.5610196762282,4.60246115564627,,5.3,3.1400511850000004,Tuvalu,TUV,,1.27786333333333,,,
1996.0,0,8.19455217632728,1.38247057325857,10.402,5.3,3.1400511850000004,Vanuatu,VUT,,111.719166666667,43923909.5123607,22.3390410958904,-10.3070624919748
1996.0,0,1.25571661111548,4.07970276668888,14.32,5.3,3.1400511850000004,Slovenia,SVN,,135.364308333333,2297475266.36859,,0.257560310756861
1996.0,0,11.0569165321987,2.95777988740716,,5.3,3.1400511850000004,American Samoa,ASM,,1.0,,,
1996.0,0,9.78892040179966,0.811461899328009,7.68,5.3,3.1400511850000004,Seychelles,SYC,16.2158333333333,4.96998333333333,21760021.4542903,,-9.79337791202402
1997.0,1,24.4187215689412,3.81400749718355,,5.46,3.199334816666666,"Korea, Rep.",KOR,11.8766666666667,949.89,20465115654.8758,8.39336880153862,-1.83493782106041
1997.0,1,6.94956608534118,4.24251610269859,5.36,5.46,3.199334816666666,Chad,TCD,,583.669372353396,139051268.152912,,
1997.0,0,85.669361649978,7.3578623747848,6.84,5.46,3.199334816666666,Italy,ITA,10.5094833333333,1703.09690833333,75086486574.6997,,2.59252960256439
1997.0,0,5.73352275357187,1.09999993684249,25.43,5.46,3.199334816666666,Benin,BEN,,583.669372353396,,,-6.78725035015034
1997.0,0,0.224887556221887,3.91795814771731,8.362,5.46,3.199334816666666,Liberia,LBR,16.825,50.57,419970.618712491,,
1997.0,0,2.04310779750136,1.92572122608527,11.985,5.46,3.199334816666666,Guinea-Bissau,GNB,,583.669372353396,,,-0.913899727016268
1997.0,0,13.2480440791191,5.4761657765486,,5.46,3.199334816666666,Turkiye,TUR,,0.151865,19746043484.197,31.8793752282311,-0.999933462545818
1997.0,1,18.4700217119089,3.43029367788374,12.14,5.46,3.199334816666666,Bosnia and Herzegovina,BIH,,1.73405583333333,80406088.8620727,,
1997.0,0,1.03819895051614,-1.56070234550782,16.67,5.46,3.199334816666666,"Korea, Rep.",KOR,11.8766666666667,949.89,20465115654.8758,8.39336880153862,-1.83493782106041
1997.0,0,19.8188093183779,8.54768320111596,11.44,5.46,3.199334816666666,Maldives,MDV,10.9881428571429,11.77,98305132.2373818,39.670387725631,-6.8289803723186
1997.0,0,20.6256287259247,7.19887615284711,4.055,5.46,3.199334816666666,Grenada,GRD,11.2359789946248,2.7,42666395.4492466,,-17.6170958451229
1997.0,0,1.93937198922729,1.85432238398302,9.861,5.46,3.199334816666666,"Yemen, Rep.",YEM,22.5166666666667,129.280833333333,1217640805.57102,,
1997.0,1,,,,5.46,3.199334816666666,Ireland,IRL,,0.659643126666667,6630587554.20083,,
1997.0,1,2.78646505531882,9.2876465280865,3.1,5.46,3.199334816666666,St. Martin (French part),MAF,,5.83669166666667,,,
1997.0,0,2.33686298314116,4.40086766458026,6.571,5.46,3.199334816666666,Cambodia,KHM,,2946.25,298634409.136048,,-6.09569564582159
1997.0,0,9.57369626405162,6.40539969571286,10.6,5.46,3.199334816666666,Kuwait,KWT,8.79666666666667,0.303348835,4188465732.43833,,26.1440180437648
1997.0,0,2.00358618538962,8.31620911124497,2.5,5.46,3.199334816666666,Poland,POL,,3.27929166666667,20669498321.1293,,-3.59238073994115
1997.0,0,,8.1110467707457,14.82,5.46,3.199334816666666,Mozambique,MOZ,29.9666666666667,11.5435833333333,537469866.510394,,
1997.0,0,1.20394294026962,2.5270616339357,12.566,5.46,3.199334816666666,Philippines,PHL,16.27575,29.4706583333333,8744996384.9303,48.6978483259554,-4.62349405712408
1997.0,1,14.761329268806,1.3999158052963,11.813,5.46,3.199334816666666,Algeria,DZA,15.7083333333333,57.70735,9666874794.88809,,
1997.0,0,1.19255883425839,6.39770068404337,14.967,5.46,3.199334816666666,Afghanistan,AFG,,47.5,,,
1997.0,1,6.22615154887214,4.69987885390397,4.684,5.46,3.199334816666666,Ireland,IRL,,0.659643126666667,6630587554.20083,,
1997.0,0,0.658410256243514,3.06499186399252,10.359,5.46,3.199334816666666,Qatar,QAT,,3.64,836347202.838188,,
1997.0,0,18.3050744143799,2.97787906543104,8.991,5.46,3.199334816666666,Cameroon,CMR,,583.669372353396,9555390.85371143,,-5.39597096870369
1997.0,1,20.1998667554962,22.4277453268568,3.32,5.46,3.199334816666666,Northern Mariana Islands,MNP,,1.0,,,
1997.0,1,,2.68054632259202,6.93,5.46,3.199334816666666,Uganda,UGA,21.3708333333333,1083.00866666667,633473685.829627,,-5.03610167506473
1997.0,0,2.20114313510882,4.8799853038024,7.072,5.46,3.199334816666666,Tunisia,TUN,,1.10590833333333,2041032930.46966,56.9353278066895,-2.86792629545459
1997.0,0,4.62560578826438,5.49235474302942,8.37,5.46,3.199334816666666,Bosnia and Herzegovina,BIH,,1.73405583333333,80406088.8620727,,
1997.0,0,1.97107395582926,3.58729972356299,20.698,5.46,3.199334816666666,Rwanda,RWA,16.715,301.529816666667,153343615.439199,,
1997.0,0,8.56218948953653,6.47682442079709,4.828,5.46,3.199334816666666,South Africa,ZAF,20.0,4.60796166666667,5957312964.3435,43.1755459966557,-1.31813387872595
1997.0,1,5.62579747129104,-2.75357515314082,0.873,5.46,3.199334816666666,Estonia,EST,,13.88175,760039371.06355,,-10.8980153561721
1997.0,1,7.16425211462724,4.04982084998183,,5.46,3.199334816666666,Belarus,BLR,31.8,0.00260205495833333,393699160.773387,12.1714690728675,-6.08136433770411
1997.0,0,1.5418020226137,11.0217650823433,10.191,5.46,3.199334816666666,"Iran, Islamic Rep.",IRN,,1753.34547748286,,,1.94260555778366
1997.0,1,8.29656754792046,8.89955230035797,,5.46,3.199334816666666,Djibouti,DJI,,177.721,66567644.2079358,,10.6026685770574
1997.0,1,11.3618450505783,0.474901921293579,,5.46,3.199334816666666,Ethiopia,ETH,10.5,6.70934166666667,588431597.616811,67.7317426757118,-0.457223674441712
1997.0,0,2.18216677907116,3.16848143784479,5.4,5.46,3.199334816666666,Serbia,SRB,19.05,5.9123,,,
1997.0,1,1.74780458692133,0.981228732290873,3.393,5.46,3.199334816666666,Tunisia,TUN,,1.10590833333333,2041032930.46966,56.9353278066895,-2.86792629545459
1997.0,0,2.56692335900259,5.28460660979037,4.687,5.46,3.199334816666666,Benin,BEN,,583.669372353396,,,-6.78725035015034
1997.0,0,6.83334334996102,5.68747741886635,,5.46,3.199334816666666,Tuvalu,TUV,,1.34738,,,
1997.0,0,0.520225422736652,2.26132529914345,4.127,5.46,3.199334816666666,Tuvalu,TUV,,1.34738,,,
1997.0,0,1.62816049512958,3.79367165541437,8.95,5.46,3.199334816666666,Sweden,SWE,7.06,7.63489416666667,12195506285.5058,,2.76074697809112
1997.0,0,1.62121638084531,4.28016683621337,9.1,5.46,3.199334816666666,Tuvalu,TUV,,1.34738,,,
1997.0,1,2.66251459711946,7.32274185035924,2.45,5.46,3.199334816666666,Denmark,DNK,,6.60445916666667,19613799546.8514,,0.531779842222929
1997.0,0,6.13386464357927,7.3917392684331,6.118,5.46,3.199334816666666,Libya,LBY,,0.460866115311545,5997016463.55943,,5.1028328459201
1997.0,1,29.6972325791529,5.65158296304853,,5.46,3.199334816666666,"Egypt, Arab Rep.",EGY,13.7916666666667,3.38875,19370588197.9808,,-0.905827378713802
1997.0,1,,,,5.46,3.199334816666666,"Micronesia, Fed. Sts.",FSM,15.0,1.0,85801084.25802,,
1997.0,0,2.33768993730735,4.44712793566428,5.0,5.46,3.199334816666666,Mozambique,MOZ,29.9666666666667,11.5435833333333,537469866.510394,,
1997.0,0,1.30597857227693,2.1458350552646,5.15,5.46,3.199334816666666,Denmark,DNK,,6.60445916666667,19613799546.8514,,0.531779842222929
1997.0,1,,6.37100504679063,,5.46,3.199334816666666,Malaysia,MYS,10.6283333333333,2.81319166666667,21470190357.5205,,-5.93493554436093
1997.0,1,1.61131347760911,5.29993601826074,,5.46,3.199334816666666,Bosnia and Herzegovina,BIH,,1.73405583333333,80406088.8620727,,
1997.0,0,6.92671251629154,3.39484598531597,9.003,5.46,3.199334816666666,Equatorial Guinea,GNQ,,583.669372353396,4933006.0588921,,
1997.0,0,14.9131586149599,6.35890635030509,10.964,5.46,3.199334816666666,Sierra Leone,SLE,23.8675,0.9814825,38464889.7931868,,-6.45379716642746
1997.0,0,2.10924562739483,4.24847954297027,5.511,5.46,3.199334816666666,Bulgaria,BGR,213.018416666667,1.68187916666667,2485359967.63859,,3.7722989749992
1997.0,0,8.52987421383634,2.93709941924898,,5.46,3.199334816666666,Mauritania,MRT,22.0,15.1853333333333,204088936.486487,,2.30835544807712
1997.0,1,5.59025939650601,5.18641167406165,8.777,5.46,3.199334816666666,"Iran, Islamic Rep.",IRN,,1753.34547748286,,,1.94260555778366
1997.0,0,4.70844436028193,4.95420874299724,2.08,5.46,3.199334816666666,Finland,FIN,,5.191435,8881026947.69045,,5.22832147413366
1997.0,1,,3.96665092760821,,5.46,3.199334816666666,Belgium,BEL,,35.7738908333333,20635950073.3992,,
1997.0,0,8.59777611252274,2.60000000146347,,5.46,3.199334816666666,Antigua and Barbuda,ATG,11.9825861100038,2.7,50698392.3405725,,-6.4505229608561
1997.0,1,219.176721172974,7.27427735460373,,5.46,3.199334816666666,Iraq,IRQ,,2002.38721234717,6744700000.0,,
1997.0,1,27.8852086407527,4.19635744019571,,5.46,3.199334816666666,Algeria,DZA,15.7083333333333,57.70735,9666874794.88809,,
1997.0,0,5.5360026677348,3.60288326516122,10.472,5.46,3.199334816666666,Northern Mariana Islands,MNP,,1.0,,,
1997.0,0,9.23290294884935,4.36408994678341,,5.46,3.199334816666666,Hungary,HUN,21.7666666666667,186.789166666667,8437175640.21815,67.4611511327672,-4.51433363272402
1997.0,1,4.49013627855204,3.13797006665828,7.98,5.46,3.199334816666666,Israel,ISR,,3.44935,20334584789.8474,93.4686594842888,-3.56430592245336
1997.0,0,1.32435122100608,7.70904005690254,13.37,5.46,3.199334816666666,Sri Lanka,LKA,,58.994605,2042319936.5303,86.105931670321,-2.61516855545627
1997.0,1,30.6575675722173,4.32786475767577,9.17,5.46,3.199334816666666,Tunisia,TUN,,1.10590833333333,2041032930.46966,56.9353278066895,-2.86792629545459
1997.0,0,1.81543080282242,4.14087045064694,3.72,5.46,3.199334816666666,Virgin Islands (U.S.),VIR,,1.0,,,
1997.0,1,154.763480436309,-4.8490627379703,5.515,5.46,3.199334816666666,Suriname,SUR,33.15,0.401566152294698,164989208.730905,,
1997.0,0,3.65202620723071,5.44094350107467,15.94,5.46,3.199334816666666,American Samoa,ASM,,1.0,,,
1997.0,0,1.18714833105632,2.07927288651346,6.848,5.46,3.199334816666666,Sweden,SWE,7.06,7.63489416666667,12195506285.5058,,2.76074697809112
1998.0,0,2.5727522590913,4.80796318953165,4.64,5.35,2.626002385,"Korea, Rep.",KOR,15.2791666666667,1403.18333333333,52099586440.8599,,10.0964211010999
1998.0,0,1.84565122007889,2.32630274538961,5.039,5.35,2.626002385,Chad,TCD,,589.951774567332,123289615.942238,,
1998.0,1,11.5532684355839,0.0680377558080636,4.417,5.35,2.626002385,Italy,ITA,8.64310833333333,1736.20738333333,53879698134.0784,,1.57984290749103
1998.0,1,4.83166558591895,6.70585570778992,,5.35,2.626002385,Benin,BEN,,589.951774567332,,,-5.39739989943456
1998.0,0,6.72243650753928,3.29021372249065,,5.35,2.626002385,Liberia,LBR,21.7383333333333,41.5075,616574.620713446,,
1998.0,1,0.661974191385911,-1.27033049466078,4.102,5.35,2.626002385,Guinea-Bissau,GNB,,589.951774567332,,,
1998.0,0,4.95016163793114,5.10000361107312,,5.35,2.626002385,Turkiye,TUR,,0.26072425,20567605388.6419,30.2863787420054,0.724544822196581
1998.0,0,24.4584563516656,-0.38574614579035,12.0,5.35,2.626002385,Bosnia and Herzegovina,BIH,,1.75966758333333,174530374.663959,,-8.38303905254983
1998.0,0,0.860134629768142,4.67681373479508,7.676,5.35,2.626002385,"Korea, Rep.",KOR,15.2791666666667,1403.18333333333,52099586440.8599,,10.0964211010999
1998.0,0,1.95508557719381,1.8043732818638,12.117,5.35,2.626002385,Maldives,MDV,10.9881428571429,11.77,118535050.808558,40.9867359654762,-4.04791854699075
1998.0,0,84.6413434846315,1.90857064345151,6.89,5.35,2.626002385,Grenada,GRD,11.7324774335856,2.7,46840916.0662808,,-18.2799852849773
1998.0,0,11.5978554257235,4.62161133761769,9.935,5.35,2.626002385,"Yemen, Rep.",YEM,18.125,135.881666666667,1009918206.02901,,
1998.0,1,-1.8852009615791,4.70014237879329,,5.35,2.626002385,Ireland,IRL,,0.702270998333333,9527216732.63996,,
1998.0,0,0.99594245665802,3.89288654344983,8.278,5.35,2.626002385,St. Martin (French part),MAF,,5.89951566666667,,,
1998.0,0,0.94925028835061,1.96183240455609,9.322,5.35,2.626002385,Cambodia,KHM,,3744.41666666667,439450908.219338,,-5.56266216908929
1998.0,0,6.81079323797193,6.07194017756214,,5.35,2.626002385,Kuwait,KWT,8.93333333333333,0.30475564,4677696259.513,,8.53728953848278
1998.0,0,0.0179384378439098,3.02996930632413,3.568,5.35,2.626002385,Poland,POL,,3.4754,28276350177.7805,,-3.93707818430142
1998.0,0,1.55227909874364,4.48313335374613,4.511,5.35,2.626002385,Mozambique,MOZ,24.3525,11.8745833333333,628447253.962865,,
1998.0,1,,,,5.35,2.626002385,Philippines,PHL,16.7774166666667,40.89305,10837475985.6313,58.2805829140392,2.07537904684556
1998.0,1,51.4875497504079,5.86621315328905,,5.35,2.626002385,Algeria,DZA,11.5,58.7389583333333,8452272524.78387,,
1998.0,0,0.922467196680799,3.49288002962309,5.483,5.35,2.626002385,Afghanistan,AFG,,47.5,,,
1998.0,0,5.11024954517559,4.18088662700669,6.412,5.35,2.626002385,Ireland,IRL,,0.702270998333333,9527216732.63996,,
1998.0,1,5.27034200348766,-7.35941518817556,3.2,5.35,2.626002385,Qatar,QAT,,3.64,1058940812.26675,,
1998.0,0,1.95913632274251,4.64778462461781,4.394,5.35,2.626002385,Cameroon,CMR,,589.951774567332,9911701.41281912,84.8102640173471,-1.33456243682874
1998.0,0,,0.294055160519548,,5.35,2.626002385,Northern Mariana Islands,MNP,,1.0,,,
1998.0,0,9.99637812386806,2.58125410192937,,5.35,2.626002385,Uganda,UGA,20.8616666666667,1240.30583333333,725384316.016981,,-5.52316129222945
1998.0,0,3.19507629280052,0.338097901952338,10.15,5.35,2.626002385,Tunisia,TUN,,1.138725,1912569271.07092,54.2817440338334,-3.09737186587453
1998.0,1,9.23493432267121,-0.514090599541888,10.254,5.35,2.626002385,Bosnia and Herzegovina,BIH,,1.75966758333333,174530374.663959,,-8.38303905254983
1998.0,1,,3.71168146396694,,5.35,2.626002385,Rwanda,RWA,15.7166666666667,312.314091666667,168751121.095544,,
1998.0,1,7.67322895675083,5.02935475543048,,5.35,2.626002385,South Africa,ZAF,21.7916666666667,5.52828416666667,5508053230.71678,44.6542617733798,-1.4374968242162
1998.0,0,6.88054521037351,0.50000000034143,25.0,5.35,2.626002385,Estonia,EST,,14.0746666666667,812906422.575112,,-8.43191028086134
1998.0,1,2.54705977554151,2.65227730016461,7.1,5.35,2.626002385,Belarus,BLR,26.9916666666667,0.004612762,702756649.059353,20.1805426390813,-6.67782915883964
1998.0,1,107.284821528298,4.69114645093552,,5.35,2.626002385,"Iran, Islamic Rep.",IRN,,1752.28599459359,,,-1.93966255925986
1998.0,0,9.36424300683229,4.69842304772052,9.17,5.35,2.626002385,Djibouti,DJI,,177.721,66454891.898932,,8.53208339077555
1998.0,0,11.6592997742233,7.15530857859194,,5.35,2.626002385,Ethiopia,ETH,10.5,7.11590833333334,598411583.423911,76.0638442706389,-4.15073883771035
1998.0,0,,,,5.35,2.626002385,Serbia,SRB,16.1547639665645,10.0308,,,
1998.0,0,2.25241329996423,2.66868660973638,3.737,5.35,2.626002385,Tunisia,TUN,,1.138725,1912569271.07092,54.2817440338334,-3.09737186587453
1998.0,0,0.911183535014403,2.09561231172233,9.787,5.35,2.626002385,Benin,BEN,,589.951774567332,,,-5.39739989943456
1998.0,1,18.6769799276672,0.569784088434517,15.0,5.35,2.626002385,Tuvalu,TUV,,1.59182833333333,,,
1998.0,0,2.75311330764477,7.23855267691987,19.12,5.35,2.626002385,Tuvalu,TUV,,1.59182833333333,,,
1998.0,0,10.8110703055616,4.51889009679091,9.362,5.35,2.626002385,Sweden,SWE,6.455,7.94986816666666,15457236697.6273,,3.52452706086273
1998.0,1,-0.773186011549318,7.92079207933551,3.1,5.35,2.626002385,Tuvalu,TUV,,1.59182833333333,,,
1998.0,0,15.9283950119353,6.18507893082885,3.573,5.35,2.626002385,Denmark,DNK,,6.70082666666667,15880864794.6196,,-1.13530538852639
1998.0,1,27.6856798076742,-5.2999616266239,13.261,5.35,2.626002385,Libya,LBY,,0.467574437452601,8598135874.97937,,-0.767539699344716
1998.0,0,3.8725754642749,5.575497460986,8.03,5.35,2.626002385,"Egypt, Arab Rep.",EGY,13.0166666666667,3.388,18823907998.2299,,-3.02491579679889
1998.0,0,2.40768094534715,8.7661226571214,7.699,5.35,2.626002385,"Micronesia, Fed. Sts.",FSM,15.0,1.0,101601919.397647,,
1998.0,1,7.9947287502746,-7.63403528600102,3.404,5.35,2.626002385,Mozambique,MOZ,24.3525,11.8745833333333,628447253.962865,,
1998.0,0,13.2308389767977,6.18441582172117,,5.35,2.626002385,Denmark,DNK,,6.70082666666667,15880864794.6196,,-1.13530538852639
1998.0,0,1.8343299990841,4.30197745333581,18.673,5.35,2.626002385,Malaysia,MYS,12.1341666666667,3.924375,26235700001.07,,13.2035212438437
1998.0,1,59.0965827541167,-2.02981290571721,5.63,5.35,2.626002385,Bosnia and Herzegovina,BIH,,1.75966758333333,174530374.663959,,-8.38303905254983
1998.0,1,36.0984331623886,3.26652934570988,11.49,5.35,2.626002385,Equatorial Guinea,GNQ,,589.951774567332,803295.411914716,,
1998.0,0,1.65924170953427,7.01048322607343,3.069,5.35,2.626002385,Sierra Leone,SLE,23.8333333333333,1.563618,43857037.5168083,,-4.94309572568763
1998.0,1,7.24782175213469,-0.391537555833821,4.971,5.35,2.626002385,Bulgaria,BGR,14.08335,1.76035833333333,3056953865.99045,,-0.411875963679224
1998.0,0,3.12536579655862,4.78376247825665,,5.35,2.626002385,Mauritania,MRT,25.5,18.8475833333333,52065473.5662578,,3.8008249736603
1998.0,1,,2.88529516415583,,5.35,2.626002385,"Iran, Islamic Rep.",IRN,,1752.28599459359,,,-1.93966255925986
1998.0,1,13.6681077485869,11.5761659820033,4.02,5.35,2.626002385,Finland,FIN,,5.34406583333333,10270793472.7741,,5.47770810715809
1998.0,0,-0.267132668355006,4.24583179417877,8.941,5.35,2.626002385,Belgium,BEL,,36.2986408333333,21012750278.4705,,
1998.0,0,-0.267502292876153,-2.19101500611274,3.41,5.35,2.626002385,Antigua and Barbuda,ATG,12.1951114740289,2.7,59367608.1802758,,-5.92188254714106
1998.0,0,14.153789654534,3.84810814449837,8.925,5.35,2.626002385,Iraq,IRQ,,2002.38724455468,6744700000.0,,
1998.0,0,1.26524409915406,0.858406352198429,7.724,5.35,2.626002385,Algeria,DZA,11.5,58.7389583333333,8452272524.78387,,
1998.0,0,,3.85017885156228,12.65,5.35,2.626002385,Northern Mariana Islands,MNP,,1.0,,,
1998.0,0,0.651126867833049,3.45259434279616,12.074,5.35,2.626002385,Hungary,HUN,19.275,214.401666666667,9347792438.71177,64.5097773202654,-7.62873647734146
1998.0,1,58.4510413515526,-13.1267254923818,5.459,5.35,2.626002385,Israel,ISR,,3.800075,22674295628.7885,94.5097555805097,-1.67470943283548
1998.0,0,1.3994737857984,5.45427021765444,13.214,5.35,2.626002385,Sri Lanka,LKA,,64.4501183333333,1997795167.96533,89.1958239111343,-1.44447657761179
1998.0,0,1.82056163731557,3.24631482881618,6.198,5.35,2.626002385,Tunisia,TUN,,1.138725,1912569271.07092,54.2817440338334,-3.09737186587453
1998.0,1,14.6241666666675,4.70039078427911,8.2,5.35,2.626002385,Virgin Islands (U.S.),VIR,,1.0,,,
1998.0,0,4.76622572397641,3.43693579661333,12.227,5.35,2.626002385,Suriname,SUR,27.075,0.401606425702811,143047987.380392,,
1998.0,0,0.559081293442493,8.38747203278514,14.02,5.35,2.626002385,American Samoa,ASM,,1.0,,,
1998.0,0,6.61346070518058,4.99352780305848,,5.35,2.626002385,Sweden,SWE,6.455,7.94986816666666,15457236697.6273,,3.52452706086273
1999.0,1,248.195902412868,2.18148971840462,,4.97,2.8869701641666663,"Korea, Rep.",KOR,9.39583333333333,1189.43916666667,74114183445.9695,,4.22430160551507
1999.0,1,,-0.817895267295725,6.0,4.97,2.8869701641666663,Turks and Caicos Islands,TCA,,1.0,,,
1999.0,0,,-3.38545704063269,14.05,4.97,2.8869701641666663,Italy,ITA,6.345525,0.938283072395283,45301890068.1781,,0.79555262294696
1999.0,1,20.4778324428892,0.79112608199847,6.358,4.97,2.8869701641666663,Benin,BEN,,615.473349319193,,,-4.2321738931756
1999.0,0,3.07949912638332,6.05343878467555,7.95,4.97,2.8869701641666663,Liberia,LBR,16.7191666666667,41.9025,431082.305644592,,
1999.0,0,0.568993765885568,3.76192435190464,4.699,4.97,2.8869701641666663,Guinea-Bissau,GNB,,615.473349319164,,,
1999.0,0,3.46965996293019,1.49491064308833,4.367,4.97,2.8869701641666663,Tunisia,TUN,,1.186225,2324618303.64422,55.6386363803379,-1.92535218512776
1999.0,0,26.7876966790029,4.6501897463741,,4.97,2.8869701641666663,Bosnia and Herzegovina,BIH,,1.83579538489311,452403157.491563,,-10.6978182461914
1999.0,1,-0.341296928327554,-0.333929957687772,4.677,4.97,2.8869701641666663,"Korea, Rep.",KOR,9.39583333333333,1189.43916666667,74114183445.9695,,4.22430160551507
1999.0,0,2.6901248581158,6.05463447898158,15.21,4.97,2.8869701641666663,Maldives,MDV,9.15678571428571,11.77,127116487.326909,40.126298421858,-13.3953146587577
1999.0,1,52.2420051858225,-4.73938585363382,13.96,4.97,2.8869701641666663,Grenada,GRD,11.6211732253369,2.7,50839905.6834356,,-11.5657809941147
1999.0,0,5.21361058601122,3.8470621889051,,4.97,2.8869701641666663,Samoa,WSM,,3.013152,68199386.610595,,-7.35722818333087
1999.0,0,1.12084823417845,3.54271798823922,8.649,4.97,2.8869701641666663,Ireland,IRL,,0.938283072395283,5376069595.93105,,
1999.0,0,6.75226586102725,-1.36607971240079,5.343,4.97,2.8869701641666663,St. Martin (French part),MAF,,0.938283072395283,,,
1999.0,1,0.284726459223034,4.57230775115542,2.968,4.97,2.8869701641666663,Cambodia,KHM,,3807.83333333333,509239611.175074,,-5.33253322476226
1999.0,0,2.31034813987067,4.40886545305924,15.475,4.97,2.8869701641666663,Kuwait,KWT,8.56166666666667,0.304414666666667,5560511602.66632,,16.630878544242
1999.0,1,85.7464940960636,6.39991469144101,13.036,4.97,2.8869701641666663,Papua New Guinea,PNG,18.8958333333333,2.5707725,223426645.727232,63.5373009220453,3.45089237039664
1999.0,1,64.8674876350757,-3.05277055759434,7.69,4.97,2.8869701641666663,Northern Mariana Islands,MNP,,1.0,,,
1999.0,0,1.66345995007714,1.67799157943422,11.681,4.97,2.8869701641666663,Peru,PER,35.0566666666667,3.38333333333333,9049757351.68977,,-2.74952502384787
1999.0,0,0.537141639134645,3.39930808809441,11.981,4.97,2.8869701641666663,Algeria,DZA,10.75,66.573875,6146079211.16344,,
1999.0,0,45.8037811326363,-0.376660705758994,6.239,4.97,2.8869701641666663,Afghanistan,AFG,,46.6195310771889,,,
1999.0,0,4.85844749902667,0.467937566679467,11.125,4.97,2.8869701641666663,Ireland,IRL,,0.938283072395283,5376069595.93105,,
1999.0,0,2.15717918055059,5.04332136430241,3.622,4.97,2.8869701641666663,French Polynesia,PYF,,111.966914110147,,,
1999.0,0,5.18148905111697,2.39999999746338,25.37,4.97,2.8869701641666663,Cameroon,CMR,,615.473349319164,13121977.8772397,79.4576584012943,-4.40566906646215
1999.0,0,,-5.97045814641012,,4.97,2.8869701641666663,Mongolia,MNG,44.0083333333333,1021.8675,136907231.881884,83.9144976966664,-5.46521084754003
1999.0,1,5.93904901780808,3.34645118398267,9.809,4.97,2.8869701641666663,Tanzania,TZA,21.8941666666667,744.759075,797229732.224595,,-6.11682325920144
1999.0,0,2.64551113392799,3.20000155319546,,4.97,2.8869701641666663,Trinidad and Tobago,TTO,17.0416666666667,6.2989,962755102.763022,,0.449406352663031
1999.0,0,2.15951626835598,0.426885422588768,3.93,4.97,2.8869701641666663,Bosnia and Herzegovina,BIH,,1.83579538489311,452403157.491563,,-10.6978182461914
1999.0,0,2.36596736596734,2.0720471690145,3.247,4.97,2.8869701641666663,Russian Federation,RUS,39.7166666666666,24.6199,12325102379.0529,100.744137724205,11.6664565462153
1999.0,1,11.66374097913,11.5758601477966,3.85,4.97,2.8869701641666663,"Yemen, Rep.",YEM,24.0833333333333,155.718333333333,1485966624.72841,,
1999.0,0,1.16223155669444,4.38928070374669,11.693,4.97,2.8869701641666663,Estonia,EST,,14.6775833333333,855813709.230556,,-5.11809353076674
1999.0,1,5.74200109520484,2.30538859522412,10.004,4.97,2.8869701641666663,Belarus,BLR,51.0416666666667,0.0249295329166667,294270277.250556,15.103117448937,-1.59575083342586
1999.0,0,4.69170563048438,4.30054049813373,8.88,4.97,2.8869701641666663,"Iran, Islamic Rep.",IRN,,1753.35494977139,,,5.7576541401425
1999.0,1,,,,4.97,2.8869701641666663,Djibouti,DJI,,177.721,70605911.8353095,,12.9648892075065
1999.0,0,0.806444380959449,1.66270104939127,3.053,4.97,2.8869701641666663,Ethiopia,ETH,10.5816666666667,7.94225,546583393.607956,83.4720247831402,-5.89415732214506
1999.0,0,6.61837339479751,0.584126892918889,,4.97,2.8869701641666663,San Marino,SMR,,0.938283072395239,144125713.198154,,
1999.0,0,6.90914624866773,2.61093234413026,,4.97,2.8869701641666663,Trinidad and Tobago,TTO,17.0416666666667,6.2989,962755102.763022,,0.449406352663031
1999.0,1,10.8736870857471,-4.20401524244947,20.06,4.97,2.8869701641666663,Benin,BEN,,615.473349319193,,,-4.2321738931756
1999.0,0,7.15407291179862,4.69918479192557,12.29,4.97,2.8869701641666663,Turkiye,TUR,,0.418782916666667,24432663963.6654,,-0.360379399136068
1999.0,0,1.48312940304041,5.02822035850596,6.872,4.97,2.8869701641666663,Turkiye,TUR,,0.418782916666667,24432663963.6654,,-0.360379399136068
1999.0,0,5.65868803927908,-1.52094591992036,10.466,4.97,2.8869701641666663,Slovenia,SVN,,181.769193333333,3168097651.56673,,-3.08319417422173
1999.0,0,2.6366330602198,2.65878562321184,12.138,4.97,2.8869701641666663,Turkiye,TUR,,0.418782916666667,24432663963.6654,,-0.360379399136068
1999.0,0,1.62988605221407,10.5298856427062,5.804,4.97,2.8869701641666663,Denmark,DNK,,6.97624,22908487683.7656,,1.71298625187983
1999.0,1,2.74456130240604,6.13761201057692,3.43,4.97,2.8869701641666663,Libya,LBY,7.0,0.463810768619975,8621831419.8995,,5.93731567943484
1999.0,0,-1.40147268276465,7.7370030581299,3.1,4.97,2.8869701641666663,"Egypt, Arab Rep.",EGY,12.965,3.39525,15190021676.7155,,-1.80221287386216
1999.0,0,2.18802719697358,4.78842504725272,4.219,4.97,2.8869701641666663,"Micronesia, Fed. Sts.",FSM,15.165,1.0,92668897.7533349,,
1999.0,0,3.33687917526023,-0.2736313981937,10.141,4.97,2.8869701641666663,Northern Mariana Islands,MNP,,1.0,,,
1999.0,0,3.23183260906467,3.89798762287089,2.178,4.97,2.8869701641666663,Denmark,DNK,,6.97624,22908487683.7656,,1.71298625187983
1999.0,0,,,,4.97,2.8869701641666663,Malawi,MWI,53.5833333333333,44.0881416666667,250151586.790579,,-6.09583135502045
1999.0,0,16.5856169707538,2.75503039300564,2.488,4.97,2.8869701641666663,Bosnia and Herzegovina,BIH,,1.83579538489311,452403157.491563,,-10.6978182461914
1999.0,1,18.4010433741609,10.9451299817104,,4.97,2.8869701641666663,Equatorial Guinea,GNQ,,615.473349319164,3353991.19149578,,
1999.0,0,10.0452817292494,4.21481117123987,,4.97,2.8869701641666663,Solomon Islands,SLB,14.0416666666667,4.83814166666667,51143527.1707584,,4.4004321469036
1999.0,1,,7.03597046350201,,4.97,2.8869701641666663,Bulgaria,BGR,13.498425,1.83638333333333,3264673603.2394,,-4.781799140555
1999.0,0,1.73484295105918,5.14100353715349,7.583,4.97,2.8869701641666663,Mozambique,MOZ,19.63,12.7751116666667,671348917.026746,,
1999.0,0,1.7529508005142,2.94445869854798,6.042,4.97,2.8869701641666663,"Iran, Islamic Rep.",IRN,,1753.35494977139,,,5.7576541401425
1999.0,0,0.585433064230783,2.12957016297766,8.854,4.97,2.8869701641666663,Finland,FIN,,0.938283072395283,8677453197.40314,,5.94874529220919
1999.0,1,-1.41420220082551,3.59997490432274,,4.97,2.8869701641666663,Belgium,BEL,,0.938283072395283,13346240662.3449,,
1999.0,0,0.514827130192979,2.16203373722973,7.3,4.97,2.8869701641666663,Antigua and Barbuda,ATG,12.071877641383,2.7,69730255.8351668,,-7.23191944041809
1999.0,0,0.462175756339173,4.20111929805536,7.607,4.97,2.8869701641666663,Iraq,IRQ,,2002.3897728437,6744700000.0,,
1999.0,0,4.66982038037594,8.84575555939531,,4.97,2.8869701641666663,Algeria,DZA,10.75,66.573875,6146079211.16344,,
1999.0,0,2.34009490312169,3.90657779623113,4.579,4.97,2.8869701641666663,Mongolia,MNG,44.0083333333333,1021.8675,136907231.881884,83.9144976966664,-5.46521084754003
1999.0,1,6.47054186846928,5.95651024999543,,4.97,2.8869701641666663,Hungary,HUN,16.3416666666667,237.145833333333,10983333391.8656,67.0579928043385,-8.35837228319572
1999.0,0,0.684782608695643,1.6970614772566,13.94,4.97,2.8869701641666663,Israel,ISR,,4.13971666666667,22604867902.2936,88.3064793540794,-2.45653891755964
1999.0,0,2.4977954440453,2.96730536257029,5.141,4.97,2.8869701641666663,Sri Lanka,LKA,,70.63545,1653729058.41689,95.1081546127673,-3.57275187551122
1999.0,0,4.86539785077528,4.39999682545296,10.1,4.97,2.8869701641666663,Trinidad and Tobago,TTO,17.0416666666667,6.2989,962755102.763022,,0.449406352663031
1999.0,0,9.99774409303368,3.08605811588221,6.929,4.97,2.8869701641666663,"Venezuela, RB",VEN,32.1258333333333,0.605725,15110150345.5848,,2.15569942336792
1999.0,0,1.24718256949636,5.21164589070221,11.75,4.97,2.8869701641666663,Sao Tome and Principe,STP,,7.11895833333333,10877242.6432456,,-22.359817347003
1999.0,0,-0.114267129777524,5.37772890780957,7.035,4.97,2.8869701641666663,American Samoa,ASM,,1.0,,,
1999.0,0,0.0167098337370727,5.71837175710837,4.85,4.97,2.8869701641666663,Slovenia,SVN,,181.769193333333,3168097651.56673,,-3.08319417422173
2000.0,0,7.04414105947266,4.38794944364869,,6.24,3.1165892308333336,"Korea, Rep.",KOR,8.545,1130.3625,96250965793.1312,,1.7039361599544
2000.0,0,2.36052233801948,4.2197537762102,2.725,6.24,3.1165892308333336,Turks and Caicos Islands,TCA,,1.0,,,
2000.0,1,3.9771250324928,4.38250500083399,11.189,6.24,3.1165892308333336,Italy,ITA,7.02274166666667,1.08270508132602,47201146787.795,,-0.270230356072508
2000.0,0,5.33895913599828,4.20000000067826,29.88,6.24,3.1165892308333336,Benin,BEN,,710.207977031373,,,-2.2949879315414
2000.0,1,11.0480349344976,9.61221881702615,,6.24,3.1165892308333336,Liberia,LBR,20.5266666666667,40.9025,267707.367815772,,
2000.0,0,1.59196917460972,4.45524704335014,2.389,6.24,3.1165892308333336,Guinea-Bissau,GNB,,710.207977031367,,,
2000.0,0,3.08550609131276,3.31894570142394,3.458,6.24,3.1165892308333336,Tunisia,TUN,,1.37068333333333,1871427065.05158,56.7212758294998,-3.82558496867724
2000.0,1,54.9153705812683,6.98528697817062,6.488,6.24,3.1165892308333336,Bosnia and Herzegovina,BIH,,2.12285951185833,496626475.424899,,-7.10679339873964
2000.0,0,2.85303039287157,3.81617714108242,3.806,6.24,3.1165892308333336,"Korea, Rep.",KOR,8.545,1130.3625,96250965793.1312,,1.7039361599544
2000.0,0,3.04210080667795,5.75373770498848,11.134,6.24,3.1165892308333336,Maldives,MDV,9.52305714285714,11.77,122801161.555359,40.8644099852265,-8.24543127431548
2000.0,0,2.53768532095002,3.88209885062652,10.834,6.24,3.1165892308333336,Grenada,GRD,11.5991975555663,2.7,57660000.0,,-21.9966277175389
2000.0,0,2.68380535348546,6.37000382991766,8.98,6.24,3.1165892308333336,Samoa,WSM,,3.286361525,63657900.5985559,,
2000.0,0,2.34486285357282,3.18952292988787,4.687,6.24,3.1165892308333336,Ireland,IRL,,1.08270508132602,5407973929.95672,,
2000.0,1,-0.676578683595175,2.76464755136783,4.748,6.24,3.1165892308333336,St. Martin (French part),MAF,,1.08270508132602,,,
2000.0,0,26.0304117888121,3.89732294341896,12.93,6.24,3.1165892308333336,Cambodia,KHM,,3840.75,611415267.593156,,-3.68398765175246
2000.0,1,,-3.05911780575599,,6.24,3.1165892308333336,Kuwait,KWT,8.86666666666667,0.306751583333333,7779055735.12478,,38.8987849354702
2000.0,0,4.45743514797224,3.9160574881715,6.283,6.24,3.1165892308333336,Papua New Guinea,PNG,17.5425,2.78215666666667,304157921.747747,57.7415312557776,9.95921732839907
2000.0,1,3.68862037056682,4.9200677470169,6.077,6.24,3.1165892308333336,Northern Mariana Islands,MNP,,1.0,,,
2000.0,0,3.43351563418767,5.20064125553942,13.785,6.24,3.1165892308333336,Peru,PER,29.9958333333333,3.49,8675891763.57695,,-2.9874113727773
2000.0,0,3.75733833344474,2.69437139806912,4.069,6.24,3.1165892308333336,Algeria,DZA,10.0,75.2597916666666,13556106802.2149,,
2000.0,0,8.98215976750022,-2.31414056819045,7.61,6.24,3.1165892308333336,Afghanistan,AFG,,47.3575747311828,,,
2000.0,0,2.96230794738605,4.7099729138049,14.94,6.24,3.1165892308333336,Ireland,IRL,,1.08270508132602,5407973929.95672,,
2000.0,0,1.67595988720927,4.14099996402915,10.218,6.24,3.1165892308333336,French Polynesia,PYF,,129.201037953271,,,
2000.0,0,4.60822998872598,2.50781080899505,4.47,6.24,3.1165892308333336,Cameroon,CMR,,710.207977031367,220219413.043293,,-2.0668977639693
2000.0,0,0.899143734041633,4.63112136551369,5.466,6.24,3.1165892308333336,Mongolia,MNG,36.9526929489206,1076.66666666667,202077115.561911,78.41832770873,-6.14547875845517
2000.0,0,0.339163189071768,3.80000000158476,29.77,6.24,3.1165892308333336,Tanzania,TZA,21.5775,800.408516666667,994821489.507032,,-3.20303174427397
2000.0,0,9.98002515350979,0.599695390807426,,6.24,3.1165892308333336,Trinidad and Tobago,TTO,16.5,6.29979666666667,1402802249.32216,,6.67497170338997
2000.0,0,2.71943995691976,5.1385391803606,6.829,6.24,3.1165892308333336,Bosnia and Herzegovina,BIH,,2.12285951185833,496626475.424899,,-7.10679339873964
2000.0,1,7.06991352252517,4.10159025073438,,6.24,3.1165892308333336,Russian Federation,RUS,24.4333333333333,28.1291666666667,27656266696.1263,62.1488888669576,17.4742424828314
2000.0,0,20.7987606558704,10.0000668136515,10.581,6.24,3.1165892308333336,Kosovo,XKX,,,57409059.0,,
2000.0,0,,3.6869441668769,,6.24,3.1165892308333336,Estonia,EST,,16.9686366666667,922839655.58726,,-5.25815799294369
2000.0,0,45.6665940440238,2.4612634592269,6.969,6.24,3.1165892308333336,Belarus,BLR,67.6666666666666,0.087675,350495841.300002,15.0144518163306,-3.60449996573167
2000.0,0,9.49156149435403,5.02928399378261,2.563,6.24,3.1165892308333336,"Iran, Islamic Rep.",IRN,,1764.85606929191,,,11.3886353724179
2000.0,1,-0.109165514668565,13.7459305561226,,6.24,3.1165892308333336,Djibouti,DJI,,177.721,67804571.8253999,,6.04193525666741
2000.0,0,,,,6.24,3.1165892308333336,Ethiopia,ETH,10.8916666666667,8.21725833333333,362554236.557217,,0.163268897783398
2000.0,0,10.9615496593622,3.86871808953644,,6.24,3.1165892308333336,San Marino,SMR,,1.08270508132601,135161372.533955,,
2000.0,1,7.72413566181616,4.65172550299128,6.432,6.24,3.1165892308333336,Trinidad and Tobago,TTO,16.5,6.29979666666667,1402802249.32216,,6.67497170338997
2000.0,0,2.90328203236453,3.72400899471576,4.476,6.24,3.1165892308333336,Zimbabwe,ZWE,,0.04446837641743,321301858.310207,,
2000.0,0,1.89463456763464,2.58218091499747,13.58,6.24,3.1165892308333336,Benin,BEN,,710.207977031373,,,-2.2949879315414
2000.0,1,3.20340091563112,-2.48943244028874,,6.24,3.1165892308333336,Turkiye,TUR,,0.6252185,23514529510.39,,-3.61057524589502
2000.0,0,2.27128756828723,1.12790697674419,6.96,6.24,3.1165892308333336,Turkiye,TUR,,0.6252185,23514529510.39,,-3.61057524589502
2000.0,0,4.0094359104519,3.84099115659129,2.731,6.24,3.1165892308333336,Slovenia,SVN,,222.656085833333,3196099145.64647,,-2.71588283528864
2000.0,0,1.44026838719741,2.8765231247659,7.917,6.24,3.1165892308333336,Turkiye,TUR,,0.6252185,23514529510.39,,-3.61057524589502
2000.0,0,5.13647123245151,4.90518213679276,1.936,6.24,3.1165892308333336,Denmark,DNK,,8.08314416666667,15695951232.7906,,1.37879989622757
2000.0,0,1.18295624210408,4.52438074810904,5.558,6.24,3.1165892308333336,Libya,LBY,7.0,0.512189613308333,13729870472.1936,,16.3831818181818
2000.0,0,3.1511816249383,4.13782699405849,11.345,6.24,3.1165892308333336,"Egypt, Arab Rep.",EGY,13.2158333333333,3.47205,13785040867.624,,-0.972570273448986
2000.0,0,4.19928825622807,8.20279174865273,,6.24,3.1165892308333336,"Micronesia, Fed. Sts.",FSM,15.33,1.0,113047175.64761,,
2000.0,0,,,,6.24,3.1165892308333336,Northern Mariana Islands,MNP,,1.0,,,
2000.0,0,9.22534818585366,2.92486148176778,20.52,6.24,3.1165892308333336,Denmark,DNK,,8.08314416666667,15695951232.7906,,1.37879989622757
2000.0,0,1.5585291967901,3.95871990780931,2.658,6.24,3.1165892308333336,Malawi,MWI,53.125,59.5438083333334,246503870.879229,,-2.89662420047882
2000.0,0,6.93329215565161,5.01593475931152,,6.24,3.1165892308333336,Bosnia and Herzegovina,BIH,,2.12285951185833,496626475.424899,,-7.10679339873964
2000.0,0,40.240933123914,3.70000008164408,10.456,6.24,3.1165892308333336,Equatorial Guinea,GNQ,,710.207977031367,23008388.6354032,,
2000.0,0,4.76382472733251,-1.92993063549235,12.627,6.24,3.1165892308333336,Solomon Islands,SLB,10.3333333333333,5.08893083333333,32044869.2772408,,-9.75872166781305
2000.0,0,0.347811226864587,8.58643201808462,3.707,6.24,3.1165892308333336,Bulgaria,BGR,11.3433833333333,2.123275,3507198891.18447,,-5.3121707536827
2000.0,1,1.53474023697699,8.85886816969386,3.0,6.24,3.1165892308333336,Mozambique,MOZ,19.0391666666667,15.22725,742321151.033547,,
2000.0,1,5.97757734737136,3.6088687174876,,6.24,3.1165892308333336,"Iran, Islamic Rep.",IRN,,1764.85606929191,,,11.3886353724179
2000.0,0,2.54451776190908,3.71670510672588,6.586,6.24,3.1165892308333336,Finland,FIN,,1.08270508132602,8409731733.14767,,8.35697521580217
2000.0,1,96.0963756926096,1.09180164720277,4.8,6.24,3.1165892308333336,Belgium,BEL,,1.08270508132602,12271745172.0013,,
2000.0,0,6.17627591012045,6.00003315828934,7.74,6.24,3.1165892308333336,Antigua and Barbuda,ATG,12.1715539440033,2.7,63558884.5284907,,-7.92911790133271
2000.0,0,3.84327295706565,4.9716214882971,9.668,6.24,3.1165892308333336,Iraq,IRQ,,2002.40340735354,6744700000.0,,
2000.0,0,9.90017538843064,4.65633252988236,14.928,6.24,3.1165892308333336,Algeria,DZA,10.0,75.2597916666666,13556106802.2149,,
2000.0,0,3.37685727149929,4.07758575682804,3.992,6.24,3.1165892308333336,Mongolia,MNG,36.9526929489206,1076.66666666667,202077115.561911,78.41832770873,-6.14547875845517
2000.0,0,5.57763269940387,9.40352476399653,4.318,6.24,3.1165892308333336,Hungary,HUN,12.6,282.179166666667,11217315165.5179,61.6159572531064,-8.82808863842537
2000.0,0,1.49896111605777,4.2090057360153,13.53,6.24,3.1165892308333336,Israel,ISR,,4.07733333333333,23281206067.5375,,-2.36500425391523
2000.0,0,1.36162392448456,9.03831632555163,3.7,6.24,3.1165892308333336,Sri Lanka,LKA,,77.0051166666667,1131355289.18666,96.9040326453759,-6.28823142949348
2000.0,1,,-0.78899893905691,15.0,6.24,3.1165892308333336,Trinidad and Tobago,TTO,16.5,6.29979666666667,1402802249.32216,,6.67497170338997
2000.0,0,2.6152344624632,2.87005108790095,6.138,6.24,3.1165892308333336,"Venezuela, RB",VEN,25.1991666666667,0.679966666666667,15898851162.5221,,10.1181029223116
2000.0,0,9.80361016908125,4.40937501806403,6.563,6.24,3.1165892308333336,Sao Tome and Principe,STP,,7.97817166666666,11639663.8147926,,-26.3530521883155
2000.0,1,324.996871601321,3.05462423430785,,6.24,3.1165892308333336,American Samoa,ASM,,1.0,,,
2001.0,1,,1.43951727721958,,3.88,2.237447555,"Korea, Rep.",KOR,7.70833333333333,1290.79,102875399954.157,,0.381489475071825
2001.0,0,9.11680911680911,4.06202617226026,5.671,3.88,2.237447555,Turks and Caicos Islands,TCA,,1.0,,,
2001.0,1,,-4.40883968258557,17.32,3.88,2.237447555,Italy,ITA,7.28775,1.11653308564462,46215583156.0919,,0.15478537448926
2001.0,0,0.307062436028722,0.949907875683692,14.71,3.88,2.237447555,Benin,BEN,,732.397693260192,,,-2.04549532483075
2001.0,0,0.997197956155943,-1.07086275100448,3.76,3.88,2.237447555,Liberia,LBR,22.14,48.591908993784,480275.980603404,,
2001.0,0,21.3937821792546,5.31686827418419,,3.88,2.237447555,Guinea-Bissau,GNB,,732.397693260228,,,-2.69821108512442
2001.0,1,11.5001160550887,3.64346644721492,6.082,3.88,2.237447555,Tunisia,TUN,,1.4387125,2049572900.90431,56.4678199732883,-3.80893714007523
2001.0,0,2.62581630392903,3.41099312247906,5.448,3.88,2.237447555,Bosnia and Herzegovina,BIH,,2.1856595833,1233132927.04398,,-12.8061436346752
2001.0,0,4.85280279607477,5.30582133514299,3.684,3.88,2.237447555,"Korea, Rep.",KOR,7.70833333333333,1290.79,102875399954.157,,0.381489475071825
2001.0,0,5.40833545566148,1.23374464400356,18.435,3.88,2.237447555,Maldives,MDV,9.52305714285714,12.2420833333333,93075478.3340346,31.2308703408131,-6.74959538197381
2001.0,0,3.56910053001467,3.15403492459967,9.854,3.88,2.237447555,Grenada,GRD,10.1867211949273,2.7,63941398.7402541,,-25.1924121595876
2001.0,1,4.3593406521727,-3.84412995940374,15.052,3.88,2.237447555,Kosovo,XKX,,,261071775.0,,
2001.0,0,1.53234960272418,2.39102229602824,4.696,3.88,2.237447555,Ireland,IRL,,1.11653308564462,5635200931.02061,,
2001.0,0,0.719125609120114,8.31263887091522,3.6,3.88,2.237447555,St. Martin (French part),MAF,,1.11653308564462,,,
2001.0,0,6.40508550386868,3.84093935130252,1.874,3.88,2.237447555,Cambodia,KHM,,3916.33333333333,697362969.703221,,-2.11975415828821
2001.0,0,1.41678473206098,0.517675319192861,3.53,3.88,2.237447555,Kuwait,KWT,7.884275,0.306681666666667,10599228051.4041,,23.8570352760579
2001.0,0,3.37396832213867,4.65041459442163,10.764,3.88,2.237447555,Papua New Guinea,PNG,16.2075,3.38871506458333,440065781.569706,68.2675567269125,9.28741777969624
2001.0,0,2.82617111885407,0.955538348341605,4.731,3.88,2.237447555,Northern Mariana Islands,MNP,,1.0,,,
2001.0,0,5.38934426229508,3.34754072731407,9.14,3.88,2.237447555,Peru,PER,24.9783333333333,3.50683333333333,8980104804.36401,,-2.31175794610238
2001.0,0,0.989020329832546,1.57566198688916,2.49,3.88,2.237447555,Algeria,DZA,9.5,77.2150208333334,19625060612.8963,,
2001.0,0,18.8736462093863,5.91768464920371,,3.88,2.237447555,Afghanistan,AFG,,47.500014516129,,,
2001.0,0,,,,3.88,2.237447555,Ireland,IRL,,1.11653308564462,5635200931.02061,,
2001.0,0,1.98385731334471,1.63614170690956,7.773,3.88,2.237447555,French Polynesia,PYF,,133.237791216225,,,
2001.0,0,11.2556157091172,3.49116989434005,6.051,3.88,2.237447555,Cameroon,CMR,,732.397693260228,340115355.120412,,-3.17394469214094
2001.0,0,34.4770123493527,5.21813625673708,6.561,3.88,2.237447555,Mongolia,MNG,37.35,1097.6975,206545596.96037,69.0997980938579,-4.86593852642615
2001.0,0,,,,3.88,2.237447555,Tanzania,TZA,20.0572614143728,876.411666666667,1177357651.66215,,-4.15575639482293
2001.0,1,21.101305376923,11.3439970699605,,3.88,2.237447555,Trinidad and Tobago,TTO,15.6666666666667,6.23321666666666,1923855111.96432,,4.7139618278455
2001.0,0,21.4770072117159,5.10005122572568,8.978,3.88,2.237447555,Bosnia and Herzegovina,BIH,,2.1856595833,1233132927.04398,,-12.8061436346752
2001.0,0,2.52512013979906,1.87509810696022,7.219,3.88,2.237447555,Russian Federation,RUS,17.9083333333333,29.168525,36302524269.37,48.9836153351704,10.4545347443772
2001.0,1,5.98604186279518,2.96084349057273,4.12,3.88,2.237447555,"Yemen, Rep.",YEM,17.5,168.671666666667,3671925615.7976,,
2001.0,0,41.509496287803,4.00000012807919,,3.88,2.237447555,Estonia,EST,,17.4780715333333,822453577.648307,,-5.19375871381402
2001.0,0,7.96556090304834,1.67789830787579,15.04,3.88,2.237447555,Belarus,BLR,46.9666666666667,0.139,390676493.528801,11.440616774975,-4.28011087042602
2001.0,0,3.7508205747202,0.879613659882722,6.96,3.88,2.237447555,"Iran, Islamic Rep.",IRN,,1753.98568465785,,,
2001.0,0,3.77929312235637,4.82396626555771,,3.88,2.237447555,Djibouti,DJI,,177.721,70308696.5701331,,12.0278460954718
2001.0,1,3.83486060237362,4.46473902640867,,3.88,2.237447555,Ethiopia,ETH,10.8651666666667,8.45749166666667,489895094.883338,,-4.53620596538169
2001.0,0,,3.39423610779077,8.83,3.88,2.237447555,San Marino,SMR,8.1,1.11653308564468,133005013.095355,,
2001.0,0,8.88306848812961,2.46937023763239,7.262,3.88,2.237447555,Trinidad and Tobago,TTO,15.6666666666667,6.23321666666666,1923855111.96432,,4.7139618278455
2001.0,0,6.36773806235037,-0.450845253215945,2.538,3.88,2.237447555,Benin,BEN,,732.397693260192,,,-2.04549532483075
2001.0,0,2.33787000255262,0.95003224600012,4.164,3.88,2.237447555,Turkiye,TUR,,1.22558808333333,19911331846.7119,,1.85959025093731
2001.0,0,0.619801875297975,7.72182519577728,12.46,3.88,2.237447555,Turkiye,TUR,,1.22558808333333,19911331846.7119,,1.85959025093731
2001.0,0,5.34550195567142,3.04923134463486,3.698,3.88,2.237447555,Slovenia,SVN,,242.748835,4397212830.73067,,0.151435477403197
2001.0,0,2.78516542713554,2.00643329837733,9.599,3.88,2.237447555,Turkiye,TUR,,1.22558808333333,19911331846.7119,,1.85959025093731
2001.0,0,2.40595834145438,1.36080642694121,4.73,3.88,2.237447555,Denmark,DNK,,8.3228175,17702199723.0595,,2.94033572239732
2001.0,0,4.15584127195613,2.32357570819386,2.119,3.88,2.237447555,Libya,LBY,7.0,0.605064253623333,16079034167.688,,9.76779674418605
2001.0,0,6.84035902487523,1.3898964044581,10.649,3.88,2.237447555,"Egypt, Arab Rep.",EGY,13.2916666666667,3.973,13598234040.4969,,-0.401718427655422
2001.0,0,3.58983413338112,3.91908880808811,10.348,3.88,2.237447555,"Micronesia, Fed. Sts.",FSM,15.33,1.0,98330197.784134,,
2001.0,0,1.98333333333337,3.79627166202512,14.4,3.88,2.237447555,Northern Mariana Islands,MNP,,1.0,,,
2001.0,1,7.26806028584825,-0.834054716746095,6.206,3.88,2.237447555,Denmark,DNK,,8.3228175,17702199723.0595,,2.94033572239732
2001.0,0,5.73859814341467,3.77990649795343,,3.88,2.237447555,Malawi,MWI,56.1666666666667,72.1973333333333,206054632.902403,,-2.39994803963789
2001.0,0,7.28587366610138,2.33257486608854,,3.88,2.237447555,Bosnia and Herzegovina,BIH,,2.1856595833,1233132927.04398,,-12.8061436346752
2001.0,0,2.46925823086078,1.09960362419645,6.178,3.88,2.237447555,Equatorial Guinea,GNQ,,732.397693260228,70851809.3335505,,
2001.0,0,3.00419703998237,2.06713043546189,3.738,3.88,2.237447555,Solomon Islands,SLB,10.0,5.27798495317037,18070277.3465433,,-15.8332825110055
2001.0,0,2.26975720475956,3.53525197391507,9.26,3.88,2.237447555,Bulgaria,BGR,11.1107666666667,2.18470833333333,3646131847.83262,,-5.67286092377739
2001.0,0,1.63478079549601,1.89946701186636,8.61,3.88,2.237447555,Mozambique,MOZ,22.7291666666667,20.7036408333333,726979118.825017,,
2001.0,0,2.57844080098896,2.64026205699308,10.29,3.88,2.237447555,"Iran, Islamic Rep.",IRN,,1753.98568465785,,,
2001.0,1,9.67415556865377,2.72319327321379,4.0,3.88,2.237447555,Finland,FIN,,1.11653308564462,8419388662.79125,,9.32832355563527
2001.0,0,1.58965377879568,1.68379912721821,5.24,3.88,2.237447555,Belgium,BEL,,1.11653308564462,13560301157.335,,
2001.0,0,5.70189483049608,2.70000000019104,25.37,3.88,2.237447555,Antigua and Barbuda,ATG,11.6243803976043,2.7,79718831.0402204,,-10.3865694462064
2001.0,0,1.62690887314091,3.44424900968372,2.6,3.88,2.237447555,Iraq,IRQ,,2002.40491037037,6744700000.0,,
2001.0,0,4.22598834854673,2.99999999863043,27.3,3.88,2.237447555,Algeria,DZA,9.5,77.2150208333334,19625060612.8963,,
2001.0,0,14.15845579912,-1.54540813366026,7.9,3.88,2.237447555,Mongolia,MNG,37.35,1097.6975,206545596.96037,69.0997980938579,-4.86593852642615
2001.0,0,54.4001887619075,-5.45940838563062,8.373,3.88,2.237447555,Hungary,HUN,12.1166666666667,286.49,10755092580.6117,59.8612785648418,-6.11450861059176
2001.0,1,37.6767454518094,4.20627185748789,4.252,3.88,2.237447555,Israel,ISR,,4.20565,23378584659.0995,,-2.59539018083479
2001.0,0,4.36990330551793,1.94367213427915,3.829,3.88,2.237447555,Sri Lanka,LKA,14.25,89.3830133333334,1357451866.36814,103.219274149885,-1.36821186331088
2001.0,0,2.65000077279528,1.31698749571339,4.007,3.88,2.237447555,Trinidad and Tobago,TTO,15.6666666666667,6.23321666666666,1923855111.96432,,4.7139618278455
2001.0,0,1.97709878502053,0.617892325624297,4.848,3.88,2.237447555,Virgin Islands (U.S.),VIR,,1.0,,,
2001.0,0,4.40713536201469,2.03145880248898,6.742,3.88,2.237447555,Sao Tome and Principe,STP,37.0,8.84210916666667,15481933.6221487,,-35.5295840568537
2001.0,0,-0.740055504162738,0.386103426142029,5.02,3.88,2.237447555,American Samoa,ASM,,1.0,,,
2001.0,1,152.561022469299,4.20599855619506,,3.88,2.237447555,Slovenia,SVN,,242.748835,4397212830.73067,,0.151435477403197
2002.0,0,,-8.85564735286771,16.17,1.67,2.0336032691666666,"Korea, Rep.",KOR,6.76916666666667,1251.6025,121497596257.726,,0.625539996245813
2002.0,0,2.15848213589264,2.27772867861897,4.965,1.67,2.0336032691666666,Turks and Caicos Islands,TCA,,1.0,,,
2002.0,0,4.29715203929563,3.80397532112175,,1.67,2.0336032691666666,Italy,ITA,6.53650833333333,1.05755899623965,55621728398.7297,,-0.489738960441859
2002.0,0,8.45016437708331,3.05346185683619,10.641,1.67,2.0336032691666666,Benin,BEN,,693.713226496371,,,-3.74152919965989
2002.0,0,2.72277227722765,3.71625500158383,,1.67,2.0336032691666666,Liberia,LBR,20.205,61.7541666666667,3298470.65155747,,
2002.0,0,2.42443661219697,0.456530018779986,4.274,1.67,2.0336032691666666,Guinea-Bissau,GNB,,693.713226496374,,,-0.271719275957978
2002.0,0,2.79561966936936,3.73019737485745,11.59,1.67,2.0336032691666666,Turkiye,TUR,,1.50722641666667,28348030216.9613,,-0.259990521546323
2002.0,1,2.33181703516235,3.61654219150596,,1.67,2.0336032691666666,Bosnia and Herzegovina,BIH,12.6958333333333,2.07817042621667,1336266925.26078,,-17.6964510993081
2002.0,0,0.642711506543278,-0.0732172569941127,2.924,1.67,2.0336032691666666,"Korea, Rep.",KOR,6.76916666666667,1251.6025,121497596257.726,,0.625539996245813
2002.0,0,6.35150728778872,2.50398046659659,14.481,1.67,2.0336032691666666,Maldives,MDV,9.91985119047619,12.8,133146756.138827,33.5908378331301,-3.96704001433817
2002.0,0,9.36093239560313,4.49999955900331,,1.67,2.0336032691666666,Grenada,GRD,11.3092285846433,2.7,87842777.412338,,-24.5623129443556
2002.0,0,1.52040245947455,1.70902736258567,5.037,1.67,2.0336032691666666,"Yemen, Rep.",YEM,17.7083333333333,175.625,4427672645.30584,,
2002.0,0,1.42080615551526,-0.228255715793637,8.482,1.67,2.0336032691666666,Ireland,IRL,,1.05755899623965,5475153289.17602,,
2002.0,0,5.03072733151295,-0.236588001922641,3.003,1.67,2.0336032691666666,St. Martin (French part),MAF,,1.05755899623965,,,
2002.0,1,3.75017465778466,0.753938876079573,,1.67,2.0336032691666666,Cambodia,KHM,,3912.08333333333,913189870.797355,,-2.38394601973682
2002.0,0,3.62935871878874,4.68313727063017,10.346,1.67,2.0336032691666666,Kuwait,KWT,6.48220833333333,0.303914251666667,10078199079.2847,,11.1829070467622
2002.0,0,9.16752048509119,3.41687639041064,6.396,1.67,2.0336032691666666,Papua New Guinea,PNG,13.8891666666667,3.89522080166667,343099525.379361,69.7344601261207,-0.837715059877841
2002.0,0,9.494713780996,3.70037440406668,27.18,1.67,2.0336032691666666,Northern Mariana Islands,MNP,,1.0,,,
2002.0,0,1.64521436175357,1.70689430349601,6.91,1.67,2.0336032691666666,Peru,PER,20.7653572885806,3.5165,9721160042.62848,,-2.02693936398421
2002.0,0,1.96130821739162,0.546859530175595,,1.67,2.0336032691666666,Algeria,DZA,8.58333333333333,79.6819,25151012703.1373,,
2002.0,0,8.13263054281054,3.83928708556792,2.254,1.67,2.0336032691666666,Afghanistan,AFG,,47.263,,,
2002.0,0,1.28672528415184,1.37755702173065,4.022,1.67,2.0336032691666666,Ireland,IRL,,1.05755899623965,5475153289.17602,,
2002.0,0,2.46532319171165,0.26992966378873,9.211,1.67,2.0336032691666666,French Polynesia,PYF,,126.200312871571,,,0.152944141111643
2002.0,1,10.5102420856612,-0.0214043949985694,9.393,1.67,2.0336032691666666,Cameroon,CMR,,693.713226496374,639930327.323177,,-3.53790565581226
2002.0,0,1.00583090379039,2.50884408826073,14.11,1.67,2.0336032691666666,Mongolia,MNG,35.5166666666667,1110.31,267337072.582122,,-7.52987540545578
2002.0,0,1.5712201278938,1.68732644358099,10.423,1.67,2.0336032691666666,Uganda,UGA,19.0971782285593,1797.5505,934009575.937527,,-2.46011695217404
2002.0,0,3.06565685902219,2.75545611564098,11.146,1.67,2.0336032691666666,Tunisia,TUN,,1.42173333333333,2364944045.85817,55.9344340024072,-3.22389381333494
2002.0,0,1.9234122872706,1.06775027069419,8.702,1.67,2.0336032691666666,Bosnia and Herzegovina,BIH,12.6958333333333,2.07817042621667,1336266925.26078,,-17.6964510993081
2002.0,1,7.69050972034271,3.75433786119939,4.02,1.67,2.0336032691666666,Russian Federation,RUS,15.7,31.3484833333333,48325637167.0147,41.3527168644107,7.9523289090993
2002.0,0,0.92825885161107,2.48556573783827,5.48,1.67,2.0336032691666666,South Africa,ZAF,15.75,10.5407466666667,7816784858.41019,,0.781937464700479
2002.0,0,44.9641209479849,6.43550883793114,10.345,1.67,2.0336032691666666,Estonia,EST,,16.6117916666667,1003157301.27034,,-10.5743364533738
2002.0,0,12.4835980082095,4.92809549611376,,1.67,2.0336032691666666,Belarus,BLR,36.8833333333333,0.179091666666667,687361275.148582,12.3366860124798,-2.23160130536418
2002.0,0,3.28753104712771,0.245785659129112,2.554,1.67,2.0336032691666666,"Iran, Islamic Rep.",IRN,,6907.03445561653,,,
2002.0,0,0.697308976625449,6.14903605210036,,1.67,2.0336032691666666,Djibouti,DJI,,177.721,73707750.587314,,11.8252569135347
2002.0,0,2.72103284850455,1.32255714828946,14.55,1.67,2.0336032691666666,Ethiopia,ETH,8.661,8.56775,965896480.119228,,-1.74046524518375
2002.0,1,5.22336769759447,4.48650367045651,6.779,1.67,2.0336032691666666,San Marino,SMR,7.95,1.05755899623965,182564953.192803,12.7348281481481,
2002.0,0,22.5398862605386,5.70299165043771,8.112,1.67,2.0336032691666666,Tunisia,TUN,,1.42173333333333,2364944045.85817,55.9344340024072,-3.22389381333494
2002.0,0,2.25839440940855,2.99925535017809,7.665,1.67,2.0336032691666666,Benin,BEN,,693.713226496371,,,-3.74152919965989
2002.0,0,,,,1.67,2.0336032691666666,Tuvalu,TUV,,1.8405625,,,0.150200355708208
2002.0,0,15.7887307914463,4.69999190914258,7.876,1.67,2.0336032691666666,Tuvalu,TUV,,1.8405625,,,0.150200355708208
2002.0,1,13.9724725913515,-7.73200721540044,16.648,1.67,2.0336032691666666,Slovenia,SVN,,240.248215,7063482625.72202,,1.05020145982641
2002.0,0,1.80787246281536,5.39098830692797,3.48,1.67,2.0336032691666666,Tuvalu,TUV,,1.8405625,,,0.150200355708208
2002.0,0,-0.731970902350244,9.24339326638321,4.0,1.67,2.0336032691666666,Denmark,DNK,,7.89471416666666,27719142484.4471,,1.93547973055908
2002.0,0,,,,1.67,2.0336032691666666,Libya,LBY,7.0,1.27067917397333,15892271986.3199,,3.38835921882208
2002.0,0,12.8765792031099,15.3291557409559,,1.67,2.0336032691666666,"Egypt, Arab Rep.",EGY,13.7916666666667,4.49966666666667,14076054422.998,,0.730979150171549
2002.0,1,57.0745112621703,12.0255134340315,,1.67,2.0336032691666666,"Micronesia, Fed. Sts.",FSM,15.275,1.0,117391173.137997,,
2002.0,0,6.41933372221149,1.61491865862433,8.205,1.67,2.0336032691666666,Northern Mariana Islands,MNP,,1.0,,,
2002.0,0,1.58603162650601,1.70044732643726,5.783,1.67,2.0336032691666666,Denmark,DNK,,7.89471416666666,27719142484.4471,,1.93547973055908
2002.0,0,5.19702230216628,0.542286728015213,2.988,1.67,2.0336032691666666,Malawi,MWI,50.5416666666667,76.6866083333334,165874400.372773,,-3.94494805532032
2002.0,0,2.67709257711605,4.71347767117496,5.285,1.67,2.0336032691666666,Bosnia and Herzegovina,BIH,12.6958333333333,2.07817042621667,1336266925.26078,,-17.6964510993081
2002.0,0,22.2333446430947,4.50601428032604,,1.67,2.0336032691666666,Equatorial Guinea,GNQ,,693.713226496374,88540317.1327289,,
2002.0,0,4.62820512820515,5.89936506079005,4.216,1.67,2.0336032691666666,Solomon Islands,SLB,10.0,6.74877210289887,18687274.5467029,,-19.5076486144732
2002.0,0,1.86552503610077,1.57291844759789,6.2,1.67,2.0336032691666666,Bulgaria,BGR,9.20784166666667,2.076975,4846429934.1631,,-1.94489971800466
2002.0,0,1.90528215048055,1.90119437968586,20.211,1.67,2.0336032691666666,Mozambique,MOZ,26.7083333333333,23.6779566666667,824689975.178826,,
2002.0,0,2.48939816650705,3.20279913520113,9.801,1.67,2.0336032691666666,"Iran, Islamic Rep.",IRN,,6907.03445561653,,,
2002.0,0,-0.391676866585049,3.92336076702013,5.65,1.67,2.0336032691666666,Finland,FIN,,1.05755899623965,9825470847.61377,,8.61479200191203
2002.0,0,11.9001200338414,4.49947539085764,6.604,1.67,2.0336032691666666,Belgium,BEL,,1.05755899623965,14697923742.2018,,4.49803373016796
2002.0,1,,-10.8944848285903,19.59,1.67,2.0336032691666666,Antigua and Barbuda,ATG,11.387913378312,2.7,87648341.4624844,,-9.42082349224047
2002.0,1,,-8.89401285792752,,1.67,2.0336032691666666,Iraq,IRQ,,2002.37270286683,6744700000.0,,
2002.0,0,-0.923494026942321,0.0419624992862282,5.386,1.67,2.0336032691666666,Algeria,DZA,8.58333333333333,79.6819,25151012703.1373,,
2002.0,0,5.26544821583985,4.73006530805553,5.608,1.67,2.0336032691666666,Mongolia,MNG,35.5166666666667,1110.31,267337072.582122,,-7.52987540545578
2002.0,0,2.98157453936348,3.94980535772942,6.368,1.67,2.0336032691666666,Hungary,HUN,10.1688765035317,257.886666666667,10383091414.6763,59.6833271190358,-6.44836058797406
2002.0,1,108.897436089429,13.6656887608562,,1.67,2.0336032691666666,Israel,ISR,,4.737825,24082878018.1415,,-2.28341493296423
2002.0,0,1.81035787764127,1.48436877605324,4.852,1.67,2.0336032691666666,Sri Lanka,LKA,13.1675,95.662065,1705155736.72707,105.524990754701,-1.42925945944237
2002.0,0,9.55103167007251,3.96467568513113,8.76,1.67,2.0336032691666666,Tunisia,TUN,,1.42173333333333,2364944045.85817,55.9344340024072,-3.22389381333494
2002.0,0,3.60034658290914,0.770924781247714,4.497,1.67,2.0336032691666666,Viet Nam,VNM,9.06166666666667,15279.5,4121051660.52162,,-1.72255927072095
2002.0,0,1.41830192345051,5.40000000000001,25.9,1.67,2.0336032691666666,Sao Tome and Principe,STP,37.4166666666667,9.088325,17352535.2577729,,-31.2249951011705
2002.0,0,2.73723855000334,2.39020402573726,10.01,1.67,2.0336032691666666,American Samoa,ASM,,1.0,,,
2002.0,0,0.193135003853722,5.45352893818767,4.84,1.67,2.0336032691666666,Slovenia,SVN,,240.248215,7063482625.72202,,1.05020145982641
2003.0,0,3.80585899528851,7.8603814759073,,1.13,1.4457960183333334,"Korea, Rep.",KOR,6.23666666666667,1191.64583333333,155471714191.457,,1.55223664563709
2003.0,0,13.6632930228666,7.29995234528189,8.232,1.13,1.4457960183333334,Turks and Caicos Islands,TCA,,1.0,,,
2003.0,0,1.16773367477592,6.17110214953244,11.92,1.13,1.4457960183333334,Italy,ITA,5.83035,0.88404792718493,63263645220.8155,,-0.766212290849885
2003.0,0,1.37650038542013,3.21851612669614,4.807,1.13,1.4457960183333334,Benin,BEN,,579.897426172445,,,-6.20555050861218
2003.0,1,,-7.75530004959877,16.78,1.13,1.4457960183333334,Liberia,LBR,17.0566666666667,59.3788333333333,7376738.87371289,,
2003.0,0,3.21899090682895,-0.930521045062918,6.132,1.13,1.4457960183333334,Guinea-Bissau,GNB,,579.897426172466,,,-0.0519018620590297
2003.0,0,2.28915662650607,5.08691113513073,3.527,1.13,1.4457960183333334,Turkiye,TUR,,1.50088520858333,35548509276.1176,,-2.39510781690365
2003.0,0,14.7149197228147,1.14082899877101,11.168,1.13,1.4457960183333334,Bosnia and Herzegovina,BIH,10.87,1.73293220419167,1813519793.37355,,-19.1912783102526
2003.0,0,2.07507820646507,0.441091006625101,5.398,1.13,1.4457960183333334,"Korea, Rep.",KOR,6.23666666666667,1191.64583333333,155471714191.457,,1.55223664563709
2003.0,1,4.13470905150996,-5.39748521855877,,1.13,1.4457960183333334,Maldives,MDV,10.2556,12.8,159492039.076649,30.3523770936084,-2.97459860769224
2003.0,0,21.4015783901995,6.94497398221223,,1.13,1.4457960183333334,Grenada,GRD,12.0482151558632,2.7,83225917.7043554,,-26.355141755599
2003.0,0,1.12760348729637,10.1181928640117,4.3,1.13,1.4457960183333334,"Yemen, Rep.",YEM,18.0,183.448333333333,5007811167.81285,,
2003.0,0,2.8101787574361,4.72324526861041,9.538,1.13,1.4457960183333334,Ireland,IRL,,0.88404792718493,4151959058.80564,,
2003.0,0,1.08967632577286,5.7884992858875,3.61,1.13,1.4457960183333334,St. Martin (French part),MAF,,0.88404792718493,,,
2003.0,1,19.3797301743995,0.805283915893824,16.661,1.13,1.4457960183333334,Cambodia,KHM,,3973.33333333333,982362875.129201,,-4.62556314146541
2003.0,0,7.1297886294186,3.91827190322513,13.221,1.13,1.4457960183333334,Kuwait,KWT,5.41685833333333,0.298011521083333,8636260734.28501,,19.6850434098774
2003.0,0,2.05566329753742,2.28136971731965,3.997,1.13,1.4457960183333334,Papua New Guinea,PNG,13.3558333333333,3.563452875,520462532.69766,,4.0186139042782
2003.0,0,3.53065027765552,5.79682274294369,9.839,1.13,1.4457960183333334,Northern Mariana Islands,MNP,,1.0,,,
2003.0,0,2.27009497336115,2.79560596320081,5.989,1.13,1.4457960183333334,Peru,PER,21.0156649712755,3.478467,10241971443.4071,,-1.61504289543387
2003.0,1,14.0317836131437,7.34719496799492,,1.13,1.4457960183333334,Algeria,DZA,8.125,77.394975,35454600266.1696,,
2003.0,0,9.44758091616984,4.31717986636224,6.654,1.13,1.4457960183333334,Afghanistan,AFG,,48.7627535833333,,,
2003.0,1,36.5897175323924,13.8439968903798,,1.13,1.4457960183333334,Ireland,IRL,,0.88404792718493,4151959058.80564,,
2003.0,0,3.92105357558188,5.92544548947731,5.904,1.13,1.4457960183333334,French Polynesia,PYF,,105.494942032458,,,-2.41927473004379
2003.0,0,3.49221909079765,3.01383869396012,4.478,1.13,1.4457960183333334,Cameroon,CMR,,579.897426172466,652135227.569221,,-3.74372948027079
2003.0,0,0.682701375787681,3.52337117234833,19.899,1.13,1.4457960183333334,Mongolia,MNG,31.9066666666667,1146.5425,203558127.168395,,-6.1849966690847
2003.0,0,2.1203909173333,1.56539303147618,6.9,1.13,1.4457960183333334,Uganda,UGA,18.9421408936285,1963.72008333333,1080256630.13831,,-0.581756161515947
2003.0,1,,8.83704079576924,15.36,1.13,1.4457960183333334,Tunisia,TUN,,1.28845833333333,3036243871.63543,55.0213155722411,-2.66077074311872
2003.0,0,1.75357444759557,4.72804204913962,4.751,1.13,1.4457960183333334,Bosnia and Herzegovina,BIH,10.87,1.73293220419167,1813519793.37355,,-19.1912783102526
2003.0,0,6.75731256333564,4.78036912167654,6.657,1.13,1.4457960183333334,Russian Federation,RUS,12.975,30.692025,78409347970.6866,,7.69799200510312
2003.0,0,0.507905300237551,4.54825542643229,5.93,1.13,1.4457960183333334,South Africa,ZAF,14.9583333333333,7.56474916666667,8154089032.58033,,-0.782449992267883
2003.0,1,,-16.9950733355763,,1.13,1.4457960183333334,Estonia,EST,,13.8564114045105,1376698670.15844,,-12.9205377766597
2003.0,0,2.73259596616786,3.0912800997751,5.929,1.13,1.4457960183333334,Belarus,BLR,23.975,0.205127083333333,636538852.309087,,-2.55870194011727
2003.0,0,1.92565534892391,1.88102769675844,5.555,1.13,1.4457960183333334,"Iran, Islamic Rep.",IRN,,8193.88751916667,,,
2003.0,0,0.638272930887201,-0.0323984255438887,4.117,1.13,1.4457960183333334,Djibouti,DJI,,177.721,100129582.48695,,12.7055171216025
2003.0,0,,,,1.13,1.4457960183333334,Ethiopia,ETH,7.0,8.59968333333333,955608348.106304,,-1.58150719828577
2003.0,0,15.2734889936255,2.34114732919521,6.95,1.13,1.4457960183333334,San Marino,SMR,7.4875,0.884047927184961,251247772.877332,26.5286653982985,
2003.0,0,4.54690012118718,1.18554486709559,3.455,1.13,1.4457960183333334,Tunisia,TUN,,1.28845833333333,3036243871.63543,55.0213155722411,-2.66077074311872
2003.0,0,1.03422218628562,-0.529801394291297,9.779,1.13,1.4457960183333334,Benin,BEN,,579.897426172445,,,-6.20555050861218
2003.0,1,5.30238773219936,2.52073289551447,7.6,1.13,1.4457960183333334,Tuvalu,TUV,,1.54191416666667,,,-32.1132837366209
2003.0,0,2.75856321360112,1.80638512302554,7.574,1.13,1.4457960183333334,Tuvalu,TUV,,1.54191416666667,,,-32.1132837366209
2003.0,0,29.7729797160384,5.200000133101,,1.13,1.4457960183333334,Slovenia,SVN,,207.113715696581,8598243635.71987,,-0.734658635827973
2003.0,0,,,,1.13,1.4457960183333334,Tuvalu,TUV,,1.54191416666667,,,-32.1132837366209
2003.0,0,2.09847219146923,0.967827182558352,8.306,1.13,1.4457960183333334,Denmark,DNK,,6.58767333333333,37997724766.112,,3.18790770063056
2003.0,0,7.92936487461556,2.88450036512064,5.662,1.13,1.4457960183333334,Libya,LBY,7.0,1.29294412808415,21513345090.3657,,12.9522903033908
2003.0,0,2.71259247474352,4.70239953285241,14.51,1.13,1.4457960183333334,"Egypt, Arab Rep.",EGY,13.5333333333333,5.850875,14603576021.3741,,4.66231377245509
2003.0,0,2.09199838997655,0.097832364227159,3.593,1.13,1.4457960183333334,"Micronesia, Fed. Sts.",FSM,15.0,1.0,89607067.3768614,,
2003.0,0,1.80434994635721,7.18924330340971,1.54,1.13,1.4457960183333334,Northern Mariana Islands,MNP,,1.0,,,
2003.0,1,7.67416639397937,4.54703805165397,5.3,1.13,1.4457960183333334,Denmark,DNK,,6.58767333333333,37997724766.112,,3.18790770063056
2003.0,0,3.33727499671534,2.7113398370071,,1.13,1.4457960183333334,Malawi,MWI,48.9166666666667,97.432475,127393412.936597,,-5.33174689192046
2003.0,1,27.4497127394395,-1.34935744782766,6.938,1.13,1.4457960183333334,Bosnia and Herzegovina,BIH,10.87,1.73293220419167,1813519793.37355,,-19.1912783102526
2003.0,0,4.268953958395,6.50000000062043,23.72,1.13,1.4457960183333334,Equatorial Guinea,GNQ,,579.897426172466,237691328.605159,,
2003.0,0,0.877440386254785,2.01179992738312,10.469,1.13,1.4457960183333334,Solomon Islands,SLB,10.0,7.50594374859842,37005791.5982839,,-9.55791509502596
2003.0,0,6.31463787051174,5.9402690780223,8.22,1.13,1.4457960183333334,Bulgaria,BGR,8.54336666666667,1.73270166666667,6825720112.56369,,-4.83379022036454
2003.0,0,21.6024384490572,5.79909321038525,10.546,1.13,1.4457960183333334,Mozambique,MOZ,24.69,23.7822675,947825068.839433,,
2003.0,0,3.03888839396655,2.9392895953076,11.283,1.13,1.4457960183333334,"Iran, Islamic Rep.",IRN,,8193.88751916667,,,
2003.0,0,0.391666666666657,5.09686013628365,13.62,1.13,1.4457960183333334,Finland,FIN,,0.88404792718493,11172946882.4705,,4.97591224324578
2003.0,1,14.2367970499143,4.32074548551591,6.814,1.13,1.4457960183333334,Belgium,BEL,,0.88404792718493,14448826871.3605,,3.39723910068488
2003.0,0,2.6725555277285,0.0665538088732092,8.869,1.13,1.4457960183333334,Antigua and Barbuda,ATG,12.8219814495275,2.7,113767366.731074,,-9.15813030793044
2003.0,0,4.50777636319304,3.19345473739745,10.91,1.13,1.4457960183333334,Iraq,IRQ,,,6744700000.0,,
2003.0,0,9.81569062979654,2.93247554570904,,1.13,1.4457960183333334,Algeria,DZA,8.125,77.394975,35454600266.1696,,
2003.0,0,2.48782553461783,0.944909363247831,4.221,1.13,1.4457960183333334,Mongolia,MNG,31.9066666666667,1146.5425,203558127.168395,,-6.1849966690847
2003.0,0,5.67942414068799,2.94907546754213,27.12,1.13,1.4457960183333334,Hungary,HUN,9.60342391546246,224.306666666667,12793544668.5651,60.5731508002625,-8.26371787576549
2003.0,0,5.60347675434469,2.56037766801896,2.807,1.13,1.4457960183333334,Israel,ISR,,4.55413333333333,26315098306.4398,,-0.548526889573223
2003.0,0,1.35555370896452,1.14156504542775,4.779,1.13,1.4457960183333334,Sri Lanka,LKA,10.3458333333333,96.5209508333333,2333781502.23926,102.270712023476,-0.374541248460878
2003.0,0,-0.256541816316025,1.53512549946694,5.251,1.13,1.4457960183333334,Tunisia,TUN,,1.28845833333333,3036243871.63543,55.0213155722411,-2.66077074311872
2003.0,0,1.5889639997038,1.03795518162204,7.68,1.13,1.4457960183333334,Viet Nam,VNM,9.48,15509.5833333333,6224181087.75992,,-4.88211706972335
2003.0,0,4.66101694915254,3.93877761242727,5.79,1.13,1.4457960183333334,Sao Tome and Principe,STP,29.59,9.34758333333333,25470020.0019815,,-27.7539600682048
2003.0,0,2.25937753363072,4.16502313666112,4.151,1.13,1.4457960183333334,American Samoa,ASM,,1.0,,,
2003.0,0,98.2241436573304,3.48731240097521,,1.13,1.4457960183333334,Slovenia,SVN,,207.113715696581,8598243635.71987,,-0.734658635827973
2004.0,0,43.5421067519687,11.4198633904585,23.643,1.35,1.7008579225,"Korea, Rep.",KOR,5.90416666666667,1146.24916666667,199195487365.144,,3.55783305096389
2004.0,1,,-5.80753964196205,4.39,1.35,1.7008579225,Turks and Caicos Islands,TCA,,1.0,,,
2004.0,1,,9.02957330068152,13.522,1.35,1.7008579225,Italy,ITA,5.50616666666667,0.803921647747618,62386140318.1329,,-0.4953081424742
2004.0,0,2.34325522482583,4.21894147547516,5.395,1.35,1.7008579225,Benin,BEN,,527.338032291584,,,-4.66878856732409
2004.0,0,11.270619332052,4.0920716112534,10.32,1.35,1.7008579225,Liberia,LBR,18.0952325038288,54.9058333333333,18742650.4077665,,-17.8067908816868
2004.0,0,-0.0085733882031027,2.18611569439318,4.734,1.35,1.7008579225,Guinea-Bissau,GNB,,527.338032291576,,,2.38148745518108
2004.0,0,3.03924881090925,3.1145314799161,11.09,1.35,1.7008579225,Turkiye,TUR,,1.42553725,37304121308.7358,,-3.46160310805252
2004.0,0,0.474723078204336,8.1756535098435,12.44,1.35,1.7008579225,Bosnia and Herzegovina,BIH,10.2816666666667,1.57515702795,2427266571.09408,,-16.1406064974205
2004.0,0,4.32326492967491,4.05741836363771,6.513,1.35,1.7008579225,"Korea, Rep.",KOR,5.90416666666667,1146.24916666667,199195487365.144,,3.55783305096389
2004.0,0,7.57592582995856,5.44506127885352,8.38,1.35,1.7008579225,Maldives,MDV,10.2556,12.8,203594899.341915,27.2730426643921,-9.9708472282721
2004.0,0,2.14208964640241,2.86825052501032,8.914,1.35,1.7008579225,Grenada,GRD,10.184842378691,2.7,121728059.742647,,-21.9094311537963
2004.0,0,8.59826168115272,9.92540551918624,10.831,1.35,1.7008579225,"Yemen, Rep.",YEM,18.5,184.775833333333,5686685058.21904,,
2004.0,0,3.63228004956625,6.23579072222647,14.23,1.35,1.7008579225,Ireland,IRL,,0.803921647747618,2907974283.48967,,
2004.0,0,11.6240355442426,5.10429977629738,,1.35,1.7008579225,St. Martin (French part),MAF,,0.803921647747618,,,
2004.0,0,2.7591492623108,6.28934214285795,1.51,1.35,1.7008579225,Cambodia,KHM,,4016.25,1118336324.43469,,-3.10902285879404
2004.0,0,2.20673661423657,1.4740217064723,7.866,1.35,1.7008579225,Kuwait,KWT,5.63663333333333,0.2947,9353825022.43273,,26.0905307506551
2004.0,0,2.74323198926704,6.83239736646514,5.002,1.35,1.7008579225,Papua New Guinea,PNG,13.2508333333333,3.2225401036692,660156570.997279,,4.79140919548253
2004.0,0,0.373659828721813,4.17958419343711,6.693,1.35,1.7008579225,Northern Mariana Islands,MNP,,1.0,,,
2004.0,0,1.66573696655992,1.16208684507278,10.727,1.35,1.7008579225,Peru,PER,24.6745640588226,3.413175,12664710327.2194,,0.0288861085400799
2004.0,0,3.15819324298464,7.62260520117914,4.031,1.35,1.7008579225,Algeria,DZA,8.0,72.06065,45691652467.4963,,
2004.0,1,4.53421374129692,13.5646616163416,,1.35,1.7008579225,Afghanistan,AFG,,47.8453125,,,
2004.0,0,,,,1.35,1.7008579225,Ireland,IRL,,0.803921647747618,2907974283.48967,,
2004.0,0,12.3148150178852,4.42459959654504,6.445,1.35,1.7008579225,French Polynesia,PYF,,95.9333368925229,,,3.33918047231439
2004.0,0,,,,1.35,1.7008579225,Cameroon,CMR,,527.338032291576,842430190.035234,,-2.21065060210036
2004.0,0,2.36536204097302,1.78873552917291,6.319,1.35,1.7008579225,Mongolia,MNG,31.4733333333333,1185.2975,207833968.241407,,3.16276343681136
2004.0,0,1.49344403381774,4.57138016516208,10.83,1.35,1.7008579225,Uganda,UGA,20.6031757398424,1810.30471365151,1308101595.45735,,-0.0210973345748702
2004.0,0,4.68840884843143,3.56544100946846,3.937,1.35,1.7008579225,Tunisia,TUN,,1.24546666666667,4031139050.31146,53.8375580931292,-1.41663593407068
2004.0,0,1.15435693124932,2.77635180744053,5.204,1.35,1.7008579225,Bosnia and Herzegovina,BIH,10.2816666666667,1.57515702795,2427266571.09408,,-16.1406064974205
2004.0,0,3.96180030257187,4.49999999976698,17.65,1.35,1.7008579225,Russian Federation,RUS,11.4416666666667,28.8137416666667,126257956295.73,,9.90832254287658
2004.0,1,51.4608598338065,2.58556667449577,6.303,1.35,1.7008579225,South Africa,ZAF,11.2916666666667,6.4596925,14886243628.1943,,-2.50726120703613
2004.0,0,0.187120559084418,4.00537952277651,10.358,1.35,1.7008579225,Estonia,EST,,12.5955635879843,1791730276.65348,,-11.9829822415601
2004.0,0,11.8743635936399,10.4281130180976,7.719,1.35,1.7008579225,Belarus,BLR,16.9083333333333,0.21602575,836974642.741323,,-5.15047246548436
2004.0,0,1.39039756680422,2.32601853325993,4.594,1.35,1.7008579225,"Iran, Islamic Rep.",IRN,16.65,8613.98942075,,,
2004.0,0,3.76725173477515,7.92293661199932,,1.35,1.7008579225,Djibouti,DJI,,177.721,93939056.7034005,,0.473072861668427
2004.0,1,8.47021063584077,5.31217056950739,6.41,1.35,1.7008579225,Ethiopia,ETH,7.0,8.63558333333333,1496784362.17874,,-6.59189372254429
2004.0,1,,18.2866066891244,,1.35,1.7008579225,San Marino,SMR,7.1375,0.803921647747605,355512155.778873,31.9233677947788,
2004.0,0,4.43738080101725,4.17329558916195,4.17,1.35,1.7008579225,Tunisia,TUN,,1.24546666666667,4031139050.31146,53.8375580931292,-1.41663593407068
2004.0,0,1.2636473918318,2.01630996216733,4.646,1.35,1.7008579225,Benin,BEN,,527.338032291584,,,-4.66878856732409
2004.0,0,4.82921083627795,6.56922851180626,3.554,1.35,1.7008579225,Tuvalu,TUV,,1.3597525,,,-30.8619475703454
2004.0,1,-2.06640601136303,5.99488422798696,,1.35,1.7008579225,Tuvalu,TUV,,1.3597525,,,-30.8619475703454
2004.0,0,0.45449850222084,4.01458802387079,4.256,1.35,1.7008579225,Slovenia,SVN,,192.381124333333,8899759020.47717,,-2.61296856216983
2004.0,0,2.09728311239314,3.57120671942319,7.363,1.35,1.7008579225,Tuvalu,TUV,,1.3597525,,,-30.8619475703454
2004.0,0,3.66247320092233,4.95820320611745,4.707,1.35,1.7008579225,Denmark,DNK,,5.99105666666667,40020822397.2049,,2.35760495195269
2004.0,0,2.06120618032862,2.56525534067859,5.969,1.35,1.7008579225,Libya,LBY,6.08333333333333,1.30496614426767,27714111996.5342,,13.9362270373209
2004.0,0,7.57862247309729,3.13791683609193,2.971,1.35,1.7008579225,"Egypt, Arab Rep.",EGY,13.375,6.19624166666666,15338514716.8958,,4.97788419534309
2004.0,0,-0.692039437857687,4.55455990721774,24.67,1.35,1.7008579225,"Micronesia, Fed. Sts.",FSM,15.375,1.0,54838730.4103666,,
2004.0,1,8.1137909709338,6.23230296069102,5.99,1.35,1.7008579225,Northern Mariana Islands,MNP,,1.0,,,
2004.0,0,6.59718509985963,5.75996463685998,10.072,1.35,1.7008579225,Denmark,DNK,,5.99105666666667,40020822397.2049,,2.35760495195269
2004.0,0,3.38264681884691,5.09079546409544,18.822,1.35,1.7008579225,Malawi,MWI,36.8333333333333,108.897508333333,133673449.224174,,-7.49180677650099
2004.0,0,2.8988481075817,5.37786634595851,10.628,1.35,1.7008579225,Bosnia and Herzegovina,BIH,10.2816666666667,1.57515702795,2427266571.09408,,-16.1406064974205
2004.0,0,2.17854605730523,6.78813990621356,4.491,1.35,1.7008579225,Equatorial Guinea,GNQ,,527.338032291576,944982405.389843,,
2004.0,0,4.45194392395045,0.889404485692197,6.8,1.35,1.7008579225,Solomon Islands,SLB,10.0,7.4847439055084,79812571.6179988,,-4.04309489428344
2004.0,0,1.85725871857256,3.09236384292251,7.185,1.35,1.7008579225,Bulgaria,BGR,8.871325,1.57510891666667,9337108132.85169,,-6.38831487911217
2004.0,0,0.802908730955227,2.70170912949028,4.316,1.35,1.7008579225,Mozambique,MOZ,22.075,22.5813425,1159312550.08723,,
2004.0,1,14.9980338183251,9.2505582291798,,1.35,1.7008579225,"Iran, Islamic Rep.",IRN,16.65,8613.98942075,,,
2004.0,0,2.67723669309172,3.84777169556921,5.529,1.35,1.7008579225,Finland,FIN,,0.803921647747618,12913570496.8033,,6.35919059517118
2004.0,0,10.8886157326216,7.19994786954857,7.779,1.35,1.7008579225,Belgium,BEL,,0.803921647747618,13990812128.097,,3.09695508992498
2004.0,0,3.82463743108159,10.1314073631003,4.2,1.35,1.7008579225,Antigua and Barbuda,ATG,11.9643907528209,2.7,120139161.912642,,-6.31005255823088
2004.0,0,1.05473871403517,6.67425416822923,10.007,1.35,1.7008579225,Iraq,IRQ,13.2675,1453.41666666667,7906697188.07561,,
2004.0,0,1.42127115937402,6.78343772370305,3.54,1.35,1.7008579225,Algeria,DZA,8.0,72.06065,45691652467.4963,,
2004.0,0,4.71037060105883,4.33001985464357,8.337,1.35,1.7008579225,Mongolia,MNG,31.4733333333333,1185.2975,207833968.241407,,3.16276343681136
2004.0,1,9.15760507540997,5.00416035564457,12.98,1.35,1.7008579225,Hungary,HUN,12.8245260157791,202.745833333333,15965389147.5829,63.7677193421039,-9.08123363089425
2004.0,0,5.90402005546502,5.33302206759905,13.72,1.35,1.7008579225,Israel,ISR,,4.48198333333333,27094382252.5438,,0.838946900869193
2004.0,0,18.0427388232565,5.59999999077445,,1.35,1.7008579225,Sri Lanka,LKA,9.46666666666667,101.1944575,2204868879.49586,102.328536698869,-3.1340311530145
2004.0,0,1.66272719863072,9.93998268434957,5.84,1.35,1.7008579225,Tunisia,TUN,,1.24546666666667,4031139050.31146,53.8375580931292,-1.41663593407068
2004.0,0,17.9677891087286,7.03239511515218,,1.35,1.7008579225,Viet Nam,VNM,9.7225,15746.0,7041460609.52428,,-2.10663701040253
2004.0,0,6.06406189133648,5.03087394501685,7.303,1.35,1.7008579225,Sao Tome and Principe,STP,29.77,9.90232416666667,19503428.3234182,,-32.3272461423146
2004.0,0,2.29024902847571,4.08796484025709,4.012,1.35,1.7008579225,American Samoa,ASM,,1.0,,,
2004.0,0,6.74434679569469,4.96312536156307,5.832,1.35,1.7008579225,Slovenia,SVN,,192.381124333333,8899759020.47717,,-2.61296856216983
2005.0,1,9.36861814196704,13.5689500216456,,3.22,1.8895054916666665,"Korea, Rep.",KOR,5.59333333333333,1024.32833333333,210552008738.697,,1.25636444462509
2005.0,0,1.54691114751328,0.885485292551564,11.193,3.22,1.8895054916666665,Syrian Arab Republic,SYR,,11.225,17774179269.9883,,1.03607417982209
2005.0,0,13.7982949108987,3.97666636818026,6.749,3.22,1.8895054916666665,Italy,ITA,5.313935,0.803800192161442,65954006492.1648,,-0.896244191801554
2005.0,0,1.38244656662118,5.39999999969525,15.27,3.22,1.8895054916666665,Benin,BEN,8.04416666666667,527.258362649643,,,-3.44376642481129
2005.0,0,0.623874450025191,2.77730918518017,9.602,3.22,1.8895054916666665,Liberia,LBR,17.0333333333333,57.0958333333333,25395460.7689592,,-19.34103075285
2005.0,0,1.74586936380482,1.88856584109286,8.882,3.22,1.8895054916666665,Guinea-Bissau,GNB,,527.258362649626,,,-1.63867591635847
2005.0,0,,,,3.22,1.8895054916666665,Tunisia,TUN,,1.29743333333333,4548431873.5589,52.4205297222421,-0.927371928635414
2005.0,0,2.0891364902507,2.7906547174688,4.884,3.22,1.8895054916666665,Bosnia and Herzegovina,BIH,9.6125,1.5727220196,2547614646.93943,,-16.4343905974533
2005.0,0,3.98805714597437,2.11324712586392,3.558,3.22,1.8895054916666665,"Korea, Rep.",KOR,5.59333333333333,1024.32833333333,210552008738.697,,1.25636444462509
2005.0,0,0.453170852576182,2.79313782840156,7.81,3.22,1.8895054916666665,Maldives,MDV,10.2556,12.8,186354315.295944,33.9271150397616,-23.4672692200603
2005.0,0,3.98704782806593,7.0293406083855,2.547,3.22,1.8895054916666665,Grenada,GRD,10.0650792583996,2.7,94252920.2097209,,-36.197096036622
2005.0,0,2.01778641357144,3.4865455430439,12.872,3.22,1.8895054916666665,Samoa,WSM,11.4275,2.71033673441667,77256900.7477346,,-9.96935129792268
2005.0,0,4.86939696871988,4.47174447174434,11.049,3.22,1.8895054916666665,Ireland,IRL,,0.803800192161442,868977916.826458,,-3.37203846174545
2005.0,0,3.36881409750383,3.5512255846125,9.146,3.22,1.8895054916666665,St. Martin (French part),MAF,,0.803800192161442,,,
2005.0,0,-0.282946068764391,1.80390087215821,4.446,3.22,1.8895054916666665,Cambodia,KHM,,4092.5,1158091688.68102,,-4.34447481248578
2005.0,1,,-5.71112541241364,,3.22,1.8895054916666665,Kuwait,KWT,7.49825833333333,0.292,10165102734.7153,,37.2166556465422
2005.0,0,22.953513851394,14.1547775343954,,3.22,1.8895054916666665,Palau,PLW,,1.0,,,-21.3185676174982
2005.0,0,2.69183168316832,3.15548121323168,5.032,3.22,1.8895054916666665,Northern Mariana Islands,MNP,,1.0,,,
2005.0,0,,8.85165992013437,11.506,3.22,1.8895054916666665,Peru,PER,25.5338357716344,3.29584166666667,14171339683.0385,,1.50881026119421
2005.0,0,2.1682770118372,5.39862243994342,3.779,3.22,1.8895054916666665,Algeria,DZA,8.0,73.2763083333333,59167068864.0544,,19.7857720899622
2005.0,0,4.54036919634535,4.18763842884337,1.35,3.22,1.8895054916666665,Afghanistan,AFG,,49.4945975,,,
2005.0,0,6.80738203116377,2.13349066459601,4.825,3.22,1.8895054916666665,Ireland,IRL,,0.803800192161442,868977916.826458,,-3.37203846174545
2005.0,0,9.01491283343835,4.6681480508487,7.174,3.22,1.8895054916666665,West Bank and Gaza,PSE,7.335,,,,-26.6372592440418
2005.0,0,2.27716394887834,0.781847569123585,7.582,3.22,1.8895054916666665,Cameroon,CMR,,527.258362649626,964745492.908923,,-2.54005821725892
2005.0,0,4.19020260472056,9.43178931977285,6.587,3.22,1.8895054916666665,Mongolia,MNG,30.5708333333333,1205.24666666667,333150649.734728,,3.46785355038079
2005.0,0,0.982641660015951,3.19224973015831,11.01,3.22,1.8895054916666665,Tanzania,TZA,15.2489487237996,1128.93417916192,2048775519.3419,,-5.93931026684705
2005.0,0,1.81781458291254,2.35960882992528,4.83,3.22,1.8895054916666665,Trinidad and Tobago,TTO,9.10416666666667,6.29955833333334,4992257912.04651,,24.2851478911928
2005.0,0,17.8634933661605,6.43851652538348,,3.22,1.8895054916666665,Bosnia and Herzegovina,BIH,9.6125,1.5727220196,2547614646.93943,,-16.4343905974533
2005.0,0,2.21355203439767,3.21045439063563,6.758,3.22,1.8895054916666665,Romania,ROU,19.6008333333333,2.91365316666667,21601177535.0141,,-8.67463205439942
2005.0,0,3.3927468454955,3.48354993555606,5.084,3.22,1.8895054916666665,Kosovo,XKX,14.4213906366274,0.803800192161416,328569606.0,,
2005.0,0,4.69094870903769,2.68083009363194,7.22,3.22,1.8895054916666665,Estonia,EST,,12.5837865859395,1947311946.75443,,-8.63305003795737
2005.0,0,1.17195420333703,2.74969910618739,4.437,3.22,1.8895054916666665,Belarus,BLR,11.3583333333333,0.215382,1341819426.53214,6.57022058767027,1.518035769229
2005.0,0,2.18379872390258,3.26082274679216,17.592,3.22,1.8895054916666665,"Iran, Islamic Rep.",IRN,16.0,8963.95890666667,,,
2005.0,0,3.05257621387849,5.83704571917758,9.238,3.22,1.8895054916666665,Djibouti,DJI,,177.721,89264770.3170111,,2.8410579725105
2005.0,0,,,,3.22,1.8895054916666665,Ethiopia,ETH,7.0,8.66644166666667,1042595212.18723,,-12.6419842587598
2005.0,0,5.05101962689696,4.82876110773741,11.062,3.22,1.8895054916666665,El Salvador,SLV,,1.0,1851759755.47837,56.2158116750578,-4.22907878622942
2005.0,0,2.45654692931639,5.73978202625278,4.237,3.22,1.8895054916666665,Trinidad and Tobago,TTO,9.10416666666667,6.29955833333334,4992257912.04651,,24.2851478911928
2005.0,0,3.54507273335078,1.18350635493289,10.074,3.22,1.8895054916666665,Zimbabwe,ZWE,,22.3890396048255,97191584.4838922,,
2005.0,0,15.4389920155908,5.90000381855104,,3.22,1.8895054916666665,Benin,BEN,8.04416666666667,527.258362649643,,,-3.44376642481129
2005.0,0,4.93717004981795,1.77754302034454,9.524,3.22,1.8895054916666665,Turkiye,TUR,,1.34358310833333,52493941950.0754,,-4.12736838327371
2005.0,0,4.6992773903564,7.4601321302473,12.009,3.22,1.8895054916666665,Turkiye,TUR,,1.34358310833333,52493941950.0754,,-4.12736838327371
2005.0,0,1.77641407667571,11.458238455067,4.2,3.22,1.8895054916666665,Slovak Republic,SVK,,31.01825,15479863359.0887,,-10.497236297843
2005.0,1,2.88352073359022,0.908210514871953,,3.22,1.8895054916666665,Turkiye,TUR,,1.34358310833333,52493941950.0754,,-4.12736838327371
2005.0,0,5.39323106890663,4.42143312687995,5.45,3.22,1.8895054916666665,Denmark,DNK,,5.99691,34028012496.5423,,4.1513787487385
2005.0,0,6.51685393258433,4.94250511877678,3.795,3.22,1.8895054916666665,Libya,LBY,6.125,1.30838482391592,41879958087.0983,,31.5730378883291
2005.0,1,9.59909986064425,4.28239833770654,5.37,3.22,1.8895054916666665,"Egypt, Arab Rep.",EGY,13.1416666666667,5.77883333333333,21856784928.5556,,2.34529559888579
2005.0,0,6.86953720898964,3.20213206216255,10.551,3.22,1.8895054916666665,"Micronesia, Fed. Sts.",FSM,16.375,1.0,49953309.0358174,,
2005.0,0,4.24634362031922,7.92343062148318,3.804,3.22,1.8895054916666665,Northern Mariana Islands,MNP,,1.0,,,
2005.0,0,12.6853039507349,6.39996544799469,7.167,3.22,1.8895054916666665,Denmark,DNK,,5.99691,34028012496.5423,,4.1513787487385
2005.0,0,,10.3179138043147,10.663,3.22,1.8895054916666665,Malawi,MWI,33.0833333333333,118.42,165231252.485267,,-9.52389293471596
2005.0,0,1.68813017869623,2.03396336199143,5.872,3.22,1.8895054916666665,Bosnia and Herzegovina,BIH,9.6125,1.5727220196,2547614646.93943,,-16.4343905974533
2005.0,0,2.06285308223427,5.27705197295467,23.84,3.22,1.8895054916666665,Equatorial Guinea,GNQ,,527.258362649626,2102494662.13149,,
2005.0,1,9.1086498571922,3.27602692588886,,3.22,1.8895054916666665,Singapore,SGP,5.3,1.6643975,118061328490.524,94.9666937754733,23.2604773041195
2005.0,0,0.425106276569107,7.36632239250758,5.59,3.22,1.8895054916666665,Bulgaria,BGR,8.66098333333333,1.57413333333333,8697081081.81402,,-11.2051503131429
2005.0,0,1.9852929852798,0.762410677306491,7.73,3.22,1.8895054916666665,Mozambique,MOZ,19.4671666666667,23.060965,1102663442.62952,,-8.57633327947647
2005.0,0,11.6396860971118,6.24174804376447,7.67,3.22,1.8895054916666665,"Iran, Islamic Rep.",IRN,16.0,8963.95890666667,,,
2005.0,0,10.3127783574683,5.90666607980057,9.957,3.22,1.8895054916666665,Finland,FIN,,0.803800192161442,11331633301.0062,,3.79909504985157
2005.0,0,8.17916036802002,9.11157745861635,10.634,3.22,1.8895054916666665,Belgium,BEL,,0.803800192161442,11996383512.5918,,1.99655304871952
2005.0,0,2.97507092684449,5.33213916141486,3.53,3.22,1.8895054916666665,Antigua and Barbuda,ATG,11.3939380792616,2.7,127320746.176333,,-10.0007541423499
2005.0,0,1.61630193862544,6.28506032509601,4.866,3.22,1.8895054916666665,Iraq,IRQ,13.4166666666667,1472.0,12200841776.8325,,-6.66212529091974
2005.0,0,2.29913785639285,2.32036514266782,5.682,3.22,1.8895054916666665,Algeria,DZA,8.0,73.2763083333333,59167068864.0544,,19.7857720899622
2005.0,0,1.53213367609254,2.68512290339085,4.381,3.22,1.8895054916666665,Mongolia,MNG,30.5708333333333,1205.24666666667,333150649.734728,,3.46785355038079
2005.0,0,2.78143263670022,2.32173792911834,8.44,3.22,1.8895054916666665,Hungary,HUN,8.54094532697993,199.5825,18602833677.5891,65.8167847155483,-9.8868101970247
2005.0,0,8.80906074819819,6.05059922215973,4.909,3.22,1.8895054916666665,Israel,ISR,,4.4877,28059414574.2218,,2.2211659659088
2005.0,0,3.56151711378352,4.30028318461673,7.189,3.22,1.8895054916666665,Sri Lanka,LKA,10.7641666666667,100.498051666667,2734967767.26121,90.6049131149854,-2.66382240513017
2005.0,0,10.4532001873347,5.69257130383384,7.945,3.22,1.8895054916666665,Trinidad and Tobago,TTO,9.10416666666667,6.29955833333334,4992257912.04651,,24.2851478911928
2005.0,0,18.324439701174,7.23559900655543,15.9,3.22,1.8895054916666665,"Venezuela, RB",VEN,16.8091666666667,2.08975,29802940547.6946,,17.4877257502927
2005.0,0,3.03702332617012,3.35292760405062,3.812,3.22,1.8895054916666665,Serbia,SRB,3.50044313584287,66.717825,,,
2005.0,0,2.85588324760959,8.27618322400723,10.33,3.22,1.8895054916666665,American Samoa,ASM,,1.0,,,
2006.0,0,13.3052101780032,11.8418178757044,,4.97,2.2836022075,"Korea, Rep.",KOR,5.9875,955.340833333333,239148089520.925,,0.191275272898578
2006.0,0,3.55528773727026,2.7709261737475,4.782,4.97,2.2836022075,Syrian Arab Republic,SYR,,11.225,16996900531.0078,,2.72518694366777
2006.0,0,,8.04715150043027,10.078,4.97,2.2836022075,Italy,ITA,5.62177916666667,0.796432730949102,75773325816.1903,,-1.44603855867144
2006.0,0,13.108670985346,5.50095178520348,7.551,4.97,2.2836022075,Benin,BEN,4.73666666666667,522.42562489518,,,-3.08778709107344
2006.0,0,,9.87214910851037,8.606,4.97,2.2836022075,Liberia,LBR,15.5025,58.0133333333333,71989512.763969,,-15.4436442263208
2006.0,1,6.69526465773354,4.77108543044105,,4.97,2.2836022075,Guinea-Bissau,GNB,4.73666666666667,522.425624895176,,,-6.3132458528375
2006.0,0,0.965657519018511,9.00676607871758,4.48,4.97,2.2836022075,Tunisia,TUN,,1.331025,6911623380.49484,48.5639104645928,-1.80172304518295
2006.0,0,8.22522152017047,6.05942803202906,,4.97,2.2836022075,Bosnia and Herzegovina,BIH,8.01416666666666,1.55907195605833,3671010361.24337,,-7.75838583374485
2006.0,0,6.56085282795384,5.35139778711536,1.902,4.97,2.2836022075,"Korea, Rep.",KOR,5.9875,955.340833333333,239148089520.925,,0.191275272898578
2006.0,0,2.00202539534161,2.63794375007348,6.484,4.97,2.2836022075,Maldives,MDV,10.2556,12.8,231550005.623125,29.5408843071306,-19.1705839350464
2006.0,0,5.57775207654298,6.56724355177587,3.574,4.97,2.2836022075,Grenada,GRD,9.85230165386714,2.7,99961392.6337931,,-35.3579767652674
2006.0,0,1.05950928324802,4.0736284178369,3.995,4.97,2.2836022075,Samoa,WSM,11.7216666666667,2.77929404469672,75906873.4668761,,-15.3383144136503
2006.0,0,1.28469394366408,6.20210710934373,13.794,4.97,2.2836022075,Ireland,IRL,,0.796432730949102,831899692.260454,,-3.3862109692366
2006.0,1,9.1401996677772,4.15294559846254,5.31,4.97,2.2836022075,St. Martin (French part),MAF,,0.796432730949102,,,
2006.0,0,9.66865454789265,8.20006825456321,7.162,4.97,2.2836022075,Cambodia,KHM,,4103.25,1411426995.28171,,-2.80064293867028
2006.0,1,3.22594410070404,2.78453963650701,4.623,4.97,2.2836022075,Kuwait,KWT,8.57895,0.290176225,14179782169.7327,,44.6169422787984
2006.0,0,3.60923564224389,5.5848470671515,,4.97,2.2836022075,Palau,PLW,,1.0,,,-25.5728750866618
2006.0,0,3.39201733699405,6.04999082563968,7.804,4.97,2.2836022075,Northern Mariana Islands,MNP,,1.0,,,
2006.0,0,3.36540196171993,2.77978059105617,3.852,4.97,2.2836022075,Peru,PER,23.9333333333333,3.27403250265816,17442093800.3961,32.5394575436311,3.24050716695869
2006.0,0,3.19594684144545,6.44339762487436,8.906,4.97,2.2836022075,Algeria,DZA,8.0,72.6466166666667,81462730475.3241,,23.4985369430055
2006.0,0,4.18356812896909,3.96198870899485,9.692,4.97,2.2836022075,Afghanistan,AFG,17.97,49.9253308333333,,,
2006.0,0,5.4852320675105,5.31641682136939,4.052,4.97,2.2836022075,Ireland,IRL,,0.796432730949102,831899692.260454,,-3.3862109692366
2006.0,0,4.03712359429612,4.3369986028604,6.57,4.97,2.2836022075,West Bank and Gaza,PSE,7.7275,,314081277.73,,-23.0633352516594
2006.0,0,11.4705968149052,7.3266954325067,5.926,4.97,2.2836022075,Cameroon,CMR,,522.425624895176,1735263262.18996,,0.925460105397852
2006.0,0,4.29342363628927,6.71686869844402,,4.97,2.2836022075,Mongolia,MNG,26.9345496107012,1179.69916666667,719617928.6269,,10.900689191107
2006.0,0,6.39764974385131,4.09857735445401,10.844,4.97,2.2836022075,Tanzania,TZA,15.652097785396,1251.89997292515,2259345786.15223,,-5.91870284632789
2006.0,0,11.6791839392492,6.39991260618034,4.897,4.97,2.2836022075,Trinidad and Tobago,TTO,10.9175,6.31228333333333,6607231897.34595,16.803206848237,38.7864453052226
2006.0,0,3.93576114001354,4.98785364537615,4.355,4.97,2.2836022075,Bosnia and Herzegovina,BIH,8.01416666666666,1.55907195605833,3671010361.24337,,-7.75838583374485
2006.0,0,8.91350105650142,4.8655446077553,9.04,4.97,2.2836022075,Romania,ROU,13.9816666666667,2.80898333333333,30206004058.7066,,-10.6661036918406
2006.0,0,1.6494309945586,12.6746751655235,4.1,4.97,2.2836022075,Kosovo,XKX,14.4943726228665,0.796432730949096,471097660.0,,
2006.0,0,,,,4.97,2.2836022075,Estonia,EST,,12.4654837577722,2786325227.45502,,-14.9718681033252
2006.0,0,5.79652337561634,8.06073257166651,,4.97,2.2836022075,Belarus,BLR,8.84166666666667,0.214456416666667,1386410520.73254,6.64440183178372,-3.75494824327905
2006.0,1,19.9964873359214,13.0761013792372,,4.97,2.2836022075,"Iran, Islamic Rep.",IRN,14.0,9170.9428775,,,
2006.0,1,2.4556616643929,2.18982132415704,5.472,4.97,2.2836022075,Djibouti,DJI,,177.721,120326699.173782,,-2.15448790661934
2006.0,0,1.3602146862768,4.67607488877992,7.066,4.97,2.2836022075,Ethiopia,ETH,7.0,8.69861583333333,867438393.591878,,-11.6871605564419
2006.0,0,,,,4.97,2.2836022075,El Salvador,SLV,,1.0,1970971556.97128,50.5122222715281,-4.78478289538241
2006.0,0,1.10150106517702,3.53737509680782,5.007,4.97,2.2836022075,Trinidad and Tobago,TTO,10.9175,6.31228333333333,6607231897.34595,16.803206848237,38.7864453052226
2006.0,0,1.67512449608723,2.71406448755236,8.832,4.97,2.2836022075,Zimbabwe,ZWE,,164.547356500646,154593586.734786,,
2006.0,1,6.68707906136661,5.67161248460013,2.83,4.97,2.2836022075,Benin,BEN,4.73666666666667,522.42562489518,,,-3.08778709107344
2006.0,0,1.57742642840563,3.86668241523209,10.277,4.97,2.2836022075,Turkiye,TUR,,1.42845341333845,63264841173.6432,,-5.5679426761279
2006.0,0,3.62946762439132,4.80501352746852,3.566,4.97,2.2836022075,Turkiye,TUR,,1.42845341333845,63264841173.6432,,-5.5679426761279
2006.0,0,1.92422138464594,3.81648769908172,3.897,4.97,2.2836022075,Slovak Republic,SVK,,29.69725,13364307419.1005,,-9.54715887745852
2006.0,0,7.64452644526434,6.84383819379117,10.49,4.97,2.2836022075,Turkiye,TUR,,1.42845341333845,63264841173.6432,,-5.5679426761279
2006.0,0,9.01957247226486,7.90369444480079,,4.97,2.2836022075,Denmark,DNK,,5.94677833333334,31083835098.4521,,3.33878587946735
2006.0,0,1.4415485111902,3.26933601506059,5.32,4.97,2.2836022075,Libya,LBY,6.33333333333333,1.31357162479067,62228722605.3908,,36.8920600318477
2006.0,0,3.22525337438917,5.24409983246916,12.51,4.97,2.2836022075,"Egypt, Arab Rep.",EGY,12.6,5.73316666666666,26006845068.1543,,2.45322162862231
2006.0,0,3.51557576832128,4.04343515605099,8.452,4.97,2.2836022075,"Micronesia, Fed. Sts.",FSM,15.615,1.0,46622757.9357199,,
2006.0,0,14.4537342081708,6.47249430015484,,4.97,2.2836022075,Northern Mariana Islands,MNP,,1.0,,,
2006.0,0,3.29874846258215,4.34113198577639,3.55,4.97,2.2836022075,Denmark,DNK,,5.94677833333334,31083835098.4521,,3.33878587946735
2006.0,0,10.0201836057035,7.66829190107919,6.5,4.97,2.2836022075,Malawi,MWI,32.25,136.0125,141932272.746069,,-5.26911371178685
2006.0,0,2.09084391012754,1.79947992234244,6.777,4.97,2.2836022075,Bosnia and Herzegovina,BIH,8.01416666666666,1.55907195605833,3671010361.24337,,-7.75838583374485
2006.0,0,4.63747436011765,4.96781089246107,1.22,4.97,2.2836022075,Equatorial Guinea,GNQ,,522.425624895176,3066739318.60916,,
2006.0,0,9.58934941129229,4.80711719268376,5.277,4.97,2.2836022075,Singapore,SGP,5.3125,1.58893333333333,138652617421.388,82.8374805427534,26.8933813503311
2006.0,0,2.32934980757544,2.46147311635166,3.397,4.97,2.2836022075,Bulgaria,BGR,8.892525,1.55926666666667,11756001867.2857,,-17.053054521676
2006.0,0,1.56666380704386,4.01957326515895,8.935,4.97,2.2836022075,Mozambique,MOZ,18.5613333333333,25.4007791666667,1216256985.54241,,-7.94365295252279
2006.0,0,3.2439076541923,5.60380645895889,22.62,4.97,2.2836022075,"Iran, Islamic Rep.",IRN,14.0,9170.9428775,,,
2006.0,0,3.1076654587105,1.62503532956156,7.649,4.97,2.2836022075,Finland,FIN,,0.796432730949102,7498639358.46346,,3.94307577889212
2006.0,0,6.55851412276983,8.02881107599163,7.27,4.97,2.2836022075,Belgium,BEL,,0.796432730949102,13436681104.3321,,1.8502893230147
2006.0,0,7.57280523853074,9.17120650955299,5.654,4.97,2.2836022075,Antigua and Barbuda,ATG,10.8905898841823,2.7,142632588.752235,,-19.8432206578824
2006.0,0,2.31149918514424,2.89999999905852,12.27,4.97,2.2836022075,Iraq,IRQ,14.375,1467.41666666667,20051759952.3188,,4.11591917217398
2006.0,0,3.28476166954811,7.7908200104027,9.67,4.97,2.2836022075,Algeria,DZA,8.0,72.6466166666667,81462730475.3241,,23.4985369430055
2006.0,0,9.59724212288432,7.06762607623939,10.233,4.97,2.2836022075,Mongolia,MNG,26.9345496107012,1179.69916666667,719617928.6269,,10.900689191107
2006.0,0,2.00225801248819,7.5288990440594,4.172,4.97,2.2836022075,Hungary,HUN,8.07941498799324,210.39,21589904536.919,68.8174002831763,-7.28544270320023
2006.0,0,4.28239604802561,4.79700882356046,5.08,4.97,2.2836022075,Israel,ISR,,4.45580833333334,29153237863.99,,3.28688457879505
2006.0,0,0.249355116079085,1.3723501275831,4.192,4.97,2.2836022075,Sri Lanka,LKA,12.85,103.914445833333,2832098098.88232,88.6994841221229,-5.29942775531871
2006.0,0,1.7912077007046,2.55234087322462,8.246,4.97,2.2836022075,Trinidad and Tobago,TTO,10.9175,6.31228333333333,6607231897.34595,16.803206848237,38.7864453052226
2006.0,0,3.93032603841001,3.93393162712054,7.494,4.97,2.2836022075,"Venezuela, RB",VEN,15.4766666666667,2.147,36715128120.2438,,14.422475131385
2006.0,1,,-3.46140290336963,,4.97,2.2836022075,Serbia,SRB,5.11561220809172,67.155125,11888907220.3041,,
2006.0,0,2.45789346442096,9.8572387394466,9.11,4.97,2.2836022075,American Samoa,ASM,,1.0,,,
2007.0,0,8.70560923578869,4.56438426887904,5.18,5.02,2.0393217333333333,"Korea, Rep.",KOR,6.55166666666667,929.375833333333,262532669802.854,,0.857760495298849
2007.0,1,5.05155736492146,8.74132941508014,2.251,5.02,2.0393217333333333,Syrian Arab Republic,SYR,,11.225,17707471673.8149,,1.13572765569761
2007.0,1,2.29834400700951,2.8891174138025,8.732,5.02,2.0393217333333333,Italy,ITA,6.3347,0.729672399984083,94108647218.6732,,-1.35566295251184
2007.0,1,1.69326586220315,0.987173815945127,3.801,5.02,2.0393217333333333,Benin,BEN,4.75166666666667,478.633718476359,,,-6.54621938784528
2007.0,1,1.61385859802103,3.88530644801823,4.153,5.02,2.0393217333333333,Liberia,LBR,15.0461512347723,61.2722222222222,119359165.225347,,-16.2534531227223
2007.0,0,,,,5.02,2.0393217333333333,Guinea-Bissau,GNB,4.75166666666667,478.633718476363,,,-4.06952969493394
2007.0,1,35.0245970717698,11.9914352402146,,5.02,2.0393217333333333,Tunisia,TUN,,1.28135833333333,8032361912.05129,45.7824704950416,-2.35618464912073
2007.0,0,8.82729272393294,5.72701615981669,8.475,5.02,2.0393217333333333,Bosnia and Herzegovina,BIH,7.1725,1.429002741625,5041780928.68635,,-9.19042759129744
2007.0,0,2.90000000000003,6.51929155018938,3.434,5.02,2.0393217333333333,"Korea, Rep.",KOR,6.55166666666667,929.375833333333,262532669802.854,,0.857760495298849
2007.0,0,6.37288135593231,7.6608150670107,,5.02,2.0393217333333333,Maldives,MDV,10.2556,12.8,308403900.253519,29.1842777540108,-14.3948746476646
2007.0,0,4.57808572377153,1.84760220587859,6.41,5.02,2.0393217333333333,Grenada,GRD,9.75594317205468,2.7,110569734.763708,,-29.2906558652577
2007.0,0,8.11464561179313,6.54151084504817,9.403,5.02,2.0393217333333333,Samoa,WSM,12.6508333333333,2.61657247247996,90264699.1001182,,-7.97773344777515
2007.0,1,1.4879980595386,2.53048188351066,8.008,5.02,2.0393217333333333,Ireland,IRL,,0.729672399984083,925477308.062552,,-5.12758716999565
2007.0,0,5.54438485815156,6.73819469090975,11.281,5.02,2.0393217333333333,St. Martin (French part),MAF,,0.729672399984083,,,
2007.0,1,1.82974112202403,1.46229205289291,6.076,5.02,2.0393217333333333,Cambodia,KHM,,4056.16666666667,2140273311.26087,,-4.17983206597176
2007.0,0,15.8421114924843,6.79682611892866,5.97,5.02,2.0393217333333333,Kuwait,KWT,8.53628333333334,0.284213958333333,18776552864.7304,,36.0539760535066
2007.0,1,2.45396528138743,2.50657937751231,7.965,5.02,2.0393217333333333,Palau,PLW,,1.0,,,-18.4631752618597
2007.0,0,4.83732928313989,7.23380774362805,6.413,5.02,2.0393217333333333,Northern Mariana Islands,MNP,,1.0,,,
2007.0,0,8.13047417698577,5.42162287218235,4.713,5.02,2.0393217333333333,Peru,PER,22.8556480555556,3.12804457735247,27786002524.9928,28.5288183926826,1.42931463476859
2007.0,1,2.27618478002121,1.90242859700484,3.142,5.02,2.0393217333333333,Algeria,DZA,8.0,69.2924,114972269711.741,,21.3033457890387
2007.0,0,9.75888023027529,6.85072976998784,,5.02,2.0393217333333333,Afghanistan,AFG,18.135,49.9620177703972,,,
2007.0,0,9.3189690579923,7.08782742681038,8.8,5.02,2.0393217333333333,Ireland,IRL,,0.729672399984083,925477308.062552,,-5.12758716999565
2007.0,1,2.78679745804946,3.53350013165972,8.232,5.02,2.0393217333333333,West Bank and Gaza,PSE,7.9775,,354784633.92,,-7.19650679252473
2007.0,0,2.96694432477349,6.70952097453554,12.365,5.02,2.0393217333333333,Cameroon,CMR,,478.633718476363,2931745509.79895,,1.19555212022134
2007.0,1,1.82305630026808,3.67692462515802,7.459,5.02,2.0393217333333333,Mongolia,MNG,21.8283333333333,1170.40083333333,1001846766.06474,,4.05637184446514
2007.0,1,2.16855528800749,3.77522468729185,4.909,5.02,2.0393217333333333,Tanzania,TZA,16.0703661501379,1245.03546404783,2886381413.93065,,-7.84401666779704
2007.0,0,10.6573496000153,8.35243624447406,,5.02,2.0393217333333333,Trinidad and Tobago,TTO,11.75,6.32803333333333,6745220697.57387,15.928004235045,23.8728005055128
2007.0,0,6.14356655248047,7.41840577774235,5.158,5.02,2.0393217333333333,Bosnia and Herzegovina,BIH,7.1725,1.429002741625,5041780928.68635,,-9.19042759129744
2007.0,0,2.32761128891476,3.78947119882653,4.377,5.02,2.0393217333333333,Romania,ROU,13.3483333333333,2.43825,39974195968.9892,,-13.7032326042104
2007.0,0,2.5106656524034,5.31280176694145,6.854,5.02,2.0393217333333333,Kosovo,XKX,14.5738707277441,0.729672399984088,959856438.0,,
2007.0,0,0.712589073634201,2.91404000653228,2.493,5.02,2.0393217333333333,Estonia,EST,,11.4338529961624,3269362367.43126,,-14.8020314240803
2007.0,0,6.17781214809388,5.36047405394162,22.33,5.02,2.0393217333333333,Belarus,BLR,8.575,0.214607833333333,4178575862.32941,8.9092608163614,-6.6536778047307
2007.0,0,,,,5.02,2.0393217333333333,"Iran, Islamic Rep.",IRN,12.0,9281.15182833334,,,
2007.0,1,2.21216883436735,3.22486814096095,6.161,5.02,2.0393217333333333,Djibouti,DJI,,177.721,132137437.938871,,-20.2086361012124
2007.0,1,2.38656150773327,2.93091133582351,5.399,5.02,2.0393217333333333,Ethiopia,ETH,7.5,8.96595,1289865496.28638,,-4.20144598076542
2007.0,0,9.35724456417157,8.21513198348715,4.557,5.02,2.0393217333333333,El Salvador,SLV,,1.0,2302871088.9261,48.4823724778462,-7.15129248901495
2007.0,0,4.81676767378834,14.1499854947127,4.0,5.02,2.0393217333333333,Trinidad and Tobago,TTO,11.75,6.32803333333333,6745220697.57387,15.928004235045,23.8728005055128
2007.0,0,2.45874312385402,6.7604478527626,9.551,5.02,2.0393217333333333,Zimbabwe,ZWE,,9686.77166954175,163198334.210503,,
2007.0,0,4.88574537540802,5.31011830898613,4.98,5.02,2.0393217333333333,Benin,BEN,4.75166666666667,478.633718476359,,,-6.54621938784528
2007.0,0,10.7342665456292,4.34681910440079,,5.02,2.0393217333333333,Turkiye,TUR,,1.30293090533794,76496127491.481,,-5.39177822047968
2007.0,1,9.00729868861079,8.49997776916511,6.105,5.02,2.0393217333333333,Turkiye,TUR,,1.30293090533794,76496127491.481,,-5.39177822047968
2007.0,0,5.38800796858626,6.59113036068679,,5.02,2.0393217333333333,Slovak Republic,SVK,,24.6943333333333,18973379149.3287,,-6.01532811494231
2007.0,0,0.732350603122248,3.91637577227581,3.641,5.02,2.0393217333333333,Turkiye,TUR,,1.30293090533794,76496127491.481,,-5.39177822047968
2007.0,0,3.64127299102652,6.06987060733128,9.28,5.02,2.0393217333333333,Denmark,DNK,,5.44370083333334,34318338718.0697,,1.51196754347491
2007.0,1,2.89500321516578,3.50686976639459,8.351,5.02,2.0393217333333333,Libya,LBY,6.0,1.26264486767833,83259979623.8923,,41.906588061326
2007.0,0,2.37614310290659,3.05641638984955,3.606,5.02,2.0393217333333333,"Egypt, Arab Rep.",EGY,12.5083333333333,5.63543333333334,32214421786.3476,85.7885338345865,0.315552631578947
2007.0,0,4.40779938398044,5.16823098528431,7.136,5.02,2.0393217333333333,"Micronesia, Fed. Sts.",FSM,14.0295833333333,1.0,48479465.9772571,,
2007.0,0,2.02735317779569,6.29878592740947,3.31,5.02,2.0393217333333333,Northern Mariana Islands,MNP,,1.0,,,
2007.0,1,11.1269347446118,5.0763520180987,4.89,5.02,2.0393217333333333,Denmark,DNK,,5.44370083333334,34318338718.0697,,1.51196754347491
2007.0,1,2.85267248150138,2.00385829784946,4.622,5.02,2.0393217333333333,Malawi,MWI,27.7152777777778,139.9575,227314279.617936,,-6.47983259735383
2007.0,1,0.95991761945711,4.60753485452025,,5.02,2.0393217333333333,Bosnia and Herzegovina,BIH,7.1725,1.429002741625,5041780928.68635,,-9.19042759129744
2007.0,0,6.82161753590326,6.33771869016203,,5.02,2.0393217333333333,Equatorial Guinea,GNQ,,478.633718476363,3845916299.732,,
2007.0,0,2.13838399266837,2.04990463726786,6.156,5.02,2.0393217333333333,Singapore,SGP,5.33,1.50710166666667,166160593181.672,77.2760743035509,27.143332530687
2007.0,0,6.93621470895774,6.18832716678008,3.211,5.02,2.0393217333333333,Bulgaria,BGR,9.99776666666667,1.42905,17544560019.9979,,-25.7395900882889
2007.0,0,2.10980166714574,9.02151951268893,3.9,5.02,2.0393217333333333,Mozambique,MOZ,19.5173333333333,25.8403414502164,1524073650.14614,,-7.27188482122912
2007.0,0,,8.75357880785845,7.279,5.02,2.0393217333333333,"Iran, Islamic Rep.",IRN,12.0,9281.15182833334,,,
2007.0,0,6.40656087966005,6.34502222667214,8.06,5.02,2.0393217333333333,Finland,FIN,,0.729672399984083,8380474053.47307,,4.08024653201486
2007.0,0,,9.00765087504757,8.47,5.02,2.0393217333333333,Belgium,BEL,,0.729672399984083,16485311239.2755,,1.49569237465597
2007.0,0,12.2514974459487,13.0026889457975,,5.02,2.0393217333333333,Antigua and Barbuda,ATG,10.4385350357948,2.7,143848808.510004,,-28.7521784338138
2007.0,0,0.060039454498669,1.48396941157472,3.888,5.02,2.0393217333333333,Iraq,IRQ,18.7833333333333,1254.56721858704,31454864112.3409,,17.4694327663084
2007.0,1,7.9587451654491,0.332354337878925,7.406,5.02,2.0393217333333333,Algeria,DZA,8.0,69.2924,114972269711.741,,21.3033457890387
2007.0,0,4.16863300298887,13.1530653136012,6.78,5.02,2.0393217333333333,Mongolia,MNG,21.8283333333333,1170.40083333333,1001846766.06474,,4.05637184446514
2007.0,0,3.67899574741699,3.10000000128674,13.79,5.02,2.0393217333333333,Hungary,HUN,9.08594749573091,183.625833333333,24052210871.1505,69.6770160641219,-7.2863644008897
2007.0,0,8.75618090972639,5.10818513903604,10.281,5.02,2.0393217333333333,Israel,ISR,,4.10808294905577,28518505747.3626,,2.15414696320513
2007.0,0,2.04208512673344,3.44106776690418,9.56,5.02,2.0393217333333333,Sri Lanka,LKA,17.0766666666667,110.623233333333,3518418228.00438,84.9944169483341,-4.33041626176129
2007.0,1,,-3.653250914872,,5.02,2.0393217333333333,Trinidad and Tobago,TTO,11.75,6.32803333333333,6745220697.57387,15.928004235045,23.8728005055128
2007.0,0,1.77998644680372,8.5183877690955,4.078,5.02,2.0393217333333333,"Venezuela, RB",VEN,17.105,2.147,33759218864.9235,,5.84466290956638
2007.0,0,3.96684905458235,2.07786393438754,3.628,5.02,2.0393217333333333,Serbia,SRB,4.39333333333333,58.4495666666667,14214276004.6201,,-16.7617294107286
2007.0,0,2.24154095286803,5.43515169050809,1.18,5.02,2.0393217333333333,American Samoa,ASM,,1.0,,,
2008.0,1,3.43704910602874,-0.923113250067971,6.235,1.92,1.3017102483333334,"Korea, Rep.",KOR,7.16833333333333,1100.12583333333,201544913438.771,,0.160592800145373
2008.0,1,3.52140856342539,-0.0494116727402769,5.748,1.92,1.3017102483333334,Syrian Arab Republic,SYR,,11.225,17783782583.9648,,0.897965597415557
2008.0,0,,,,1.92,1.3017102483333334,Italy,ITA,6.83731,0.679922680042729,105649105827.66,,-2.68669173430211
2008.0,1,2.62837981637219,0.887902330743628,7.508,1.92,1.3017102483333334,Benin,BEN,4.98416666666667,446.000041432788,,,-5.49862209196275
2008.0,0,13.4244635507284,4.73817487754022,4.934,1.92,1.3017102483333334,Liberia,LBR,14.3980288602552,63.2075,160860063.211478,,-20.5275176083252
2008.0,0,14.0068107702519,6.14849787462195,2.603,1.92,1.3017102483333334,Guinea-Bissau,GNB,4.98416666666667,446.000041432788,,,-3.02102465076755
2008.0,1,3.41626794258373,-0.417178439991005,3.683,1.92,1.3017102483333334,Tunisia,TUN,,1.23214166666667,9038905598.88531,43.2877054340983,-3.81468880111158
2008.0,1,2.81286194914787,0.380171435849121,7.386,1.92,1.3017102483333334,Bosnia and Herzegovina,BIH,6.97833333333333,1.33519568048428,4479825860.3902,,-13.8327998426086
2008.0,1,3.21595033239886,1.45330562142114,4.198,1.92,1.3017102483333334,"Korea, Rep.",KOR,7.16833333333333,1100.12583333333,201544913438.771,,0.160592800145373
2008.0,0,3.71484311494064,5.68453936284732,9.57,1.92,1.3017102483333334,Maldives,MDV,10.2556,12.8,240580313.574776,30.3431523048305,-26.9277527694823
2008.0,0,5.12498274575896,0.943331863036903,3.874,1.92,1.3017102483333334,Grenada,GRD,9.52898492988282,2.7,105341634.311796,,-26.310483241865
2008.0,1,2.48650198289454,2.11681593642137,3.658,1.92,1.3017102483333334,Samoa,WSM,12.6608333333333,2.64417628032353,81946109.9817463,,-8.45819641302631
2008.0,1,12.6943942775878,1.69961076077263,2.946,1.92,1.3017102483333334,Ireland,IRL,,0.679922680042729,1038963263.28527,,-5.55568075659423
2008.0,0,6.70792293515939,2.15440298282768,5.88,1.92,1.3017102483333334,St. Martin (French part),MAF,,0.679922680042729,,,
2008.0,0,4.16497193524764,4.38377069274605,7.069,1.92,1.3017102483333334,Cambodia,KHM,,4054.16666666667,2639301421.06125,,-6.73529622284658
2008.0,0,4.35029854990048,3.62398503565633,4.234,1.92,1.3017102483333334,Kuwait,KWT,7.61299166666667,0.268828366666667,19320771658.4914,,40.8735629968814
2008.0,1,14.1107677840442,5.19996926404957,6.325,1.92,1.3017102483333334,Palau,PLW,,1.0,,23.4967526604035,-17.194025831122
2008.0,0,10.2266663272483,6.01370360009123,7.208,1.92,1.3017102483333334,Northern Mariana Islands,MNP,,1.0,,,
2008.0,0,8.71626873039607,3.78939280635238,7.796,1.92,1.3017102483333334,Peru,PER,23.6734449024808,2.92440833333333,31241123023.427,26.076322347553,-4.41112077807089
2008.0,0,2.42604117060158,2.8079835919566,3.35,1.92,1.3017102483333334,Algeria,DZA,8.0,64.5828,148098646076.638,,18.8233635111302
2008.0,0,3.9589493731206,-1.01703846933975,4.039,1.92,1.3017102483333334,Afghanistan,AFG,14.9175,50.2496147435897,3042274496.10726,,-2.35799044700136
2008.0,0,5.67859390284168,5.09419544811998,8.268,1.92,1.3017102483333334,Ireland,IRL,,0.679922680042729,1038963263.28527,,-5.55568075659423
2008.0,0,8.26044703595725,4.34448730509183,3.72,1.92,1.3017102483333334,West Bank and Gaza,PSE,7.1875,,509535838.78,,5.20627128726086
2008.0,0,2.37027067444299,0.995406301140747,6.284,1.92,1.3017102483333334,Cameroon,CMR,,446.000041432788,3112861315.14642,,-1.62929165447175
2008.0,0,11.355761126315,3.29352400028485,,1.92,1.3017102483333334,Mongolia,MNG,20.5833333333333,1165.80416666667,656677378.546504,,-12.2837567825614
2008.0,0,5.44078221100769,4.83176988913097,3.34,1.92,1.3017102483333334,Tanzania,TZA,14.9821346779129,1196.31070921046,2862895993.28886,,-9.22106341671595
2008.0,1,11.5810751748252,6.76447277780228,,1.92,1.3017102483333334,Trinidad and Tobago,TTO,12.4375,6.28943333333333,9478682838.77815,,30.4935230853502
2008.0,1,9.25895099417076,2.05413096200485,,1.92,1.3017102483333334,Bosnia and Herzegovina,BIH,6.97833333333333,1.33519568048428,4479825860.3902,,-13.8327998426086
2008.0,1,19.8262031287429,3.43571693608081,6.2,1.92,1.3017102483333334,Romania,ROU,14.9883333333333,2.51885833333333,39768375684.0995,,-11.658522565437
2008.0,1,3.839100296651,0.113587249881704,5.784,1.92,1.3017102483333334,Kosovo,XKX,14.8333562686325,0.679922680042729,932825224.0,,-13.0296166128496
2008.0,1,,5.27785412398785,6.245,1.92,1.3017102483333334,Estonia,EST,,10.6944430938413,3971834388.52859,,-8.85851078522049
2008.0,0,,4.05723310346406,7.837,1.92,1.3017102483333334,Belarus,BLR,8.55,0.21363975,3063153364.72563,10.6566343685377,-8.16202153003141
2008.0,0,6.63544058395309,1.86348345462035,3.96,1.92,1.3017102483333334,"Iran, Islamic Rep.",IRN,12.0,9428.52826083333,,,
2008.0,0,12.4758291326398,10.7866360496581,,1.92,1.3017102483333334,Djibouti,DJI,,177.721,175495410.942988,,-22.5587851004156
2008.0,0,11.4034270813932,4.23160011009342,3.156,1.92,1.3017102483333334,Ethiopia,ETH,8.0,9.59974166666667,870502510.194579,,-6.67139557726763
2008.0,0,16.494639613412,9.14979893831817,,1.92,1.3017102483333334,El Salvador,SLV,,1.0,2644386458.68893,48.4269376195663,-8.51825968802833
2008.0,0,,,,1.92,1.3017102483333334,Trinidad and Tobago,TTO,12.4375,6.28943333333333,9478682838.77815,,30.4935230853502
2008.0,0,4.03568834941391,-4.48407081043062,6.774,1.92,1.3017102483333334,Zimbabwe,ZWE,,6723052073.33811,81875982.8372812,,
2008.0,0,7.87707374730888,7.17614466455107,8.025,1.92,1.3017102483333334,Benin,BEN,4.98416666666667,446.000041432788,,,-5.49862209196275
2008.0,0,9.73228317146887,5.38696254207251,7.17,1.92,1.3017102483333334,Turkiye,TUR,,1.30152170281795,73674684815.6172,41.0318813015611,-5.0844969449165
2008.0,1,26.7995371934022,10.2553053929808,,1.92,1.3017102483333334,Turkiye,TUR,,1.30152170281795,73674684815.6172,41.0318813015611,-5.0844969449165
2008.0,0,6.99688495554511,3.28344618616541,11.387,1.92,1.3017102483333334,Slovak Republic,SVK,,21.3614166666667,18836137092.7208,,-6.48535562964174
2008.0,0,5.92525137041092,9.67024588602851,4.2,1.92,1.3017102483333334,Turkiye,TUR,,1.30152170281795,73674684815.6172,41.0318813015611,-5.0844969449165
2008.0,1,4.15279708110293,0.0574740238200775,7.664,1.92,1.3017102483333334,Denmark,DNK,,5.09813083333334,42326707926.7705,,2.93344197648405
2008.0,0,8.34926704907581,3.08669805921981,,1.92,1.3017102483333334,Libya,LBY,6.0,1.22356239341867,96334974982.7632,,41.1733179906877
2008.0,0,5.78587598206755,9.1265683014642,4.025,1.92,1.3017102483333334,"Egypt, Arab Rep.",EGY,12.325,5.4325,34330505048.3926,,-0.868821887213847
2008.0,0,3.75393081761005,0.481919549757933,2.521,1.92,1.3017102483333334,"Micronesia, Fed. Sts.",FSM,14.3783333333333,1.0,39986224.5220158,26.8276685823755,
2008.0,0,9.90998456005467,3.1910438863288,22.407,1.92,1.3017102483333334,Northern Mariana Islands,MNP,,1.0,,,
2008.0,0,4.06595355358379,0.784431235717051,6.369,1.92,1.3017102483333334,Denmark,DNK,,5.09813083333334,42326707926.7705,,2.93344197648405
2008.0,0,7.85080255714482,9.30746717077338,5.787,1.92,1.3017102483333334,Malawi,MWI,25.2777777777778,140.521666666667,253908648.999834,,-8.95428978540152
2008.0,0,10.6446210953712,3.26808671288212,4.764,1.92,1.3017102483333334,Bosnia and Herzegovina,BIH,6.97833333333333,1.33519568048428,4479825860.3902,,-13.8327998426086
2008.0,1,2.58850657657959,0.319247344434558,7.553,1.92,1.3017102483333334,Equatorial Guinea,GNQ,,446.000041432788,4431191816.06264,,
2008.0,0,10.4441283764885,0.920118221365883,10.97,1.92,1.3017102483333334,Singapore,SGP,5.38,1.41486083333333,177543472508.271,96.4099647516113,15.08343561816
2008.0,0,4.85859062814939,2.49999999929371,11.33,1.92,1.3017102483333334,Bulgaria,BGR,10.861425,1.33711666666667,17930378434.4521,,-21.7962184298019
2008.0,0,18.3168316831684,7.15628356605819,8.517,1.92,1.3017102483333334,Mozambique,MOZ,18.31,24.3006424728653,1660542080.42931,,-8.87904477952139
2008.0,1,4.48944420508401,0.446905130727231,6.976,1.92,1.3017102483333334,"Iran, Islamic Rep.",IRN,12.0,9428.52826083333,,,
2008.0,1,4.07534335957339,0.767165748290694,11.254,1.92,1.3017102483333334,Finland,FIN,,0.679922680042729,8353577867.1211,,2.46705484055195
2008.0,0,5.46848949649845,1.72569884866334,1.18,1.92,1.3017102483333334,Belgium,BEL,,0.679922680042729,15680647981.365,,-0.831236474764239
2008.0,0,26.2398166445063,0.232282744812977,,1.92,1.3017102483333334,Antigua and Barbuda,ATG,10.4291009360419,2.7,138022502.557881,,-21.6400619803907
2008.0,0,22.5644955300126,5.95008814473897,5.22,1.92,1.3017102483333334,Iraq,IRQ,19.215,1193.08333333333,50101816705.6195,,21.6088001159731
2008.0,0,10.1547846489023,6.49629211973152,4.415,1.92,1.3017102483333334,Algeria,DZA,8.0,64.5828,148098646076.638,,18.8233635111302
2008.0,1,8.40009593987462,6.56492068224719,3.917,1.92,1.3017102483333334,Mongolia,MNG,20.5833333333333,1165.80416666667,656677378.546504,,-12.2837567825614
2008.0,1,3.34783258401022,-1.02313851177097,6.723,1.92,1.3017102483333334,Hungary,HUN,10.1816677384355,172.113333333333,33873898857.8996,73.3327228037818,-7.26832036226062
2008.0,1,6.0425125388106,0.993437085479655,7.817,1.92,1.3017102483333334,Israel,ISR,,3.58802119408369,42513241646.733,,0.42592870301179
2008.0,0,1.3800788616492,-1.22428900061713,4.002,1.92,1.3017102483333334,Sri Lanka,LKA,18.8916666666667,108.333762719298,2616559583.33783,,-9.54319542329735
2008.0,0,4.34502807623045,4.23778147502819,12.444,1.92,1.3017102483333334,Trinidad and Tobago,TTO,12.4375,6.28943333333333,9478682838.77815,,30.4935230853502
2008.0,1,,-17.6689987958491,,1.92,1.3017102483333334,"Venezuela, RB",VEN,22.3708333333333,2.147,43065463087.2778,,9.9055750430549
2008.0,0,12.4455793463192,7.77389581542363,7.93,1.92,1.3017102483333334,Serbia,SRB,6.03196632437249,55.72925,11477985605.7394,,-19.4339264115956
2008.0,0,8.75868317728784,10.197432548532,4.868,1.92,1.3017102483333334,American Samoa,ASM,,1.0,,,
2009.0,0,3.66490330642919,3.04345012371552,13.29,0.16,1.0468915,"Korea, Rep.",KOR,5.64916666666667,1277.24583333333,270437145807.698,,3.36575830090763
2009.0,0,2.409053040822,1.61186417596689,6.56,0.16,1.0468915,Seychelles,SYC,15.3472516088461,13.60994045249,190546677.641739,,-22.2660045596963
2009.0,0,0.589142019610516,0.127953382778088,5.86,0.16,1.0468915,Italy,ITA,4.75666666666667,0.716957702016136,131496916615.743,,-1.77411764067094
2009.0,1,-0.0531456741253769,-1.90644105515335,7.908,0.16,1.0468915,Benin,BEN,4.9775,470.293423341398,,,-6.69033181086782
2009.0,0,11.7634954386443,4.67359979952391,9.087,0.16,1.0468915,Liberia,LBR,14.1866666666667,68.2866666666666,372457051.883517,,-15.6782479232001
2009.0,0,-1.35283672951719,-5.69323635892741,5.068,0.16,1.0468915,Guinea-Bissau,GNB,4.9775,470.293423341398,,,-5.34847492021888
2009.0,1,3.52126227238643,8.58726042640994,,0.16,1.0468915,Trinidad and Tobago,TTO,11.9375,6.32490833333333,8823426554.27755,,8.51638835816151
2009.0,1,12.5378277304689,8.03692510099023,,0.16,1.0468915,Bosnia and Herzegovina,BIH,7.9325,1.4078912383695,4575111866.53329,,-6.44520702910116
2009.0,0,-0.845716092316721,-0.690618232300579,1.49,0.16,1.0468915,"Korea, Rep.",KOR,5.64916666666667,1277.24583333333,270437145807.698,,3.36575830090763
2009.0,1,-0.28781308353524,-3.76813306940053,17.857,0.16,1.0468915,Maldives,MDV,10.2556,12.8,260981130.107897,46.1935516743923,-9.41593217957294
2009.0,0,5.15996829181047,1.0910129698311,4.608,0.16,1.0468915,Grenada,GRD,10.9930534805853,2.7,129078999.922631,,-16.922787751426
2009.0,0,9.23412592394652,3.30693981631089,9.6,0.16,1.0468915,Vanuatu,VUT,,106.740833333333,148612899.92884,,1.73468872565137
2009.0,0,5.49634273772208,-2.43162787988011,3.292,0.16,1.0468915,Ireland,IRL,,0.716957702016136,2150685637.46953,,-2.11779729016476
2009.0,0,1.85910254733028,0.476898106596394,,0.16,1.0468915,St. Martin (French part),MAF,,0.716957702016136,,,
2009.0,1,-0.355546266299747,-2.57650022958367,9.254,0.16,1.0468915,Cambodia,KHM,,4139.33333333333,3285950771.83634,,-5.92994303077878
2009.0,0,0.583308405623702,-1.51352871598714,3.62,0.16,1.0468915,Kuwait,KWT,6.157775,0.287785416666667,23028171515.8341,,27.3403414829886
2009.0,0,2.59194673430567,-0.261137328115808,5.46,0.16,1.0468915,Palau,PLW,,1.0,,24.7117407868201,-3.33781692869219
2009.0,1,0.774768131387381,-5.30515401233991,7.749,0.16,1.0468915,Northern Mariana Islands,MNP,,1.0,,,
2009.0,0,5.73706036145628,1.19999999969519,10.16,0.16,1.0468915,Peru,PER,21.0419233333333,3.01150833333333,33225062118.6704,26.4008658753596,-0.598288729210879
2009.0,0,3.46496322106074,3.53891205317842,5.85,0.16,1.0468915,Algeria,DZA,8.0,72.6474166666667,155111906771.678,,0.287169379874169
2009.0,1,11.6473295764118,-7.79999391271275,8.458,0.16,1.0468915,Afghanistan,AFG,15.0,50.325,4265888740.23846,,2.23601941932175
2009.0,0,0.353045178360937,-1.11803723642878,9.689,0.16,1.0468915,Ireland,IRL,,0.716957702016136,2150685637.46953,,-2.11779729016476
2009.0,0,3.79539242483406,2.61512859291683,8.131,0.16,1.0468915,West Bank and Gaza,PSE,6.18769425921147,,498173298.132,,-14.1407042757884
2009.0,0,1.44215131834353,1.00345293018719,5.467,0.16,1.0468915,Cameroon,CMR,,470.293423341398,3675521655.97273,,-4.02097111334699
2009.0,0,-9.17360384430342e-07,-8.07603116552393,8.249,0.16,1.0468915,Mongolia,MNG,21.6669633454756,1437.795,1327038037.27796,,-7.45624740801023
2009.0,0,5.58742004264393,-5.51670615843011,6.859,0.16,1.0468915,Tuvalu,TUV,,1.28218881008452,,,-60.7028687959192
2009.0,0,6.25097663090626,-4.88269401706633,14.024,0.16,1.0468915,Tonga,TON,,2.03449361322879,95702573.8593442,,-30.038855601242
2009.0,0,7.23809523809527,-1.53808913525583,23.523,0.16,1.0468915,Bosnia and Herzegovina,BIH,7.9325,1.4078912383695,4575111866.53329,,-6.44520702910116
2009.0,0,0.299466803009299,-2.91508621550267,8.46,0.16,1.0468915,Romania,ROU,17.275,3.049325,44383053889.5597,,-4.72925693261463
2009.0,0,2.19738586853574,-1.94036472596633,3.1,0.16,1.0468915,Samoa,WSM,12.0825,2.73077850953731,144476857.502779,,-1.78417614225031
2009.0,0,4.21903052064628,1.44832306275669,3.858,0.16,1.0468915,Estonia,EST,,11.2574308850767,3980641012.81399,,2.6775190631377
2009.0,1,3.68700160498797,-3.2926651586197,8.16,0.16,1.0468915,Belarus,BLR,11.675,0.279304921788469,5640214197.2805,18.5574619808712,-12.0546848610717
2009.0,0,4.38641311792074,4.62887118256153,6.106,0.16,1.0468915,"Iran, Islamic Rep.",IRN,12.0,9864.30245626821,,,
2009.0,1,-0.835530021504157,-3.12207827545093,9.432,0.16,1.0468915,Djibouti,DJI,,177.721,241831914.389104,,-6.77718840004505
2009.0,0,2.936231535967,1.0958236592427,3.964,0.16,1.0468915,Ethiopia,ETH,,11.7775996725,1780874214.24059,,-6.75348362103612
2009.0,1,0.0876204781574552,-2.82455153714783,9.122,0.16,1.0468915,El Salvador,SLV,,1.0,3120881836.06699,58.1469205675387,-1.77368032991474
2009.0,0,-0.480481936423275,-2.29737452570922,4.109,0.16,1.0468915,Tonga,TON,,2.03449361322879,95702573.8593442,,-30.038855601242
2009.0,1,1.30470991024337,-4.97447905669058,6.409,0.16,1.0468915,Zambia,ZMB,22.0625,5.045,1892077713.20001,,5.95342818479562
2009.0,0,1.77111716621254,1.95484826298522,5.561,0.16,1.0468915,Benin,BEN,4.9775,470.293423341398,,,-6.69033181086782
2009.0,1,0.506308827696515,-3.58626472551299,5.371,0.16,1.0468915,Tunisia,TUN,,1.350275,11294387681.3622,42.9297921509547,-2.83909252656909
2009.0,0,0.971862998667636,3.74576940136258,8.96,0.16,1.0468915,Tunisia,TUN,,1.350275,11294387681.3622,42.9297921509547,-2.83909252656909
2009.0,0,-0.728165250932898,9.40269972778044,4.3,0.16,1.0468915,Suriname,SUR,11.65,2.745,657026656.390323,,2.87195431472081
2009.0,0,13.7302839288408,1.99558909788963,3.782,0.16,1.0468915,Tunisia,TUN,,1.350275,11294387681.3622,42.9297921509547,-2.83909252656909
2009.0,1,,13.2720546167979,,0.16,1.0468915,Denmark,DNK,,5.36086666666667,76617709422.3139,,3.67030898793201
2009.0,0,4.20251661216482,1.13964864548062,12.2,0.16,1.0468915,Libya,LBY,6.0,1.25353448862568,103753849656.653,,15.426446023908
2009.0,0,,,,0.16,1.0468915,"Egypt, Arab Rep.",EGY,11.975,5.54455330862977,34896678266.342,,-1.7707391095759
2009.0,0,19.2469482220857,4.84448705175076,,0.16,1.0468915,"Micronesia, Fed. Sts.",FSM,15.38,1.0,55718614.2195801,25.7433025270758,-13.8101444043321
2009.0,0,-4.44754686876746,-5.09578277913846,12.609,0.16,1.0468915,Northern Mariana Islands,MNP,,1.0,,,
2009.0,1,1.47234311385647,10.5500090961932,,0.16,1.0468915,Denmark,DNK,,5.36086666666667,76617709422.3139,,3.67030898793201
2009.0,0,1.05595029731201,-2.10876837627522,7.33,0.16,1.0468915,Malawi,MWI,25.25,141.168333333333,163276594.709464,20.1151721657444,-6.03374203830182
2009.0,0,10.8823529411764,7.86188883286074,,0.16,1.0468915,Bosnia and Herzegovina,BIH,7.9325,1.4078912383695,4575111866.53329,,-6.44520702910116
2009.0,1,1.21007269197809,-4.11927606715011,9.546,0.16,1.0468915,Equatorial Guinea,GNQ,,470.293423341398,3251937926.22841,,
2009.0,0,7.84270167700654,-0.873455942787785,7.824,0.16,1.0468915,Singapore,SGP,5.38,1.45451471343874,192046029172.212,106.372468302322,16.3930632928179
2009.0,1,1.96173173560109,-4.58740819226323,7.683,0.16,1.0468915,Bulgaria,BGR,11.335,1.40669166666667,18522121029.1316,,-8.18108400485089
2009.0,1,-0.494460544377991,-4.25561384207619,8.351,0.16,1.0468915,Mozambique,MOZ,15.6756666666667,27.518299963925,2181058182.59662,,-9.99835364421764
2009.0,1,0.312739007368447,-5.54455451920674,7.88,0.16,1.0468915,"Iran, Islamic Rep.",IRN,12.0,9864.30245626821,,,
2009.0,0,7.06221874388574,4.24349419462426,7.74,0.16,1.0468915,Finland,FIN,,0.716957702016136,11428834791.927,,2.10030839228353
2009.0,0,2.1156511055456,-0.0374661120713,5.867,0.16,1.0468915,Belgium,BEL,,0.716957702016136,23861674312.7944,,1.80970941708578
2009.0,0,,,,0.16,1.0468915,Antigua and Barbuda,ATG,10.0653700920516,2.7,127860399.429427,,-13.0521618835597
2009.0,0,2.51609128145113,3.31507699790781,7.257,0.16,1.0468915,Iraq,IRQ,16.1558333333333,1170.0,44332623237.8471,,-1.01067925411065
2009.0,1,1.1897768702155,-3.66529049145096,4.352,0.16,1.0468915,Algeria,DZA,8.0,72.6474166666667,155111906771.678,,0.287169379874169
2009.0,0,3.34645420142014,3.35699957430558,2.973,0.16,1.0468915,Mongolia,MNG,21.6669633454756,1437.795,1327038037.27796,,-7.45624740801023
2009.0,0,5.29735584228856,-6.29525055780502,5.356,0.16,1.0468915,Hungary,HUN,11.036862215741,202.341666666667,44181292716.986,81.9727102365894,-1.21974951373382
2009.0,1,12.0031298461743,-8.32146414328021,7.22,0.16,1.0468915,Israel,ISR,,3.93233547791667,60611355180.6685,,2.83178873308842
2009.0,0,13.3952546325895,9.2203484058663,,0.16,1.0468915,Sri Lanka,LKA,15.6716666666667,114.944783333333,5353610216.22721,86.063491912486,-0.510385718302903
2009.0,1,4.21171171171171,-6.7401660845502,10.03,0.16,1.0468915,Tonga,TON,,2.03449361322879,95702573.8593442,,-30.038855601242
2009.0,1,27.080941446613,-3.20230265749002,6.097,0.16,1.0468915,St. Vincent and the Grenadines,VCT,9.18656075402981,2.7,87815455.4273306,53.6982398780635,-25.6757501478008
2009.0,0,4.88803479876799,-0.12581200299141,9.419,0.16,1.0468915,"Somalia, Fed. Rep.",SOM,,31558.9054783951,,,
2009.0,0,,-5.91852507634947,8.645,0.16,1.0468915,American Samoa,ASM,,1.0,,,
2010.0,1,2.31092436974789,1.58289703108802,7.746,0.18,0.8691600608333333,"Korea, Rep.",KOR,5.51166666666667,1156.46,292143494466.557,,2.34320897623578
2010.0,0,2.93236301369857,4.37720322344293,7.654,0.18,0.8691600608333333,Seychelles,SYC,12.7026498136256,12.06775664095,255584702.553665,,-21.8405252938197
2010.0,0,2.91834002677376,2.21004795300735,5.211,0.18,0.8691600608333333,Italy,ITA,4.03166666666667,0.754308990105961,158478306213.386,,-3.24412215335914
2010.0,0,0.993557401226392,3.49955709403216,9.09,0.18,0.8691600608333333,Benin,BEN,5.11333333333333,494.794262222936,,,-5.56723414629173
2010.0,1,1.53112270420926,2.00032476039051,9.279,0.18,0.8691600608333333,Liberia,LBR,14.2425,71.4033333333333,442033413.934885,,-42.7136316998038
2010.0,0,6.2176488930462,8.01596737055139,4.784,0.18,0.8691600608333333,Guinea-Bissau,GNB,5.11333333333333,494.794262222947,,,-7.52999517168867
2010.0,0,2.41890639481001,0.787051861494078,3.527,0.18,0.8691600608333333,Trinidad and Tobago,TTO,9.2825,6.37550833333333,9180991459.69022,,18.8299588165597
2010.0,0,4.06749555950263,3.03973288127956,24.683,0.18,0.8691600608333333,Bosnia and Herzegovina,BIH,7.88833333333334,1.47673956845028,4411161779.56729,,-6.00046399403909
2010.0,0,1.77687154092627,3.09080634469335,8.178,0.18,0.8691600608333333,"Korea, Rep.",KOR,5.51166666666667,1156.46,292143494466.557,,2.34320897623578
2010.0,0,3.78983634797591,7.33449996034538,3.605,0.18,0.8691600608333333,Maldives,MDV,10.37605,12.8,350103579.326899,54.8854181471638,-7.57604640472633
2010.0,0,5.45513425887423,4.41009911716546,7.83,0.18,0.8691600608333333,Grenada,GRD,10.5750130912526,2.7,119154979.881368,,-19.4482994535287
2010.0,0,2.58069370250543,3.16892748258036,9.578,0.18,0.8691600608333333,Vanuatu,VUT,,96.9058333333333,161382135.428761,,-6.28849949641009
2010.0,0,8.56644420552976,8.54219848467686,11.881,0.18,0.8691600608333333,Ireland,IRL,,0.754308990105961,2113857313.58187,,1.04615152452603
2010.0,0,6.09141668601891,-3.90581157302972,6.959,0.18,0.8691600608333333,St. Martin (French part),MAF,,0.754308990105961,,,
2010.0,0,1.18413523154646,3.1682879121621,8.394,0.18,0.8691600608333333,Cambodia,KHM,,4184.91666666667,3817077827.48335,,-7.10406918806883
2010.0,0,1.1038103778926,4.13463778522758,7.043,0.18,0.8691600608333333,Kuwait,KWT,5.42165833333334,0.286606591666667,24801842016.4147,,32.0485537270105
2010.0,0,2.30202385958572,1.45863634911349,6.209,0.18,0.8691600608333333,Palau,PLW,,1.0,,33.0448546717007,-10.1353644660598
2010.0,0,5.66275708420021,5.36034352634111,7.171,0.18,0.8691600608333333,Northern Mariana Islands,MNP,,1.0,,,
2010.0,0,,,,0.18,0.8691600608333333,Peru,PER,18.9768683333333,2.825125,44214818032.5469,23.6817913396941,-2.41611244249563
2010.0,0,3.17532475269199,10.5962719761682,4.1,0.18,0.8691600608333333,Algeria,DZA,8.0,74.3859833333333,170461132878.607,,6.87361929280343
2010.0,0,11.9893899204244,8.49758470221235,3.115,0.18,0.8691600608333333,Afghanistan,AFG,15.6122222222222,46.4524610013175,5162440806.75156,,-3.64331388234628
2010.0,1,4.71298907760388,-5.6937412158003,12.719,0.18,0.8691600608333333,Ireland,IRL,,0.754308990105961,2113857313.58187,,1.04615152452603
2010.0,0,1.17933576873673,2.15419536693635,4.893,0.18,0.8691600608333333,West Bank and Gaza,PSE,6.33375,,531755697.08,,-13.4993932332553
2010.0,0,10.7333898354915,7.89971194051621,5.384,0.18,0.8691600608333333,Cameroon,CMR,,494.794262222947,3642642765.84442,,-3.11602303510797
2010.0,0,2.27200227892008,4.49465897070922,11.153,0.18,0.8691600608333333,Mongolia,MNG,20.0687801614724,1357.06416666667,2287769451.70851,,-12.3162160595433
2010.0,1,3.02267002518892,19.6754077019323,,0.18,0.8691600608333333,Tuvalu,TUV,,1.09015948638677,,,-43.2184886122594
2010.0,0,14.4696564932577,5.29366572819954,9.43,0.18,0.8691600608333333,Tonga,TON,,1.90598784238353,104527450.867601,,-23.83210956232
2010.0,1,2.49265472467065,2.26054460931586,7.973,0.18,0.8691600608333333,Bosnia and Herzegovina,BIH,7.88833333333334,1.47673956845028,4411161779.56729,,-6.00046399403909
2010.0,0,,,,0.18,0.8691600608333333,Romania,ROU,14.0725,3.1779,48047830952.6969,,-4.98543687917279
2010.0,0,-0.918388645376774,1.68297175486512,14.534,0.18,0.8691600608333333,Samoa,WSM,10.72,2.48465658452338,173039792.834033,,-9.0486988420524
2010.0,1,7.71838195873614,9.6344394520444,,0.18,0.8691600608333333,Estonia,EST,,11.8068482348947,2567138087.1289,,1.74366049478647
2010.0,0,1.41071107954321,5.85165102224047,8.547,0.18,0.8691600608333333,Belarus,BLR,9.21666666666667,0.297851,5025440611.53055,18.905245726907,-14.4678043936086
2010.0,0,1.52832059732901,8.33245910749577,3.595,0.18,0.8691600608333333,"Iran, Islamic Rep.",IRN,12.0,10254.176470289,,,
2010.0,0,5.13420639015885,6.22385418062366,5.614,0.18,0.8691600608333333,Djibouti,DJI,,177.721,248997896.289132,,4.47357137871551
2010.0,0,0.688238707220026,3.24339715656356,4.808,0.18,0.8691600608333333,Ethiopia,ETH,,14.4095898080066,2241164555.88825,,-2.1222608717343
2010.0,1,1.40257289895369,1.73762453640036,10.771,0.18,0.8691600608333333,El Salvador,SLV,,1.0,2881775238.84522,57.4942866187624,-2.88821622788295
2010.0,0,4.69889064976226,3.73114034433009,4.119,0.18,0.8691600608333333,Tonga,TON,,1.90598784238353,104527450.867601,,-23.83210956232
2010.0,1,1.81353438995062,1.80898243043663,4.883,0.18,0.8691600608333333,Zambia,ZMB,20.9166666666667,4.7975,2093753266.11924,17.3215114809658,7.52549147652089
2010.0,0,6.32993220146146,8.40114541209596,5.212,0.18,0.8691600608333333,Benin,BEN,5.11333333333333,494.794262222936,,,-5.56723414629173
2010.0,0,3.8595090983316,2.88417542800377,3.497,0.18,0.8691600608333333,Tunisia,TUN,,1.4314,9764265037.07788,38.7660002963438,-4.55447131361942
2010.0,0,3.91106195534028,4.80000000093564,9.96,0.18,0.8691600608333333,Tunisia,TUN,,1.4314,9764265037.07788,38.7660002963438,-4.55447131361942
2010.0,1,1.52551602118248,1.52910573247101,8.363,0.18,0.8691600608333333,Suriname,SUR,11.5905430605278,2.74541666666667,690815612.851081,,14.8990514000174
2010.0,0,1.62285235577035,7.42484738326097,3.32,0.18,0.8691600608333333,Tunisia,TUN,,1.4314,9764265037.07788,38.7660002963438,-4.55447131361942
2010.0,0,2.50327605844241,4.12672259105658,,0.18,0.8691600608333333,Denmark,DNK,,5.624075,76510022325.9157,,6.39689740721914
2010.0,1,6.84939230255025,4.49999999920672,7.407,0.18,0.8691600608333333,Libya,LBY,6.0,1.26678941001316,106144249630.96,,22.2877634810811
2010.0,0,3.96138889115385,8.05847360290906,,0.18,0.8691600608333333,"Egypt, Arab Rep.",EGY,11.0083333333333,5.6219429176105,37028506134.5559,,-2.05668307641306
2010.0,0,3.55437734567843,4.02913787986621,4.088,0.18,0.8691600608333333,"Micronesia, Fed. Sts.",FSM,15.13,1.0,55763850.8999963,24.5638681506849,-8.41530821917808
2010.0,0,1.6400434423899,2.69519257744442,9.633,0.18,0.8691600608333333,Northern Mariana Islands,MNP,,1.0,,,
2010.0,1,2.18929920422457,2.71031150254662,8.293,0.18,0.8691600608333333,Denmark,DNK,,5.624075,76510022325.9157,,6.39689740721914
2010.0,1,1.49102370047802,4.63081843223307,,0.18,0.8691600608333333,Malawi,MWI,24.625,150.485833333333,325348538.602841,19.2608300381554,-9.57007930375056
2010.0,1,1.79986457728769,0.0941223116369514,19.86,0.18,0.8691600608333333,Bosnia and Herzegovina,BIH,7.88833333333334,1.47673956845028,4411161779.56729,,-6.00046399403909
2010.0,0,3.24758842443723,7.51339053261624,0.622,0.18,0.8691600608333333,Equatorial Guinea,GNQ,,494.794262222947,2346355216.01319,,
2010.0,0,3.33897963601069,2.97113275066512,13.049,0.18,0.8691600608333333,Singapore,SGP,5.38,1.36350833333333,231259743357.534,101.449782417951,22.9333472183784
2010.0,1,13.7400521363694,8.00565591628701,,0.18,0.8691600608333333,Bulgaria,BGR,11.1443666666667,1.47739166666667,17223204558.801,,-1.90291712885645
2010.0,0,3.491288726188,6.07339340909564,5.832,0.18,0.8691600608333333,Mozambique,MOZ,16.2626666666667,33.9600988006908,2265088387.79537,,-14.7165826342636
2010.0,0,-0.728243207517779,4.09791791943181,5.102,0.18,0.8691600608333333,"Iran, Islamic Rep.",IRN,12.0,10254.176470289,,,
2010.0,0,2.82884527612958,14.5197497108994,4.12,0.18,0.8691600608333333,Finland,FIN,,0.754308990105961,9547427724.74528,,1.39274108679821
2010.0,0,11.2651882653185,5.1472348575531,8.757,0.18,0.8691600608333333,Belgium,BEL,,0.754308990105961,26779063929.1966,,1.52379368667185
2010.0,0,4.65116279069765,11.0952312685449,4.569,0.18,0.8691600608333333,Antigua and Barbuda,ATG,10.9993475073677,2.7,136600155.264423,,-10.8739141545735
2010.0,0,8.50176133365265,10.2982233241213,13.19,0.18,0.8691600608333333,Iraq,IRQ,14.3458333333333,1170.0,50622117150.4267,,4.68412757383414
2010.0,1,4.85555795691956,1.06795068152046,11.172,0.18,0.8691600608333333,Algeria,DZA,8.0,74.3859833333333,170461132878.607,,6.87361929280343
2010.0,0,28.1874647092039,-1.48879125078356,7.112,0.18,0.8691600608333333,Mongolia,MNG,20.0687801614724,1357.06416666667,2287769451.70851,,-12.3162160595433
2010.0,1,1.27530569556683,1.31932032302214,4.991,0.18,0.8691600608333333,Hungary,HUN,7.58692511347841,207.944166666667,44988182851.216,81.9782851366397,-0.188218208390541
2010.0,0,5.03872690108075,7.52822581812151,,0.18,0.8691600608333333,Israel,ISR,,3.738975,70907310771.311,,2.69529305304405
2010.0,0,,10.1253981561002,7.714,0.18,0.8691600608333333,Sri Lanka,LKA,10.2175,113.064480448821,7195358507.00001,69.2530251841062,-1.83339431574737
2010.0,0,1.15798802715628,5.75076477579255,8.61,0.18,0.8691600608333333,Tonga,TON,,1.90598784238353,104527450.867601,,-23.83210956232
2010.0,1,5.39673113167477,-2.22181847599202,7.564,0.18,0.8691600608333333,St. Vincent and the Grenadines,VCT,9.17183767616861,2.7,112702057.854892,,-26.3254736856601
2010.0,0,6.69870886978132,7.8034096507169,7.158,0.18,0.8691600608333333,"Somalia, Fed. Rep.",SOM,,31269.6625712251,,,
2010.0,0,4.15672722680174,4.9713345832195,5.303,0.18,0.8691600608333333,American Samoa,ASM,,1.0,,,
2011.0,0,5.35604849112582,6.16978420771008,5.153,0.1,0.5260605291666667,St. Kitts and Nevis,KNA,9.44508791429837,2.7,244261262.258249,103.00959046712,-7.81462598635505
2011.0,0,5.7892532881588,4.49558909946313,7.177,0.1,0.5260605291666667,Sweden,SWE,,6.49354333333333,50213891950.8524,,5.51028500175063
2011.0,1,8.4404648593257,4.30002918567749,6.571,0.1,0.5260605291666667,Israel,ISR,,3.5781293062201,74874110293.4968,,0.959067083330991
2011.0,1,3.65301100430724,-1.71352745905065,12.715,0.1,0.5260605291666667,Benin,BEN,5.25591666666667,471.248625718934,,,-4.83328627198862
2011.0,0,3.36931095333853,6.32719240161117,3.477,0.1,0.5260605291666667,Lebanon,LBN,7.5275,1507.5,47859468419.4962,,-13.8340690487529
2011.0,0,3.2865791487538,2.92746800169145,4.637,0.1,0.5260605291666667,"Gambia, The",GMB,28.0,29.4615200601576,223241852.815921,,-7.67135227929094
2011.0,0,0.9069249096918,5.52464523319847,8.91,0.1,0.5260605291666667,Tajikistan,TJK,22.4616666666667,4.61018333333333,518942135.239755,,-6.33655867344342
2011.0,1,2.7586822605125,1.3108037609606,7.769,0.1,0.5260605291666667,Bosnia and Herzegovina,BIH,7.43166666666667,1.40693658566639,4247540639.15233,45.8346942869169,-9.47919944225317
2011.0,0,6.52249254869341,4.07753806610333,7.447,0.1,0.5260605291666667,St. Kitts and Nevis,KNA,9.44508791429837,2.7,244261262.258249,103.00959046712,-7.81462598635505
2011.0,0,3.34121694259302,6.22389678509138,7.492,0.1,0.5260605291666667,Madagascar,MDG,52.5,2025.1175,1134559589.73412,,-6.72775114409969
2011.0,0,3.3038501560874,2.39473494330615,5.081,0.1,0.5260605291666667,Zambia,ZMB,18.8366666666667,4.86166666666666,2324018126.65836,18.0499093578444,4.65823655766585
2011.0,1,2.11159795174994,2.43757653729007,9.228,0.1,0.5260605291666667,Greece,GRC,,0.718413898653317,6743416891.38217,,-10.0976272377955
2011.0,0,-0.27245561610124,0.0238095237995424,4.55,0.1,0.5260605291666667,"Venezuela, RB",VEN,17.15,4.2893,27934651458.8556,,5.1636396849605
2011.0,0,3.156841568622,1.56440685763506,8.949,0.1,0.5260605291666667,India,IND,10.1666666666667,46.6704666666667,298739463090.872,51.5565536600977,-3.42928468606061
2011.0,0,4.4745326579584,8.48147656332823,3.458,0.1,0.5260605291666667,"Macao SAR, China",MAC,5.25,8.01820833333333,34026184616.5378,,40.3854988094331
2011.0,0,3.1744709215131,5.29391283414003,3.05,0.1,0.5260605291666667,Kyrgyz Republic,KGZ,23.7789112384906,46.1439013172043,1831422015.50304,,-7.69730261933363
2011.0,0,4.5242115050527,2.99999999941909,9.96,0.1,0.5260605291666667,"Korea, Rep.",KOR,5.7575,1108.23333333333,306934526876.42,,1.27290610804572
2011.0,1,2.78063272879323,0.695463154440176,8.359,0.1,0.5260605291666667,Philippines,PHL,6.66325,43.3131369237488,75123089217.1415,48.8058481254572,2.40919069913571
2011.0,0,6.7167684358854,8.6694830119314,4.118,0.1,0.5260605291666667,Mongolia,MNG,16.6094364473738,1265.51583333333,2447811909.14304,,-43.3455193285101
2011.0,0,14.0224913014704,5.1211061197056,,0.1,0.5260605291666667,Panama,PAN,7.51833333333333,1.0,2303727320.10768,,-12.6581291367517
2011.0,0,6.214123930671,4.16390688293349,4.126,0.1,0.5260605291666667,Dominican Republic,DOM,15.55,38.0875848668099,4114429337.35283,,-7.52170967420317
2011.0,0,9.88446419823883,5.20409244308591,2.255,0.1,0.5260605291666667,Afghanistan,AFG,15.1458333333333,46.747007738581,6344641959.56008,,-12.6195382087159
2011.0,1,3.1961018883379,-0.639920636520344,21.39,0.1,0.5260605291666667,India,IND,10.1666666666667,46.6704666666667,298739463090.872,51.5565536600977,-3.42928468606061
2011.0,0,3.80879058139634,0.840132083053334,0.66,0.1,0.5260605291666667,Paraguay,PRY,17.3980540247749,4193.8023075919,4982545969.05874,,-0.732894985327255
2011.0,1,3.53208210722742,1.93115502411325,7.14,0.1,0.5260605291666667,Cameroon,CMR,,471.248625718937,3198717752.7485,,-2.44588511307823
2011.0,0,3.24002842009531,-2.04663389535644,18.334,0.1,0.5260605291666667,Montenegro,MNE,9.68666666666667,0.718413898653322,392694640.346939,,-14.748468785564
2011.0,0,26.0902123160959,4.17642535923936,6.902,0.1,0.5260605291666667,Trinidad and Tobago,TTO,7.96916666666667,6.40930070568579,9980126113.5272,,18.5128374343258
2011.0,1,1.1944757244985,4.19461533741989,,0.1,0.5260605291666667,Thailand,THA,5.06756761337228,30.4917333333333,174891021491.419,28.1319763006874,2.54217096328341
2011.0,1,3.4661297281749,14.1939156801139,5.368,0.1,0.5260605291666667,Bosnia and Herzegovina,BIH,7.43166666666667,1.40693658566639,4247540639.15233,45.8346942869169,-9.47919944225317
2011.0,1,10.8261371880017,5.30792420289453,3.77,0.1,0.5260605291666667,Qatar,QAT,5.48705867283659,3.64,16809490742.533,,31.0675107947676
2011.0,0,10.0649259874818,1.7645719489982,11.849,0.1,0.5260605291666667,Virgin Islands (U.S.),VIR,,1.0,,,
2011.0,0,5.8758024367877,11.9088772241134,3.922,0.1,0.5260605291666667,Spain,ESP,,0.718413898653317,46704835356.6883,57.7899857640377,-2.5892900858806
2011.0,0,8.2539682539683,4.28637120706239,4.67,0.1,0.5260605291666667,Belarus,BLR,13.575,0.497463333333333,7863285897.42622,39.4168108447656,-8.18054584289412
2011.0,0,5.25115624639373,6.21493416858989,3.89,0.1,0.5260605291666667,Ireland,IRL,,0.718413898653317,1694805970.72862,,1.173984139213
2011.0,0,5.79676809206533,3.19196227475523,6.087,0.1,0.5260605291666667,Germany,DEU,,0.718413898653317,234104084887.41,,6.09171549435117
2011.0,0,6.471879671151,10.9799625273598,9.784,0.1,0.5260605291666667,Estonia,EST,,0.718413898653317,207115695.548506,,1.30548764458293
2011.0,0,4.2394014962594,5.25546256612796,9.576,0.1,0.5260605291666667,Sierra Leone,SLE,21.0,4.34916166666667,439130952.881157,,-39.3593386346764
2011.0,0,0.2313492076509,1.81310830459596,4.409,0.1,0.5260605291666667,Thailand,THA,5.06756761337228,30.4917333333333,174891021491.419,28.1319763006874,2.54217096328341
2011.0,0,5.0008533879502,3.16855627858818,24.639,0.1,0.5260605291666667,Kosovo,XKX,13.775,0.718413898653322,717327041.234403,,-13.3320936926298
2011.0,0,1.28495158809152,1.10565603382983,3.196,0.1,0.5260605291666667,Benin,BEN,5.25591666666667,471.248625718934,,,-4.83328627198862
2011.0,0,3.41680754255211,2.39039455396828,7.781,0.1,0.5260605291666667,Timor-Leste,TLS,11.0441666666667,1.0,461610880.986764,,225.032885152327
2011.0,0,2.91213508872351,3.13719442170364,7.637,0.1,0.5260605291666667,Timor-Leste,TLS,11.0441666666667,1.0,461610880.986764,,225.032885152327
2011.0,0,4.7184170471842,3.85823282795663,3.592,0.1,0.5260605291666667,South Sudan,SSD,,2.98895,,,
2011.0,0,8.082387980991,6.31668553491842,,0.1,0.5260605291666667,Timor-Leste,TLS,11.0441666666667,1.0,461610880.986764,,225.032885152327
2011.0,1,2.34107017751373,1.77334516269423,4.977,0.1,0.5260605291666667,Dominica,DMA,8.84037965492994,2.7,81120934.2699267,,-13.3467421657827
2011.0,0,3.40737824605742,3.44404505794418,5.175,0.1,0.5260605291666667,Liberia,LBR,13.7508333333333,72.2266666666667,506827130.971263,,-52.4853470186805
2011.0,0,2.5489783020855,1.60886648916944,15.354,0.1,0.5260605291666667,Ecuador,ECU,,1.0,2957999383.64451,,-0.506587087684932
2011.0,1,3.8561124468282,0.851437739020326,8.195,0.1,0.5260605291666667,Faroe Islands,FRO,,5.36871153508772,,,7.75436992619401
2011.0,0,4.0279066739204,2.09349621669912,6.035,0.1,0.5260605291666667,Mongolia,MNG,16.6094364473738,1265.51583333333,2447811909.14304,,-43.3455193285101
2011.0,0,2.07517283735874,3.75796884489337,5.967,0.1,0.5260605291666667,Dominica,DMA,8.84037965492994,2.7,81120934.2699267,,-13.3467421657827
2011.0,1,4.0010266434312,1.37999669140882,7.028,0.1,0.5260605291666667,Mauritius,MUS,8.91666666666667,28.70595,2775245692.87377,35.0358570491021,-13.3613354439672
2011.0,0,2.9611507382214,3.16388567406926,7.804,0.1,0.5260605291666667,Bosnia and Herzegovina,BIH,7.43166666666667,1.40693658566639,4247540639.15233,45.8346942869169,-9.47919944225317
2011.0,0,,,,0.1,0.5260605291666667,Guinea-Bissau,GNB,5.25591666666667,471.248625718937,,,-1.21431910534762
2011.0,0,8.0928320630299,5.16213302463606,6.307,0.1,0.5260605291666667,Senegal,SEN,5.25591666666667,471.248625718937,,,-6.44529936745543
2011.0,0,13.4824679218511,3.59386960240222,16.77,0.1,0.5260605291666667,Bulgaria,BGR,10.6294583333333,1.40645833333333,17215731650.4487,,0.472382025310572
2011.0,1,5.0214601462073,5.59148237823661,,0.1,0.5260605291666667,Northern Mariana Islands,MNP,,1.0,,,
2011.0,0,5.1289237668161,3.77358499834686,4.297,0.1,0.5260605291666667,Ireland,IRL,,0.718413898653317,1694805970.72862,,1.173984139213
2011.0,0,3.4150334477625,6.94789198173555,10.288,0.1,0.5260605291666667,Ethiopia,ETH,,16.8992257595275,2837310958.4935,,-3.30367964138339
2011.0,0,8.7284593709302,14.0471235803149,,0.1,0.5260605291666667,Belgium,BEL,,0.718413898653317,29114266148.2486,,-1.9288774755617
2011.0,0,8.91179336483371,5.24131619937695,,0.1,0.5260605291666667,Antigua and Barbuda,ATG,10.9144525231277,2.7,147868733.577765,,-5.07303916439277
2011.0,0,4.87799830970702,4.40315923970431,9.518,0.1,0.5260605291666667,"Iran, Islamic Rep.",IRN,11.0,10616.3066439076,,,
2011.0,0,,,,0.1,0.5260605291666667,Dominican Republic,DOM,15.55,38.0875848668099,4114429337.35283,,-7.52170967420317
2011.0,1,3.3298532335065,-9.87677875300243,17.973,0.1,0.5260605291666667,Montenegro,MNE,9.68666666666667,0.718413898653322,392694640.346939,,-14.748468785564
2011.0,0,5.55389892257493,9.4613358870736,4.1,0.1,0.5260605291666667,Haiti,HTI,11.61,40.5228219393745,1923168994.80294,,-2.48774144631427
2011.0,0,6.4293968107234,5.56925219263019,,0.1,0.5260605291666667,Iceland,ISL,7.69807247344557,115.954039762284,8548042323.47084,155.158764944293,-4.48003338933172
2011.0,1,3.9299209893507,1.91670916599742,11.029,0.1,0.5260605291666667,Liechtenstein,LIE,,0.888042028223281,,,
2011.0,0,6.7622795731476,3.83569066207505,4.474,0.1,0.5260605291666667,Thailand,THA,5.06756761337228,30.4917333333333,174891021491.419,28.1319763006874,2.54217096328341
2011.0,0,6.6364496221309,3.97442307944702,7.578,0.1,0.5260605291666667,Uruguay,URY,9.78182074182773,19.3142083333333,10301678592.7052,43.2074168775786,-2.61132861090732
2011.0,0,,6.00395169280579,7.18,0.1,0.5260605291666667,San Marino,SMR,5.92,0.718413898653322,341857697.19973,44.8293754612433,
2012.0,0,6.57589970757698,7.59738104901994,7.85,0.14,-0.0132494616666666,St. Kitts and Nevis,KNA,8.73398885413872,2.7,263485328.014723,96.9555960797348,-3.12891542335696
2012.0,0,5.19618615531848,4.12868774866939,3.755,0.14,-0.0132494616666666,Sweden,SWE,,6.77501583333333,52245310612.4755,,5.53304332576063
2012.0,0,5.40349914036997,1.92117598509462,7.251,0.14,-0.0132494616666666,Israel,ISR,,3.85592182539683,75907618700.9338,,-0.314623011758788
2012.0,1,5.65214517088646,-1.33948446518181,11.003,0.14,-0.0132494616666666,Benin,BEN,5.03916666666667,510.556338454251,,,-5.17832684259519
2012.0,1,1.46758322674679,7.33267044704149,,0.14,-0.0132494616666666,Lebanon,LBN,7.24916666666667,1507.5,52530986898.8942,,-23.4382140171445
2012.0,0,4.51560291399376,5.12227558091767,2.066,0.14,-0.0132494616666666,"Gambia, The",GMB,28.0,32.0771338886217,236241441.119079,,-6.55707152697875
2012.0,0,10.2779049218839,8.50312283866612,,0.14,-0.0132494616666666,Tajikistan,TJK,21.0933333333333,4.73770833333333,630690451.23968,,-8.92695486705108
2012.0,0,3.16930188840055,3.91263576716115,9.959,0.14,-0.0132494616666666,Bosnia and Herzegovina,BIH,7.32891666666667,1.5222099744513,4389987070.5025,49.0902635279898,-8.62595020271335
2012.0,0,4.49545314354605,4.88259241025739,9.11,0.14,-0.0132494616666666,St. Kitts and Nevis,KNA,8.73398885413872,2.7,263485328.014723,96.9555960797348,-3.12891542335696
2012.0,1,1.50152696177758,-8.33113421099992,24.731,0.14,-0.0132494616666666,Madagascar,MDG,56.125,2194.96666666667,1052810915.82789,,-7.4627101782413
2012.0,0,2.61952432645541,7.85617427055587,4.1,0.14,-0.0132494616666666,Zambia,ZMB,12.1508333333333,5.1475,3042223849.42812,23.4889192806696,5.37898486156033
2012.0,0,9.47899691419801,5.45638755166587,3.222,0.14,-0.0132494616666666,Greece,GRC,,0.778338120416812,7255024354.91007,,-2.58418506053025
2012.0,0,11.1863409441067,9.2927894063005,,0.14,-0.0132494616666666,"Venezuela, RB",VEN,16.38,4.2893,29468789162.686,,0.695448050133362
2012.0,0,,,,0.14,-0.0132494616666666,India,IND,10.6041666666667,53.4372333333333,300425517446.546,50.6780305618952,-5.00488971805303
2012.0,0,1.72973481581383,2.88770010188691,3.843,0.14,-0.0132494616666666,"Macao SAR, China",MAC,5.25,7.9898635,16600225450.9018,,38.8390175409661
2012.0,0,1.69474116680366,-0.40502941658977,15.451,0.14,-0.0132494616666666,Kyrgyz Republic,KGZ,22.9963340905902,47.0044791422568,2066679059.29408,,-15.5252325924145
2012.0,0,4.11150981070289,3.55321075993527,4.892,0.14,-0.0132494616666666,"Korea, Rep.",KOR,5.39583333333333,1126.80666666667,327724415843.319,31.0184112293818,3.65378622367594
2012.0,1,2.45554765291604,-0.977876877747732,5.821,0.14,-0.0132494616666666,Philippines,PHL,5.6795,42.2287947349434,83788600500.6134,49.1574552067049,2.65327822085759
2012.0,1,2.83966343445899,0.215803612089744,7.542,0.14,-0.0132494616666666,Mongolia,MNG,18.1138144349254,1357.58,4125992250.74685,,-43.7712346792978
2012.0,0,0.888377506923638,-0.414397702454409,7.976,0.14,-0.0132494616666666,Panama,PAN,7.72416666666667,1.0,2466273019.84038,,-8.97959013521378
2012.0,1,5.18589988750698,1.16931174886884,6.0,0.14,-0.0132494616666666,Dominican Republic,DOM,15.4825,39.3203008432258,3558641726.41412,,-6.55624631595726
2012.0,0,3.00744840213047,6.15534001855494,6.79,0.14,-0.0132494616666666,Afghanistan,AFG,15.0,50.9214,7152304397.72645,,-25.8706814974751
2012.0,0,3.85216033315983,3.49611836470866,7.472,0.14,-0.0132494616666666,India,IND,10.6041666666667,53.4372333333333,300425517446.546,50.6780305618952,-5.00488971805303
2012.0,0,1.28712240079219,3.06234368502997,8.99,0.14,-0.0132494616666666,Paraguay,PRY,17.1584673198116,4421.65928640414,4994947872.79258,,-1.88545344964699
2012.0,0,7.1935505333896,6.4961364710876,5.208,0.14,-0.0132494616666666,Cameroon,CMR,,510.556338454251,3380703262.12093,,-3.17006037197893
2012.0,0,5.73797139141739,2.39623238465745,24.727,0.14,-0.0132494616666666,Montenegro,MNE,9.5625,0.778338120416812,458665566.358864,,-15.6849024198978
2012.0,0,,,,0.14,-0.0132494616666666,Trinidad and Tobago,TTO,7.70833333333333,6.42960265594542,9370784004.2165,,14.2426782258206
2012.0,0,8.09776580573602,3.53817872056869,6.451,0.14,-0.0132494616666666,Thailand,THA,5.18731410654716,31.0830916666667,181481264053.903,28.4447160238828,-1.23233637957653
2012.0,0,2.00848884782956,0.463512036709204,5.372,0.14,-0.0132494616666666,Bosnia and Herzegovina,BIH,7.32891666666667,1.5222099744513,4389987070.5025,49.0902635279898,-8.62595020271335
2012.0,0,1.05991318445632,2.36630664656174,6.487,0.14,-0.0132494616666666,Qatar,QAT,5.38110455030475,3.64,33185072530.0802,,33.1847245628586
2012.0,1,2.5732347965453,1.52826034721852,8.279,0.14,-0.0132494616666666,Virgin Islands (U.S.),VIR,,1.0,,,
2012.0,0,3.01489950334985,7.24279620249642,0.58,0.14,-0.0132494616666666,Spain,ESP,,0.778338120416812,50588475476.9985,77.446159411603,0.125923054524353
2012.0,0,2.80833622561574,-1.52284013040689,7.689,0.14,-0.0132494616666666,Belarus,BLR,19.4916666666667,0.833689833333333,8094992776.16545,24.4293134230567,-2.83500762120659
2012.0,1,3.04136333226775,-3.12523877282996,10.655,0.14,-0.0132494616666666,Ireland,IRL,,0.778338120416812,1707531869.31488,,-3.39701735632397
2012.0,0,-0.0440645104432602,1.37475099905274,4.358,0.14,-0.0132494616666666,Germany,DEU,,0.778338120416812,248856490285.756,,7.01984446991475
2012.0,0,5.10172180958666,5.783212336172,3.235,0.14,-0.0132494616666666,Estonia,EST,,0.778338120416812,300659803.183268,,-1.85807259126916
2012.0,0,1.66357102479206,5.47345419253853,3.04,0.14,-0.0132494616666666,Sierra Leone,SLE,21.0,4.34403666666667,477987067.655213,,-19.7049574950917
2012.0,0,2.06933726526067,2.28911338669843,8.069,0.14,-0.0132494616666666,Thailand,THA,5.18731410654716,31.0830916666667,181481264053.903,28.4447160238828,-1.23233637957653
2012.0,0,3.78180754679678,2.97470856847661,2.765,0.14,-0.0132494616666666,Kosovo,XKX,12.6658333333333,0.778338120416812,958335407.209021,,-6.16059133481013
2012.0,0,3.67591897974496,-0.708043112304196,4.085,0.14,-0.0132494616666666,Benin,BEN,5.03916666666667,510.556338454251,,,-5.17832684259519
2012.0,0,1.51567823124517,1.75566129145483,7.392,0.14,-0.0132494616666666,Timor-Leste,TLS,12.2108333333333,1.0,883551410.78244,,235.750605362852
2012.0,1,5.47829594346117,5.05376125356918,,0.14,-0.0132494616666666,Timor-Leste,TLS,12.2108333333333,1.0,883551410.78244,,235.750605362852
2012.0,0,7.11172943343083,2.22619979863525,12.597,0.14,-0.0132494616666666,South Sudan,SSD,12.0253120760801,2.95,1282090260.28818,,
2012.0,1,12.2242413020584,4.23006117493223,,0.14,-0.0132494616666666,Timor-Leste,TLS,12.2108333333333,1.0,883551410.78244,,235.750605362852
2012.0,0,4.6118443220664,4.21667711535632,17.63,0.14,-0.0132494616666666,Dominica,DMA,9.04298186920945,2.7,94562315.3820093,,-16.518817887546
2012.0,0,21.0689956331876,5.62595697508632,6.601,0.14,-0.0132494616666666,Liberia,LBR,13.5183333333333,73.5147720797721,574181706.182312,,-59.9955509929
2012.0,0,0.696864111498362,2.71795924894734,3.129,0.14,-0.0132494616666666,Ecuador,ECU,,1.0,2486036143.68357,,-0.166909556494228
2012.0,0,8.89145091062317,2.40000000034432,10.97,0.14,-0.0132494616666666,Faroe Islands,FRO,,5.79247553703916,,,
2012.0,0,8.89156996512163,4.80762696633448,9.21,0.14,-0.0132494616666666,Mongolia,MNG,18.1138144349254,1357.58,4125992250.74685,,-43.7712346792978
2012.0,0,3.69449707884777,2.77567100848816,6.722,0.14,-0.0132494616666666,Dominica,DMA,9.04298186920945,2.7,94562315.3820093,,-16.518817887546
2012.0,0,3.33492267693442,1.90361696799603,6.794,0.14,-0.0132494616666666,Mauritius,MUS,8.66666666666667,30.0499716666667,3053007539.14535,36.0040049386744,-6.99365644865861
2012.0,1,1.9541953161351,0.183835264973013,9.841,0.14,-0.0132494616666666,Bosnia and Herzegovina,BIH,7.32891666666667,1.5222099744513,4389987070.5025,49.0902635279898,-8.62595020271335
2012.0,0,7.54291373239437,8.63218137662685,3.88,0.14,-0.0132494616666666,Guinea-Bissau,GNB,5.03916666666667,510.556338454251,,,-7.93224654147768
2012.0,0,9.37777003547598,4.56867961444982,,0.14,-0.0132494616666666,Senegal,SEN,5.03916666666667,510.556338454251,,,-8.65191854670286
2012.0,0,3.02696391124796,6.89695171050985,3.504,0.14,-0.0132494616666666,Bulgaria,BGR,9.71420833333333,1.52205,20507099695.0265,,-0.973520622135055
2012.0,0,3.56037151702783,1.51178167644575,10.031,0.14,-0.0132494616666666,Northern Mariana Islands,MNP,,1.0,,,
2012.0,0,4.2795142691943,6.03005065305615,4.468,0.14,-0.0132494616666666,Ireland,IRL,,0.778338120416812,1707531869.31488,,-3.39701735632397
2012.0,0,-0.692552018105253,1.17925385250513,4.491,0.14,-0.0132494616666666,Ethiopia,ETH,,17.7047613782674,2301655547.62419,,-7.10674868080212
2012.0,1,2.3979148566464,-0.0054323016167074,7.798,0.14,-0.0132494616666666,Belgium,BEL,,0.778338120416812,30768939403.7021,,-0.0829864949097402
2012.0,1,5.07474300799149,4.02408615746921,5.484,0.14,-0.0132494616666666,Antigua and Barbuda,ATG,10.1571966422671,2.7,162045101.996445,,-8.11026781449494
2012.0,1,2.77333854051586,-4.05090267621935,15.509,0.14,-0.0132494616666666,"Iran, Islamic Rep.",IRN,11.0,12175.5472222222,,,
2012.0,0,3.61121294940163,6.13972470560435,3.238,0.14,-0.0132494616666666,Dominican Republic,DOM,15.4825,39.3203008432258,3558641726.41412,,-6.55624631595726
2012.0,0,2.48567562177015,0.628246239479637,4.909,0.14,-0.0132494616666666,Montenegro,MNE,9.5625,0.778338120416812,458665566.358864,,-15.6849024198978
2012.0,0,1.76278015613196,3.95247138119184,5.224,0.14,-0.0132494616666666,Haiti,HTI,8.93416666666667,41.9497229523156,2210669134.4783,,-3.14501833525929
2012.0,1,2.44612782366809,-2.86511368637748,24.789,0.14,-0.0132494616666666,Iceland,ISL,8.3243387717752,125.082787013769,4191506843.5824,150.774647210171,-2.8528256872604
2012.0,0,5.69819959165992,9.62729355007232,3.714,0.14,-0.0132494616666666,Liechtenstein,LIE,,0.937684480709349,,,
2012.0,0,,-1.0264204544321,7.217,0.14,-0.0132494616666666,Thailand,THA,5.18731410654716,31.0830916666667,181481264053.903,28.4447160238828,-1.23233637957653
2012.0,0,4.58084479423094,4.43549759378537,3.72,0.14,-0.0132494616666666,Uruguay,URY,11.1991921565682,20.310575,13604619913.6442,41.0282347488741,-3.75505695244851
2012.0,1,3.72532666110646,16.6654290410337,,0.14,-0.0132494616666666,San Marino,SMR,6.4775,0.778338120416812,384949652.80134,51.2177218791033,
2013.0,0,1.7895555398459,3.30850824710085,6.361,0.11,0.2878436908333333,St. Kitts and Nevis,KNA,8.77635361152344,2.7,301952572.319684,67.1288453720016,-2.86459110864068
2013.0,0,1.88065466724086,4.12221286860944,9.23,0.11,0.2878436908333333,Sweden,SWE,,6.51397166666666,65363359246.0776,,4.70549381033489
2013.0,0,0.991982606332428,0.684240607051805,10.293,0.11,0.2878436908333333,Israel,ISR,4.4176971883925,3.61075833333333,81785518232.8201,,2.24341717352294
2013.0,0,1.13442266445817,2.58954199031598,5.842,0.11,0.2878436908333333,Benin,BEN,5.2875,493.899623852233,,,-5.37925541995639
2013.0,0,2.4498886414254,2.65445302592404,5.662,0.11,0.2878436908333333,Lebanon,LBN,7.34833333333334,1507.5,47855927547.6784,,-25.5114319532074
2013.0,0,0.515099484900573,2.1929375750029,13.735,0.11,0.2878436908333333,"Gambia, The",GMB,28.0,35.9575868341651,210553598.677805,,-7.05935659160072
2013.0,1,2.29166666666659,1.71846961308464,7.752,0.11,0.2878436908333333,Tajikistan,TJK,24.3341666666667,4.76423333333334,661311872.523758,,-10.4728821493758
2013.0,0,1.50472330251876,0.396995583779145,5.316,0.11,0.2878436908333333,Bosnia and Herzegovina,BIH,7.03604811133436,1.47305132263235,4984005030.66019,49.6097495387668,-5.32585810441448
2013.0,1,2.50689852657885,-0.0302325600539604,7.241,0.11,0.2878436908333333,St. Kitts and Nevis,KNA,8.77635361152344,2.7,301952572.319684,67.1288453720016,-2.86459110864068
2013.0,0,-0.0442929701485858,1.13766671801426,8.052,0.11,0.2878436908333333,Madagascar,MDG,58.98,2206.91416666667,776146662.956508,,-6.50549854289755
2013.0,1,3.87227923748249,3.59695700972851,5.376,0.11,0.2878436908333333,Zambia,ZMB,9.52083333333333,5.39648333333333,2683813403.45786,24.2239941438767,-0.575955750525117
2013.0,0,5.73640023719607,6.79601142810857,2.437,0.11,0.2878436908333333,Greece,GRC,,0.752945122701996,5763071364.05671,,-2.13029886404193
2013.0,1,5.64303883425501,8.42600102501767,,0.11,0.2878436908333333,"Venezuela, RB",VEN,15.895,6.04796184166667,20275216409.4457,,1.78095908201548
2013.0,1,1.73319984983101,2.03216990678146,10.177,0.11,0.2878436908333333,India,IND,10.2916666666667,58.5978454166667,298092478740.581,50.3118273627008,-2.64566711733892
2013.0,0,8.77781429332624,4.88306129688392,,0.11,0.2878436908333333,"Macao SAR, China",MAC,5.25,7.98925533333333,16145878199.0284,,39.3290989724554
2013.0,0,5.16189898581494,2.79155975746801,5.646,0.11,0.2878436908333333,Kyrgyz Republic,KGZ,21.3243111079534,48.4380590087726,2238390587.93532,,-13.7754189892496
2013.0,1,8.49551838265669,6.67133539306167,3.711,0.11,0.2878436908333333,"Korea, Rep.",KOR,4.64333333333333,1094.9825,345694098075.172,33.3707589515616,5.38513504027402
2013.0,0,6.20431066640101,3.0048226702888,7.071,0.11,0.2878436908333333,Philippines,PHL,5.76683333333333,42.4461848306739,83182370907.1603,47.1441818576352,4.00964958369035
2013.0,0,2.36439793742726,4.81763099120676,3.86,0.11,0.2878436908333333,Mongolia,MNG,18.4820227869524,1523.9275,2247857983.84785,,-37.6076656283991
2013.0,0,3.80639069747204,0.852101559410627,4.921,0.11,0.2878436908333333,Panama,PAN,7.40333333333333,1.0,2847991008.35912,,-8.69806985044025
2013.0,0,11.6661923071729,7.31252501678145,2.173,0.11,0.2878436908333333,Dominican Republic,DOM,13.5914005366667,41.7945034252297,4700626508.01792,,-4.10500018404707
2013.0,0,2.01699224310383,5.13399351995672,9.246,0.11,0.2878436908333333,Afghanistan,AFG,15.0791666666667,55.3775,7288702710.90529,,-25.290058564309
2013.0,0,0.757669184522973,2.18295232499635,3.693,0.11,0.2878436908333333,India,IND,10.2916666666667,58.5978454166667,298092478740.581,50.3118273627008,-2.64566711733892
2013.0,0,5.78016910069176,2.48546800826588,24.561,0.11,0.2878436908333333,Paraguay,PRY,19.2705731491781,4303.88256599819,5872875217.83582,,0.833944389699359
2013.0,0,7.13546785289407,4.92709413447304,5.28,0.11,0.2878436908333333,Cameroon,CMR,,493.899623852237,3471999831.39101,,-3.3445999054782
2013.0,0,8.57513504005397,4.63753862902416,6.444,0.11,0.2878436908333333,Montenegro,MNE,9.39,0.752945122702002,584205748.261537,,-11.5654026198314
2013.0,0,,,,0.11,0.2878436908333333,Trinidad and Tobago,TTO,7.5,6.44262939764659,10176864833.5733,,19.5071171990968
2013.0,0,6.97767605490307,5.05753695047252,,0.11,0.2878436908333333,Thailand,THA,5.06043360051236,30.7259666666667,167230223498.308,38.1666950570794,-2.10153458942232
2013.0,0,3.54329573934839,3.36040609974133,7.322,0.11,0.2878436908333333,Bosnia and Herzegovina,BIH,7.03604811133436,1.47305132263235,4984005030.66019,49.6097495387668,-5.32585810441448
2013.0,0,5.71749357037733,3.7978483925754,,0.11,0.2878436908333333,Qatar,QAT,5.112674134,3.64,42082172537.965,,30.4240457483909
2013.0,0,2.58268766141795,6.75053130142255,3.497,0.11,0.2878436908333333,Virgin Islands (U.S.),VIR,,1.0,,,
2013.0,0,6.90845034828452,4.05174633027869,4.186,0.11,0.2878436908333333,Spain,ESP,,0.752945122701996,46335465037.6453,91.8693310672975,2.07791536141213
2013.0,0,7.49309030547693,8.48825689298511,9.717,0.11,0.2878436908333333,Belarus,BLR,19.1333333333333,0.88800525,6654216939.69032,23.8372955552391,-10.0192566839897
2013.0,0,3.9847123554813,0.278771877470234,7.096,0.11,0.2878436908333333,Ireland,IRL,,0.752945122701996,1635949833.04167,,2.39991550786299
2013.0,1,0.863715497861805,0.781756446231,9.913,0.11,0.2878436908333333,Germany,DEU,,0.752945122701996,198535165663.607,,6.55719316810853
2013.0,0,-0.217323155115693,1.79214400716117,4.747,0.11,0.2878436908333333,Estonia,EST,,0.752945122701996,314406126.749955,,-0.133143040301748
2013.0,1,6.75466833903486,1.75542214874298,5.513,0.11,0.2878436908333333,Sierra Leone,SLE,20.56,4.33250083333334,532538016.704371,,-9.824320657344
2013.0,0,1.46483265562717,2.11783009790057,7.375,0.11,0.2878436908333333,Thailand,THA,5.06043360051236,30.7259666666667,167230223498.308,38.1666950570794,-2.10153458942232
2013.0,0,2.76789666082002,5.85251821084928,3.575,0.11,0.2878436908333333,Kosovo,XKX,11.82,0.752945122702002,956742702.963359,,-3.58059276519861
2013.0,1,0.274416666666663,-0.984106574148328,16.237,0.11,0.2878436908333333,Benin,BEN,5.2875,493.899623852233,,,-5.37925541995639
2013.0,0,6.41249457900391,5.5572636889101,4.336,0.11,0.2878436908333333,Timor-Leste,TLS,12.4141666666667,1.0,686998202.842836,,171.239439829776
2013.0,0,4.830950967408,4.93473300709881,7.351,0.11,0.2878436908333333,Timor-Leste,TLS,12.4141666666667,1.0,686998202.842836,,171.239439829776
2013.0,1,0.789071780078062,1.39267343161971,7.384,0.11,0.2878436908333333,South Sudan,SSD,13.5641229127859,2.95,947810456.615822,,
2013.0,0,4.34337131279521,3.69481894978053,3.017,0.11,0.2878436908333333,Timor-Leste,TLS,12.4141666666667,1.0,686998202.842836,,171.239439829776
2013.0,1,-0.921269454256994,-2.27211699888024,27.686,0.11,0.2878436908333333,Dominica,DMA,9.07396001934442,2.7,87050886.0260666,,-17.0836404533407
2013.0,0,0.335037912184741,2.00510017681211,4.038,0.11,0.2878436908333333,Liberia,LBR,13.4893929815199,77.52,589723179.795312,,-32.8209688370027
2013.0,0,2.72177577710371,7.21123653679159,2.913,0.11,0.2878436908333333,Ecuador,ECU,,1.0,4345840333.46757,,-0.966037832420016
2013.0,0,1.4782861568881,-0.979741024949618,8.193,0.11,0.2878436908333333,Faroe Islands,FRO,,5.61631168617622,,,
2013.0,1,1.1130959402754,0.305494549070232,8.425,0.11,0.2878436908333333,Mongolia,MNG,18.4820227869524,1523.9275,2247857983.84785,,-37.6076656283991
2013.0,1,1.21999342274306,-1.81802510749792,12.149,0.11,0.2878436908333333,Dominica,DMA,9.07396001934442,2.7,87050886.0260666,,-17.0836404533407
2013.0,0,2.18488618530687,2.68749556320556,0.249,0.11,0.2878436908333333,Mauritius,MUS,8.5,30.7013583333333,3490767903.76468,,-6.03377414727121
2013.0,0,3.25423910998847,2.60000000061164,9.82,0.11,0.2878436908333333,Bosnia and Herzegovina,BIH,7.03604811133436,1.47305132263235,4984005030.66019,49.6097495387668,-5.32585810441448
2013.0,0,5.31623531326689,2.42993096446429,15.934,0.11,0.2878436908333333,Guinea-Bissau,GNB,5.2875,493.899623852237,,,-4.73187653933365
2013.0,0,2.10501231233612,4.69372252557893,3.14,0.11,0.2878436908333333,Senegal,SEN,5.2875,493.899623852237,,,-8.19227245767782
2013.0,1,1.40858109183019,-1.42732224757626,26.094,0.11,0.2878436908333333,Bulgaria,BGR,9.04340833333333,1.47356666666667,19883353048.1463,,1.21571887688313
2013.0,0,5.23133614174428,2.49476611209954,8.218,0.11,0.2878436908333333,Northern Mariana Islands,MNP,,1.0,,,
2013.0,0,,,,0.11,0.2878436908333333,Ireland,IRL,,0.752945122701996,1635949833.04167,,2.39991550786299
2013.0,0,10.0178784746102,6.38610640094825,,0.11,0.2878436908333333,Ethiopia,ETH,,18.6266289575478,2363513607.3673,10.733283781495,-6.36626399169653
2013.0,0,2.62105001748115,7.77872409446717,4.05,0.11,0.2878436908333333,Belgium,BEL,,0.752945122701996,26946175032.3354,,0.969084734716925
2013.0,0,9.46971981064921,2.18546605362143,13.154,0.11,0.2878436908333333,Antigua and Barbuda,ATG,9.95235329417181,2.7,202580586.969295,,-8.78062787514538
2013.0,1,6.98879341970198,-36.3919770983887,,0.11,0.2878436908333333,"Iran, Islamic Rep.",IRN,11.0,18414.4480100374,,,
2013.0,0,0.938291897815317,2.32581354806429,7.143,0.11,0.2878436908333333,Dominican Republic,DOM,13.5914005366667,41.7945034252297,4700626508.01792,,-4.10500018404707
2013.0,0,40.6394275161589,1.34309403607486,,0.11,0.2878436908333333,Montenegro,MNE,9.39,0.752945122702002,584205748.261537,,-11.5654026198314
2013.0,0,2.00015616900597,-0.250726423318454,5.367,0.11,0.2878436908333333,Haiti,HTI,8.7225,43.4627833333333,2444136223.79645,,-3.76338389441216
2013.0,0,2.12048620353112,1.01619084044641,3.425,0.11,0.2878436908333333,Iceland,ISL,8.15166666666667,122.179121320458,4237652258.59372,139.919746812041,6.81968727360494
2013.0,0,4.0271599157106,6.32435373509259,3.732,0.11,0.2878436908333333,Liechtenstein,LIE,,0.926903547758285,,,
2013.0,0,2.68385738718582,8.29307648937821,4.385,0.11,0.2878436908333333,Thailand,THA,5.06043360051236,30.7259666666667,167230223498.308,38.1666950570794,-2.10153458942232
2013.0,1,1.63495041543822,1.98948554025198,,0.11,0.2878436908333333,Uruguay,URY,12.4340649587398,20.4816083333333,16280547228.7409,40.0884943756463,-3.28720935568054
2013.0,1,,2.40532378079436,7.1,0.11,0.2878436908333333,San Marino,SMR,6.62269160453955,0.752945122702002,539285341.235863,54.0230135522152,
2014.0,1,-0.19778481012661,2.37698561663417,4.774,0.09,0.61196865,St. Kitts and Nevis,KNA,9.281492190571,2.7,327252698.805102,57.666394367293,0.698262924495274
2014.0,1,,-2.51261532081394,7.268,0.09,0.61196865,Sweden,SWE,,6.860785,62579168750.6963,,3.44736840993782
2014.0,0,2.62652699929151,4.62581384604574,4.444,0.09,0.61196865,Israel,ISR,3.90743164221445,3.577925,86101256622.4878,,3.46609589435316
2014.0,0,7.28038730361121,4.65572356315585,9.579,0.09,0.61196865,Benin,BEN,5.33833333333333,493.757329875319,,,-6.66790663182434
2014.0,0,6.32904015516139,0.503955740273241,6.755,0.09,0.61196865,Lebanon,LBN,7.27416666666667,1507.5,50668863616.6926,,-26.2298655609816
2014.0,0,8.04741087967907,6.30971865525431,4.562,0.09,0.61196865,"Gambia, The",GMB,28.5,41.7329616505126,159330829.415719,,-6.87758719722139
2014.0,0,62.1686499794829,-3.89438647450667,,0.09,0.61196865,Tajikistan,TJK,24.5312363359939,4.93756666666667,512645031.16602,,-3.47271227917375
2014.0,1,14.898684179755,0.0810705153264877,,0.09,0.61196865,Bosnia and Herzegovina,BIH,6.64150863945302,1.474169186794,4860208933.35914,53.5008593062732,-7.35085819638822
2014.0,0,0.0538213132399802,3.92050862390032,8.971,0.09,0.61196865,St. Kitts and Nevis,KNA,9.281492190571,2.7,327252698.805102,57.666394367293,0.698262924495274
2014.0,0,-0.0132025387514939,2.34988141500179,4.826,0.09,0.61196865,Madagascar,MDG,60.0,2414.81166666667,773817323.366608,,-0.64912376658814
2014.0,0,4.71867527854672,1.79264947139259,6.761,0.09,0.61196865,Zambia,ZMB,11.5733333333333,6.15416666666667,3078362296.84348,44.3958675879332,-1.4270939600475
2014.0,0,1.62222297740817,2.52381981363968,6.168,0.09,0.61196865,Greece,GRC,,0.752728196932603,6236284818.73247,,-1.43786972023485
2014.0,0,3.14299050879095,6.00672194558203,2.88,0.09,0.61196865,"Venezuela, RB",VEN,17.2116666666667,6.2842,21454894042.4243,,2.28962414136924
2014.0,0,3.59782343864211,6.34798748260867,3.6,0.09,0.61196865,India,IND,10.25,61.0295144607843,325081035127.891,49.9009248748319,-1.33950896483453
2014.0,0,1.90663590717861,2.87346677785811,7.023,0.09,0.61196865,"Macao SAR, China",MAC,5.25,7.987129,16444386287.6882,,32.7008474687683
2014.0,0,3.21769191994684,3.82696982009337,7.467,0.09,0.61196865,Kyrgyz Republic,KGZ,20.1335217758898,53.654058312852,1957488936.70541,53.8893270176244,-17.4244156605429
2014.0,0,,,,0.09,0.61196865,"Korea, Rep.",KOR,4.26333333333333,1052.84,362834692845.466,34.8171173128439,5.33522703805369
2014.0,0,4.01861608078679,2.50376350288664,4.819,0.09,0.61196865,Philippines,PHL,5.52591666666666,44.3951543042097,79629428309.078,43.426338941462,3.6156391335833
2014.0,0,,,,0.09,0.61196865,Mongolia,MNG,19.0254306203402,1817.93870833333,1651791011.42218,,-15.8208781709903
2014.0,0,0.976035079699679,1.61261001294011,7.419,0.09,0.61196865,Panama,PAN,6.935,1.0,4032196741.33615,,-12.9838146887401
2014.0,0,0.906794000434246,2.18018602168017,4.979,0.09,0.61196865,Dominican Republic,DOM,13.9025,43.5496726190476,4861785571.88809,,-3.23841188766659
2014.0,0,-0.278153367467428,0.741391420706506,13.88,0.09,0.61196865,Afghanistan,AFG,15.0,57.2475,7528549879.63682,,-15.7724198274304
2014.0,0,0.442310053557048,2.7192440802029,9.7,0.09,0.61196865,India,IND,10.25,61.0295144607843,325081035127.891,49.9009248748319,-1.33950896483453
2014.0,0,2.89883787761738,4.49903000110972,8.799,0.09,0.61196865,Paraguay,PRY,21.1860677808059,4462.18528829093,6986586468.56047,,-0.786915039842249
2014.0,1,4.953299184844,8.16990745558277,3.868,0.09,0.61196865,Cameroon,CMR,,493.757329875312,3168216856.18041,,-3.85300319903712
2014.0,0,1.92164162788521,7.46190028229434,4.1,0.09,0.61196865,Montenegro,MNE,9.4125,0.752728196932591,662568377.651563,,-12.4559812512268
2014.0,0,4.51920098516954,3.54210987765977,8.499,0.09,0.61196865,Trinidad and Tobago,TTO,7.5,6.40909457829793,11493196340.5523,,14.0953972400973
2014.0,0,5.76660074579144,5.46056950635116,2.021,0.09,0.61196865,Thailand,THA,4.94915214812624,32.4798333333333,157162740027.006,35.3904739452699,2.85828409870041
2014.0,0,6.03596861798425,4.78546013589983,4.52,0.09,0.61196865,Bosnia and Herzegovina,BIH,6.64150863945302,1.474169186794,4860208933.35914,53.5008593062732,-7.35085819638822
2014.0,0,6.13282953059149,1.41382645223793,24.89,0.09,0.61196865,Qatar,QAT,4.96392361111111,3.64,43215459717.5334,,23.9592611415734
2014.0,0,8.87735333229828,3.23879122952364,6.547,0.09,0.61196865,Virgin Islands (U.S.),VIR,,1.0,,,
2014.0,0,8.85457271364324,4.60079447270559,9.912,0.09,0.61196865,Spain,ESP,,0.752728196932603,50411846511.5441,104.927837414283,1.73595007328569
2014.0,0,0.241047429826756,-0.0013876173045446,12.683,0.09,0.61196865,Belarus,BLR,18.7416666666667,1.02241025,5067715364.28754,24.5487262642116,-6.63303695478998
2014.0,0,1.04119621178439,-0.4780684247837,8.663,0.09,0.61196865,Ireland,IRL,,0.752728196932603,1749390343.43075,,2.07694324359567
2014.0,0,0.50775882293799,0.997832947295251,10.273,0.09,0.61196865,Germany,DEU,,0.752728196932603,193484758847.919,,7.19411093057004
2014.0,0,1.06830987684298,4.11600109267832,6.802,0.09,0.61196865,Estonia,EST,,0.752728196932603,436832954.50453,,0.518408483980374
2014.0,0,-0.179638494114635,2.29577238758284,7.954,0.09,0.61196865,Sierra Leone,SLE,19.4116666666667,4.52415916666667,600784544.071815,,-6.1504170840874
2014.0,0,1.45112016293279,3.16017351468152,6.398,0.09,0.61196865,Thailand,THA,4.94915214812624,32.4798333333333,157162740027.006,35.3904739452699,2.85828409870041
2014.0,0,2.04461481539333,1.91381609098249,4.897,0.09,0.61196865,Kosovo,XKX,10.615,0.752728196932591,783153103.764853,,-7.09051913483544
2014.0,0,3.41194579807465,2.38215737180541,3.208,0.09,0.61196865,Benin,BEN,5.33833333333333,493.757329875319,,,-6.66790663182434
2014.0,0,2.48792270531404,2.60118978187332,6.077,0.09,0.61196865,Timor-Leste,TLS,12.8666666666667,1.0,311471064.613909,,76.4167145421125
2014.0,0,6.39492882396559,5.006668425755,4.049,0.09,0.61196865,Timor-Leste,TLS,12.8666666666667,1.0,311471064.613909,,76.4167145421125
2014.0,0,-1.31226096405506,0.792225060962835,26.708,0.09,0.61196865,South Sudan,SSD,18.6594879669541,2.95,416808670.07584,,-5.65945565697319
2014.0,0,7.82016970013845,0.736267221765672,5.212,0.09,0.61196865,Timor-Leste,TLS,12.8666666666667,1.0,311471064.613909,,76.4167145421125
2014.0,0,6.66565671867899,7.41022760508854,,0.09,0.61196865,Dominica,DMA,8.93663314196025,2.7,101447737.686139,,-6.21279255214797
2014.0,0,1.14134467538233,1.7293998423459,4.154,0.09,0.61196865,Liberia,LBR,13.5016666666667,83.8925,498992032.99135,,-19.9198359881725
2014.0,0,15.4896160333318,2.85624016330883,,0.09,0.61196865,Ecuador,ECU,,1.0,3941357097.57337,,-0.651047970913704
2014.0,0,0.190916398713745,9.38579335130922,11.858,0.09,0.61196865,Faroe Islands,FRO,,5.61246666666667,,,
2014.0,0,2.75922671353253,0.296205514141889,3.589,0.09,0.61196865,Mongolia,MNG,19.0254306203402,1817.93870833333,1651791011.42218,,-15.8208781709903
2014.0,0,4.62555099534031,3.09032803070775,14.259,0.09,0.61196865,Dominica,DMA,8.93663314196025,2.7,101447737.686139,,-6.21279255214797
2014.0,0,2.04170286707211,2.04813200438943,3.486,0.09,0.61196865,Mauritius,MUS,8.5,30.6216166666667,3920880590.24131,,-5.21545878552884
2014.0,0,1.60581182954474,0.755798850316665,5.674,0.09,0.61196865,Bosnia and Herzegovina,BIH,6.64150863945302,1.474169186794,4860208933.35914,53.5008593062732,-7.35085819638822
2014.0,0,-0.151114837527235,1.52048593647231,24.441,0.09,0.61196865,Guinea-Bissau,GNB,5.33833333333333,493.757329875312,,,0.555849591467734
2014.0,0,1.8951418189878,0.984468863619426,0.576,0.09,0.61196865,Senegal,SEN,5.33833333333333,493.757329875312,,,-6.80294523804886
2014.0,0,10.0702154687481,2.91591187985748,13.105,0.09,0.61196865,Bulgaria,BGR,8.26264166666667,1.47418333333333,20129698078.3467,,2.19237265570796
2014.0,0,5.02882767456766,5.30123864475758,5.034,0.09,0.61196865,Northern Mariana Islands,MNP,,1.0,,,
2014.0,0,0.340002833356922,1.76554038149924,8.523,0.09,0.61196865,Ireland,IRL,,0.752728196932603,1749390343.43075,,2.07694324359567
2014.0,0,2.91692692067458,4.09999999866501,10.207,0.09,0.61196865,Ethiopia,ETH,,19.585789907695,3525244981.05226,26.9372797365191,-10.3781721184148
2014.0,0,3.58922016616663,4.22606520388456,3.279,0.09,0.61196865,Belgium,BEL,,0.752728196932603,25444391272.9201,,0.751219410488652
2014.0,0,6.87815499275949,5.02011100232484,,0.09,0.61196865,Antigua and Barbuda,ATG,10.0718377079627,2.7,297046137.541925,,-0.0378965310947221
2014.0,0,3.1790022823606,6.3779788972687,4.157,0.09,0.61196865,"Iran, Islamic Rep.",IRN,14.0,25941.6641445972,,,
2014.0,0,2.99864226125219,7.11122629673892,6.719,0.09,0.61196865,Dominican Republic,DOM,13.9025,43.5496726190476,4861785571.88809,,-3.23841188766659
2014.0,0,0.56402054044954,1.27799983192831,6.925,0.09,0.61196865,Montenegro,MNE,9.4125,0.752728196932591,662568377.651563,,-12.4559812512268
2014.0,0,3.4183616966296,4.44397783368888,2.717,0.09,0.61196865,Haiti,HTI,10.7733333333333,45.2159808923792,1960922745.72932,,-4.95582102756805
2014.0,0,7.80687553566333,4.69328316376705,,0.09,0.61196865,Iceland,ISL,7.7425,116.767352506899,4177067541.46937,134.408470670298,4.94536463319528
2014.0,0,1.227507505974,3.82638491760299,5.43,0.09,0.61196865,Liechtenstein,LIE,,0.916151047283613,,,
2014.0,0,1.03316955857629,3.93554027709007,3.74,0.09,0.61196865,Thailand,THA,4.94915214812624,32.4798333333333,157162740027.006,35.3904739452699,2.85828409870041
2014.0,0,-0.227566270988219,4.33435364113967,7.725,0.09,0.61196865,Uruguay,URY,15.5341402019916,23.246025,17554713318.1913,41.2850007406183,-2.98942522248203
2014.0,0,6.12924930313022,3.0580805621437,7.078,0.09,0.61196865,San Marino,SMR,6.10986523672487,0.752728196932591,392044349.567832,53.3245594404762,
2015.0,0,0.48793862390472,1.58979803702681,12.405,0.13,0.5890241975,St. Kitts and Nevis,KNA,9.29691666666667,2.7,288394872.297999,,-8.10718614819114
2015.0,0,7.67085364845877,5.80557386628684,10.302,0.13,0.5890241975,Sweden,SWE,,8.43484083333333,58098544752.6552,,2.71694586220695
2015.0,0,0.600248147278776,2.12060523860846,6.872,0.13,0.5890241975,Israel,ISR,3.45940579970678,3.88683333333333,90575018408.045,,4.58765202586123
2015.0,0,2.72064064964023,2.70232342550646,4.311,0.13,0.5890241975,Benin,BEN,5.15416666666667,591.21169798261,,,-5.964093171322
2015.0,0,4.05961041135645,4.8571871797142,3.111,0.13,0.5890241975,Lebanon,LBN,7.09083333333333,1507.5,48531390536.9734,,-17.1077378092157
2015.0,0,1.5579071134626,4.34458297635238,9.46,0.13,0.5890241975,"Gambia, The",GMB,,42.5062080923725,111040203.229818,,-3.90228061316891
2015.0,0,0.514426137125456,1.66300602334775,4.612,0.13,0.5890241975,Tajikistan,TJK,25.8362601612347,6.16311666666667,493391433.036105,,-5.76773865149509
2015.0,0,4.51869094892506,1.32186223678229,25.149,0.13,0.5890241975,Bosnia and Herzegovina,BIH,5.78888799043185,1.76349164694686,4790984890.64006,,-5.03540535932256
2015.0,0,0.801982005099623,3.65208096802883,8.415,0.13,0.5890241975,St. Kitts and Nevis,KNA,9.29691666666667,2.7,288394872.297999,,-8.10718614819114
2015.0,0,,,,0.13,0.5890241975,Madagascar,MDG,56.7166666666667,2933.50833333333,832008813.363757,,-2.25941841339224
2015.0,0,,,,0.13,0.5890241975,Zambia,ZMB,13.25,8.63166666666667,2967626716.43206,49.4073473457883,-3.61227207947561
2015.0,1,1.40297017136816,4.33712103020231,,0.13,0.5890241975,Greece,GRC,,0.901296423367096,6027606781.10376,,-1.50311562368341
2015.0,0,9.00943498007706,2.65269329543001,4.311,0.13,0.5890241975,"Venezuela, RB",VEN,19.395,6.2842,15625329211.5224,,-12.8151756100373
2015.0,0,121.738085297503,-6.22137102671199,,0.13,0.5890241975,India,IND,10.0083333333333,64.1519444632786,353319061013.224,49.9647183856551,-1.06754907167965
2015.0,0,9.02990102416136,-3.54576339347278,8.538,0.13,0.5890241975,"Macao SAR, China",MAC,5.25,7.98496041666667,18890787008.0417,,22.9503506116244
2015.0,1,,2.73115982828944,,0.13,0.5890241975,Kyrgyz Republic,KGZ,23.6301125786122,64.4621082725294,1777941002.20899,72.4565575830671,-15.7592478411185
2015.0,0,0.292704628136101,3.69036908387233,5.409,0.13,0.5890241975,"Korea, Rep.",KOR,3.53333333333333,1130.9525,366707257929.029,35.7105611200011,6.82937629347486
2015.0,0,0.137492058461504,5.26691726402875,4.402,0.13,0.5890241975,Philippines,PHL,5.57825,45.5028399421431,80640411491.447,,2.37094985955594
2015.0,0,9.35597215533784,0.763177710914789,,0.13,0.5890241975,Mongolia,MNG,19.5627170198657,1970.30916666667,1322495172.72512,,-8.16234225533353
2015.0,0,0.674192536845408,6.34830971672761,3.068,0.13,0.5890241975,Panama,PAN,6.495,1.0,3378098353.89896,,-8.69390485131528
2015.0,0,-0.87412587412577,4.43176700264478,7.475,0.13,0.5890241975,Dominican Republic,DOM,14.8766666666667,45.0454990740741,5266043354.25313,,-1.8040834790462
2015.0,0,8.66626987079328,0.370741257681345,7.488,0.13,0.5890241975,Afghanistan,AFG,15.0,61.1434615416667,6976966153.82054,,-21.9126573355151
2015.0,0,3.99737996694396,4.79226768332697,4.7,0.13,0.5890241975,India,IND,10.0083333333333,64.1519444632786,353319061013.224,49.9647183856551,-1.06754907167965
2015.0,0,1.43702380935655,6.97878002657477,,0.13,0.5890241975,Paraguay,PRY,19.7358561814464,5204.92080811087,5938523046.9591,,-0.217870478352272
2015.0,0,9.45417189526018,6.99284029026121,0.766,0.13,0.5890241975,Cameroon,CMR,,591.21169798261,3536255065.98645,,-3.64384590025676
2015.0,0,4.9898311584953,2.95590137527523,8.572,0.13,0.5890241975,Montenegro,MNE,8.93333333333333,0.901296423367096,681847411.617033,,-11.0483965092377
2015.0,0,1.28654970760232,3.69055690369433,7.41,0.13,0.5890241975,Trinidad and Tobago,TTO,8.1825,6.37744166666667,9927294618.75719,,7.66416918106465
2015.0,0,0.0387903996579733,0.885667635240807,11.896,0.13,0.5890241975,Thailand,THA,4.73187498877014,34.2477166666667,156459956382.606,36.6705695355179,6.91581517168623
2015.0,0,-0.900424963291569,3.13404724911635,0.597,0.13,0.5890241975,Bosnia and Herzegovina,BIH,5.78888799043185,1.76349164694686,4790984890.64006,,-5.03540535932256
2015.0,0,10.370490343517,4.37201907790141,13.052,0.13,0.5890241975,Qatar,QAT,4.43596212623861,3.64,37257529105.0352,,8.50181028353524
2015.0,0,-0.500365709903242,4.06086672473866,22.057,0.13,0.5890241975,Virgin Islands (U.S.),VIR,,1.0,,,
2015.0,0,0.89656333526032,1.30352331826198,5.802,0.13,0.5890241975,Spain,ESP,,0.901296423367096,53973842235.8777,104.513601500945,2.03697429462383
2015.0,0,4.437371273215,0.967834205635981,15.159,0.13,0.5890241975,Belarus,BLR,18.0833333333333,1.59259883333333,4172797260.41231,37.5981780556757,-3.24348147204404
2015.0,0,2.17113665389527,1.85733971623901,4.296,0.13,0.5890241975,Ireland,IRL,,0.901296423367096,2203153449.1223,,6.1720383024774
2015.0,0,3.12900274473925,2.95715168364671,4.556,0.13,0.5890241975,Germany,DEU,,0.901296423367096,173730930555.425,,8.09671429040112
2015.0,0,0.561429152790065,1.47416433731927,8.482,0.13,0.5890241975,Estonia,EST,,0.901296423367096,414798362.438981,,1.46327360938589
2015.0,0,0.836746346724557,6.98771131236387,7.605,0.13,0.5890241975,Sierra Leone,SLE,18.73,5.0807475,579013520.60832,,-14.7764569204395
2015.0,0,0.452034153691575,2.10441456445301,6.278,0.13,0.5890241975,Thailand,THA,4.73187498877014,34.2477166666667,156459956382.606,36.6705695355179,6.91581517168623
2015.0,0,3.76836783062096,4.20595547449241,4.519,0.13,0.5890241975,Kosovo,XKX,8.32,0.901296423367096,770550134.507563,,-8.69442977292998
2015.0,0,4.78444700693889,3.20000000089023,11.206,0.13,0.5890241975,Benin,BEN,5.15416666666667,591.21169798261,,,-5.964093171322
2015.0,0,6.58215429284779,4.96772112759767,,0.13,0.5890241975,Timor-Leste,TLS,13.4966666666667,1.0,437752180.980057,,14.1369482552281
2015.0,0,3.96664623255358,0.119692109287612,3.419,0.13,0.5890241975,Timor-Leste,TLS,13.4966666666667,1.0,437752180.980057,,14.1369482552281
2015.0,0,0.795279630579839,1.56062669680782,3.385,0.13,0.5890241975,South Sudan,SSD,13.7803938893243,3.60416666666667,229880518.366327,,-4.169014055128
2015.0,0,-0.330959783371788,24.6239856364006,9.908,0.13,0.5890241975,Timor-Leste,TLS,13.4966666666667,1.0,437752180.980057,,14.1369482552281
2015.0,0,0.36804684232536,2.14040560033371,5.552,0.13,0.5890241975,Dominica,DMA,8.66866666666667,2.7,126225919.300594,,-6.56710220155756
2015.0,0,1.63305558181326,3.76859023848581,3.979,0.13,0.5890241975,Liberia,LBR,13.6066666666667,86.1883665716999,560742588.406987,,5.3024253714189
2015.0,0,-0.0467847449832812,4.38824673608589,7.432,0.13,0.5890241975,Ecuador,ECU,,1.0,2487276599.56405,,-2.28484408591192
2015.0,0,-0.594156437495203,3.1570360543854,6.812,0.13,0.5890241975,Faroe Islands,FRO,,6.72790683129629,,,
2015.0,0,-0.207928839905268,0.466503766322674,9.376,0.13,0.5890241975,Mongolia,MNG,19.5627170198657,1970.30916666667,1322495172.72512,,-8.16234225533353
2015.0,0,0.0375143805125182,1.06675474783462,10.354,0.13,0.5890241975,Dominica,DMA,8.66866666666667,2.7,126225919.300594,,-6.56710220155756
2015.0,0,3.39809194746308,3.25224477218451,3.272,0.13,0.5890241975,Mauritius,MUS,8.5,35.0567,4259691508.3633,,-3.4285246337473
2015.0,0,1.50836672165921,2.16434780647852,6.054,0.13,0.5890241975,Bosnia and Herzegovina,BIH,5.78888799043185,1.76349164694686,4790984890.64006,,-5.03540535932256
2015.0,0,4.90697344127256,7.99625378571471,,0.13,0.5890241975,Guinea-Bissau,GNB,5.15416666666667,591.21169798261,,,1.81726336561494
2015.0,0,1.12524136094277,0.649971001734855,6.945,0.13,0.5890241975,Senegal,SEN,5.15416666666667,591.21169798261,,,-5.31619475400192
2015.0,0,2.10438980238359,5.09153242155011,3.1,0.13,0.5890241975,Bulgaria,BGR,7.44886666666667,1.7644,22153050488.9052,,0.0183972300944813
2015.0,0,0.118627135552451,2.94555045484053,5.28,0.13,0.5890241975,Northern Mariana Islands,MNP,,1.0,,,
2015.0,0,-1.14390867228183,1.64462750849488,4.801,0.13,0.5890241975,Ireland,IRL,,0.901296423367096,2203153449.1223,,6.1720383024774
2015.0,0,4.34877353217044,2.15194249981184,6.605,0.13,0.5890241975,Ethiopia,ETH,,20.57684875,3835287576.46954,27.9431250379303,-12.1838327178753
2015.0,1,-2.43096842383404,1.77985356392176,,0.13,0.5890241975,Belgium,BEL,,0.901296423367096,24101851039.0629,,1.38017908454948
2015.0,0,2.3887203283955,4.09217081621244,2.506,0.13,0.5890241975,Antigua and Barbuda,ATG,9.83508333333333,2.7,355728253.383608,,2.03393623440556
2015.0,0,-1.73588804765284,-0.228301892172851,24.981,0.13,0.5890241975,"Iran, Islamic Rep.",IRN,14.21,29011.4913770529,,,
2015.0,0,6.36312061196646,4.87632230022123,4.514,0.13,0.5890241975,Dominican Republic,DOM,14.8766666666667,45.0454990740741,5266043354.25313,,-1.8040834790462
2015.0,0,15.5343959935701,-1.97271922580408,5.615,0.13,0.5890241975,Montenegro,MNE,8.93333333333333,0.901296423367096,681847411.617033,,-11.0483965092377
2015.0,0,-0.731384487387957,2.40000008852115,3.998,0.13,0.5890241975,Haiti,HTI,12.9233333333333,50.7064266739439,1902499197.97709,,-1.82345284080223
2015.0,0,17.1499695007878,2.12075933817334,6.806,0.13,0.5890241975,Iceland,ISL,7.61,131.918708431432,5040573412.30604,116.155544806503,6.302353095712
2015.0,0,10.1105928909618,2.92037511217961,11.888,0.13,0.5890241975,Liechtenstein,LIE,,0.962381328004354,,,
2015.0,0,3.15783117980923,3.84007997093951,6.147,0.13,0.5890241975,Thailand,THA,4.73187498877014,34.2477166666667,156459956382.606,36.6705695355179,6.91581517168623
2015.0,0,-0.0616446800641672,3.65981615406955,6.813,0.13,0.5890241975,Uruguay,URY,15.8410813948786,27.3273666666667,15633854333.4106,47.2765585126953,-0.255015059040964
2015.0,0,-0.521975611895763,2.97679931634806,3.79,0.13,0.5890241975,San Marino,SMR,2.48961433088329,0.901296423367096,378976113.953944,56.930229397237,
